timeStamp,elapsed,label,responseCode,responseMessage,threadName,dataType,success,failureMessage,bytes,sentBytes,grpThreads,allThreads,URL,Latency,IdleTime,Connect
1776059498266,560,HTTP Request 2,200,OK,config 2 1-1,text,true,,231,168,9,9,http://stload.se.ifmo.ru:8080/?token=518472196&&user=-1356113187&config=2,554,0,32
1776059498266,560,HTTP Request 2,200,OK,config 2 1-2,text,true,,231,168,9,9,http://stload.se.ifmo.ru:8080/?token=518472196&&user=-1356113187&config=2,554,0,34
1776059498272,553,HTTP Request 2,200,OK,config 2 1-3,text,true,,231,168,9,9,http://stload.se.ifmo.ru:8080/?token=518472196&&user=-1356113187&config=2,547,0,23
1776059498361,553,HTTP Request 2,200,OK,config 2 1-4,text,true,,231,168,10,10,http://stload.se.ifmo.ru:8080/?token=518472196&&user=-1356113187&config=2,553,0,5
1776059498451,559,HTTP Request 2,200,OK,config 2 1-5,text,true,,231,168,11,11,http://stload.se.ifmo.ru:8080/?token=518472196&&user=-1356113187&config=2,559,0,4
1776059498540,558,HTTP Request 2,200,OK,config 2 1-6,text,true,,231,168,12,12,http://stload.se.ifmo.ru:8080/?token=518472196&&user=-1356113187&config=2,558,0,4
1776059498631,569,HTTP Request 2,200,OK,config 2 1-7,text,true,,231,168,13,13,http://stload.se.ifmo.ru:8080/?token=518472196&&user=-1356113187&config=2,569,0,6
1776059498720,556,HTTP Request 2,200,OK,config 2 1-8,text,true,,231,168,14,14,http://stload.se.ifmo.ru:8080/?token=518472196&&user=-1356113187&config=2,556,0,5
1776059498810,634,HTTP Request 2,200,OK,config 2 1-9,text,true,,231,168,16,16,http://stload.se.ifmo.ru:8080/?token=518472196&&user=-1356113187&config=2,634,0,47
1776059498901,543,HTTP Request 2,200,OK,config 2 1-10,text,true,,231,168,16,16,http://stload.se.ifmo.ru:8080/?token=518472196&&user=-1356113187&config=2,543,0,3
1776059498991,531,HTTP Request 2,200,OK,config 2 1-11,text,true,,231,168,16,16,http://stload.se.ifmo.ru:8080/?token=518472196&&user=-1356113187&config=2,531,0,5
1776059499082,529,HTTP Request 2,200,OK,config 2 1-12,text,true,,231,168,17,17,http://stload.se.ifmo.ru:8080/?token=518472196&&user=-1356113187&config=2,529,0,4
1776059499172,545,HTTP Request 2,200,OK,config 2 1-13,text,true,,231,168,19,19,http://stload.se.ifmo.ru:8080/?token=518472196&&user=-1356113187&config=2,544,0,4
1776059499260,545,HTTP Request 2,200,OK,config 2 1-14,text,true,,231,168,20,20,http://stload.se.ifmo.ru:8080/?token=518472196&&user=-1356113187&config=2,545,0,6
1776059499351,562,HTTP Request 2,200,OK,config 2 1-15,text,true,,231,168,21,21,http://stload.se.ifmo.ru:8080/?token=518472196&&user=-1356113187&config=2,562,0,3
1776059499441,610,HTTP Request 2,200,OK,config 2 1-16,text,true,,231,168,22,22,http://stload.se.ifmo.ru:8080/?token=518472196&&user=-1356113187&config=2,610,0,5
1776059499531,595,HTTP Request 2,200,OK,config 2 1-17,text,true,,231,168,23,23,http://stload.se.ifmo.ru:8080/?token=518472196&&user=-1356113187&config=2,595,0,41
1776059499682,536,HTTP Request 2,200,OK,config 2 1-2,text,true,,231,168,24,24,http://stload.se.ifmo.ru:8080/?token=518472196&&user=-1356113187&config=2,536,0,0
1776059499640,578,HTTP Request 2,200,OK,config 2 1-1,text,true,,231,168,24,24,http://stload.se.ifmo.ru:8080/?token=518472196&&user=-1356113187&config=2,578,0,0
1776059499621,597,HTTP Request 2,200,OK,config 2 1-18,text,true,,231,168,24,24,http://stload.se.ifmo.ru:8080/?token=518472196&&user=-1356113187&config=2,597,0,45
1776059499711,602,HTTP Request 2,200,OK,config 2 1-19,text,true,,231,168,25,25,http://stload.se.ifmo.ru:8080/?token=518472196&&user=-1356113187&config=2,602,0,7
1776059499772,541,HTTP Request 2,200,OK,config 2 1-3,text,true,,231,168,25,25,http://stload.se.ifmo.ru:8080/?token=518472196&&user=-1356113187&config=2,541,0,0
1776059499802,568,HTTP Request 2,200,OK,config 2 1-20,text,true,,231,168,26,26,http://stload.se.ifmo.ru:8080/?token=518472196&&user=-1356113187&config=2,568,0,5
1776059499860,527,HTTP Request 2,200,OK,config 2 1-4,text,true,,231,168,26,26,http://stload.se.ifmo.ru:8080/?token=518472196&&user=-1356113187&config=2,527,0,0
1776059499892,542,HTTP Request 2,200,OK,config 2 1-21,text,true,,231,168,27,27,http://stload.se.ifmo.ru:8080/?token=518472196&&user=-1356113187&config=2,542,0,9
1776059499950,534,HTTP Request 2,200,OK,config 2 1-5,text,true,,231,168,27,27,http://stload.se.ifmo.ru:8080/?token=518472196&&user=-1356113187&config=2,533,0,0
1776059499982,591,HTTP Request 2,200,OK,config 2 1-22,text,true,,231,168,28,28,http://stload.se.ifmo.ru:8080/?token=518472196&&user=-1356113187&config=2,591,0,5
1776059500041,532,HTTP Request 2,200,OK,config 2 1-6,text,true,,231,168,28,28,http://stload.se.ifmo.ru:8080/?token=518472196&&user=-1356113187&config=2,532,0,0
1776059500071,604,HTTP Request 2,200,OK,config 2 1-23,text,true,,231,168,29,29,http://stload.se.ifmo.ru:8080/?token=518472196&&user=-1356113187&config=2,604,0,11
1776059500130,575,HTTP Request 2,200,OK,config 2 1-7,text,true,,231,168,30,30,http://stload.se.ifmo.ru:8080/?token=518472196&&user=-1356113187&config=2,575,0,0
1776059500220,573,HTTP Request 2,200,OK,config 2 1-8,text,true,,231,168,31,31,http://stload.se.ifmo.ru:8080/?token=518472196&&user=-1356113187&config=2,573,0,0
1776059500162,631,HTTP Request 2,200,OK,config 2 1-24,text,true,,231,168,31,31,http://stload.se.ifmo.ru:8080/?token=518472196&&user=-1356113187&config=2,631,0,55
1776059500250,552,HTTP Request 2,200,OK,config 2 1-25,text,true,,231,168,31,31,http://stload.se.ifmo.ru:8080/?token=518472196&&user=-1356113187&config=2,552,0,19
1776059500310,531,HTTP Request 2,200,OK,config 2 1-9,text,true,,231,168,31,31,http://stload.se.ifmo.ru:8080/?token=518472196&&user=-1356113187&config=2,531,0,0
1776059500400,543,HTTP Request 2,200,OK,config 2 1-10,text,true,,231,168,32,32,http://stload.se.ifmo.ru:8080/?token=518472196&&user=-1356113187&config=2,543,0,0
1776059500341,602,HTTP Request 2,200,OK,config 2 1-26,text,true,,231,168,32,32,http://stload.se.ifmo.ru:8080/?token=518472196&&user=-1356113187&config=2,602,0,31
1776059500431,583,HTTP Request 2,200,OK,config 2 1-27,text,true,,231,168,33,33,http://stload.se.ifmo.ru:8080/?token=518472196&&user=-1356113187&config=2,583,0,5
1776059500491,567,HTTP Request 2,200,OK,config 2 1-11,text,true,,231,168,33,33,http://stload.se.ifmo.ru:8080/?token=518472196&&user=-1356113187&config=2,567,0,0
1776059500581,602,HTTP Request 2,200,OK,config 2 1-12,text,true,,231,168,35,35,http://stload.se.ifmo.ru:8080/?token=518472196&&user=-1356113187&config=2,602,0,0
1776059500521,662,HTTP Request 2,200,OK,config 2 1-28,text,true,,231,168,35,35,http://stload.se.ifmo.ru:8080/?token=518472196&&user=-1356113187&config=2,662,0,51
1776059500671,542,HTTP Request 2,200,OK,config 2 1-13,text,true,,231,168,35,35,http://stload.se.ifmo.ru:8080/?token=518472196&&user=-1356113187&config=2,541,0,0
1776059500611,602,HTTP Request 2,200,OK,config 2 1-29,text,true,,231,168,35,35,http://stload.se.ifmo.ru:8080/?token=518472196&&user=-1356113187&config=2,601,0,63
1776059500701,604,HTTP Request 2,200,OK,config 2 1-30,text,true,,231,168,36,36,http://stload.se.ifmo.ru:8080/?token=518472196&&user=-1356113187&config=2,604,0,6
1776059500760,545,HTTP Request 2,200,OK,config 2 1-14,text,true,,231,168,36,36,http://stload.se.ifmo.ru:8080/?token=518472196&&user=-1356113187&config=2,545,0,0
1776059500790,553,HTTP Request 2,200,OK,config 2 1-31,text,true,,231,168,37,37,http://stload.se.ifmo.ru:8080/?token=518472196&&user=-1356113187&config=2,553,0,5
1776059500850,604,HTTP Request 2,200,OK,config 2 1-15,text,true,,231,168,38,38,http://stload.se.ifmo.ru:8080/?token=518472196&&user=-1356113187&config=2,604,0,0
1776059500940,543,HTTP Request 2,200,OK,config 2 1-16,text,true,,231,168,38,38,http://stload.se.ifmo.ru:8080/?token=518472196&&user=-1356113187&config=2,543,0,0
1776059500881,632,HTTP Request 2,200,OK,config 2 1-32,text,true,,231,168,39,39,http://stload.se.ifmo.ru:8080/?token=518472196&&user=-1356113187&config=2,632,0,62
1776059500971,585,HTTP Request 2,200,OK,config 2 1-33,text,true,,231,168,39,39,http://stload.se.ifmo.ru:8080/?token=518472196&&user=-1356113187&config=2,585,0,24
1776059501030,577,HTTP Request 2,200,OK,config 2 1-17,text,true,,231,168,40,40,http://stload.se.ifmo.ru:8080/?token=518472196&&user=-1356113187&config=2,577,0,0
1776059501061,631,HTTP Request 2,200,OK,config 2 1-34,text,true,,231,168,41,41,http://stload.se.ifmo.ru:8080/?token=518472196&&user=-1356113187&config=2,631,0,42
1776059501120,572,HTTP Request 2,200,OK,config 2 1-18,text,true,,231,168,41,41,http://stload.se.ifmo.ru:8080/?token=518472196&&user=-1356113187&config=2,572,0,0
1776059501140,552,HTTP Request 2,200,OK,config 2 1-1,text,true,,231,168,41,41,http://stload.se.ifmo.ru:8080/?token=518472196&&user=-1356113187&config=2,552,0,0
1776059501181,548,HTTP Request 2,200,OK,config 2 1-2,text,true,,231,168,41,41,http://stload.se.ifmo.ru:8080/?token=518472196&&user=-1356113187&config=2,548,0,0
1776059501149,604,HTTP Request 2,200,OK,config 2 1-35,text,true,,231,168,41,41,http://stload.se.ifmo.ru:8080/?token=518472196&&user=-1356113187&config=2,604,0,34
1776059501210,572,HTTP Request 2,200,OK,config 2 1-19,text,true,,231,168,42,42,http://stload.se.ifmo.ru:8080/?token=518472196&&user=-1356113187&config=2,572,0,0
1776059501271,554,HTTP Request 2,200,OK,config 2 1-3,text,true,,231,168,42,42,http://stload.se.ifmo.ru:8080/?token=518472196&&user=-1356113187&config=2,554,0,0
1776059501301,576,HTTP Request 2,200,OK,config 2 1-20,text,true,,231,168,43,43,http://stload.se.ifmo.ru:8080/?token=518472196&&user=-1356113187&config=2,576,0,0
1776059501241,636,HTTP Request 2,200,OK,config 2 1-36,text,true,,231,168,43,43,http://stload.se.ifmo.ru:8080/?token=518472196&&user=-1356113187&config=2,636,0,64
1776059501331,564,HTTP Request 2,200,OK,config 2 1-37,text,true,,231,168,43,43,http://stload.se.ifmo.ru:8080/?token=518472196&&user=-1356113187&config=2,564,0,3
1776059501360,623,HTTP Request 2,200,OK,config 2 1-4,text,true,,231,168,44,44,http://stload.se.ifmo.ru:8080/?token=518472196&&user=-1356113187&config=2,622,0,0
1776059501391,592,HTTP Request 2,200,OK,config 2 1-21,text,true,,231,168,44,44,http://stload.se.ifmo.ru:8080/?token=518472196&&user=-1356113187&config=2,591,0,0
1776059501450,559,HTTP Request 2,200,OK,config 2 1-5,text,true,,231,168,44,44,http://stload.se.ifmo.ru:8080/?token=518472196&&user=-1356113187&config=2,559,0,0
1776059501420,603,HTTP Request 2,200,OK,config 2 1-38,text,true,,231,168,44,44,http://stload.se.ifmo.ru:8080/?token=518472196&&user=-1356113187&config=2,603,0,34
1776059501481,571,HTTP Request 2,200,OK,config 2 1-22,text,true,,231,168,45,45,http://stload.se.ifmo.ru:8080/?token=518472196&&user=-1356113187&config=2,571,0,0
1776059501570,573,HTTP Request 2,200,OK,config 2 1-23,text,true,,231,168,46,46,http://stload.se.ifmo.ru:8080/?token=518472196&&user=-1356113187&config=2,573,0,0
1776059501510,633,HTTP Request 2,200,OK,config 2 1-39,text,true,,231,168,46,46,http://stload.se.ifmo.ru:8080/?token=518472196&&user=-1356113187&config=2,633,0,5
1776059501540,603,HTTP Request 2,200,OK,config 2 1-6,text,true,,231,168,46,46,http://stload.se.ifmo.ru:8080/?token=518472196&&user=-1356113187&config=2,603,0,0
1776059501661,572,HTTP Request 2,200,OK,config 2 1-24,text,true,,231,168,47,47,http://stload.se.ifmo.ru:8080/?token=518472196&&user=-1356113187&config=2,572,0,0
1776059501601,632,HTTP Request 2,200,OK,config 2 1-40,text,true,,231,168,47,47,http://stload.se.ifmo.ru:8080/?token=518472196&&user=-1356113187&config=2,632,0,8
1776059501630,603,HTTP Request 2,200,OK,config 2 1-7,text,true,,231,168,47,47,http://stload.se.ifmo.ru:8080/?token=518472196&&user=-1356113187&config=2,603,0,0
1776059501750,573,HTTP Request 2,200,OK,config 2 1-25,text,true,,231,168,48,48,http://stload.se.ifmo.ru:8080/?token=518472196&&user=-1356113187&config=2,573,0,0
1776059501720,603,HTTP Request 2,200,OK,config 2 1-8,text,true,,231,168,48,48,http://stload.se.ifmo.ru:8080/?token=518472196&&user=-1356113187&config=2,603,0,0
1776059501690,633,HTTP Request 2,200,OK,config 2 1-41,text,true,,231,168,48,48,http://stload.se.ifmo.ru:8080/?token=518472196&&user=-1356113187&config=2,633,0,5
1776059501779,636,HTTP Request 2,200,OK,config 2 1-42,text,true,,231,168,49,49,http://stload.se.ifmo.ru:8080/?token=518472196&&user=-1356113187&config=2,636,0,5
1776059501810,605,HTTP Request 2,200,OK,config 2 1-9,text,true,,231,168,49,49,http://stload.se.ifmo.ru:8080/?token=518472196&&user=-1356113187&config=2,605,0,0
1776059501840,575,HTTP Request 2,200,OK,config 2 1-26,text,true,,231,168,49,49,http://stload.se.ifmo.ru:8080/?token=518472196&&user=-1356113187&config=2,575,0,0
1776059501870,603,HTTP Request 2,200,OK,config 2 1-43,text,true,,231,168,49,49,http://stload.se.ifmo.ru:8080/?token=518472196&&user=-1356113187&config=2,603,0,9
1776059501900,616,HTTP Request 2,200,OK,config 2 1-10,text,true,,231,168,50,50,http://stload.se.ifmo.ru:8080/?token=518472196&&user=-1356113187&config=2,616,0,0
1776059501930,588,HTTP Request 2,200,OK,config 2 1-27,text,true,,231,168,50,50,http://stload.se.ifmo.ru:8080/?token=518472196&&user=-1356113187&config=2,588,0,0
1776059501960,634,HTTP Request 2,200,OK,config 2 1-44,text,true,,231,168,51,51,http://stload.se.ifmo.ru:8080/?token=518472196&&user=-1356113187&config=2,634,0,24
1776059501991,603,HTTP Request 2,200,OK,config 2 1-11,text,true,,231,168,51,51,http://stload.se.ifmo.ru:8080/?token=518472196&&user=-1356113187&config=2,603,0,0
1776059502020,579,HTTP Request 2,200,OK,config 2 1-28,text,true,,231,168,51,51,http://stload.se.ifmo.ru:8080/?token=518472196&&user=-1356113187&config=2,579,0,0
1776059502081,603,HTTP Request 2,200,OK,config 2 1-12,text,true,,231,168,52,52,http://stload.se.ifmo.ru:8080/?token=518472196&&user=-1356113187&config=2,603,0,0
1776059502049,635,HTTP Request 2,200,OK,config 2 1-45,text,true,,231,168,52,52,http://stload.se.ifmo.ru:8080/?token=518472196&&user=-1356113187&config=2,635,0,4
1776059502111,602,HTTP Request 2,200,OK,config 2 1-29,text,true,,231,168,52,52,http://stload.se.ifmo.ru:8080/?token=518472196&&user=-1356113187&config=2,602,0,0
1776059502140,636,HTTP Request 2,200,OK,config 2 1-46,text,true,,231,168,53,53,http://stload.se.ifmo.ru:8080/?token=518472196&&user=-1356113187&config=2,636,0,5
1776059502171,605,HTTP Request 2,200,OK,config 2 1-13,text,true,,231,168,53,53,http://stload.se.ifmo.ru:8080/?token=518472196&&user=-1356113187&config=2,605,0,0
1776059502200,605,HTTP Request 2,200,OK,config 2 1-30,text,true,,231,168,53,53,http://stload.se.ifmo.ru:8080/?token=518472196&&user=-1356113187&config=2,605,0,0
1776059502259,606,HTTP Request 2,200,OK,config 2 1-14,text,true,,231,168,54,54,http://stload.se.ifmo.ru:8080/?token=518472196&&user=-1356113187&config=2,606,0,0
1776059502230,637,HTTP Request 2,200,OK,config 2 1-47,text,true,,231,168,54,54,http://stload.se.ifmo.ru:8080/?token=518472196&&user=-1356113187&config=2,637,0,5
1776059502288,592,HTTP Request 2,200,OK,config 2 1-31,text,true,,231,168,54,54,http://stload.se.ifmo.ru:8080/?token=518472196&&user=-1356113187&config=2,591,0,0
1776059502350,610,HTTP Request 2,200,OK,config 2 1-15,text,true,,231,168,55,55,http://stload.se.ifmo.ru:8080/?token=518472196&&user=-1356113187&config=2,610,0,0
1776059502319,643,HTTP Request 2,200,OK,config 2 1-48,text,true,,231,168,55,55,http://stload.se.ifmo.ru:8080/?token=518472196&&user=-1356113187&config=2,643,0,6
1776059502380,594,HTTP Request 2,200,OK,config 2 1-32,text,true,,231,168,55,55,http://stload.se.ifmo.ru:8080/?token=518472196&&user=-1356113187&config=2,594,0,0
1776059502439,633,HTTP Request 2,200,OK,config 2 1-16,text,true,,231,168,56,56,http://stload.se.ifmo.ru:8080/?token=518472196&&user=-1356113187&config=2,633,0,0
1776059502470,602,HTTP Request 2,200,OK,config 2 1-33,text,true,,231,168,56,56,http://stload.se.ifmo.ru:8080/?token=518472196&&user=-1356113187&config=2,602,0,0
1776059502411,661,HTTP Request 2,200,OK,config 2 1-49,text,true,,231,168,56,56,http://stload.se.ifmo.ru:8080/?token=518472196&&user=-1356113187&config=2,661,0,5
1776059502500,616,HTTP Request 2,200,OK,config 2 1-50,text,true,,231,168,56,56,http://stload.se.ifmo.ru:8080/?token=518472196&&user=-1356113187&config=2,616,0,3
1776059502560,635,HTTP Request 2,200,OK,config 2 1-34,text,true,,231,168,57,57,http://stload.se.ifmo.ru:8080/?token=518472196&&user=-1356113187&config=2,635,0,0
1776059502530,665,HTTP Request 2,200,OK,config 2 1-17,text,true,,231,168,57,57,http://stload.se.ifmo.ru:8080/?token=518472196&&user=-1356113187&config=2,665,0,0
1776059502590,631,HTTP Request 2,200,OK,config 2 1-51,text,true,,231,168,58,58,http://stload.se.ifmo.ru:8080/?token=518472196&&user=-1356113187&config=2,631,0,6
1776059502640,643,HTTP Request 2,200,OK,config 2 1-1,text,true,,231,168,58,58,http://stload.se.ifmo.ru:8080/?token=518472196&&user=-1356113187&config=2,643,0,0
1776059502620,663,HTTP Request 2,200,OK,config 2 1-18,text,true,,231,168,58,58,http://stload.se.ifmo.ru:8080/?token=518472196&&user=-1356113187&config=2,663,0,0
1776059502649,634,HTTP Request 2,200,OK,config 2 1-35,text,true,,231,168,58,58,http://stload.se.ifmo.ru:8080/?token=518472196&&user=-1356113187&config=2,634,0,0
1776059502681,611,HTTP Request 2,200,OK,config 2 1-2,text,true,,231,168,58,58,http://stload.se.ifmo.ru:8080/?token=518472196&&user=-1356113187&config=2,611,0,0
1776059502680,618,HTTP Request 2,200,OK,config 2 1-52,text,true,,231,168,58,58,http://stload.se.ifmo.ru:8080/?token=518472196&&user=-1356113187&config=2,618,0,5
1776059502710,612,HTTP Request 2,200,OK,config 2 1-19,text,true,,231,168,59,59,http://stload.se.ifmo.ru:8080/?token=518472196&&user=-1356113187&config=2,612,0,0
1776059502740,617,HTTP Request 2,200,OK,config 2 1-36,text,true,,231,168,59,59,http://stload.se.ifmo.ru:8080/?token=518472196&&user=-1356113187&config=2,617,0,0
1776059502770,633,HTTP Request 2,200,OK,config 2 1-53,text,true,,231,168,60,60,http://stload.se.ifmo.ru:8080/?token=518472196&&user=-1356113187&config=2,633,0,8
1776059502771,632,HTTP Request 2,200,OK,config 2 1-3,text,true,,231,168,60,60,http://stload.se.ifmo.ru:8080/?token=518472196&&user=-1356113187&config=2,632,0,0
1776059502801,619,HTTP Request 2,200,OK,config 2 1-20,text,true,,231,168,60,60,http://stload.se.ifmo.ru:8080/?token=518472196&&user=-1356113187&config=2,619,0,0
1776059502830,623,HTTP Request 2,200,OK,config 2 1-37,text,true,,231,168,60,60,http://stload.se.ifmo.ru:8080/?token=518472196&&user=-1356113187&config=2,623,0,0
1776059502860,624,HTTP Request 2,200,OK,config 2 1-4,text,true,,231,168,60,60,http://stload.se.ifmo.ru:8080/?token=518472196&&user=-1356113187&config=2,624,0,0
1776059502860,627,HTTP Request 2,200,OK,config 2 1-54,text,true,,231,168,60,60,http://stload.se.ifmo.ru:8080/?token=518472196&&user=-1356113187&config=2,627,0,3
1776059502950,633,HTTP Request 2,200,OK,config 2 1-5,text,true,,231,168,62,62,http://stload.se.ifmo.ru:8080/?token=518472196&&user=-1356113187&config=2,633,0,0
1776059502890,693,HTTP Request 2,200,OK,config 2 1-21,text,true,,231,168,62,62,http://stload.se.ifmo.ru:8080/?token=518472196&&user=-1356113187&config=2,693,0,0
1776059502920,663,HTTP Request 2,200,OK,config 2 1-38,text,true,,231,168,62,62,http://stload.se.ifmo.ru:8080/?token=518472196&&user=-1356113187&config=2,663,0,0
1776059502949,637,HTTP Request 2,200,OK,config 2 1-55,text,true,,231,168,62,62,http://stload.se.ifmo.ru:8080/?token=518472196&&user=-1356113187&config=2,637,0,6
1776059503009,665,HTTP Request 2,200,OK,config 2 1-39,text,true,,231,168,63,63,http://stload.se.ifmo.ru:8080/?token=518472196&&user=-1356113187&config=2,665,0,0
1776059502981,693,HTTP Request 2,200,OK,config 2 1-22,text,true,,231,168,63,63,http://stload.se.ifmo.ru:8080/?token=518472196&&user=-1356113187&config=2,693,0,0
1776059503040,635,HTTP Request 2,200,OK,config 2 1-6,text,true,,231,168,63,63,http://stload.se.ifmo.ru:8080/?token=518472196&&user=-1356113187&config=2,635,0,0
1776059503039,641,HTTP Request 2,200,OK,config 2 1-56,text,true,,231,168,63,63,http://stload.se.ifmo.ru:8080/?token=518472196&&user=-1356113187&config=2,641,0,4
1776059503070,636,HTTP Request 2,200,OK,config 2 1-23,text,true,,231,168,63,63,http://stload.se.ifmo.ru:8080/?token=518472196&&user=-1356113187&config=2,636,0,0
1776059503100,655,HTTP Request 2,200,OK,config 2 1-40,text,true,,231,168,63,63,http://stload.se.ifmo.ru:8080/?token=518472196&&user=-1356113187&config=2,655,0,0
1776059503130,693,HTTP Request 2,200,OK,config 2 1-7,text,true,,231,168,64,64,http://stload.se.ifmo.ru:8080/?token=518472196&&user=-1356113187&config=2,693,0,0
1776059503162,661,HTTP Request 2,200,OK,config 2 1-24,text,true,,231,168,64,64,http://stload.se.ifmo.ru:8080/?token=518472196&&user=-1356113187&config=2,661,0,0
1776059503130,722,HTTP Request 2,200,OK,config 2 1-57,text,true,,231,168,65,65,http://stload.se.ifmo.ru:8080/?token=518472196&&user=-1356113187&config=2,722,0,64
1776059503189,663,HTTP Request 2,200,OK,config 2 1-41,text,true,,231,168,65,65,http://stload.se.ifmo.ru:8080/?token=518472196&&user=-1356113187&config=2,663,0,0
1776059503220,663,HTTP Request 2,200,OK,config 2 1-58,text,true,,231,168,65,65,http://stload.se.ifmo.ru:8080/?token=518472196&&user=-1356113187&config=2,663,0,3
1776059503221,662,HTTP Request 2,200,OK,config 2 1-8,text,true,,231,168,65,65,http://stload.se.ifmo.ru:8080/?token=518472196&&user=-1356113187&config=2,662,0,0
1776059503251,649,HTTP Request 2,200,OK,config 2 1-25,text,true,,231,168,65,65,http://stload.se.ifmo.ru:8080/?token=518472196&&user=-1356113187&config=2,649,0,0
1776059503280,663,HTTP Request 2,200,OK,config 2 1-42,text,true,,231,168,66,66,http://stload.se.ifmo.ru:8080/?token=518472196&&user=-1356113187&config=2,663,0,0
1776059503311,692,HTTP Request 2,200,OK,config 2 1-9,text,true,,231,168,66,66,http://stload.se.ifmo.ru:8080/?token=518472196&&user=-1356113187&config=2,691,0,0
1776059503310,725,HTTP Request 2,200,OK,config 2 1-59,text,true,,231,168,67,67,http://stload.se.ifmo.ru:8080/?token=518472196&&user=-1356113187&config=2,725,0,17
1776059503371,664,HTTP Request 2,200,OK,config 2 1-43,text,true,,231,168,67,67,http://stload.se.ifmo.ru:8080/?token=518472196&&user=-1356113187&config=2,664,0,0
1776059503341,694,HTTP Request 2,200,OK,config 2 1-26,text,true,,231,168,67,67,http://stload.se.ifmo.ru:8080/?token=518472196&&user=-1356113187&config=2,694,0,0
1776059503401,663,HTTP Request 2,200,OK,config 2 1-10,text,true,,231,168,67,67,http://stload.se.ifmo.ru:8080/?token=518472196&&user=-1356113187&config=2,662,0,0
1776059503403,690,HTTP Request 2,200,OK,config 2 1-60,text,true,,231,168,67,67,http://stload.se.ifmo.ru:8080/?token=518472196&&user=-1356113187&config=2,690,0,3
1776059503431,686,HTTP Request 2,200,OK,config 2 1-27,text,true,,231,168,67,67,http://stload.se.ifmo.ru:8080/?token=518472196&&user=-1356113187&config=2,686,0,0
1776059503461,687,HTTP Request 2,200,OK,config 2 1-44,text,true,,231,168,68,68,http://stload.se.ifmo.ru:8080/?token=518472196&&user=-1356113187&config=2,687,0,0
1776059503521,694,HTTP Request 2,200,OK,config 2 1-28,text,true,,231,168,69,69,http://stload.se.ifmo.ru:8080/?token=518472196&&user=-1356113187&config=2,694,0,0
1776059503490,725,HTTP Request 2,200,OK,config 2 1-61,text,true,,231,168,69,69,http://stload.se.ifmo.ru:8080/?token=518472196&&user=-1356113187&config=2,725,0,42
1776059503492,723,HTTP Request 2,200,OK,config 2 1-11,text,true,,231,168,69,69,http://stload.se.ifmo.ru:8080/?token=518472196&&user=-1356113187&config=2,723,0,0
1776059503550,673,HTTP Request 2,200,OK,config 2 1-45,text,true,,231,168,69,69,http://stload.se.ifmo.ru:8080/?token=518472196&&user=-1356113187&config=2,673,0,0
1776059503582,691,HTTP Request 2,200,OK,config 2 1-12,text,true,,231,168,69,69,http://stload.se.ifmo.ru:8080/?token=518472196&&user=-1356113187&config=2,691,0,0
1776059503581,692,HTTP Request 2,200,OK,config 2 1-62,text,true,,231,168,69,69,http://stload.se.ifmo.ru:8080/?token=518472196&&user=-1356113187&config=2,692,0,4
1776059503611,722,HTTP Request 2,200,OK,config 2 1-29,text,true,,231,168,70,70,http://stload.se.ifmo.ru:8080/?token=518472196&&user=-1356113187&config=2,722,0,0
1776059503640,724,HTTP Request 2,200,OK,config 2 1-46,text,true,,231,168,70,70,http://stload.se.ifmo.ru:8080/?token=518472196&&user=-1356113187&config=2,724,0,0
1776059503672,692,HTTP Request 2,200,OK,config 2 1-13,text,true,,231,168,70,70,http://stload.se.ifmo.ru:8080/?token=518472196&&user=-1356113187&config=2,692,0,0
1776059503672,692,HTTP Request 2,200,OK,config 2 1-63,text,true,,231,168,70,70,http://stload.se.ifmo.ru:8080/?token=518472196&&user=-1356113187&config=2,692,0,6
1776059503701,752,HTTP Request 2,200,OK,config 2 1-30,text,true,,231,168,71,71,http://stload.se.ifmo.ru:8080/?token=518472196&&user=-1356113187&config=2,752,0,0
1776059503730,723,HTTP Request 2,200,OK,config 2 1-47,text,true,,231,168,71,71,http://stload.se.ifmo.ru:8080/?token=518472196&&user=-1356113187&config=2,723,0,0
1776059503760,784,HTTP Request 2,200,OK,config 2 1-14,text,true,,231,168,72,72,http://stload.se.ifmo.ru:8080/?token=518472196&&user=-1356113187&config=2,784,0,0
1776059503820,724,HTTP Request 2,200,OK,config 2 1-48,text,true,,231,168,72,72,http://stload.se.ifmo.ru:8080/?token=518472196&&user=-1356113187&config=2,724,0,0
1776059503790,754,HTTP Request 2,200,OK,config 2 1-31,text,true,,231,168,72,72,http://stload.se.ifmo.ru:8080/?token=518472196&&user=-1356113187&config=2,754,0,0
1776059503760,784,HTTP Request 2,200,OK,config 2 1-64,text,true,,231,168,72,72,http://stload.se.ifmo.ru:8080/?token=518472196&&user=-1356113187&config=2,784,0,64
1776059503850,797,HTTP Request 2,200,OK,config 2 1-65,text,true,,231,168,73,73,http://stload.se.ifmo.ru:8080/?token=518472196&&user=-1356113187&config=2,796,0,5
1776059503911,736,HTTP Request 2,200,OK,config 2 1-49,text,true,,231,168,73,73,http://stload.se.ifmo.ru:8080/?token=518472196&&user=-1356113187&config=2,736,0,0
1776059503881,766,HTTP Request 2,200,OK,config 2 1-32,text,true,,231,168,73,73,http://stload.se.ifmo.ru:8080/?token=518472196&&user=-1356113187&config=2,766,0,0
1776059503851,796,HTTP Request 2,200,OK,config 2 1-15,text,true,,231,168,73,73,http://stload.se.ifmo.ru:8080/?token=518472196&&user=-1356113187&config=2,795,0,0
1776059503941,707,HTTP Request 2,200,OK,config 2 1-16,text,true,,231,168,73,73,http://stload.se.ifmo.ru:8080/?token=518472196&&user=-1356113187&config=2,707,0,0
1776059503941,870,HTTP Request 2,200,OK,config 2 1-66,text,true,,231,168,75,75,http://stload.se.ifmo.ru:8080/?token=518472196&&user=-1356113187&config=2,870,0,7
1776059504000,811,HTTP Request 2,200,OK,config 2 1-50,text,true,,231,168,75,75,http://stload.se.ifmo.ru:8080/?token=518472196&&user=-1356113187&config=2,811,0,0
1776059504031,780,HTTP Request 2,200,OK,config 2 1-17,text,true,,231,168,75,75,http://stload.se.ifmo.ru:8080/?token=518472196&&user=-1356113187&config=2,780,0,0
1776059503971,840,HTTP Request 2,200,OK,config 2 1-33,text,true,,231,168,75,75,http://stload.se.ifmo.ru:8080/?token=518472196&&user=-1356113187&config=2,840,0,0
1776059504031,824,HTTP Request 2,200,OK,config 2 1-67,text,true,,231,168,76,76,http://stload.se.ifmo.ru:8080/?token=518472196&&user=-1356113187&config=2,824,0,8
1776059504061,794,HTTP Request 2,200,OK,config 2 1-34,text,true,,231,168,76,76,http://stload.se.ifmo.ru:8080/?token=518472196&&user=-1356113187&config=2,794,0,0
1776059504091,764,HTTP Request 2,200,OK,config 2 1-51,text,true,,231,168,76,76,http://stload.se.ifmo.ru:8080/?token=518472196&&user=-1356113187&config=2,764,0,0
1776059504141,817,HTTP Request 2,200,OK,config 2 1-1,text,true,,231,168,77,77,http://stload.se.ifmo.ru:8080/?token=518472196&&user=-1356113187&config=2,817,0,0
1776059504121,837,HTTP Request 2,200,OK,config 2 1-68,text,true,,231,168,77,77,http://stload.se.ifmo.ru:8080/?token=518472196&&user=-1356113187&config=2,837,0,29
1776059504149,809,HTTP Request 2,200,OK,config 2 1-35,text,true,,231,168,77,77,http://stload.se.ifmo.ru:8080/?token=518472196&&user=-1356113187&config=2,809,0,0
1776059504121,837,HTTP Request 2,200,OK,config 2 1-18,text,true,,231,168,77,77,http://stload.se.ifmo.ru:8080/?token=518472196&&user=-1356113187&config=2,837,0,0
1776059504181,778,HTTP Request 2,200,OK,config 2 1-52,text,true,,231,168,77,77,http://stload.se.ifmo.ru:8080/?token=518472196&&user=-1356113187&config=2,778,0,0
1776059504182,777,HTTP Request 2,200,OK,config 2 1-2,text,true,,231,168,77,77,http://stload.se.ifmo.ru:8080/?token=518472196&&user=-1356113187&config=2,777,0,0
1776059504211,748,HTTP Request 2,200,OK,config 2 1-19,text,true,,231,168,77,77,http://stload.se.ifmo.ru:8080/?token=518472196&&user=-1356113187&config=2,748,0,0
1776059504210,749,HTTP Request 2,200,OK,config 2 1-69,text,true,,231,168,77,77,http://stload.se.ifmo.ru:8080/?token=518472196&&user=-1356113187&config=2,749,0,9
1776059504302,893,HTTP Request 2,200,OK,config 2 1-20,text,true,,231,168,79,79,http://stload.se.ifmo.ru:8080/?token=518472196&&user=-1356113187&config=2,893,0,0
1776059504271,924,HTTP Request 2,200,OK,config 2 1-53,text,true,,231,168,79,79,http://stload.se.ifmo.ru:8080/?token=518472196&&user=-1356113187&config=2,924,0,0
1776059504241,954,HTTP Request 2,200,OK,config 2 1-36,text,true,,231,168,79,79,http://stload.se.ifmo.ru:8080/?token=518472196&&user=-1356113187&config=2,954,0,0
1776059504272,923,HTTP Request 2,200,OK,config 2 1-3,text,true,,231,168,79,79,http://stload.se.ifmo.ru:8080/?token=518472196&&user=-1356113187&config=2,923,0,0
1776059504331,867,HTTP Request 2,200,OK,config 2 1-37,text,true,,231,168,79,79,http://stload.se.ifmo.ru:8080/?token=518472196&&user=-1356113187&config=2,867,0,0
1776059504361,837,HTTP Request 2,200,OK,config 2 1-4,text,true,,231,168,79,79,http://stload.se.ifmo.ru:8080/?token=518472196&&user=-1356113187&config=2,837,0,0
1776059504300,898,HTTP Request 2,200,OK,config 2 1-70,text,true,,231,168,79,79,http://stload.se.ifmo.ru:8080/?token=518472196&&user=-1356113187&config=2,898,0,4
1776059504360,838,HTTP Request 2,200,OK,config 2 1-54,text,true,,231,168,79,79,http://stload.se.ifmo.ru:8080/?token=518472196&&user=-1356113187&config=2,838,0,0
1776059504450,1116,HTTP Request 2,200,OK,config 2 1-55,text,true,,231,168,84,84,http://stload.se.ifmo.ru:8080/?token=518472196&&user=-1356113187&config=2,1116,0,0
1776059504391,1175,HTTP Request 2,200,OK,config 2 1-21,text,true,,231,168,84,84,http://stload.se.ifmo.ru:8080/?token=518472196&&user=-1356113187&config=2,1175,0,0
1776059504421,1145,HTTP Request 2,200,OK,config 2 1-38,text,true,,231,168,84,84,http://stload.se.ifmo.ru:8080/?token=518472196&&user=-1356113187&config=2,1145,0,0
1776059504391,1175,HTTP Request 2,200,OK,config 2 1-71,text,true,,231,168,84,84,http://stload.se.ifmo.ru:8080/?token=518472196&&user=-1356113187&config=2,1175,0,38
1776059504451,1116,HTTP Request 2,200,OK,config 2 1-5,text,true,,231,168,84,84,http://stload.se.ifmo.ru:8080/?token=518472196&&user=-1356113187&config=2,1116,0,0
1776059504480,1087,HTTP Request 2,200,OK,config 2 1-72,text,true,,231,168,84,84,http://stload.se.ifmo.ru:8080/?token=518472196&&user=-1356113187&config=2,1087,0,3
1776059504482,1085,HTTP Request 2,200,OK,config 2 1-22,text,true,,231,168,84,84,http://stload.se.ifmo.ru:8080/?token=518472196&&user=-1356113187&config=2,1085,0,0
1776059504510,1057,HTTP Request 2,200,OK,config 2 1-39,text,true,,231,168,84,84,http://stload.se.ifmo.ru:8080/?token=518472196&&user=-1356113187&config=2,1057,0,0
1776059504540,1028,HTTP Request 2,200,OK,config 2 1-6,text,true,,231,168,84,84,http://stload.se.ifmo.ru:8080/?token=518472196&&user=-1356113187&config=2,1028,0,0
1776059504540,1028,HTTP Request 2,200,OK,config 2 1-56,text,true,,231,168,84,84,http://stload.se.ifmo.ru:8080/?token=518472196&&user=-1356113187&config=2,1028,0,0
1776059504571,997,HTTP Request 2,200,OK,config 2 1-23,text,true,,231,168,84,84,http://stload.se.ifmo.ru:8080/?token=518472196&&user=-1356113187&config=2,997,0,0
1776059504601,967,HTTP Request 2,200,OK,config 2 1-40,text,true,,231,168,84,84,http://stload.se.ifmo.ru:8080/?token=518472196&&user=-1356113187&config=2,967,0,0
1776059504571,997,HTTP Request 2,200,OK,config 2 1-73,text,true,,231,168,84,84,http://stload.se.ifmo.ru:8080/?token=518472196&&user=-1356113187&config=2,997,0,9
1776059504631,939,HTTP Request 2,200,OK,config 2 1-57,text,true,,231,168,84,84,http://stload.se.ifmo.ru:8080/?token=518472196&&user=-1356113187&config=2,939,0,0
1776059504662,1457,HTTP Request 2,200,OK,config 2 1-24,text,true,,231,168,90,90,http://stload.se.ifmo.ru:8080/?token=518472196&&user=-1356113187&config=2,1457,0,0
1776059504690,1429,HTTP Request 2,200,OK,config 2 1-41,text,true,,231,168,90,90,http://stload.se.ifmo.ru:8080/?token=518472196&&user=-1356113187&config=2,1429,0,0
1776059504780,1339,HTTP Request 2,200,OK,config 2 1-42,text,true,,231,168,90,90,http://stload.se.ifmo.ru:8080/?token=518472196&&user=-1356113187&config=2,1339,0,0
1776059504810,1310,HTTP Request 2,200,OK,config 2 1-59,text,true,,231,168,90,90,http://stload.se.ifmo.ru:8080/?token=518472196&&user=-1356113187&config=2,1310,0,0
1776059504660,1459,HTTP Request 2,200,OK,config 2 1-74,text,true,,231,168,90,90,http://stload.se.ifmo.ru:8080/?token=518472196&&user=-1356113187&config=2,1459,0,31
1776059504719,1400,HTTP Request 2,200,OK,config 2 1-58,text,true,,231,168,90,90,http://stload.se.ifmo.ru:8080/?token=518472196&&user=-1356113187&config=2,1400,0,0
1776059504721,1398,HTTP Request 2,200,OK,config 2 1-8,text,true,,231,168,90,90,http://stload.se.ifmo.ru:8080/?token=518472196&&user=-1356113187&config=2,1398,0,0
1776059504871,1249,HTTP Request 2,200,OK,config 2 1-43,text,true,,231,168,90,90,http://stload.se.ifmo.ru:8080/?token=518472196&&user=-1356113187&config=2,1249,0,0
1776059504631,1488,HTTP Request 2,200,OK,config 2 1-7,text,true,,231,168,90,90,http://stload.se.ifmo.ru:8080/?token=518472196&&user=-1356113187&config=2,1488,0,0
1776059504751,1368,HTTP Request 2,200,OK,config 2 1-25,text,true,,231,168,90,90,http://stload.se.ifmo.ru:8080/?token=518472196&&user=-1356113187&config=2,1368,0,0
1776059504752,1367,HTTP Request 2,200,OK,config 2 1-75,text,true,,231,168,90,90,http://stload.se.ifmo.ru:8080/?token=518472196&&user=-1356113187&config=2,1367,0,31
1776059504811,1309,HTTP Request 2,200,OK,config 2 1-9,text,true,,231,168,90,90,http://stload.se.ifmo.ru:8080/?token=518472196&&user=-1356113187&config=2,1309,0,0
1776059504841,1279,HTTP Request 2,200,OK,config 2 1-26,text,true,,231,168,90,90,http://stload.se.ifmo.ru:8080/?token=518472196&&user=-1356113187&config=2,1279,0,0
1776059504902,1220,HTTP Request 2,200,OK,config 2 1-10,text,true,,231,168,90,90,http://stload.se.ifmo.ru:8080/?token=518472196&&user=-1356113187&config=2,1220,0,0
1776059504902,1220,HTTP Request 2,200,OK,config 2 1-60,text,true,,231,168,90,90,http://stload.se.ifmo.ru:8080/?token=518472196&&user=-1356113187&config=2,1220,0,0
1776059504842,1280,HTTP Request 2,200,OK,config 2 1-76,text,true,,231,168,90,90,http://stload.se.ifmo.ru:8080/?token=518472196&&user=-1356113187&config=2,1280,0,16
1776059504932,1190,HTTP Request 2,200,OK,config 2 1-77,text,true,,231,168,90,90,http://stload.se.ifmo.ru:8080/?token=518472196&&user=-1356113187&config=2,1190,0,26
1776059504931,1191,HTTP Request 2,200,OK,config 2 1-27,text,true,,231,168,90,90,http://stload.se.ifmo.ru:8080/?token=518472196&&user=-1356113187&config=2,1191,0,0
1776059504961,1162,HTTP Request 2,200,OK,config 2 1-44,text,true,,231,168,90,90,http://stload.se.ifmo.ru:8080/?token=518472196&&user=-1356113187&config=2,1162,0,0
1776059504989,1134,HTTP Request 2,200,OK,config 2 1-61,text,true,,231,168,90,90,http://stload.se.ifmo.ru:8080/?token=518472196&&user=-1356113187&config=2,1134,0,0
1776059504991,1132,HTTP Request 2,200,OK,config 2 1-11,text,true,,231,168,90,90,http://stload.se.ifmo.ru:8080/?token=518472196&&user=-1356113187&config=2,1132,0,0
1776059505050,2146,HTTP Request 2,200,OK,config 2 1-45,text,true,,231,168,102,102,http://stload.se.ifmo.ru:8080/?token=518472196&&user=-1356113187&config=2,2145,0,0
1776059505022,2174,HTTP Request 2,200,OK,config 2 1-78,text,true,,231,168,102,102,http://stload.se.ifmo.ru:8080/?token=518472196&&user=-1356113187&config=2,2173,0,22
1776059505021,2175,HTTP Request 2,200,OK,config 2 1-28,text,true,,231,168,102,102,http://stload.se.ifmo.ru:8080/?token=518472196&&user=-1356113187&config=2,2174,0,0
1776059505111,2085,HTTP Request 2,200,OK,config 2 1-29,text,true,,231,168,102,102,http://stload.se.ifmo.ru:8080/?token=518472196&&user=-1356113187&config=2,2085,0,0
1776059505201,1995,HTTP Request 2,200,OK,config 2 1-30,text,true,,231,168,102,102,http://stload.se.ifmo.ru:8080/?token=518472196&&user=-1356113187&config=2,1995,0,0
1776059505140,2056,HTTP Request 2,200,OK,config 2 1-46,text,true,,231,168,102,102,http://stload.se.ifmo.ru:8080/?token=518472196&&user=-1356113187&config=2,2056,0,0
1776059505111,2085,HTTP Request 2,200,OK,config 2 1-79,text,true,,231,168,102,102,http://stload.se.ifmo.ru:8080/?token=518472196&&user=-1356113187&config=2,2085,0,13
1776059505082,2114,HTTP Request 2,200,OK,config 2 1-12,text,true,,231,168,102,102,http://stload.se.ifmo.ru:8080/?token=518472196&&user=-1356113187&config=2,2114,0,0
1776059505080,2116,HTTP Request 2,200,OK,config 2 1-62,text,true,,231,168,102,102,http://stload.se.ifmo.ru:8080/?token=518472196&&user=-1356113187&config=2,2116,0,0
1776059505171,2025,HTTP Request 2,200,OK,config 2 1-63,text,true,,231,168,102,102,http://stload.se.ifmo.ru:8080/?token=518472196&&user=-1356113187&config=2,2025,0,0
1776059505172,2024,HTTP Request 2,200,OK,config 2 1-13,text,true,,231,168,102,102,http://stload.se.ifmo.ru:8080/?token=518472196&&user=-1356113187&config=2,2024,0,0
1776059505259,1937,HTTP Request 2,200,OK,config 2 1-64,text,true,,231,168,102,102,http://stload.se.ifmo.ru:8080/?token=518472196&&user=-1356113187&config=2,1937,0,0
1776059505259,1937,HTTP Request 2,200,OK,config 2 1-14,text,true,,231,168,102,102,http://stload.se.ifmo.ru:8080/?token=518472196&&user=-1356113187&config=2,1937,0,0
1776059505320,1876,HTTP Request 2,200,OK,config 2 1-48,text,true,,231,168,102,102,http://stload.se.ifmo.ru:8080/?token=518472196&&user=-1356113187&config=2,1876,0,0
1776059505350,1846,HTTP Request 2,200,OK,config 2 1-65,text,true,,231,168,102,102,http://stload.se.ifmo.ru:8080/?token=518472196&&user=-1356113187&config=2,1846,0,0
1776059505411,1786,HTTP Request 2,200,OK,config 2 1-49,text,true,,231,168,102,102,http://stload.se.ifmo.ru:8080/?token=518472196&&user=-1356113187&config=2,1786,0,0
1776059505441,1756,HTTP Request 2,200,OK,config 2 1-66,text,true,,231,168,102,102,http://stload.se.ifmo.ru:8080/?token=518472196&&user=-1356113187&config=2,1756,0,0
1776059505441,1756,HTTP Request 2,200,OK,config 2 1-16,text,true,,231,168,102,102,http://stload.se.ifmo.ru:8080/?token=518472196&&user=-1356113187&config=2,1756,0,0
1776059505471,1726,HTTP Request 2,200,OK,config 2 1-33,text,true,,231,168,102,102,http://stload.se.ifmo.ru:8080/?token=518472196&&user=-1356113187&config=2,1726,0,0
1776059505471,1726,HTTP Request 2,200,OK,config 2 1-83,text,true,,231,168,102,102,http://stload.se.ifmo.ru:8080/?token=518472196&&user=-1356113187&config=2,1726,0,3
1776059505531,1666,HTTP Request 2,200,OK,config 2 1-17,text,true,,231,168,102,102,http://stload.se.ifmo.ru:8080/?token=518472196&&user=-1356113187&config=2,1666,0,0
1776059505500,1697,HTTP Request 2,200,OK,config 2 1-50,text,true,,231,168,102,102,http://stload.se.ifmo.ru:8080/?token=518472196&&user=-1356113187&config=2,1697,0,0
1776059505531,1666,HTTP Request 2,200,OK,config 2 1-67,text,true,,231,168,102,102,http://stload.se.ifmo.ru:8080/?token=518472196&&user=-1356113187&config=2,1666,0,0
1776059505561,1636,HTTP Request 2,200,OK,config 2 1-84,text,true,,231,168,102,102,http://stload.se.ifmo.ru:8080/?token=518472196&&user=-1356113187&config=2,1636,0,6
1776059505591,1606,HTTP Request 2,200,OK,config 2 1-51,text,true,,231,168,102,102,http://stload.se.ifmo.ru:8080/?token=518472196&&user=-1356113187&config=2,1606,0,0
1776059505230,1967,HTTP Request 2,200,OK,config 2 1-47,text,true,,231,168,102,102,http://stload.se.ifmo.ru:8080/?token=518472196&&user=-1356113187&config=2,1967,0,0
1776059505620,1578,HTTP Request 2,200,OK,config 2 1-68,text,true,,231,168,102,102,http://stload.se.ifmo.ru:8080/?token=518472196&&user=-1356113187&config=2,1578,0,0
1776059505621,1577,HTTP Request 2,200,OK,config 2 1-18,text,true,,231,168,102,102,http://stload.se.ifmo.ru:8080/?token=518472196&&user=-1356113187&config=2,1577,0,0
1776059505641,1557,HTTP Request 2,200,OK,config 2 1-1,text,true,,231,168,102,102,http://stload.se.ifmo.ru:8080/?token=518472196&&user=-1356113187&config=2,1557,0,0
1776059505201,1997,HTTP Request 2,200,OK,config 2 1-80,text,true,,231,168,102,102,http://stload.se.ifmo.ru:8080/?token=518472196&&user=-1356113187&config=2,1997,0,56
1776059505381,1818,HTTP Request 2,200,OK,config 2 1-32,text,true,,231,168,102,102,http://stload.se.ifmo.ru:8080/?token=518472196&&user=-1356113187&config=2,1818,0,0
1776059505351,1849,HTTP Request 2,200,OK,config 2 1-15,text,true,,231,168,102,102,http://stload.se.ifmo.ru:8080/?token=518472196&&user=-1356113187&config=2,1849,0,0
1776059505560,1640,HTTP Request 2,200,OK,config 2 1-34,text,true,,231,168,102,102,http://stload.se.ifmo.ru:8080/?token=518472196&&user=-1356113187&config=2,1640,0,0
1776059505291,1909,HTTP Request 2,200,OK,config 2 1-81,text,true,,231,168,102,102,http://stload.se.ifmo.ru:8080/?token=518472196&&user=-1356113187&config=2,1909,0,99
1776059505290,1910,HTTP Request 2,200,OK,config 2 1-31,text,true,,231,168,102,102,http://stload.se.ifmo.ru:8080/?token=518472196&&user=-1356113187&config=2,1910,0,0
1776059505382,1819,HTTP Request 2,200,OK,config 2 1-82,text,true,,231,168,102,102,http://stload.se.ifmo.ru:8080/?token=518472196&&user=-1356113187&config=2,1819,0,14
1776059505650,2736,HTTP Request 2,200,OK,config 2 1-35,text,true,,231,168,115,115,http://stload.se.ifmo.ru:8080/?token=518472196&&user=-1356113187&config=2,2736,0,0
1776059505651,2736,HTTP Request 2,200,OK,config 2 1-85,text,true,,231,168,115,115,http://stload.se.ifmo.ru:8080/?token=518472196&&user=-1356113187&config=2,2736,0,6
1776059505682,2705,HTTP Request 2,200,OK,config 2 1-2,text,true,,231,168,115,115,http://stload.se.ifmo.ru:8080/?token=518472196&&user=-1356113187&config=2,2705,0,0
1776059505681,2706,HTTP Request 2,200,OK,config 2 1-52,text,true,,231,168,115,115,http://stload.se.ifmo.ru:8080/?token=518472196&&user=-1356113187&config=2,2706,0,0
1776059505710,2677,HTTP Request 2,200,OK,config 2 1-69,text,true,,231,168,115,115,http://stload.se.ifmo.ru:8080/?token=518472196&&user=-1356113187&config=2,2677,0,0
1776059505711,2676,HTTP Request 2,200,OK,config 2 1-19,text,true,,231,168,115,115,http://stload.se.ifmo.ru:8080/?token=518472196&&user=-1356113187&config=2,2676,0,0
1776059505740,2647,HTTP Request 2,200,OK,config 2 1-86,text,true,,231,168,115,115,http://stload.se.ifmo.ru:8080/?token=518472196&&user=-1356113187&config=2,2647,0,5
1776059505741,2646,HTTP Request 2,200,OK,config 2 1-36,text,true,,231,168,115,115,http://stload.se.ifmo.ru:8080/?token=518472196&&user=-1356113187&config=2,2646,0,0
1776059505772,2616,HTTP Request 2,200,OK,config 2 1-3,text,true,,231,168,115,115,http://stload.se.ifmo.ru:8080/?token=518472196&&user=-1356113187&config=2,2616,0,0
1776059505771,2617,HTTP Request 2,200,OK,config 2 1-53,text,true,,231,168,115,115,http://stload.se.ifmo.ru:8080/?token=518472196&&user=-1356113187&config=2,2617,0,0
1776059505831,2557,HTTP Request 2,200,OK,config 2 1-37,text,true,,231,168,115,115,http://stload.se.ifmo.ru:8080/?token=518472196&&user=-1356113187&config=2,2557,0,0
1776059505831,2557,HTTP Request 2,200,OK,config 2 1-87,text,true,,231,168,115,115,http://stload.se.ifmo.ru:8080/?token=518472196&&user=-1356113187&config=2,2557,0,5
1776059505892,2497,HTTP Request 2,200,OK,config 2 1-21,text,true,,231,168,115,115,http://stload.se.ifmo.ru:8080/?token=518472196&&user=-1356113187&config=2,2496,0,0
1776059505861,2528,HTTP Request 2,200,OK,config 2 1-4,text,true,,231,168,115,115,http://stload.se.ifmo.ru:8080/?token=518472196&&user=-1356113187&config=2,2528,0,0
1776059505921,2468,HTTP Request 2,200,OK,config 2 1-38,text,true,,231,168,115,115,http://stload.se.ifmo.ru:8080/?token=518472196&&user=-1356113187&config=2,2468,0,0
1776059505800,2589,HTTP Request 2,200,OK,config 2 1-70,text,true,,231,168,115,115,http://stload.se.ifmo.ru:8080/?token=518472196&&user=-1356113187&config=2,2589,0,0
1776059505920,2469,HTTP Request 2,200,OK,config 2 1-88,text,true,,231,168,115,115,http://stload.se.ifmo.ru:8080/?token=518472196&&user=-1356113187&config=2,2469,0,8
1776059505951,2438,HTTP Request 2,200,OK,config 2 1-5,text,true,,231,168,115,115,http://stload.se.ifmo.ru:8080/?token=518472196&&user=-1356113187&config=2,2438,0,0
1776059505950,2439,HTTP Request 2,200,OK,config 2 1-55,text,true,,231,168,115,115,http://stload.se.ifmo.ru:8080/?token=518472196&&user=-1356113187&config=2,2439,0,0
1776059505982,2407,HTTP Request 2,200,OK,config 2 1-22,text,true,,231,168,115,115,http://stload.se.ifmo.ru:8080/?token=518472196&&user=-1356113187&config=2,2407,0,0
1776059505980,2409,HTTP Request 2,200,OK,config 2 1-72,text,true,,231,168,115,115,http://stload.se.ifmo.ru:8080/?token=518472196&&user=-1356113187&config=2,2409,0,0
1776059506011,2379,HTTP Request 2,200,OK,config 2 1-39,text,true,,231,168,115,115,http://stload.se.ifmo.ru:8080/?token=518472196&&user=-1356113187&config=2,2378,0,0
1776059506040,2350,HTTP Request 2,200,OK,config 2 1-56,text,true,,231,168,115,115,http://stload.se.ifmo.ru:8080/?token=518472196&&user=-1356113187&config=2,2350,0,0
1776059505802,2588,HTTP Request 2,200,OK,config 2 1-20,text,true,,231,168,115,115,http://stload.se.ifmo.ru:8080/?token=518472196&&user=-1356113187&config=2,2588,0,0
1776059505891,2499,HTTP Request 2,200,OK,config 2 1-71,text,true,,231,168,115,115,http://stload.se.ifmo.ru:8080/?token=518472196&&user=-1356113187&config=2,2499,0,0
1776059505860,2530,HTTP Request 2,200,OK,config 2 1-54,text,true,,231,168,115,115,http://stload.se.ifmo.ru:8080/?token=518472196&&user=-1356113187&config=2,2530,0,0
1776059506012,2378,HTTP Request 2,200,OK,config 2 1-89,text,true,,231,168,115,115,http://stload.se.ifmo.ru:8080/?token=518472196&&user=-1356113187&config=2,2378,0,5
1776059506071,2319,HTTP Request 2,200,OK,config 2 1-73,text,true,,231,168,115,115,http://stload.se.ifmo.ru:8080/?token=518472196&&user=-1356113187&config=2,2319,0,0
1776059506071,2319,HTTP Request 2,200,OK,config 2 1-23,text,true,,231,168,115,115,http://stload.se.ifmo.ru:8080/?token=518472196&&user=-1356113187&config=2,2319,0,0
1776059506101,2289,HTTP Request 2,200,OK,config 2 1-90,text,true,,231,168,115,115,http://stload.se.ifmo.ru:8080/?token=518472196&&user=-1356113187&config=2,2289,0,18
1776059506101,2289,HTTP Request 2,200,OK,config 2 1-40,text,true,,231,168,115,115,http://stload.se.ifmo.ru:8080/?token=518472196&&user=-1356113187&config=2,2289,0,0
1776059506162,2228,HTTP Request 2,200,OK,config 2 1-24,text,true,,231,168,115,115,http://stload.se.ifmo.ru:8080/?token=518472196&&user=-1356113187&config=2,2228,0,0
1776059506040,2351,HTTP Request 2,200,OK,config 2 1-6,text,true,,231,168,115,115,http://stload.se.ifmo.ru:8080/?token=518472196&&user=-1356113187&config=2,2351,0,0
1776059506160,2232,HTTP Request 2,200,OK,config 2 1-74,text,true,,231,168,115,115,http://stload.se.ifmo.ru:8080/?token=518472196&&user=-1356113187&config=2,2232,0,0
1776059506251,4146,HTTP Request 2,200,OK,config 2 1-25,text,true,,231,168,137,137,http://stload.se.ifmo.ru:8080/?token=518472196&&user=-1356113187&config=2,4146,0,0
1776059506251,4146,HTTP Request 2,200,OK,config 2 1-75,text,true,,231,168,137,137,http://stload.se.ifmo.ru:8080/?token=518472196&&user=-1356113187&config=2,4146,0,0
1776059506131,4266,HTTP Request 2,200,OK,config 2 1-7,text,true,,231,168,137,137,http://stload.se.ifmo.ru:8080/?token=518472196&&user=-1356113187&config=2,4266,0,0
1776059506221,4176,HTTP Request 2,200,OK,config 2 1-8,text,true,,231,168,137,137,http://stload.se.ifmo.ru:8080/?token=518472196&&user=-1356113187&config=2,4176,0,0
1776059506191,4206,HTTP Request 2,200,OK,config 2 1-91,text,true,,231,168,137,137,http://stload.se.ifmo.ru:8080/?token=518472196&&user=-1356113187&config=2,4206,0,30
1776059506131,4266,HTTP Request 2,200,OK,config 2 1-57,text,true,,231,168,137,137,http://stload.se.ifmo.ru:8080/?token=518472196&&user=-1356113187&config=2,4266,0,0
1776059506280,4117,HTTP Request 2,200,OK,config 2 1-42,text,true,,231,168,137,137,http://stload.se.ifmo.ru:8080/?token=518472196&&user=-1356113187&config=2,4117,0,0
1776059506311,4087,HTTP Request 2,200,OK,config 2 1-9,text,true,,231,168,137,137,http://stload.se.ifmo.ru:8080/?token=518472196&&user=-1356113187&config=2,4087,0,0
1776059506310,4088,HTTP Request 2,200,OK,config 2 1-59,text,true,,231,168,137,137,http://stload.se.ifmo.ru:8080/?token=518472196&&user=-1356113187&config=2,4088,0,0
1776059506341,4058,HTTP Request 2,200,OK,config 2 1-26,text,true,,231,168,137,137,http://stload.se.ifmo.ru:8080/?token=518472196&&user=-1356113187&config=2,4058,0,0
1776059506190,4207,HTTP Request 2,200,OK,config 2 1-41,text,true,,231,168,137,137,http://stload.se.ifmo.ru:8080/?token=518472196&&user=-1356113187&config=2,4207,0,0
1776059506342,4057,HTTP Request 2,200,OK,config 2 1-76,text,true,,231,168,137,137,http://stload.se.ifmo.ru:8080/?token=518472196&&user=-1356113187&config=2,4057,0,0
1776059506371,4028,HTTP Request 2,200,OK,config 2 1-43,text,true,,231,168,137,137,http://stload.se.ifmo.ru:8080/?token=518472196&&user=-1356113187&config=2,4028,0,0
1776059506402,3997,HTTP Request 2,200,OK,config 2 1-60,text,true,,231,168,137,137,http://stload.se.ifmo.ru:8080/?token=518472196&&user=-1356113187&config=2,3997,0,0
1776059506219,4178,HTTP Request 2,200,OK,config 2 1-58,text,true,,231,168,137,137,http://stload.se.ifmo.ru:8080/?token=518472196&&user=-1356113187&config=2,4178,0,0
1776059506371,4028,HTTP Request 2,200,OK,config 2 1-93,text,true,,231,168,137,137,http://stload.se.ifmo.ru:8080/?token=518472196&&user=-1356113187&config=2,4028,0,33
1776059506431,3969,HTTP Request 2,200,OK,config 2 1-27,text,true,,231,168,137,137,http://stload.se.ifmo.ru:8080/?token=518472196&&user=-1356113187&config=2,3969,0,0
1776059506431,3969,HTTP Request 2,200,OK,config 2 1-77,text,true,,231,168,137,137,http://stload.se.ifmo.ru:8080/?token=518472196&&user=-1356113187&config=2,3969,0,0
1776059506461,3939,HTTP Request 2,200,OK,config 2 1-44,text,true,,231,168,137,137,http://stload.se.ifmo.ru:8080/?token=518472196&&user=-1356113187&config=2,3939,0,0
1776059506489,3911,HTTP Request 2,200,OK,config 2 1-61,text,true,,231,168,137,137,http://stload.se.ifmo.ru:8080/?token=518472196&&user=-1356113187&config=2,3911,0,0
1776059506292,4108,HTTP Request 2,200,OK,config 2 1-92,text,true,,231,168,137,137,http://stload.se.ifmo.ru:8080/?token=518472196&&user=-1356113187&config=2,4108,0,21
1776059506401,3999,HTTP Request 2,200,OK,config 2 1-10,text,true,,231,168,137,137,http://stload.se.ifmo.ru:8080/?token=518472196&&user=-1356113187&config=2,3999,0,0
1776059506461,3939,HTTP Request 2,200,OK,config 2 1-94,text,true,,231,168,137,137,http://stload.se.ifmo.ru:8080/?token=518472196&&user=-1356113187&config=2,3939,0,30
1776059506550,3851,HTTP Request 2,200,OK,config 2 1-95,text,true,,231,168,137,137,http://stload.se.ifmo.ru:8080/?token=518472196&&user=-1356113187&config=2,3851,0,3
1776059506731,3670,HTTP Request 2,200,OK,config 2 1-97,text,true,,231,168,137,137,http://stload.se.ifmo.ru:8080/?token=518472196&&user=-1356113187&config=2,3670,0,4
1776059506641,3760,HTTP Request 2,200,OK,config 2 1-96,text,true,,231,168,137,137,http://stload.se.ifmo.ru:8080/?token=518472196&&user=-1356113187&config=2,3760,0,3
1776059506820,3581,HTTP Request 2,200,OK,config 2 1-98,text,true,,231,168,137,137,http://stload.se.ifmo.ru:8080/?token=518472196&&user=-1356113187&config=2,3581,0,3
1776059506492,3909,HTTP Request 2,200,OK,config 2 1-11,text,true,,231,168,137,137,http://stload.se.ifmo.ru:8080/?token=518472196&&user=-1356113187&config=2,3909,0,0
1776059507090,3312,HTTP Request 2,200,OK,config 2 1-101,text,true,,231,168,137,137,http://stload.se.ifmo.ru:8080/?token=518472196&&user=-1356113187&config=2,3312,0,9
1776059506911,3491,HTTP Request 2,200,OK,config 2 1-99,text,true,,231,168,137,137,http://stload.se.ifmo.ru:8080/?token=518472196&&user=-1356113187&config=2,3491,0,24
1776059507001,3401,HTTP Request 2,200,OK,config 2 1-100,text,true,,231,168,137,137,http://stload.se.ifmo.ru:8080/?token=518472196&&user=-1356113187&config=2,3401,0,3
1776059507196,3206,HTTP Request 2,200,OK,config 2 1-45,text,true,,231,168,137,137,http://stload.se.ifmo.ru:8080/?token=518472196&&user=-1356113187&config=2,3206,0,0
1776059507196,3206,HTTP Request 2,200,OK,config 2 1-28,text,true,,231,168,137,137,http://stload.se.ifmo.ru:8080/?token=518472196&&user=-1356113187&config=2,3206,0,0
1776059507196,3206,HTTP Request 2,200,OK,config 2 1-29,text,true,,231,168,137,137,http://stload.se.ifmo.ru:8080/?token=518472196&&user=-1356113187&config=2,3206,0,0
1776059507198,3204,HTTP Request 2,200,OK,config 2 1-1,text,true,,231,168,137,137,http://stload.se.ifmo.ru:8080/?token=518472196&&user=-1356113187&config=2,3204,0,0
1776059507199,3203,HTTP Request 2,200,OK,config 2 1-18,text,true,,231,168,137,137,http://stload.se.ifmo.ru:8080/?token=518472196&&user=-1356113187&config=2,3203,0,0
1776059507196,3206,HTTP Request 2,200,OK,config 2 1-78,text,true,,231,168,137,137,http://stload.se.ifmo.ru:8080/?token=518472196&&user=-1356113187&config=2,3206,0,0
1776059507199,3203,HTTP Request 2,200,OK,config 2 1-84,text,true,,231,168,137,137,http://stload.se.ifmo.ru:8080/?token=518472196&&user=-1356113187&config=2,3203,0,0
1776059507199,3204,HTTP Request 2,200,OK,config 2 1-47,text,true,,231,168,137,137,http://stload.se.ifmo.ru:8080/?token=518472196&&user=-1356113187&config=2,3204,0,0
1776059507199,3204,HTTP Request 2,200,OK,config 2 1-32,text,true,,231,168,137,137,http://stload.se.ifmo.ru:8080/?token=518472196&&user=-1356113187&config=2,3204,0,0
1776059507181,3222,HTTP Request 2,200,OK,config 2 1-102,text,true,,231,168,137,137,http://stload.se.ifmo.ru:8080/?token=518472196&&user=-1356113187&config=2,3222,0,17
1776059507199,3204,HTTP Request 2,200,OK,config 2 1-68,text,true,,231,168,137,137,http://stload.se.ifmo.ru:8080/?token=518472196&&user=-1356113187&config=2,3204,0,0
1776059507198,3221,HTTP Request 2,200,OK,config 2 1-30,text,true,,231,168,137,137,http://stload.se.ifmo.ru:8080/?token=518472196&&user=-1356113187&config=2,3221,0,0
1776059507199,3254,HTTP Request 2,200,OK,config 2 1-51,text,true,,231,168,138,138,http://stload.se.ifmo.ru:8080/?token=518472196&&user=-1356113187&config=2,3254,0,0
1776059507199,3254,HTTP Request 2,200,OK,config 2 1-67,text,true,,231,168,138,138,http://stload.se.ifmo.ru:8080/?token=518472196&&user=-1356113187&config=2,3254,0,0
1776059507199,3254,HTTP Request 2,200,OK,config 2 1-83,text,true,,231,168,138,138,http://stload.se.ifmo.ru:8080/?token=518472196&&user=-1356113187&config=2,3254,0,0
1776059507199,3254,HTTP Request 2,200,OK,config 2 1-33,text,true,,231,168,138,138,http://stload.se.ifmo.ru:8080/?token=518472196&&user=-1356113187&config=2,3254,0,0
1776059507199,3255,HTTP Request 2,200,OK,config 2 1-50,text,true,,231,168,138,138,http://stload.se.ifmo.ru:8080/?token=518472196&&user=-1356113187&config=2,3255,0,0
1776059507199,3255,HTTP Request 2,200,OK,config 2 1-17,text,true,,231,168,138,138,http://stload.se.ifmo.ru:8080/?token=518472196&&user=-1356113187&config=2,3255,0,0
1776059507200,5856,HTTP Request 2,200,OK,config 2 1-16,text,true,,231,168,167,167,http://stload.se.ifmo.ru:8080/?token=518472196&&user=-1356113187&config=2,5856,0,0
1776059507200,6033,HTTP Request 2,200,OK,config 2 1-14,text,true,,231,168,169,169,http://stload.se.ifmo.ru:8080/?token=518472196&&user=-1356113187&config=2,6033,0,0
1776059507200,6033,HTTP Request 2,200,OK,config 2 1-49,text,true,,231,168,169,169,http://stload.se.ifmo.ru:8080/?token=518472196&&user=-1356113187&config=2,6033,0,0
1776059507200,6033,HTTP Request 2,200,OK,config 2 1-15,text,true,,231,168,169,169,http://stload.se.ifmo.ru:8080/?token=518472196&&user=-1356113187&config=2,6033,0,0
1776059507200,6033,HTTP Request 2,200,OK,config 2 1-34,text,true,,231,168,169,169,http://stload.se.ifmo.ru:8080/?token=518472196&&user=-1356113187&config=2,6033,0,0
1776059507200,6033,HTTP Request 2,200,OK,config 2 1-65,text,true,,231,168,169,169,http://stload.se.ifmo.ru:8080/?token=518472196&&user=-1356113187&config=2,6033,0,0
1776059507200,6033,HTTP Request 2,200,OK,config 2 1-64,text,true,,231,168,169,169,http://stload.se.ifmo.ru:8080/?token=518472196&&user=-1356113187&config=2,6033,0,0
1776059507200,6033,HTTP Request 2,200,OK,config 2 1-66,text,true,,231,168,169,169,http://stload.se.ifmo.ru:8080/?token=518472196&&user=-1356113187&config=2,6033,0,0
1776059507200,6033,HTTP Request 2,200,OK,config 2 1-48,text,true,,231,168,169,169,http://stload.se.ifmo.ru:8080/?token=518472196&&user=-1356113187&config=2,6033,0,0
1776059507201,6032,HTTP Request 2,200,OK,config 2 1-31,text,true,,231,168,169,169,http://stload.se.ifmo.ru:8080/?token=518472196&&user=-1356113187&config=2,6032,0,0
1776059507200,6034,HTTP Request 2,200,OK,config 2 1-80,text,true,,231,168,169,169,http://stload.se.ifmo.ru:8080/?token=518472196&&user=-1356113187&config=2,6034,0,0
1776059507201,6033,HTTP Request 2,200,OK,config 2 1-12,text,true,,231,168,169,169,http://stload.se.ifmo.ru:8080/?token=518472196&&user=-1356113187&config=2,6033,0,0
1776059507201,6033,HTTP Request 2,200,OK,config 2 1-82,text,true,,231,168,169,169,http://stload.se.ifmo.ru:8080/?token=518472196&&user=-1356113187&config=2,6033,0,0
1776059507201,6033,HTTP Request 2,200,OK,config 2 1-81,text,true,,231,168,169,169,http://stload.se.ifmo.ru:8080/?token=518472196&&user=-1356113187&config=2,6033,0,0
1776059507200,6033,HTTP Request 2,200,OK,config 2 1-13,text,true,,231,168,169,169,http://stload.se.ifmo.ru:8080/?token=518472196&&user=-1356113187&config=2,6033,0,0
1776059507201,6033,HTTP Request 2,200,OK,config 2 1-63,text,true,,231,168,169,169,http://stload.se.ifmo.ru:8080/?token=518472196&&user=-1356113187&config=2,6033,0,0
1776059507201,6033,HTTP Request 2,200,OK,config 2 1-79,text,true,,231,168,169,169,http://stload.se.ifmo.ru:8080/?token=518472196&&user=-1356113187&config=2,6033,0,0
1776059507201,6033,HTTP Request 2,200,OK,config 2 1-46,text,true,,231,168,169,169,http://stload.se.ifmo.ru:8080/?token=518472196&&user=-1356113187&config=2,6033,0,0
1776059507201,6034,HTTP Request 2,200,OK,config 2 1-62,text,true,,231,168,169,169,http://stload.se.ifmo.ru:8080/?token=518472196&&user=-1356113187&config=2,6034,0,0
1776059507272,5964,HTTP Request 2,200,OK,config 2 1-103,text,true,,231,168,169,169,http://stload.se.ifmo.ru:8080/?token=518472196&&user=-1356113187&config=2,5964,0,3
1776059507361,5875,HTTP Request 2,200,OK,config 2 1-104,text,true,,231,168,169,169,http://stload.se.ifmo.ru:8080/?token=518472196&&user=-1356113187&config=2,5875,0,4
1776059508350,4886,HTTP Request 2,200,OK,config 2 1-115,text,true,,231,168,169,169,http://stload.se.ifmo.ru:8080/?token=518472196&&user=-1356113187&config=2,4886,0,2
1776059508388,4848,HTTP Request 2,200,OK,config 2 1-85,text,true,,231,168,169,169,http://stload.se.ifmo.ru:8080/?token=518472196&&user=-1356113187&config=2,4848,0,0
1776059508388,4848,HTTP Request 2,200,OK,config 2 1-86,text,true,,231,168,169,169,http://stload.se.ifmo.ru:8080/?token=518472196&&user=-1356113187&config=2,4848,0,0
1776059508387,4849,HTTP Request 2,200,OK,config 2 1-35,text,true,,231,168,169,169,http://stload.se.ifmo.ru:8080/?token=518472196&&user=-1356113187&config=2,4849,0,0
1776059508388,4848,HTTP Request 2,200,OK,config 2 1-36,text,true,,231,168,169,169,http://stload.se.ifmo.ru:8080/?token=518472196&&user=-1356113187&config=2,4848,0,0
1776059508388,4848,HTTP Request 2,200,OK,config 2 1-52,text,true,,231,168,169,169,http://stload.se.ifmo.ru:8080/?token=518472196&&user=-1356113187&config=2,4848,0,0
1776059508388,4849,HTTP Request 2,200,OK,config 2 1-2,text,true,,231,168,169,169,http://stload.se.ifmo.ru:8080/?token=518472196&&user=-1356113187&config=2,4849,0,0
1776059508388,4849,HTTP Request 2,200,OK,config 2 1-69,text,true,,231,168,169,169,http://stload.se.ifmo.ru:8080/?token=518472196&&user=-1356113187&config=2,4849,0,0
1776059508388,4849,HTTP Request 2,200,OK,config 2 1-19,text,true,,231,168,169,169,http://stload.se.ifmo.ru:8080/?token=518472196&&user=-1356113187&config=2,4849,0,0
1776059508388,4850,HTTP Request 2,200,OK,config 2 1-3,text,true,,231,168,169,169,http://stload.se.ifmo.ru:8080/?token=518472196&&user=-1356113187&config=2,4850,0,0
1776059508389,4849,HTTP Request 2,200,OK,config 2 1-37,text,true,,231,168,169,169,http://stload.se.ifmo.ru:8080/?token=518472196&&user=-1356113187&config=2,4849,0,0
1776059508389,4849,HTTP Request 2,200,OK,config 2 1-87,text,true,,231,168,169,169,http://stload.se.ifmo.ru:8080/?token=518472196&&user=-1356113187&config=2,4849,0,0
1776059508388,4850,HTTP Request 2,200,OK,config 2 1-53,text,true,,231,168,169,169,http://stload.se.ifmo.ru:8080/?token=518472196&&user=-1356113187&config=2,4850,0,0
1776059508389,4849,HTTP Request 2,200,OK,config 2 1-21,text,true,,231,168,169,169,http://stload.se.ifmo.ru:8080/?token=518472196&&user=-1356113187&config=2,4849,0,0
1776059508389,4849,HTTP Request 2,200,OK,config 2 1-4,text,true,,231,168,169,169,http://stload.se.ifmo.ru:8080/?token=518472196&&user=-1356113187&config=2,4849,0,0
1776059508390,4848,HTTP Request 2,200,OK,config 2 1-70,text,true,,231,168,169,169,http://stload.se.ifmo.ru:8080/?token=518472196&&user=-1356113187&config=2,4848,0,0
1776059508390,4848,HTTP Request 2,200,OK,config 2 1-88,text,true,,231,168,169,169,http://stload.se.ifmo.ru:8080/?token=518472196&&user=-1356113187&config=2,4848,0,0
1776059508389,4849,HTTP Request 2,200,OK,config 2 1-38,text,true,,231,168,169,169,http://stload.se.ifmo.ru:8080/?token=518472196&&user=-1356113187&config=2,4849,0,0
1776059508390,4848,HTTP Request 2,200,OK,config 2 1-5,text,true,,231,168,169,169,http://stload.se.ifmo.ru:8080/?token=518472196&&user=-1356113187&config=2,4848,0,0
1776059508390,4849,HTTP Request 2,200,OK,config 2 1-22,text,true,,231,168,169,169,http://stload.se.ifmo.ru:8080/?token=518472196&&user=-1356113187&config=2,4849,0,0
1776059508390,4849,HTTP Request 2,200,OK,config 2 1-39,text,true,,231,168,169,169,http://stload.se.ifmo.ru:8080/?token=518472196&&user=-1356113187&config=2,4849,0,0
1776059508390,4849,HTTP Request 2,200,OK,config 2 1-72,text,true,,231,168,169,169,http://stload.se.ifmo.ru:8080/?token=518472196&&user=-1356113187&config=2,4849,0,0
1776059508390,4849,HTTP Request 2,200,OK,config 2 1-56,text,true,,231,168,169,169,http://stload.se.ifmo.ru:8080/?token=518472196&&user=-1356113187&config=2,4849,0,0
1776059508390,6628,HTTP Request 2,200,OK,config 2 1-71,text,true,,231,168,189,189,http://stload.se.ifmo.ru:8080/?token=518472196&&user=-1356113187&config=2,6628,0,0
1776059508390,6628,HTTP Request 2,200,OK,config 2 1-20,text,true,,231,168,189,189,http://stload.se.ifmo.ru:8080/?token=518472196&&user=-1356113187&config=2,6628,0,0
1776059508391,6627,HTTP Request 2,200,OK,config 2 1-89,text,true,,231,168,189,189,http://stload.se.ifmo.ru:8080/?token=518472196&&user=-1356113187&config=2,6627,0,0
1776059507541,8410,HTTP Request 2,200,OK,config 2 1-106,text,true,,231,168,199,199,http://stload.se.ifmo.ru:8080/?token=518472196&&user=-1356113187&config=2,8410,0,59
1776059507811,8140,HTTP Request 2,200,OK,config 2 1-109,text,true,,231,168,199,199,http://stload.se.ifmo.ru:8080/?token=518472196&&user=-1356113187&config=2,8140,0,77
1776059507721,8230,HTTP Request 2,200,OK,config 2 1-108,text,true,,231,168,199,199,http://stload.se.ifmo.ru:8080/?token=518472196&&user=-1356113187&config=2,8230,0,66
1776059507630,8321,HTTP Request 2,200,OK,config 2 1-107,text,true,,231,168,199,199,http://stload.se.ifmo.ru:8080/?token=518472196&&user=-1356113187&config=2,8321,0,64
1776059507451,8500,HTTP Request 2,200,OK,config 2 1-105,text,true,,231,168,199,199,http://stload.se.ifmo.ru:8080/?token=518472196&&user=-1356113187&config=2,8500,0,3
1776059508261,7695,HTTP Request 2,200,OK,config 2 1-114,text,true,,231,168,199,199,http://stload.se.ifmo.ru:8080/?token=518472196&&user=-1356113187&config=2,7695,0,4
1776059507900,8056,HTTP Request 2,200,OK,config 2 1-110,text,true,,231,168,199,199,http://stload.se.ifmo.ru:8080/?token=518472196&&user=-1356113187&config=2,8056,0,79
1776059508080,7876,HTTP Request 2,200,OK,config 2 1-112,text,true,,231,168,199,199,http://stload.se.ifmo.ru:8080/?token=518472196&&user=-1356113187&config=2,7876,0,83
1776059508170,7786,HTTP Request 2,200,OK,config 2 1-113,text,true,,231,168,199,199,http://stload.se.ifmo.ru:8080/?token=518472196&&user=-1356113187&config=2,7786,0,94
1776059507991,7965,HTTP Request 2,200,OK,config 2 1-111,text,true,,231,168,199,199,http://stload.se.ifmo.ru:8080/?token=518472196&&user=-1356113187&config=2,7965,0,76
1776059508391,8124,HTTP Request 2,200,OK,config 2 1-73,text,true,,231,168,205,205,http://stload.se.ifmo.ru:8080/?token=518472196&&user=-1356113187&config=2,8124,0,0
1776059508391,8124,HTTP Request 2,200,OK,config 2 1-24,text,true,,231,168,205,205,http://stload.se.ifmo.ru:8080/?token=518472196&&user=-1356113187&config=2,8124,0,0
1776059508391,8124,HTTP Request 2,200,OK,config 2 1-54,text,true,,231,168,205,205,http://stload.se.ifmo.ru:8080/?token=518472196&&user=-1356113187&config=2,8124,0,0
1776059508391,8124,HTTP Request 2,200,OK,config 2 1-23,text,true,,231,168,205,205,http://stload.se.ifmo.ru:8080/?token=518472196&&user=-1356113187&config=2,8124,0,0
1776059508391,8125,HTTP Request 2,200,OK,config 2 1-55,text,true,,231,168,205,205,http://stload.se.ifmo.ru:8080/?token=518472196&&user=-1356113187&config=2,8125,0,0
1776059508391,8125,HTTP Request 2,200,OK,config 2 1-90,text,true,,231,168,205,205,http://stload.se.ifmo.ru:8080/?token=518472196&&user=-1356113187&config=2,8125,0,0
1776059510398,6118,HTTP Request 2,200,OK,config 2 1-91,text,true,,231,168,205,205,http://stload.se.ifmo.ru:8080/?token=518472196&&user=-1356113187&config=2,6118,0,0
1776059510399,6117,HTTP Request 2,200,OK,config 2 1-43,text,true,,231,168,205,205,http://stload.se.ifmo.ru:8080/?token=518472196&&user=-1356113187&config=2,6117,0,0
1776059510398,6118,HTTP Request 2,200,OK,config 2 1-25,text,true,,231,168,205,205,http://stload.se.ifmo.ru:8080/?token=518472196&&user=-1356113187&config=2,6118,0,0
1776059510400,6116,HTTP Request 2,200,OK,config 2 1-93,text,true,,231,168,205,205,http://stload.se.ifmo.ru:8080/?token=518472196&&user=-1356113187&config=2,6116,0,0
1776059510398,6119,HTTP Request 2,200,OK,config 2 1-57,text,true,,231,168,205,205,http://stload.se.ifmo.ru:8080/?token=518472196&&user=-1356113187&config=2,6118,0,0
1776059510398,6118,HTTP Request 2,200,OK,config 2 1-7,text,true,,231,168,205,205,http://stload.se.ifmo.ru:8080/?token=518472196&&user=-1356113187&config=2,6118,0,0
1776059510398,6119,HTTP Request 2,200,OK,config 2 1-42,text,true,,231,168,205,205,http://stload.se.ifmo.ru:8080/?token=518472196&&user=-1356113187&config=2,6119,0,0
1776059510399,6118,HTTP Request 2,200,OK,config 2 1-59,text,true,,231,168,205,205,http://stload.se.ifmo.ru:8080/?token=518472196&&user=-1356113187&config=2,6118,0,0
1776059510400,6116,HTTP Request 2,200,OK,config 2 1-10,text,true,,231,168,205,205,http://stload.se.ifmo.ru:8080/?token=518472196&&user=-1356113187&config=2,6116,0,0
1776059510400,6117,HTTP Request 2,200,OK,config 2 1-77,text,true,,231,168,205,205,http://stload.se.ifmo.ru:8080/?token=518472196&&user=-1356113187&config=2,6117,0,0
1776059510398,6119,HTTP Request 2,200,OK,config 2 1-8,text,true,,231,168,205,205,http://stload.se.ifmo.ru:8080/?token=518472196&&user=-1356113187&config=2,6119,0,0
1776059510400,6118,HTTP Request 2,200,OK,config 2 1-27,text,true,,231,168,205,205,http://stload.se.ifmo.ru:8080/?token=518472196&&user=-1356113187&config=2,6118,0,0
1776059510401,6117,HTTP Request 2,200,OK,config 2 1-94,text,true,,231,168,205,205,http://stload.se.ifmo.ru:8080/?token=518472196&&user=-1356113187&config=2,6117,0,0
1776059510399,6409,HTTP Request 2,200,OK,config 2 1-76,text,true,,231,168,208,208,http://stload.se.ifmo.ru:8080/?token=518472196&&user=-1356113187&config=2,6409,0,0
1776059510399,6409,HTTP Request 2,200,OK,config 2 1-26,text,true,,231,168,208,208,http://stload.se.ifmo.ru:8080/?token=518472196&&user=-1356113187&config=2,6409,0,0
1776059510400,6408,HTTP Request 2,200,OK,config 2 1-61,text,true,,231,168,208,208,http://stload.se.ifmo.ru:8080/?token=518472196&&user=-1356113187&config=2,6408,0,0
1776059510398,6410,HTTP Request 2,200,OK,config 2 1-75,text,true,,231,168,208,208,http://stload.se.ifmo.ru:8080/?token=518472196&&user=-1356113187&config=2,6410,0,0
1776059510400,6410,HTTP Request 2,200,OK,config 2 1-92,text,true,,231,168,209,209,http://stload.se.ifmo.ru:8080/?token=518472196&&user=-1356113187&config=2,6410,0,0
1776059510400,6410,HTTP Request 2,200,OK,config 2 1-44,text,true,,231,168,209,209,http://stload.se.ifmo.ru:8080/?token=518472196&&user=-1356113187&config=2,6410,0,0
1776059510400,6410,HTTP Request 2,200,OK,config 2 1-60,text,true,,231,168,209,209,http://stload.se.ifmo.ru:8080/?token=518472196&&user=-1356113187&config=2,6410,0,0
1776059510399,6411,HTTP Request 2,200,OK,config 2 1-41,text,true,,231,168,209,209,http://stload.se.ifmo.ru:8080/?token=518472196&&user=-1356113187&config=2,6411,0,0
1776059510399,6411,HTTP Request 2,200,OK,config 2 1-9,text,true,,231,168,209,209,http://stload.se.ifmo.ru:8080/?token=518472196&&user=-1356113187&config=2,6411,0,0
1776059510400,6410,HTTP Request 2,200,OK,config 2 1-58,text,true,,231,168,209,209,http://stload.se.ifmo.ru:8080/?token=518472196&&user=-1356113187&config=2,6410,0,0
1776059510401,6409,HTTP Request 2,200,OK,config 2 1-98,text,true,,231,168,209,209,http://stload.se.ifmo.ru:8080/?token=518472196&&user=-1356113187&config=2,6409,0,0
1776059510401,6409,HTTP Request 2,200,OK,config 2 1-96,text,true,,231,168,209,209,http://stload.se.ifmo.ru:8080/?token=518472196&&user=-1356113187&config=2,6409,0,0
1776059510402,6408,HTTP Request 2,200,OK,config 2 1-100,text,true,,231,168,209,209,http://stload.se.ifmo.ru:8080/?token=518472196&&user=-1356113187&config=2,6408,0,0
1776059510401,6410,HTTP Request 2,200,OK,config 2 1-95,text,true,,231,168,209,209,http://stload.se.ifmo.ru:8080/?token=518472196&&user=-1356113187&config=2,6410,0,0
1776059510403,6416,HTTP Request 2,200,OK,config 2 1-84,text,true,,231,168,209,209,http://stload.se.ifmo.ru:8080/?token=518472196&&user=-1356113187&config=2,6416,0,0
1776059510403,6416,HTTP Request 2,200,OK,config 2 1-1,text,true,,231,168,209,209,http://stload.se.ifmo.ru:8080/?token=518472196&&user=-1356113187&config=2,6416,0,0
1776059510403,6416,HTTP Request 2,200,OK,config 2 1-18,text,true,,231,168,209,209,http://stload.se.ifmo.ru:8080/?token=518472196&&user=-1356113187&config=2,6416,0,0
1776059510402,6417,HTTP Request 2,200,OK,config 2 1-29,text,true,,231,168,209,209,http://stload.se.ifmo.ru:8080/?token=518472196&&user=-1356113187&config=2,6417,0,0
1776059510402,6417,HTTP Request 2,200,OK,config 2 1-45,text,true,,231,168,209,209,http://stload.se.ifmo.ru:8080/?token=518472196&&user=-1356113187&config=2,6417,0,0
1776059510403,6416,HTTP Request 2,200,OK,config 2 1-78,text,true,,231,168,209,209,http://stload.se.ifmo.ru:8080/?token=518472196&&user=-1356113187&config=2,6416,0,0
1776059510402,6417,HTTP Request 2,200,OK,config 2 1-101,text,true,,231,168,209,209,http://stload.se.ifmo.ru:8080/?token=518472196&&user=-1356113187&config=2,6417,0,0
1776059510401,6418,HTTP Request 2,200,OK,config 2 1-11,text,true,,231,168,209,209,http://stload.se.ifmo.ru:8080/?token=518472196&&user=-1356113187&config=2,6418,0,0
1776059511951,5099,HTTP Request 2,500,Internal Server Error,config 2 1-155,text,false,,233,168,211,211,http://stload.se.ifmo.ru:8080/?token=518472196&&user=-1356113187&config=2,5098,0,4
1776059511321,5727,HTTP Request 2,500,Internal Server Error,config 2 1-148,text,false,,233,168,211,211,http://stload.se.ifmo.ru:8080/?token=518472196&&user=-1356113187&config=2,5727,0,56
1776059512671,4379,HTTP Request 2,500,Internal Server Error,config 2 1-163,text,false,,233,168,211,211,http://stload.se.ifmo.ru:8080/?token=518472196&&user=-1356113187&config=2,4379,0,54
1776059512760,4290,HTTP Request 2,500,Internal Server Error,config 2 1-164,text,false,,233,168,211,211,http://stload.se.ifmo.ru:8080/?token=518472196&&user=-1356113187&config=2,4290,0,57
1776059511680,5369,HTTP Request 2,500,Internal Server Error,config 2 1-152,text,false,,233,168,211,211,http://stload.se.ifmo.ru:8080/?token=518472196&&user=-1356113187&config=2,5368,0,67
1776059512041,5008,HTTP Request 2,500,Internal Server Error,config 2 1-156,text,false,,233,168,211,211,http://stload.se.ifmo.ru:8080/?token=518472196&&user=-1356113187&config=2,5008,0,3
1776059512310,4739,HTTP Request 2,500,Internal Server Error,config 2 1-159,text,false,,233,168,211,211,http://stload.se.ifmo.ru:8080/?token=518472196&&user=-1356113187&config=2,4739,0,5
1776059512222,4827,HTTP Request 2,500,Internal Server Error,config 2 1-158,text,false,,233,168,211,211,http://stload.se.ifmo.ru:8080/?token=518472196&&user=-1356113187&config=2,4827,0,4
1776059512401,4648,HTTP Request 2,500,Internal Server Error,config 2 1-160,text,false,,233,168,211,211,http://stload.se.ifmo.ru:8080/?token=518472196&&user=-1356113187&config=2,4648,0,4
1776059511590,5459,HTTP Request 2,500,Internal Server Error,config 2 1-151,text,false,,233,168,211,211,http://stload.se.ifmo.ru:8080/?token=518472196&&user=-1356113187&config=2,5458,0,54
1776059511230,5819,HTTP Request 2,500,Internal Server Error,config 2 1-147,text,false,,233,168,211,211,http://stload.se.ifmo.ru:8080/?token=518472196&&user=-1356113187&config=2,5817,0,48
1776059511503,5545,HTTP Request 2,500,Internal Server Error,config 2 1-150,text,false,,233,168,211,211,http://stload.se.ifmo.ru:8080/?token=518472196&&user=-1356113187&config=2,5544,0,50
1776059511412,5636,HTTP Request 2,500,Internal Server Error,config 2 1-149,text,false,,233,168,211,211,http://stload.se.ifmo.ru:8080/?token=518472196&&user=-1356113187&config=2,5636,0,55
1776059512851,4201,HTTP Request 2,500,Internal Server Error,config 2 1-165,text,false,,233,168,211,211,http://stload.se.ifmo.ru:8080/?token=518472196&&user=-1356113187&config=2,4201,0,76
1776059511862,5186,HTTP Request 2,500,Internal Server Error,config 2 1-154,text,false,,233,168,211,211,http://stload.se.ifmo.ru:8080/?token=518472196&&user=-1356113187&config=2,5186,0,26
1776059511772,5276,HTTP Request 2,500,Internal Server Error,config 2 1-153,text,false,,233,168,211,211,http://stload.se.ifmo.ru:8080/?token=518472196&&user=-1356113187&config=2,5276,0,69
1776059510872,6176,HTTP Request 2,500,Internal Server Error,config 2 1-143,text,false,,233,168,211,211,http://stload.se.ifmo.ru:8080/?token=518472196&&user=-1356113187&config=2,6175,0,7
1776059510961,6087,HTTP Request 2,500,Internal Server Error,config 2 1-144,text,false,,233,168,211,211,http://stload.se.ifmo.ru:8080/?token=518472196&&user=-1356113187&config=2,6086,0,4
1776059512131,4919,HTTP Request 2,500,Internal Server Error,config 2 1-157,text,false,,233,168,211,211,http://stload.se.ifmo.ru:8080/?token=518472196&&user=-1356113187&config=2,4919,0,4
1776059510782,6266,HTTP Request 2,500,Internal Server Error,config 2 1-142,text,false,,233,168,211,211,http://stload.se.ifmo.ru:8080/?token=518472196&&user=-1356113187&config=2,6265,0,5
1776059512492,4557,HTTP Request 2,500,Internal Server Error,config 2 1-161,text,false,,233,168,211,211,http://stload.se.ifmo.ru:8080/?token=518472196&&user=-1356113187&config=2,4557,0,5
1776059512582,4467,HTTP Request 2,500,Internal Server Error,config 2 1-162,text,false,,233,168,211,211,http://stload.se.ifmo.ru:8080/?token=518472196&&user=-1356113187&config=2,4467,0,53
1776059511140,5908,HTTP Request 2,500,Internal Server Error,config 2 1-146,text,false,,233,168,211,211,http://stload.se.ifmo.ru:8080/?token=518472196&&user=-1356113187&config=2,5907,0,3
1776059511051,5997,HTTP Request 2,500,Internal Server Error,config 2 1-145,text,false,,233,168,211,211,http://stload.se.ifmo.ru:8080/?token=518472196&&user=-1356113187&config=2,5996,0,3
1776059508393,10111,HTTP Request 2,200,OK,config 2 1-74,text,true,,231,168,227,227,http://stload.se.ifmo.ru:8080/?token=518472196&&user=-1356113187&config=2,10110,0,0
1776059508531,9973,HTTP Request 2,200,OK,config 2 1-117,text,true,,231,168,227,227,http://stload.se.ifmo.ru:8080/?token=518472196&&user=-1356113187&config=2,9972,0,5
1776059508440,10064,HTTP Request 2,200,OK,config 2 1-116,text,true,,231,168,227,227,http://stload.se.ifmo.ru:8080/?token=518472196&&user=-1356113187&config=2,10063,0,4
1776059508892,9612,HTTP Request 2,200,OK,config 2 1-121,text,true,,231,168,227,227,http://stload.se.ifmo.ru:8080/?token=518472196&&user=-1356113187&config=2,9611,0,4
1776059508391,10113,HTTP Request 2,200,OK,config 2 1-40,text,true,,231,168,227,227,http://stload.se.ifmo.ru:8080/?token=518472196&&user=-1356113187&config=2,10112,0,0
1776059508622,9882,HTTP Request 2,200,OK,config 2 1-118,text,true,,231,168,227,227,http://stload.se.ifmo.ru:8080/?token=518472196&&user=-1356113187&config=2,9881,0,4
1776059508980,9524,HTTP Request 2,200,OK,config 2 1-122,text,true,,231,168,227,227,http://stload.se.ifmo.ru:8080/?token=518472196&&user=-1356113187&config=2,9524,0,5
1776059509162,9342,HTTP Request 2,200,OK,config 2 1-124,text,true,,231,168,227,227,http://stload.se.ifmo.ru:8080/?token=518472196&&user=-1356113187&config=2,9342,0,4
1776059509250,9254,HTTP Request 2,200,OK,config 2 1-125,text,true,,231,168,227,227,http://stload.se.ifmo.ru:8080/?token=518472196&&user=-1356113187&config=2,9254,0,5
1776059509072,9432,HTTP Request 2,200,OK,config 2 1-123,text,true,,231,168,227,227,http://stload.se.ifmo.ru:8080/?token=518472196&&user=-1356113187&config=2,9432,0,5
1776059509342,9163,HTTP Request 2,200,OK,config 2 1-126,text,true,,231,168,227,227,http://stload.se.ifmo.ru:8080/?token=518472196&&user=-1356113187&config=2,9162,0,4
1776059508391,10113,HTTP Request 2,200,OK,config 2 1-6,text,true,,231,168,227,227,http://stload.se.ifmo.ru:8080/?token=518472196&&user=-1356113187&config=2,10112,0,0
1776059508802,9702,HTTP Request 2,200,OK,config 2 1-120,text,true,,231,168,227,227,http://stload.se.ifmo.ru:8080/?token=518472196&&user=-1356113187&config=2,9701,0,4
1776059508711,9793,HTTP Request 2,200,OK,config 2 1-119,text,true,,231,168,227,227,http://stload.se.ifmo.ru:8080/?token=518472196&&user=-1356113187&config=2,9792,0,7
1776059509522,8983,HTTP Request 2,200,OK,config 2 1-128,text,true,,231,168,227,227,http://stload.se.ifmo.ru:8080/?token=518472196&&user=-1356113187&config=2,8983,0,80
1776059509432,9073,HTTP Request 2,200,OK,config 2 1-127,text,true,,231,168,227,227,http://stload.se.ifmo.ru:8080/?token=518472196&&user=-1356113187&config=2,9073,0,10
1776059509700,8805,HTTP Request 2,200,OK,config 2 1-130,text,true,,231,168,227,227,http://stload.se.ifmo.ru:8080/?token=518472196&&user=-1356113187&config=2,8805,0,7
1776059509612,8893,HTTP Request 2,200,OK,config 2 1-129,text,true,,231,168,227,227,http://stload.se.ifmo.ru:8080/?token=518472196&&user=-1356113187&config=2,8893,0,89
1776059509972,8536,HTTP Request 2,200,OK,config 2 1-133,text,true,,231,168,227,227,http://stload.se.ifmo.ru:8080/?token=518472196&&user=-1356113187&config=2,8536,0,5
1776059509791,8717,HTTP Request 2,200,OK,config 2 1-131,text,true,,231,168,227,227,http://stload.se.ifmo.ru:8080/?token=518472196&&user=-1356113187&config=2,8717,0,8
1776059509882,8626,HTTP Request 2,200,OK,config 2 1-132,text,true,,231,168,227,227,http://stload.se.ifmo.ru:8080/?token=518472196&&user=-1356113187&config=2,8626,0,4
1776059510061,8447,HTTP Request 2,200,OK,config 2 1-134,text,true,,231,168,227,227,http://stload.se.ifmo.ru:8080/?token=518472196&&user=-1356113187&config=2,8447,0,4
1776059510331,8235,HTTP Request 2,200,OK,config 2 1-137,text,true,,231,168,228,228,http://stload.se.ifmo.ru:8080/?token=518472196&&user=-1356113187&config=2,8235,0,3
1776059510240,8326,HTTP Request 2,200,OK,config 2 1-136,text,true,,231,168,228,228,http://stload.se.ifmo.ru:8080/?token=518472196&&user=-1356113187&config=2,8326,0,5
1776059510150,8416,HTTP Request 2,200,OK,config 2 1-135,text,true,,231,168,228,228,http://stload.se.ifmo.ru:8080/?token=518472196&&user=-1356113187&config=2,8416,0,9
1776059510404,9413,HTTP Request 2,200,OK,config 2 1-102,text,true,,231,168,242,242,http://stload.se.ifmo.ru:8080/?token=518472196&&user=-1356113187&config=2,9413,0,0
1776059510404,9413,HTTP Request 2,200,OK,config 2 1-68,text,true,,231,168,242,242,http://stload.se.ifmo.ru:8080/?token=518472196&&user=-1356113187&config=2,9413,0,0
1776059510403,9414,HTTP Request 2,200,OK,config 2 1-47,text,true,,231,168,242,242,http://stload.se.ifmo.ru:8080/?token=518472196&&user=-1356113187&config=2,9414,0,0
1776059510403,9414,HTTP Request 2,200,OK,config 2 1-28,text,true,,231,168,242,242,http://stload.se.ifmo.ru:8080/?token=518472196&&user=-1356113187&config=2,9414,0,0
1776059510402,9416,HTTP Request 2,200,OK,config 2 1-99,text,true,,231,168,242,242,http://stload.se.ifmo.ru:8080/?token=518472196&&user=-1356113187&config=2,9416,0,0
1776059510420,9398,HTTP Request 2,200,OK,config 2 1-30,text,true,,231,168,242,242,http://stload.se.ifmo.ru:8080/?token=518472196&&user=-1356113187&config=2,9398,0,0
1776059510404,9414,HTTP Request 2,200,OK,config 2 1-32,text,true,,231,168,242,242,http://stload.se.ifmo.ru:8080/?token=518472196&&user=-1356113187&config=2,9414,0,0
1776059510401,9417,HTTP Request 2,200,OK,config 2 1-97,text,true,,231,168,242,242,http://stload.se.ifmo.ru:8080/?token=518472196&&user=-1356113187&config=2,9417,0,0
1776059510421,9418,HTTP Request 2,200,OK,config 2 1-138,text,true,,231,168,242,242,http://stload.se.ifmo.ru:8080/?token=518472196&&user=-1356113187&config=2,9418,0,31
1776059510454,9385,HTTP Request 2,200,OK,config 2 1-51,text,true,,231,168,242,242,http://stload.se.ifmo.ru:8080/?token=518472196&&user=-1356113187&config=2,9385,0,0
1776059510454,9385,HTTP Request 2,200,OK,config 2 1-83,text,true,,231,168,242,242,http://stload.se.ifmo.ru:8080/?token=518472196&&user=-1356113187&config=2,9385,0,0
1776059510454,9385,HTTP Request 2,200,OK,config 2 1-50,text,true,,231,168,242,242,http://stload.se.ifmo.ru:8080/?token=518472196&&user=-1356113187&config=2,9385,0,0
1776059510454,9385,HTTP Request 2,200,OK,config 2 1-33,text,true,,231,168,242,242,http://stload.se.ifmo.ru:8080/?token=518472196&&user=-1356113187&config=2,9385,0,0
1776059510454,9385,HTTP Request 2,200,OK,config 2 1-67,text,true,,231,168,242,242,http://stload.se.ifmo.ru:8080/?token=518472196&&user=-1356113187&config=2,9385,0,0
1776059510454,9385,HTTP Request 2,200,OK,config 2 1-17,text,true,,231,168,242,242,http://stload.se.ifmo.ru:8080/?token=518472196&&user=-1356113187&config=2,9385,0,0
1776059510511,9329,HTTP Request 2,200,OK,config 2 1-139,text,true,,231,168,242,242,http://stload.se.ifmo.ru:8080/?token=518472196&&user=-1356113187&config=2,9329,0,8
1776059510691,9149,HTTP Request 2,200,OK,config 2 1-141,text,true,,231,168,242,242,http://stload.se.ifmo.ru:8080/?token=518472196&&user=-1356113187&config=2,9149,0,4
1776059510601,9239,HTTP Request 2,200,OK,config 2 1-140,text,true,,231,168,242,242,http://stload.se.ifmo.ru:8080/?token=518472196&&user=-1356113187&config=2,9239,0,4
1776059513232,6686,HTTP Request 2,200,OK,config 2 1-34,text,true,,231,168,243,243,http://stload.se.ifmo.ru:8080/?token=518472196&&user=-1356113187&config=2,6685,0,0
1776059513233,6685,HTTP Request 2,200,OK,config 2 1-64,text,true,,231,168,243,243,http://stload.se.ifmo.ru:8080/?token=518472196&&user=-1356113187&config=2,6684,0,0
1776059513057,6862,HTTP Request 2,200,OK,config 2 1-16,text,true,,231,168,243,243,http://stload.se.ifmo.ru:8080/?token=518472196&&user=-1356113187&config=2,6861,0,0
1776059513233,6685,HTTP Request 2,200,OK,config 2 1-65,text,true,,231,168,243,243,http://stload.se.ifmo.ru:8080/?token=518472196&&user=-1356113187&config=2,6684,0,0
1776059513233,6685,HTTP Request 2,200,OK,config 2 1-81,text,true,,231,168,243,243,http://stload.se.ifmo.ru:8080/?token=518472196&&user=-1356113187&config=2,6685,0,0
1776059513234,6684,HTTP Request 2,200,OK,config 2 1-46,text,true,,231,168,243,243,http://stload.se.ifmo.ru:8080/?token=518472196&&user=-1356113187&config=2,6684,0,0
1776059513234,6684,HTTP Request 2,200,OK,config 2 1-63,text,true,,231,168,243,243,http://stload.se.ifmo.ru:8080/?token=518472196&&user=-1356113187&config=2,6684,0,0
1776059513233,6685,HTTP Request 2,200,OK,config 2 1-13,text,true,,231,168,243,243,http://stload.se.ifmo.ru:8080/?token=518472196&&user=-1356113187&config=2,6685,0,0
1776059513234,6684,HTTP Request 2,200,OK,config 2 1-80,text,true,,231,168,243,243,http://stload.se.ifmo.ru:8080/?token=518472196&&user=-1356113187&config=2,6684,0,0
1776059513234,6684,HTTP Request 2,200,OK,config 2 1-82,text,true,,231,168,243,243,http://stload.se.ifmo.ru:8080/?token=518472196&&user=-1356113187&config=2,6684,0,0
1776059513233,6685,HTTP Request 2,200,OK,config 2 1-48,text,true,,231,168,243,243,http://stload.se.ifmo.ru:8080/?token=518472196&&user=-1356113187&config=2,6685,0,0
1776059513232,6686,HTTP Request 2,200,OK,config 2 1-15,text,true,,231,168,243,243,http://stload.se.ifmo.ru:8080/?token=518472196&&user=-1356113187&config=2,6685,0,0
1776059513236,6682,HTTP Request 2,200,OK,config 2 1-52,text,true,,231,168,243,243,http://stload.se.ifmo.ru:8080/?token=518472196&&user=-1356113187&config=2,6682,0,0
1776059513121,6799,HTTP Request 2,200,OK,config 2 1-168,text,true,,231,168,243,243,http://stload.se.ifmo.ru:8080/?token=518472196&&user=-1356113187&config=2,6797,0,45
1776059513233,6686,HTTP Request 2,200,OK,config 2 1-66,text,true,,231,168,243,243,http://stload.se.ifmo.ru:8080/?token=518472196&&user=-1356113187&config=2,6685,0,0
1776059513032,6888,HTTP Request 2,200,OK,config 2 1-167,text,true,,231,168,243,243,http://stload.se.ifmo.ru:8080/?token=518472196&&user=-1356113187&config=2,6886,0,28
1776059512941,6979,HTTP Request 2,200,OK,config 2 1-166,text,true,,231,168,243,243,http://stload.se.ifmo.ru:8080/?token=518472196&&user=-1356113187&config=2,6977,0,92
1776059513232,6687,HTTP Request 2,200,OK,config 2 1-49,text,true,,231,168,243,243,http://stload.se.ifmo.ru:8080/?token=518472196&&user=-1356113187&config=2,6685,0,0
1776059513235,6684,HTTP Request 2,200,OK,config 2 1-86,text,true,,231,168,243,243,http://stload.se.ifmo.ru:8080/?token=518472196&&user=-1356113187&config=2,6684,0,0
1776059513234,6685,HTTP Request 2,200,OK,config 2 1-31,text,true,,231,168,243,243,http://stload.se.ifmo.ru:8080/?token=518472196&&user=-1356113187&config=2,6685,0,0
1776059513234,6685,HTTP Request 2,200,OK,config 2 1-79,text,true,,231,168,243,243,http://stload.se.ifmo.ru:8080/?token=518472196&&user=-1356113187&config=2,6685,0,0
1776059513235,6684,HTTP Request 2,200,OK,config 2 1-85,text,true,,231,168,243,243,http://stload.se.ifmo.ru:8080/?token=518472196&&user=-1356113187&config=2,6684,0,0
1776059513236,6683,HTTP Request 2,200,OK,config 2 1-36,text,true,,231,168,243,243,http://stload.se.ifmo.ru:8080/?token=518472196&&user=-1356113187&config=2,6683,0,0
1776059513235,6684,HTTP Request 2,200,OK,config 2 1-35,text,true,,231,168,243,243,http://stload.se.ifmo.ru:8080/?token=518472196&&user=-1356113187&config=2,6684,0,0
1776059513234,6685,HTTP Request 2,200,OK,config 2 1-12,text,true,,231,168,243,243,http://stload.se.ifmo.ru:8080/?token=518472196&&user=-1356113187&config=2,6685,0,0
1776059513235,6685,HTTP Request 2,200,OK,config 2 1-62,text,true,,231,168,243,243,http://stload.se.ifmo.ru:8080/?token=518472196&&user=-1356113187&config=2,6685,0,0
1776059513210,6710,HTTP Request 2,200,OK,config 2 1-169,text,true,,231,168,243,243,http://stload.se.ifmo.ru:8080/?token=518472196&&user=-1356113187&config=2,6710,0,25
1776059513235,6685,HTTP Request 2,200,OK,config 2 1-104,text,true,,231,168,243,243,http://stload.se.ifmo.ru:8080/?token=518472196&&user=-1356113187&config=2,6685,0,0
1776059513236,6684,HTTP Request 2,200,OK,config 2 1-2,text,true,,231,168,243,243,http://stload.se.ifmo.ru:8080/?token=518472196&&user=-1356113187&config=2,6684,0,0
1776059513237,6683,HTTP Request 2,200,OK,config 2 1-69,text,true,,231,168,243,243,http://stload.se.ifmo.ru:8080/?token=518472196&&user=-1356113187&config=2,6683,0,0
1776059513237,6683,HTTP Request 2,200,OK,config 2 1-19,text,true,,231,168,243,243,http://stload.se.ifmo.ru:8080/?token=518472196&&user=-1356113187&config=2,6683,0,0
1776059513235,6685,HTTP Request 2,200,OK,config 2 1-103,text,true,,231,168,243,243,http://stload.se.ifmo.ru:8080/?token=518472196&&user=-1356113187&config=2,6685,0,0
1776059513232,6686,HTTP Request 2,200,OK,config 2 1-14,text,true,,231,168,243,243,http://stload.se.ifmo.ru:8080/?token=518472196&&user=-1356113187&config=2,6685,0,0
1776059513235,6686,HTTP Request 2,200,OK,config 2 1-115,text,true,,231,168,243,243,http://stload.se.ifmo.ru:8080/?token=518472196&&user=-1356113187&config=2,6686,0,0
1776059513237,7570,HTTP Request 2,200,OK,config 2 1-3,text,true,,231,168,253,253,http://stload.se.ifmo.ru:8080/?token=518472196&&user=-1356113187&config=2,7570,0,0
1776059513237,7570,HTTP Request 2,200,OK,config 2 1-37,text,true,,231,168,253,253,http://stload.se.ifmo.ru:8080/?token=518472196&&user=-1356113187&config=2,7570,0,0
1776059513237,7570,HTTP Request 2,200,OK,config 2 1-4,text,true,,231,168,253,253,http://stload.se.ifmo.ru:8080/?token=518472196&&user=-1356113187&config=2,7570,0,0
1776059513237,7570,HTTP Request 2,200,OK,config 2 1-87,text,true,,231,168,253,253,http://stload.se.ifmo.ru:8080/?token=518472196&&user=-1356113187&config=2,7570,0,0
1776059513237,7570,HTTP Request 2,200,OK,config 2 1-53,text,true,,231,168,253,253,http://stload.se.ifmo.ru:8080/?token=518472196&&user=-1356113187&config=2,7570,0,0
1776059513237,7571,HTTP Request 2,200,OK,config 2 1-21,text,true,,231,168,253,253,http://stload.se.ifmo.ru:8080/?token=518472196&&user=-1356113187&config=2,7570,0,0
1776059513238,7570,HTTP Request 2,200,OK,config 2 1-88,text,true,,231,168,253,253,http://stload.se.ifmo.ru:8080/?token=518472196&&user=-1356113187&config=2,7570,0,0
1776059513238,7570,HTTP Request 2,200,OK,config 2 1-38,text,true,,231,168,253,253,http://stload.se.ifmo.ru:8080/?token=518472196&&user=-1356113187&config=2,7570,0,0
1776059513237,7571,HTTP Request 2,200,OK,config 2 1-70,text,true,,231,168,253,253,http://stload.se.ifmo.ru:8080/?token=518472196&&user=-1356113187&config=2,7571,0,0
1776059513238,7570,HTTP Request 2,200,OK,config 2 1-5,text,true,,231,168,253,253,http://stload.se.ifmo.ru:8080/?token=518472196&&user=-1356113187&config=2,7570,0,0
1776059513238,7571,HTTP Request 2,200,OK,config 2 1-22,text,true,,231,168,253,253,http://stload.se.ifmo.ru:8080/?token=518472196&&user=-1356113187&config=2,7571,0,0
1776059513238,7571,HTTP Request 2,200,OK,config 2 1-56,text,true,,231,168,253,253,http://stload.se.ifmo.ru:8080/?token=518472196&&user=-1356113187&config=2,7571,0,0
1776059513300,7509,HTTP Request 2,200,OK,config 2 1-170,text,true,,231,168,253,253,http://stload.se.ifmo.ru:8080/?token=518472196&&user=-1356113187&config=2,7509,0,4
1776059513390,7419,HTTP Request 2,200,OK,config 2 1-171,text,true,,231,168,253,253,http://stload.se.ifmo.ru:8080/?token=518472196&&user=-1356113187&config=2,7419,0,4
1776059513238,7571,HTTP Request 2,200,OK,config 2 1-39,text,true,,231,168,253,253,http://stload.se.ifmo.ru:8080/?token=518472196&&user=-1356113187&config=2,7571,0,0
1776059513238,7571,HTTP Request 2,200,OK,config 2 1-72,text,true,,231,168,253,253,http://stload.se.ifmo.ru:8080/?token=518472196&&user=-1356113187&config=2,7571,0,0
1776059513660,7149,HTTP Request 2,200,OK,config 2 1-174,text,true,,231,168,253,253,http://stload.se.ifmo.ru:8080/?token=518472196&&user=-1356113187&config=2,7149,0,5
1776059513479,7330,HTTP Request 2,200,OK,config 2 1-172,text,true,,231,168,253,253,http://stload.se.ifmo.ru:8080/?token=518472196&&user=-1356113187&config=2,7330,0,7
1776059513569,7241,HTTP Request 2,200,OK,config 2 1-173,text,true,,231,168,253,253,http://stload.se.ifmo.ru:8080/?token=518472196&&user=-1356113187&config=2,7241,0,11
1776059513750,7061,HTTP Request 2,200,OK,config 2 1-175,text,true,,231,168,253,253,http://stload.se.ifmo.ru:8080/?token=518472196&&user=-1356113187&config=2,7061,0,10
1776059516449,7655,HTTP Request 2,200,OK,config 2 1-205,text,true,,231,168,290,290,http://stload.se.ifmo.ru:8080/?token=518472196&&user=-1356113187&config=2,7655,0,64
1776059513841,10482,HTTP Request 2,200,OK,config 2 1-176,text,true,,231,168,292,292,http://stload.se.ifmo.ru:8080/?token=518472196&&user=-1356113187&config=2,10482,0,5
1776059514289,10034,HTTP Request 2,200,OK,config 2 1-181,text,true,,231,168,292,292,http://stload.se.ifmo.ru:8080/?token=518472196&&user=-1356113187&config=2,10034,0,3
1776059514651,9672,HTTP Request 2,200,OK,config 2 1-185,text,true,,231,168,292,292,http://stload.se.ifmo.ru:8080/?token=518472196&&user=-1356113187&config=2,9672,0,5
1776059513929,10394,HTTP Request 2,200,OK,config 2 1-177,text,true,,231,168,292,292,http://stload.se.ifmo.ru:8080/?token=518472196&&user=-1356113187&config=2,10394,0,3
1776059514560,9763,HTTP Request 2,200,OK,config 2 1-184,text,true,,231,168,292,292,http://stload.se.ifmo.ru:8080/?token=518472196&&user=-1356113187&config=2,9763,0,3
1776059514469,9854,HTTP Request 2,200,OK,config 2 1-183,text,true,,231,168,292,292,http://stload.se.ifmo.ru:8080/?token=518472196&&user=-1356113187&config=2,9854,0,5
1776059514379,9944,HTTP Request 2,200,OK,config 2 1-182,text,true,,231,168,292,292,http://stload.se.ifmo.ru:8080/?token=518472196&&user=-1356113187&config=2,9944,0,5
1776059514110,10213,HTTP Request 2,200,OK,config 2 1-179,text,true,,231,168,292,292,http://stload.se.ifmo.ru:8080/?token=518472196&&user=-1356113187&config=2,10213,0,5
1776059514019,10304,HTTP Request 2,200,OK,config 2 1-178,text,true,,231,168,292,292,http://stload.se.ifmo.ru:8080/?token=518472196&&user=-1356113187&config=2,10304,0,4
1776059514200,10124,HTTP Request 2,200,OK,config 2 1-180,text,true,,231,168,292,292,http://stload.se.ifmo.ru:8080/?token=518472196&&user=-1356113187&config=2,10124,0,6
1776059514740,9585,HTTP Request 2,200,OK,config 2 1-186,text,true,,231,168,292,292,http://stload.se.ifmo.ru:8080/?token=518472196&&user=-1356113187&config=2,9585,0,39
1776059516515,8168,HTTP Request 2,200,OK,config 2 1-24,text,true,,231,168,296,296,http://stload.se.ifmo.ru:8080/?token=518472196&&user=-1356113187&config=2,8168,0,0
1776059516515,8168,HTTP Request 2,200,OK,config 2 1-54,text,true,,231,168,296,296,http://stload.se.ifmo.ru:8080/?token=518472196&&user=-1356113187&config=2,8168,0,0
1776059516515,8168,HTTP Request 2,200,OK,config 2 1-73,text,true,,231,168,296,296,http://stload.se.ifmo.ru:8080/?token=518472196&&user=-1356113187&config=2,8168,0,0
1776059516515,8168,HTTP Request 2,200,OK,config 2 1-25,text,true,,231,168,296,296,http://stload.se.ifmo.ru:8080/?token=518472196&&user=-1356113187&config=2,8168,0,0
1776059516515,8168,HTTP Request 2,200,OK,config 2 1-90,text,true,,231,168,296,296,http://stload.se.ifmo.ru:8080/?token=518472196&&user=-1356113187&config=2,8168,0,0
1776059516516,8168,HTTP Request 2,200,OK,config 2 1-42,text,true,,231,168,296,296,http://stload.se.ifmo.ru:8080/?token=518472196&&user=-1356113187&config=2,8168,0,0
1776059516516,8168,HTTP Request 2,200,OK,config 2 1-7,text,true,,231,168,296,296,http://stload.se.ifmo.ru:8080/?token=518472196&&user=-1356113187&config=2,8168,0,0
1776059516517,8167,HTTP Request 2,200,OK,config 2 1-8,text,true,,231,168,296,296,http://stload.se.ifmo.ru:8080/?token=518472196&&user=-1356113187&config=2,8167,0,0
1776059516516,8167,HTTP Request 2,200,OK,config 2 1-57,text,true,,231,168,296,296,http://stload.se.ifmo.ru:8080/?token=518472196&&user=-1356113187&config=2,8167,0,0
1776059516517,8167,HTTP Request 2,200,OK,config 2 1-77,text,true,,231,168,296,296,http://stload.se.ifmo.ru:8080/?token=518472196&&user=-1356113187&config=2,8167,0,0
1776059516516,8168,HTTP Request 2,200,OK,config 2 1-93,text,true,,231,168,296,296,http://stload.se.ifmo.ru:8080/?token=518472196&&user=-1356113187&config=2,8168,0,0
1776059516515,8168,HTTP Request 2,200,OK,config 2 1-91,text,true,,231,168,296,296,http://stload.se.ifmo.ru:8080/?token=518472196&&user=-1356113187&config=2,8168,0,0
1776059516515,8168,HTTP Request 2,200,OK,config 2 1-55,text,true,,231,168,296,296,http://stload.se.ifmo.ru:8080/?token=518472196&&user=-1356113187&config=2,8168,0,0
1776059516515,8168,HTTP Request 2,200,OK,config 2 1-23,text,true,,231,168,296,296,http://stload.se.ifmo.ru:8080/?token=518472196&&user=-1356113187&config=2,8168,0,0
1776059516515,8168,HTTP Request 2,200,OK,config 2 1-43,text,true,,231,168,296,296,http://stload.se.ifmo.ru:8080/?token=518472196&&user=-1356113187&config=2,8168,0,0
1776059516516,8167,HTTP Request 2,200,OK,config 2 1-59,text,true,,231,168,296,296,http://stload.se.ifmo.ru:8080/?token=518472196&&user=-1356113187&config=2,8167,0,0
1776059516808,7877,HTTP Request 2,200,OK,config 2 1-26,text,true,,231,168,296,296,http://stload.se.ifmo.ru:8080/?token=518472196&&user=-1356113187&config=2,7877,0,0
1776059516630,8055,HTTP Request 2,200,OK,config 2 1-207,text,true,,231,168,296,296,http://stload.se.ifmo.ru:8080/?token=518472196&&user=-1356113187&config=2,8055,0,5
1776059516541,8144,HTTP Request 2,200,OK,config 2 1-206,text,true,,231,168,296,296,http://stload.se.ifmo.ru:8080/?token=518472196&&user=-1356113187&config=2,8144,0,3
1776059516808,7877,HTTP Request 2,200,OK,config 2 1-76,text,true,,231,168,296,296,http://stload.se.ifmo.ru:8080/?token=518472196&&user=-1356113187&config=2,7877,0,0
1776059516810,7875,HTTP Request 2,200,OK,config 2 1-9,text,true,,231,168,296,296,http://stload.se.ifmo.ru:8080/?token=518472196&&user=-1356113187&config=2,7875,0,0
1776059516720,7966,HTTP Request 2,200,OK,config 2 1-208,text,true,,231,168,296,296,http://stload.se.ifmo.ru:8080/?token=518472196&&user=-1356113187&config=2,7965,0,5
1776059516810,7876,HTTP Request 2,200,OK,config 2 1-60,text,true,,231,168,296,296,http://stload.se.ifmo.ru:8080/?token=518472196&&user=-1356113187&config=2,7876,0,0
1776059516810,7876,HTTP Request 2,200,OK,config 2 1-58,text,true,,231,168,296,296,http://stload.se.ifmo.ru:8080/?token=518472196&&user=-1356113187&config=2,7876,0,0
1776059516808,7878,HTTP Request 2,200,OK,config 2 1-75,text,true,,231,168,296,296,http://stload.se.ifmo.ru:8080/?token=518472196&&user=-1356113187&config=2,7878,0,0
1776059516810,7876,HTTP Request 2,200,OK,config 2 1-98,text,true,,231,168,296,296,http://stload.se.ifmo.ru:8080/?token=518472196&&user=-1356113187&config=2,7876,0,0
1776059516810,7876,HTTP Request 2,200,OK,config 2 1-41,text,true,,231,168,296,296,http://stload.se.ifmo.ru:8080/?token=518472196&&user=-1356113187&config=2,7876,0,0
1776059516808,7878,HTTP Request 2,200,OK,config 2 1-61,text,true,,231,168,296,296,http://stload.se.ifmo.ru:8080/?token=518472196&&user=-1356113187&config=2,7878,0,0
1776059516810,7876,HTTP Request 2,200,OK,config 2 1-92,text,true,,231,168,296,296,http://stload.se.ifmo.ru:8080/?token=518472196&&user=-1356113187&config=2,7876,0,0
1776059516819,7867,HTTP Request 2,200,OK,config 2 1-11,text,true,,231,168,296,296,http://stload.se.ifmo.ru:8080/?token=518472196&&user=-1356113187&config=2,7867,0,0
1776059516516,8167,HTTP Request 2,200,OK,config 2 1-10,text,true,,231,168,296,296,http://stload.se.ifmo.ru:8080/?token=518472196&&user=-1356113187&config=2,8167,0,0
1776059516518,8169,HTTP Request 2,200,OK,config 2 1-94,text,true,,231,168,296,296,http://stload.se.ifmo.ru:8080/?token=518472196&&user=-1356113187&config=2,8169,0,0
1776059516517,8170,HTTP Request 2,200,OK,config 2 1-27,text,true,,231,168,296,296,http://stload.se.ifmo.ru:8080/?token=518472196&&user=-1356113187&config=2,8170,0,0
1776059516810,7878,HTTP Request 2,200,OK,config 2 1-96,text,true,,231,168,296,296,http://stload.se.ifmo.ru:8080/?token=518472196&&user=-1356113187&config=2,7878,0,0
1776059516810,7878,HTTP Request 2,200,OK,config 2 1-95,text,true,,231,168,296,296,http://stload.se.ifmo.ru:8080/?token=518472196&&user=-1356113187&config=2,7878,0,0
1776059516819,7869,HTTP Request 2,200,OK,config 2 1-101,text,true,,231,168,296,296,http://stload.se.ifmo.ru:8080/?token=518472196&&user=-1356113187&config=2,7869,0,0
1776059516819,7869,HTTP Request 2,200,OK,config 2 1-18,text,true,,231,168,296,296,http://stload.se.ifmo.ru:8080/?token=518472196&&user=-1356113187&config=2,7869,0,0
1776059516819,7869,HTTP Request 2,200,OK,config 2 1-1,text,true,,231,168,296,296,http://stload.se.ifmo.ru:8080/?token=518472196&&user=-1356113187&config=2,7869,0,0
1776059516819,7869,HTTP Request 2,200,OK,config 2 1-29,text,true,,231,168,296,296,http://stload.se.ifmo.ru:8080/?token=518472196&&user=-1356113187&config=2,7869,0,0
1776059516819,7869,HTTP Request 2,200,OK,config 2 1-84,text,true,,231,168,296,296,http://stload.se.ifmo.ru:8080/?token=518472196&&user=-1356113187&config=2,7869,0,0
1776059516810,7878,HTTP Request 2,200,OK,config 2 1-44,text,true,,231,168,296,296,http://stload.se.ifmo.ru:8080/?token=518472196&&user=-1356113187&config=2,7878,0,0
1776059516810,7879,HTTP Request 2,200,OK,config 2 1-100,text,true,,231,168,296,296,http://stload.se.ifmo.ru:8080/?token=518472196&&user=-1356113187&config=2,7879,0,0
1776059514919,10321,HTTP Request 2,200,OK,config 2 1-188,text,true,,231,168,302,302,http://stload.se.ifmo.ru:8080/?token=518472196&&user=-1356113187&config=2,10321,0,98
1776059515011,10229,HTTP Request 2,200,OK,config 2 1-189,text,true,,231,168,302,302,http://stload.se.ifmo.ru:8080/?token=518472196&&user=-1356113187&config=2,10229,0,12
1776059515189,10051,HTTP Request 2,200,OK,config 2 1-191,text,true,,231,168,302,302,http://stload.se.ifmo.ru:8080/?token=518472196&&user=-1356113187&config=2,10051,0,49
1776059515101,10139,HTTP Request 2,200,OK,config 2 1-190,text,true,,231,168,302,302,http://stload.se.ifmo.ru:8080/?token=518472196&&user=-1356113187&config=2,10139,0,50
1776059515370,9871,HTTP Request 2,200,OK,config 2 1-193,text,true,,231,168,302,302,http://stload.se.ifmo.ru:8080/?token=518472196&&user=-1356113187&config=2,9871,0,5
1776059515018,10222,HTTP Request 2,200,OK,config 2 1-89,text,true,,231,168,302,302,http://stload.se.ifmo.ru:8080/?token=518472196&&user=-1356113187&config=2,10222,0,0
1776059516819,8422,HTTP Request 2,200,OK,config 2 1-45,text,true,,231,168,302,302,http://stload.se.ifmo.ru:8080/?token=518472196&&user=-1356113187&config=2,8422,0,0
1776059516819,8422,HTTP Request 2,200,OK,config 2 1-78,text,true,,231,168,302,302,http://stload.se.ifmo.ru:8080/?token=518472196&&user=-1356113187&config=2,8422,0,0
1776059516809,8432,HTTP Request 2,200,OK,config 2 1-209,text,true,,231,168,302,302,http://stload.se.ifmo.ru:8080/?token=518472196&&user=-1356113187&config=2,8432,0,10
1776059515731,9510,HTTP Request 2,200,OK,config 2 1-197,text,true,,231,168,302,302,http://stload.se.ifmo.ru:8080/?token=518472196&&user=-1356113187&config=2,9510,0,6
1776059515820,9421,HTTP Request 2,200,OK,config 2 1-198,text,true,,231,168,302,302,http://stload.se.ifmo.ru:8080/?token=518472196&&user=-1356113187&config=2,9421,0,4
1776059515460,9781,HTTP Request 2,200,OK,config 2 1-194,text,true,,231,168,302,302,http://stload.se.ifmo.ru:8080/?token=518472196&&user=-1356113187&config=2,9781,0,4
1776059515018,10222,HTTP Request 2,200,OK,config 2 1-71,text,true,,231,168,302,302,http://stload.se.ifmo.ru:8080/?token=518472196&&user=-1356113187&config=2,10222,0,0
1776059515280,9960,HTTP Request 2,200,OK,config 2 1-192,text,true,,231,168,302,302,http://stload.se.ifmo.ru:8080/?token=518472196&&user=-1356113187&config=2,9960,0,15
1776059516990,8252,HTTP Request 2,200,OK,config 2 1-211,text,true,,231,168,302,302,http://stload.se.ifmo.ru:8080/?token=518472196&&user=-1356113187&config=2,8252,0,4
1776059516899,8343,HTTP Request 2,200,OK,config 2 1-210,text,true,,231,168,302,302,http://stload.se.ifmo.ru:8080/?token=518472196&&user=-1356113187&config=2,8343,0,3
1776059517050,8192,HTTP Request 2,200,OK,config 2 1-155,text,true,,231,168,302,302,http://stload.se.ifmo.ru:8080/?token=518472196&&user=-1356113187&config=2,8192,0,5
1776059515951,9291,HTTP Request 2,200,OK,config 2 1-109,text,true,,231,168,302,302,http://stload.se.ifmo.ru:8080/?token=518472196&&user=-1356113187&config=2,9291,0,0
1776059517050,8192,HTTP Request 2,200,OK,config 2 1-148,text,true,,231,168,302,302,http://stload.se.ifmo.ru:8080/?token=518472196&&user=-1356113187&config=2,8192,0,5
1776059514830,10410,HTTP Request 2,200,OK,config 2 1-187,text,true,,231,168,302,302,http://stload.se.ifmo.ru:8080/?token=518472196&&user=-1356113187&config=2,10410,0,187
1776059515956,9286,HTTP Request 2,200,OK,config 2 1-114,text,true,,231,168,302,302,http://stload.se.ifmo.ru:8080/?token=518472196&&user=-1356113187&config=2,9286,0,0
1776059515956,9286,HTTP Request 2,200,OK,config 2 1-110,text,true,,231,168,302,302,http://stload.se.ifmo.ru:8080/?token=518472196&&user=-1356113187&config=2,9286,0,0
1776059515641,9601,HTTP Request 2,200,OK,config 2 1-196,text,true,,231,168,302,302,http://stload.se.ifmo.ru:8080/?token=518472196&&user=-1356113187&config=2,9601,0,6
1776059515956,9286,HTTP Request 2,200,OK,config 2 1-111,text,true,,231,168,302,302,http://stload.se.ifmo.ru:8080/?token=518472196&&user=-1356113187&config=2,9286,0,0
1776059515956,9287,HTTP Request 2,200,OK,config 2 1-112,text,true,,231,168,302,302,http://stload.se.ifmo.ru:8080/?token=518472196&&user=-1356113187&config=2,9287,0,0
1776059516179,9064,HTTP Request 2,200,OK,config 2 1-202,text,true,,231,168,302,302,http://stload.se.ifmo.ru:8080/?token=518472196&&user=-1356113187&config=2,9064,0,4
1776059515951,9292,HTTP Request 2,200,OK,config 2 1-107,text,true,,231,168,302,302,http://stload.se.ifmo.ru:8080/?token=518472196&&user=-1356113187&config=2,9292,0,0
1776059516001,9242,HTTP Request 2,200,OK,config 2 1-200,text,true,,231,168,302,302,http://stload.se.ifmo.ru:8080/?token=518472196&&user=-1356113187&config=2,9242,0,96
1776059516091,9152,HTTP Request 2,200,OK,config 2 1-201,text,true,,231,168,302,302,http://stload.se.ifmo.ru:8080/?token=518472196&&user=-1356113187&config=2,9152,0,8
1776059517050,8193,HTTP Request 2,200,OK,config 2 1-152,text,true,,231,168,302,302,http://stload.se.ifmo.ru:8080/?token=518472196&&user=-1356113187&config=2,8193,0,5
1776059515550,9693,HTTP Request 2,200,OK,config 2 1-195,text,true,,231,168,302,302,http://stload.se.ifmo.ru:8080/?token=518472196&&user=-1356113187&config=2,9693,0,49
1776059517050,8193,HTTP Request 2,200,OK,config 2 1-158,text,true,,231,168,302,302,http://stload.se.ifmo.ru:8080/?token=518472196&&user=-1356113187&config=2,8193,0,5
1776059517050,8193,HTTP Request 2,200,OK,config 2 1-151,text,true,,231,168,302,302,http://stload.se.ifmo.ru:8080/?token=518472196&&user=-1356113187&config=2,8193,0,5
1776059517050,8193,HTTP Request 2,200,OK,config 2 1-163,text,true,,231,168,302,302,http://stload.se.ifmo.ru:8080/?token=518472196&&user=-1356113187&config=2,8193,0,5
1776059517050,8193,HTTP Request 2,200,OK,config 2 1-160,text,true,,231,168,302,302,http://stload.se.ifmo.ru:8080/?token=518472196&&user=-1356113187&config=2,8193,0,5
1776059517051,8192,HTTP Request 2,200,OK,config 2 1-150,text,true,,231,168,302,302,http://stload.se.ifmo.ru:8080/?token=518472196&&user=-1356113187&config=2,8192,0,4
1776059515951,9292,HTTP Request 2,200,OK,config 2 1-108,text,true,,231,168,302,302,http://stload.se.ifmo.ru:8080/?token=518472196&&user=-1356113187&config=2,9292,0,0
1776059517050,8193,HTTP Request 2,200,OK,config 2 1-147,text,true,,231,168,302,302,http://stload.se.ifmo.ru:8080/?token=518472196&&user=-1356113187&config=2,8193,0,5
1776059518566,6678,HTTP Request 2,500,Internal Server Error,config 2 1-137,text,false,,233,168,302,302,http://stload.se.ifmo.ru:8080/?token=518472196&&user=-1356113187&config=2,6678,0,0
1776059518699,6545,HTTP Request 2,500,Internal Server Error,config 2 1-230,text,false,,233,168,302,302,http://stload.se.ifmo.ru:8080/?token=518472196&&user=-1356113187&config=2,6545,0,7
1776059515951,9293,HTTP Request 2,200,OK,config 2 1-105,text,true,,231,168,302,302,http://stload.se.ifmo.ru:8080/?token=518472196&&user=-1356113187&config=2,9293,0,0
1776059517050,8194,HTTP Request 2,200,OK,config 2 1-159,text,true,,231,168,302,302,http://stload.se.ifmo.ru:8080/?token=518472196&&user=-1356113187&config=2,8194,0,5
1776059515018,10222,HTTP Request 2,200,OK,config 2 1-20,text,true,,231,168,302,302,http://stload.se.ifmo.ru:8080/?token=518472196&&user=-1356113187&config=2,10222,0,0
1776059515910,9333,HTTP Request 2,200,OK,config 2 1-199,text,true,,231,168,302,302,http://stload.se.ifmo.ru:8080/?token=518472196&&user=-1356113187&config=2,9333,0,5
1776059515951,9294,HTTP Request 2,200,OK,config 2 1-106,text,true,,231,168,302,302,http://stload.se.ifmo.ru:8080/?token=518472196&&user=-1356113187&config=2,9294,0,0
1776059515956,9289,HTTP Request 2,200,OK,config 2 1-113,text,true,,231,168,302,302,http://stload.se.ifmo.ru:8080/?token=518472196&&user=-1356113187&config=2,9289,0,0
1776059518610,6635,HTTP Request 2,500,Internal Server Error,config 2 1-229,text,false,,233,168,302,302,http://stload.se.ifmo.ru:8080/?token=518472196&&user=-1356113187&config=2,6635,0,50
1776059518789,6456,HTTP Request 2,500,Internal Server Error,config 2 1-231,text,false,,233,168,302,302,http://stload.se.ifmo.ru:8080/?token=518472196&&user=-1356113187&config=2,6456,0,4
1776059519061,6184,HTTP Request 2,500,Internal Server Error,config 2 1-234,text,false,,233,168,302,302,http://stload.se.ifmo.ru:8080/?token=518472196&&user=-1356113187&config=2,6184,0,7
1776059519150,6096,HTTP Request 2,500,Internal Server Error,config 2 1-235,text,false,,233,168,302,302,http://stload.se.ifmo.ru:8080/?token=518472196&&user=-1356113187&config=2,6095,0,3
1776059519419,5827,HTTP Request 2,500,Internal Server Error,config 2 1-238,text,false,,233,168,302,302,http://stload.se.ifmo.ru:8080/?token=518472196&&user=-1356113187&config=2,5827,0,6
1776059519330,5916,HTTP Request 2,500,Internal Server Error,config 2 1-237,text,false,,233,168,302,302,http://stload.se.ifmo.ru:8080/?token=518472196&&user=-1356113187&config=2,5916,0,4
1776059519511,5735,HTTP Request 2,500,Internal Server Error,config 2 1-239,text,false,,233,168,302,302,http://stload.se.ifmo.ru:8080/?token=518472196&&user=-1356113187&config=2,5735,0,4
1776059519600,5646,HTTP Request 2,500,Internal Server Error,config 2 1-240,text,false,,233,168,302,302,http://stload.se.ifmo.ru:8080/?token=518472196&&user=-1356113187&config=2,5646,0,5
1776059519240,6006,HTTP Request 2,500,Internal Server Error,config 2 1-236,text,false,,233,168,302,302,http://stload.se.ifmo.ru:8080/?token=518472196&&user=-1356113187&config=2,6006,0,4
1776059519817,5429,HTTP Request 2,500,Internal Server Error,config 2 1-28,text,false,,233,168,302,302,http://stload.se.ifmo.ru:8080/?token=518472196&&user=-1356113187&config=2,5429,0,0
1776059519818,5428,HTTP Request 2,500,Internal Server Error,config 2 1-30,text,false,,233,168,302,302,http://stload.se.ifmo.ru:8080/?token=518472196&&user=-1356113187&config=2,5428,0,0
1776059519818,5428,HTTP Request 2,500,Internal Server Error,config 2 1-99,text,false,,233,168,302,302,http://stload.se.ifmo.ru:8080/?token=518472196&&user=-1356113187&config=2,5428,0,0
1776059519818,5429,HTTP Request 2,500,Internal Server Error,config 2 1-97,text,false,,233,168,302,302,http://stload.se.ifmo.ru:8080/?token=518472196&&user=-1356113187&config=2,5428,0,0
1776059519780,5467,HTTP Request 2,500,Internal Server Error,config 2 1-242,text,false,,233,168,302,302,http://stload.se.ifmo.ru:8080/?token=518472196&&user=-1356113187&config=2,5466,0,36
1776059519690,5557,HTTP Request 2,500,Internal Server Error,config 2 1-241,text,false,,233,168,302,302,http://stload.se.ifmo.ru:8080/?token=518472196&&user=-1356113187&config=2,5557,0,4
1776059519817,5430,HTTP Request 2,500,Internal Server Error,config 2 1-102,text,false,,233,168,302,302,http://stload.se.ifmo.ru:8080/?token=518472196&&user=-1356113187&config=2,5430,0,0
1776059519818,5429,HTTP Request 2,500,Internal Server Error,config 2 1-32,text,false,,233,168,302,302,http://stload.se.ifmo.ru:8080/?token=518472196&&user=-1356113187&config=2,5429,0,0
1776059519817,5430,HTTP Request 2,500,Internal Server Error,config 2 1-47,text,false,,233,168,302,302,http://stload.se.ifmo.ru:8080/?token=518472196&&user=-1356113187&config=2,5430,0,0
1776059519817,5431,HTTP Request 2,500,Internal Server Error,config 2 1-68,text,false,,233,168,302,302,http://stload.se.ifmo.ru:8080/?token=518472196&&user=-1356113187&config=2,5431,0,0
1776059516271,10172,HTTP Request 2,200,OK,config 2 1-203,text,true,,231,168,316,316,http://stload.se.ifmo.ru:8080/?token=518472196&&user=-1356113187&config=2,10172,0,15
1776059516361,10082,HTTP Request 2,200,OK,config 2 1-204,text,true,,231,168,316,316,http://stload.se.ifmo.ru:8080/?token=518472196&&user=-1356113187&config=2,10082,0,52
1776059517051,11153,HTTP Request 2,200,OK,config 2 1-149,text,true,,231,168,335,335,http://stload.se.ifmo.ru:8080/?token=518472196&&user=-1356113187&config=2,11152,0,4
1776059517052,11152,HTTP Request 2,200,OK,config 2 1-156,text,true,,231,168,335,335,http://stload.se.ifmo.ru:8080/?token=518472196&&user=-1356113187&config=2,11151,0,5
1776059517051,11152,HTTP Request 2,200,OK,config 2 1-144,text,true,,231,168,335,335,http://stload.se.ifmo.ru:8080/?token=518472196&&user=-1356113187&config=2,11152,0,6
1776059517051,11153,HTTP Request 2,200,OK,config 2 1-154,text,true,,231,168,335,335,http://stload.se.ifmo.ru:8080/?token=518472196&&user=-1356113187&config=2,11152,0,4
1776059517051,11153,HTTP Request 2,200,OK,config 2 1-143,text,true,,231,168,335,335,http://stload.se.ifmo.ru:8080/?token=518472196&&user=-1356113187&config=2,11152,0,4
1776059517051,11153,HTTP Request 2,200,OK,config 2 1-153,text,true,,231,168,335,335,http://stload.se.ifmo.ru:8080/?token=518472196&&user=-1356113187&config=2,11152,0,4
1776059517052,11152,HTTP Request 2,200,OK,config 2 1-142,text,true,,231,168,335,335,http://stload.se.ifmo.ru:8080/?token=518472196&&user=-1356113187&config=2,11151,0,5
1776059517052,11152,HTTP Request 2,200,OK,config 2 1-145,text,true,,231,168,335,335,http://stload.se.ifmo.ru:8080/?token=518472196&&user=-1356113187&config=2,11151,0,5
1776059517052,11152,HTTP Request 2,200,OK,config 2 1-161,text,true,,231,168,335,335,http://stload.se.ifmo.ru:8080/?token=518472196&&user=-1356113187&config=2,11151,0,5
1776059517170,11034,HTTP Request 2,200,OK,config 2 1-213,text,true,,231,168,335,335,http://stload.se.ifmo.ru:8080/?token=518472196&&user=-1356113187&config=2,11034,0,7
1776059517052,11153,HTTP Request 2,200,OK,config 2 1-164,text,true,,231,168,335,335,http://stload.se.ifmo.ru:8080/?token=518472196&&user=-1356113187&config=2,11153,0,5
1776059517052,11153,HTTP Request 2,200,OK,config 2 1-162,text,true,,231,168,335,335,http://stload.se.ifmo.ru:8080/?token=518472196&&user=-1356113187&config=2,11153,0,5
1776059517052,11153,HTTP Request 2,200,OK,config 2 1-157,text,true,,231,168,335,335,http://stload.se.ifmo.ru:8080/?token=518472196&&user=-1356113187&config=2,11153,0,5
1776059517051,11154,HTTP Request 2,200,OK,config 2 1-165,text,true,,231,168,335,335,http://stload.se.ifmo.ru:8080/?token=518472196&&user=-1356113187&config=2,11154,0,6
1776059517052,11155,HTTP Request 2,200,OK,config 2 1-146,text,true,,231,168,335,335,http://stload.se.ifmo.ru:8080/?token=518472196&&user=-1356113187&config=2,11155,0,5
1776059517079,11128,HTTP Request 2,200,OK,config 2 1-212,text,true,,231,168,335,335,http://stload.se.ifmo.ru:8080/?token=518472196&&user=-1356113187&config=2,11128,0,46
1776059517529,10762,HTTP Request 2,200,OK,config 2 1-217,text,true,,231,168,336,336,http://stload.se.ifmo.ru:8080/?token=518472196&&user=-1356113187&config=2,10762,0,3
1776059517350,10941,HTTP Request 2,200,OK,config 2 1-215,text,true,,231,168,336,336,http://stload.se.ifmo.ru:8080/?token=518472196&&user=-1356113187&config=2,10941,0,66
1776059517259,11032,HTTP Request 2,200,OK,config 2 1-214,text,true,,231,168,336,336,http://stload.se.ifmo.ru:8080/?token=518472196&&user=-1356113187&config=2,11032,0,70
1776059517890,10401,HTTP Request 2,200,OK,config 2 1-221,text,true,,231,168,336,336,http://stload.se.ifmo.ru:8080/?token=518472196&&user=-1356113187&config=2,10401,0,2
1776059518503,9789,HTTP Request 2,200,OK,config 2 1-117,text,true,,231,168,336,336,http://stload.se.ifmo.ru:8080/?token=518472196&&user=-1356113187&config=2,9789,0,0
1776059518339,9953,HTTP Request 2,200,OK,config 2 1-226,text,true,,231,168,336,336,http://stload.se.ifmo.ru:8080/?token=518472196&&user=-1356113187&config=2,9953,0,4
1776059518503,9789,HTTP Request 2,200,OK,config 2 1-122,text,true,,231,168,336,336,http://stload.se.ifmo.ru:8080/?token=518472196&&user=-1356113187&config=2,9789,0,0
1776059518503,9789,HTTP Request 2,200,OK,config 2 1-121,text,true,,231,168,336,336,http://stload.se.ifmo.ru:8080/?token=518472196&&user=-1356113187&config=2,9789,0,0
1776059518503,9789,HTTP Request 2,200,OK,config 2 1-74,text,true,,231,168,336,336,http://stload.se.ifmo.ru:8080/?token=518472196&&user=-1356113187&config=2,9789,0,0
1776059518503,9789,HTTP Request 2,200,OK,config 2 1-116,text,true,,231,168,336,336,http://stload.se.ifmo.ru:8080/?token=518472196&&user=-1356113187&config=2,9789,0,0
1776059518429,9863,HTTP Request 2,200,OK,config 2 1-227,text,true,,231,168,336,336,http://stload.se.ifmo.ru:8080/?token=518472196&&user=-1356113187&config=2,9863,0,4
1776059518250,10041,HTTP Request 2,200,OK,config 2 1-225,text,true,,231,168,336,336,http://stload.se.ifmo.ru:8080/?token=518472196&&user=-1356113187&config=2,10041,0,3
1776059517440,10851,HTTP Request 2,200,OK,config 2 1-216,text,true,,231,168,336,336,http://stload.se.ifmo.ru:8080/?token=518472196&&user=-1356113187&config=2,10851,0,21
1776059517800,10491,HTTP Request 2,200,OK,config 2 1-220,text,true,,231,168,336,336,http://stload.se.ifmo.ru:8080/?token=518472196&&user=-1356113187&config=2,10491,0,4
1776059518504,9788,HTTP Request 2,200,OK,config 2 1-6,text,true,,231,168,336,336,http://stload.se.ifmo.ru:8080/?token=518472196&&user=-1356113187&config=2,9788,0,0
1776059517709,10582,HTTP Request 2,200,OK,config 2 1-219,text,true,,231,168,336,336,http://stload.se.ifmo.ru:8080/?token=518472196&&user=-1356113187&config=2,10582,0,5
1776059517979,10312,HTTP Request 2,200,OK,config 2 1-222,text,true,,231,168,336,336,http://stload.se.ifmo.ru:8080/?token=518472196&&user=-1356113187&config=2,10312,0,3
1776059518503,9790,HTTP Request 2,200,OK,config 2 1-118,text,true,,231,168,336,336,http://stload.se.ifmo.ru:8080/?token=518472196&&user=-1356113187&config=2,9790,0,0
1776059518503,9790,HTTP Request 2,200,OK,config 2 1-40,text,true,,231,168,336,336,http://stload.se.ifmo.ru:8080/?token=518472196&&user=-1356113187&config=2,9790,0,0
1776059518504,9789,HTTP Request 2,200,OK,config 2 1-120,text,true,,231,168,336,336,http://stload.se.ifmo.ru:8080/?token=518472196&&user=-1356113187&config=2,9789,0,0
1776059518503,9790,HTTP Request 2,200,OK,config 2 1-124,text,true,,231,168,336,336,http://stload.se.ifmo.ru:8080/?token=518472196&&user=-1356113187&config=2,9790,0,0
1776059518505,9788,HTTP Request 2,200,OK,config 2 1-129,text,true,,231,168,336,336,http://stload.se.ifmo.ru:8080/?token=518472196&&user=-1356113187&config=2,9788,0,0
1776059518504,9789,HTTP Request 2,200,OK,config 2 1-128,text,true,,231,168,336,336,http://stload.se.ifmo.ru:8080/?token=518472196&&user=-1356113187&config=2,9789,0,0
1776059518504,9789,HTTP Request 2,200,OK,config 2 1-127,text,true,,231,168,336,336,http://stload.se.ifmo.ru:8080/?token=518472196&&user=-1356113187&config=2,9789,0,0
1776059518158,10133,HTTP Request 2,200,OK,config 2 1-224,text,true,,231,168,336,336,http://stload.se.ifmo.ru:8080/?token=518472196&&user=-1356113187&config=2,10133,0,3
1776059518507,9786,HTTP Request 2,200,OK,config 2 1-131,text,true,,231,168,336,336,http://stload.se.ifmo.ru:8080/?token=518472196&&user=-1356113187&config=2,9786,0,0
1776059517619,10672,HTTP Request 2,200,OK,config 2 1-218,text,true,,231,168,336,336,http://stload.se.ifmo.ru:8080/?token=518472196&&user=-1356113187&config=2,10672,0,3
1776059518507,9786,HTTP Request 2,200,OK,config 2 1-132,text,true,,231,168,336,336,http://stload.se.ifmo.ru:8080/?token=518472196&&user=-1356113187&config=2,9786,0,0
1776059518069,10222,HTTP Request 2,200,OK,config 2 1-223,text,true,,231,168,336,336,http://stload.se.ifmo.ru:8080/?token=518472196&&user=-1356113187&config=2,10222,0,3
1776059518503,9791,HTTP Request 2,200,OK,config 2 1-125,text,true,,231,168,336,336,http://stload.se.ifmo.ru:8080/?token=518472196&&user=-1356113187&config=2,9791,0,0
1776059518504,9790,HTTP Request 2,200,OK,config 2 1-123,text,true,,231,168,336,336,http://stload.se.ifmo.ru:8080/?token=518472196&&user=-1356113187&config=2,9790,0,0
1776059518504,9791,HTTP Request 2,200,OK,config 2 1-130,text,true,,231,168,336,336,http://stload.se.ifmo.ru:8080/?token=518472196&&user=-1356113187&config=2,9791,0,0
1776059518504,9791,HTTP Request 2,200,OK,config 2 1-126,text,true,,231,168,336,336,http://stload.se.ifmo.ru:8080/?token=518472196&&user=-1356113187&config=2,9791,0,0
1776059518504,9791,HTTP Request 2,200,OK,config 2 1-119,text,true,,231,168,336,336,http://stload.se.ifmo.ru:8080/?token=518472196&&user=-1356113187&config=2,9791,0,0
1776059518507,9788,HTTP Request 2,200,OK,config 2 1-134,text,true,,231,168,336,336,http://stload.se.ifmo.ru:8080/?token=518472196&&user=-1356113187&config=2,9788,0,0
1776059518507,9788,HTTP Request 2,200,OK,config 2 1-133,text,true,,231,168,336,336,http://stload.se.ifmo.ru:8080/?token=518472196&&user=-1356113187&config=2,9788,0,0
1776059518566,9732,HTTP Request 2,200,OK,config 2 1-135,text,true,,231,168,336,336,http://stload.se.ifmo.ru:8080/?token=518472196&&user=-1356113187&config=2,9732,0,0
1776059518566,9732,HTTP Request 2,200,OK,config 2 1-136,text,true,,231,168,336,336,http://stload.se.ifmo.ru:8080/?token=518472196&&user=-1356113187&config=2,9732,0,0
1776059518520,9778,HTTP Request 2,200,OK,config 2 1-228,text,true,,231,168,336,336,http://stload.se.ifmo.ru:8080/?token=518472196&&user=-1356113187&config=2,9778,0,45
1776059518879,9768,HTTP Request 2,200,OK,config 2 1-232,text,true,,231,168,340,340,http://stload.se.ifmo.ru:8080/?token=518472196&&user=-1356113187&config=2,9768,0,4
1776059518971,9678,HTTP Request 2,200,OK,config 2 1-233,text,true,,231,168,340,340,http://stload.se.ifmo.ru:8080/?token=518472196&&user=-1356113187&config=2,9678,0,8
1776059519870,8842,HTTP Request 2,200,OK,config 2 1-243,text,true,,231,168,341,341,http://stload.se.ifmo.ru:8080/?token=518472196&&user=-1356113187&config=2,8842,0,20
1776059519919,8793,HTTP Request 2,200,OK,config 2 1-48,text,true,,231,168,341,341,http://stload.se.ifmo.ru:8080/?token=518472196&&user=-1356113187&config=2,8793,0,0
1776059519919,8793,HTTP Request 2,200,OK,config 2 1-15,text,true,,231,168,341,341,http://stload.se.ifmo.ru:8080/?token=518472196&&user=-1356113187&config=2,8793,0,0
1776059519918,8794,HTTP Request 2,200,OK,config 2 1-63,text,true,,231,168,341,341,http://stload.se.ifmo.ru:8080/?token=518472196&&user=-1356113187&config=2,8794,0,0
1776059519918,8794,HTTP Request 2,200,OK,config 2 1-34,text,true,,231,168,341,341,http://stload.se.ifmo.ru:8080/?token=518472196&&user=-1356113187&config=2,8794,0,0
1776059519918,8794,HTTP Request 2,200,OK,config 2 1-16,text,true,,231,168,341,341,http://stload.se.ifmo.ru:8080/?token=518472196&&user=-1356113187&config=2,8794,0,0
1776059519919,8793,HTTP Request 2,200,OK,config 2 1-168,text,true,,231,168,341,341,http://stload.se.ifmo.ru:8080/?token=518472196&&user=-1356113187&config=2,8793,0,0
1776059519919,8793,HTTP Request 2,200,OK,config 2 1-66,text,true,,231,168,341,341,http://stload.se.ifmo.ru:8080/?token=518472196&&user=-1356113187&config=2,8793,0,0
1776059519918,8794,HTTP Request 2,200,OK,config 2 1-81,text,true,,231,168,341,341,http://stload.se.ifmo.ru:8080/?token=518472196&&user=-1356113187&config=2,8794,0,0
1776059519919,8793,HTTP Request 2,200,OK,config 2 1-52,text,true,,231,168,341,341,http://stload.se.ifmo.ru:8080/?token=518472196&&user=-1356113187&config=2,8793,0,0
1776059519919,8795,HTTP Request 2,200,OK,config 2 1-65,text,true,,231,168,341,341,http://stload.se.ifmo.ru:8080/?token=518472196&&user=-1356113187&config=2,8795,0,0
1776059519919,8795,HTTP Request 2,200,OK,config 2 1-49,text,true,,231,168,341,341,http://stload.se.ifmo.ru:8080/?token=518472196&&user=-1356113187&config=2,8795,0,0
1776059519919,8795,HTTP Request 2,200,OK,config 2 1-31,text,true,,231,168,341,341,http://stload.se.ifmo.ru:8080/?token=518472196&&user=-1356113187&config=2,8795,0,0
1776059519919,8865,HTTP Request 2,200,OK,config 2 1-167,text,true,,231,168,342,342,http://stload.se.ifmo.ru:8080/?token=518472196&&user=-1356113187&config=2,8865,0,0
1776059519919,9520,HTTP Request 2,200,OK,config 2 1-85,text,true,,231,168,349,349,http://stload.se.ifmo.ru:8080/?token=518472196&&user=-1356113187&config=2,9520,0,0
1776059519919,9521,HTTP Request 2,200,OK,config 2 1-166,text,true,,231,168,349,349,http://stload.se.ifmo.ru:8080/?token=518472196&&user=-1356113187&config=2,9521,0,0
1776059519918,9522,HTTP Request 2,200,OK,config 2 1-82,text,true,,231,168,349,349,http://stload.se.ifmo.ru:8080/?token=518472196&&user=-1356113187&config=2,9522,0,0
1776059519919,9521,HTTP Request 2,200,OK,config 2 1-86,text,true,,231,168,349,349,http://stload.se.ifmo.ru:8080/?token=518472196&&user=-1356113187&config=2,9521,0,0
1776059519920,9520,HTTP Request 2,200,OK,config 2 1-12,text,true,,231,168,349,349,http://stload.se.ifmo.ru:8080/?token=518472196&&user=-1356113187&config=2,9520,0,0
1776059519918,9526,HTTP Request 2,200,OK,config 2 1-46,text,true,,231,168,349,349,http://stload.se.ifmo.ru:8080/?token=518472196&&user=-1356113187&config=2,9526,0,0
1776059519920,9524,HTTP Request 2,200,OK,config 2 1-2,text,true,,231,168,349,349,http://stload.se.ifmo.ru:8080/?token=518472196&&user=-1356113187&config=2,9524,0,0
1776059519920,9524,HTTP Request 2,200,OK,config 2 1-169,text,true,,231,168,349,349,http://stload.se.ifmo.ru:8080/?token=518472196&&user=-1356113187&config=2,9524,0,0
1776059519919,9525,HTTP Request 2,200,OK,config 2 1-79,text,true,,231,168,349,349,http://stload.se.ifmo.ru:8080/?token=518472196&&user=-1356113187&config=2,9525,0,0
1776059519920,9524,HTTP Request 2,200,OK,config 2 1-35,text,true,,231,168,349,349,http://stload.se.ifmo.ru:8080/?token=518472196&&user=-1356113187&config=2,9524,0,0
1776059519920,9524,HTTP Request 2,200,OK,config 2 1-104,text,true,,231,168,349,349,http://stload.se.ifmo.ru:8080/?token=518472196&&user=-1356113187&config=2,9524,0,0
1776059519918,9526,HTTP Request 2,200,OK,config 2 1-64,text,true,,231,168,349,349,http://stload.se.ifmo.ru:8080/?token=518472196&&user=-1356113187&config=2,9526,0,0
1776059519919,9526,HTTP Request 2,200,OK,config 2 1-36,text,true,,231,168,349,349,http://stload.se.ifmo.ru:8080/?token=518472196&&user=-1356113187&config=2,9526,0,0
1776059520808,8637,HTTP Request 2,200,OK,config 2 1-38,text,true,,231,168,349,349,http://stload.se.ifmo.ru:8080/?token=518472196&&user=-1356113187&config=2,8637,0,0
1776059520808,8641,HTTP Request 2,200,OK,config 2 1-87,text,true,,231,168,349,349,http://stload.se.ifmo.ru:8080/?token=518472196&&user=-1356113187&config=2,8641,0,0
1776059520808,8641,HTTP Request 2,200,OK,config 2 1-53,text,true,,231,168,349,349,http://stload.se.ifmo.ru:8080/?token=518472196&&user=-1356113187&config=2,8641,0,0
1776059520808,8641,HTTP Request 2,200,OK,config 2 1-70,text,true,,231,168,349,349,http://stload.se.ifmo.ru:8080/?token=518472196&&user=-1356113187&config=2,8641,0,0
1776059519839,13969,HTTP Request 2,200,OK,config 2 1-140,text,true,,231,168,397,397,http://stload.se.ifmo.ru:8080/?token=518472196&&user=-1356113187&config=2,13969,0,0
1776059519839,13969,HTTP Request 2,200,OK,config 2 1-33,text,true,,231,168,397,397,http://stload.se.ifmo.ru:8080/?token=518472196&&user=-1356113187&config=2,13969,0,0
1776059519839,13969,HTTP Request 2,200,OK,config 2 1-139,text,true,,231,168,397,397,http://stload.se.ifmo.ru:8080/?token=518472196&&user=-1356113187&config=2,13969,0,0
1776059519839,13969,HTTP Request 2,200,OK,config 2 1-141,text,true,,231,168,397,397,http://stload.se.ifmo.ru:8080/?token=518472196&&user=-1356113187&config=2,13969,0,0
1776059519839,13969,HTTP Request 2,200,OK,config 2 1-17,text,true,,231,168,397,397,http://stload.se.ifmo.ru:8080/?token=518472196&&user=-1356113187&config=2,13969,0,0
1776059519839,13969,HTTP Request 2,200,OK,config 2 1-83,text,true,,231,168,397,397,http://stload.se.ifmo.ru:8080/?token=518472196&&user=-1356113187&config=2,13969,0,0
1776059519839,13969,HTTP Request 2,200,OK,config 2 1-138,text,true,,231,168,397,397,http://stload.se.ifmo.ru:8080/?token=518472196&&user=-1356113187&config=2,13969,0,0
1776059519839,13969,HTTP Request 2,200,OK,config 2 1-51,text,true,,231,168,397,397,http://stload.se.ifmo.ru:8080/?token=518472196&&user=-1356113187&config=2,13969,0,0
1776059519839,13969,HTTP Request 2,200,OK,config 2 1-50,text,true,,231,168,397,397,http://stload.se.ifmo.ru:8080/?token=518472196&&user=-1356113187&config=2,13969,0,0
1776059519839,13975,HTTP Request 2,200,OK,config 2 1-67,text,true,,231,168,397,397,http://stload.se.ifmo.ru:8080/?token=518472196&&user=-1356113187&config=2,13975,0,0
1776059519921,15265,HTTP Request 2,200,OK,config 2 1-115,text,true,,231,168,413,413,http://stload.se.ifmo.ru:8080/?token=518472196&&user=-1356113187&config=2,15265,0,0
1776059520229,14957,HTTP Request 2,200,OK,config 2 1-247,text,true,,231,168,413,413,http://stload.se.ifmo.ru:8080/?token=518472196&&user=-1356113187&config=2,14957,0,3
1776059520052,15134,HTTP Request 2,200,OK,config 2 1-245,text,true,,231,168,413,413,http://stload.se.ifmo.ru:8080/?token=518472196&&user=-1356113187&config=2,15134,0,3
1776059520141,15045,HTTP Request 2,200,OK,config 2 1-246,text,true,,231,168,413,413,http://stload.se.ifmo.ru:8080/?token=518472196&&user=-1356113187&config=2,15045,0,4
1776059519921,15265,HTTP Request 2,200,OK,config 2 1-14,text,true,,231,168,413,413,http://stload.se.ifmo.ru:8080/?token=518472196&&user=-1356113187&config=2,15265,0,0
1776059519918,15268,HTTP Request 2,200,OK,config 2 1-13,text,true,,231,168,413,413,http://stload.se.ifmo.ru:8080/?token=518472196&&user=-1356113187&config=2,15268,0,0
1776059519920,15266,HTTP Request 2,200,OK,config 2 1-69,text,true,,231,168,413,413,http://stload.se.ifmo.ru:8080/?token=518472196&&user=-1356113187&config=2,15266,0,0
1776059519920,15266,HTTP Request 2,200,OK,config 2 1-19,text,true,,231,168,413,413,http://stload.se.ifmo.ru:8080/?token=518472196&&user=-1356113187&config=2,15266,0,0
1776059519920,15266,HTTP Request 2,200,OK,config 2 1-62,text,true,,231,168,413,413,http://stload.se.ifmo.ru:8080/?token=518472196&&user=-1356113187&config=2,15266,0,0
1776059519959,15227,HTTP Request 2,200,OK,config 2 1-244,text,true,,231,168,413,413,http://stload.se.ifmo.ru:8080/?token=518472196&&user=-1356113187&config=2,15227,0,11
1776059519920,15266,HTTP Request 2,200,OK,config 2 1-80,text,true,,231,168,413,413,http://stload.se.ifmo.ru:8080/?token=518472196&&user=-1356113187&config=2,15266,0,0
1776059520500,14686,HTTP Request 2,200,OK,config 2 1-250,text,true,,231,168,413,413,http://stload.se.ifmo.ru:8080/?token=518472196&&user=-1356113187&config=2,14686,0,4
1776059520319,14867,HTTP Request 2,200,OK,config 2 1-248,text,true,,231,168,413,413,http://stload.se.ifmo.ru:8080/?token=518472196&&user=-1356113187&config=2,14867,0,4
1776059519920,15266,HTTP Request 2,200,OK,config 2 1-103,text,true,,231,168,413,413,http://stload.se.ifmo.ru:8080/?token=518472196&&user=-1356113187&config=2,15266,0,0
1776059520591,14595,HTTP Request 2,200,OK,config 2 1-251,text,true,,231,168,413,413,http://stload.se.ifmo.ru:8080/?token=518472196&&user=-1356113187&config=2,14595,0,3
1776059520410,14778,HTTP Request 2,200,OK,config 2 1-249,text,true,,231,168,413,413,http://stload.se.ifmo.ru:8080/?token=518472196&&user=-1356113187&config=2,14778,0,4
1776059520681,14507,HTTP Request 2,200,OK,config 2 1-252,text,true,,231,168,413,413,http://stload.se.ifmo.ru:8080/?token=518472196&&user=-1356113187&config=2,14507,0,3
1776059520770,14600,HTTP Request 2,200,OK,config 2 1-253,text,true,,231,168,415,415,http://stload.se.ifmo.ru:8080/?token=518472196&&user=-1356113187&config=2,14600,0,3
1776059524685,10715,HTTP Request 2,200,OK,config 2 1-42,text,true,,231,168,415,415,http://stload.se.ifmo.ru:8080/?token=518472196&&user=-1356113187&config=2,10715,0,0
1776059524685,10715,HTTP Request 2,200,OK,config 2 1-73,text,true,,231,168,415,415,http://stload.se.ifmo.ru:8080/?token=518472196&&user=-1356113187&config=2,10715,0,0
1776059524685,10715,HTTP Request 2,200,OK,config 2 1-24,text,true,,231,168,415,415,http://stload.se.ifmo.ru:8080/?token=518472196&&user=-1356113187&config=2,10715,0,0
1776059520808,14591,HTTP Request 2,200,OK,config 2 1-4,text,true,,231,168,415,415,http://stload.se.ifmo.ru:8080/?token=518472196&&user=-1356113187&config=2,14591,0,0
1776059520809,14590,HTTP Request 2,200,OK,config 2 1-5,text,true,,231,168,415,415,http://stload.se.ifmo.ru:8080/?token=518472196&&user=-1356113187&config=2,14590,0,0
1776059524685,10715,HTTP Request 2,200,OK,config 2 1-57,text,true,,231,168,415,415,http://stload.se.ifmo.ru:8080/?token=518472196&&user=-1356113187&config=2,10715,0,0
1776059520808,14591,HTTP Request 2,200,OK,config 2 1-37,text,true,,231,168,415,415,http://stload.se.ifmo.ru:8080/?token=518472196&&user=-1356113187&config=2,14591,0,0
1776059520809,14590,HTTP Request 2,200,OK,config 2 1-39,text,true,,231,168,415,415,http://stload.se.ifmo.ru:8080/?token=518472196&&user=-1356113187&config=2,14590,0,0
1776059520809,14590,HTTP Request 2,200,OK,config 2 1-22,text,true,,231,168,415,415,http://stload.se.ifmo.ru:8080/?token=518472196&&user=-1356113187&config=2,14590,0,0
1776059520809,14590,HTTP Request 2,200,OK,config 2 1-72,text,true,,231,168,415,415,http://stload.se.ifmo.ru:8080/?token=518472196&&user=-1356113187&config=2,14590,0,0
1776059520809,14590,HTTP Request 2,200,OK,config 2 1-174,text,true,,231,168,415,415,http://stload.se.ifmo.ru:8080/?token=518472196&&user=-1356113187&config=2,14590,0,0
1776059520808,14592,HTTP Request 2,200,OK,config 2 1-88,text,true,,231,168,415,415,http://stload.se.ifmo.ru:8080/?token=518472196&&user=-1356113187&config=2,14592,0,0
1776059520809,14591,HTTP Request 2,200,OK,config 2 1-170,text,true,,231,168,415,415,http://stload.se.ifmo.ru:8080/?token=518472196&&user=-1356113187&config=2,14591,0,0
1776059524642,10758,HTTP Request 2,200,OK,config 2 1-296,text,true,,231,168,415,415,http://stload.se.ifmo.ru:8080/?token=518472196&&user=-1356113187&config=2,10758,0,8
1776059524685,10715,HTTP Request 2,200,OK,config 2 1-93,text,true,,231,168,415,415,http://stload.se.ifmo.ru:8080/?token=518472196&&user=-1356113187&config=2,10715,0,0
1776059520809,14590,HTTP Request 2,200,OK,config 2 1-56,text,true,,231,168,415,415,http://stload.se.ifmo.ru:8080/?token=518472196&&user=-1356113187&config=2,14590,0,0
1776059520810,14590,HTTP Request 2,200,OK,config 2 1-3,text,true,,231,168,415,415,http://stload.se.ifmo.ru:8080/?token=518472196&&user=-1356113187&config=2,14590,0,0
1776059520810,14590,HTTP Request 2,200,OK,config 2 1-172,text,true,,231,168,415,415,http://stload.se.ifmo.ru:8080/?token=518472196&&user=-1356113187&config=2,14590,0,0
1776059524685,10715,HTTP Request 2,200,OK,config 2 1-25,text,true,,231,168,415,415,http://stload.se.ifmo.ru:8080/?token=518472196&&user=-1356113187&config=2,10715,0,0
1776059520809,14590,HTTP Request 2,200,OK,config 2 1-21,text,true,,231,168,415,415,http://stload.se.ifmo.ru:8080/?token=518472196&&user=-1356113187&config=2,14590,0,0
1776059520810,14590,HTTP Request 2,200,OK,config 2 1-173,text,true,,231,168,415,415,http://stload.se.ifmo.ru:8080/?token=518472196&&user=-1356113187&config=2,14590,0,0
1776059520860,14540,HTTP Request 2,200,OK,config 2 1-254,text,true,,231,168,415,415,http://stload.se.ifmo.ru:8080/?token=518472196&&user=-1356113187&config=2,14540,0,4
1776059524685,10715,HTTP Request 2,200,OK,config 2 1-7,text,true,,231,168,415,415,http://stload.se.ifmo.ru:8080/?token=518472196&&user=-1356113187&config=2,10715,0,0
1776059521219,14183,HTTP Request 2,200,OK,config 2 1-258,text,true,,231,168,415,415,http://stload.se.ifmo.ru:8080/?token=518472196&&user=-1356113187&config=2,14183,0,3
1776059520810,14592,HTTP Request 2,200,OK,config 2 1-171,text,true,,231,168,415,415,http://stload.se.ifmo.ru:8080/?token=518472196&&user=-1356113187&config=2,14592,0,0
1776059521309,14093,HTTP Request 2,200,OK,config 2 1-259,text,true,,231,168,415,415,http://stload.se.ifmo.ru:8080/?token=518472196&&user=-1356113187&config=2,14093,0,3
1776059520950,14452,HTTP Request 2,200,OK,config 2 1-255,text,true,,231,168,415,415,http://stload.se.ifmo.ru:8080/?token=518472196&&user=-1356113187&config=2,14452,0,5
1776059520811,14591,HTTP Request 2,200,OK,config 2 1-175,text,true,,231,168,415,415,http://stload.se.ifmo.ru:8080/?token=518472196&&user=-1356113187&config=2,14591,0,0
1776059521490,13912,HTTP Request 2,200,OK,config 2 1-261,text,true,,231,168,415,415,http://stload.se.ifmo.ru:8080/?token=518472196&&user=-1356113187&config=2,13912,0,3
1776059521399,14003,HTTP Request 2,200,OK,config 2 1-260,text,true,,231,168,415,415,http://stload.se.ifmo.ru:8080/?token=518472196&&user=-1356113187&config=2,14003,0,4
1776059521579,13823,HTTP Request 2,200,OK,config 2 1-262,text,true,,231,168,415,415,http://stload.se.ifmo.ru:8080/?token=518472196&&user=-1356113187&config=2,13823,0,3
1776059521041,14361,HTTP Request 2,200,OK,config 2 1-256,text,true,,231,168,415,415,http://stload.se.ifmo.ru:8080/?token=518472196&&user=-1356113187&config=2,14361,0,4
1776059521131,14271,HTTP Request 2,200,OK,config 2 1-257,text,true,,231,168,415,415,http://stload.se.ifmo.ru:8080/?token=518472196&&user=-1356113187&config=2,14271,0,17
1776059521669,13734,HTTP Request 2,200,OK,config 2 1-263,text,true,,231,168,415,415,http://stload.se.ifmo.ru:8080/?token=518472196&&user=-1356113187&config=2,13734,0,6
1776059521759,13644,HTTP Request 2,200,OK,config 2 1-264,text,true,,231,168,415,415,http://stload.se.ifmo.ru:8080/?token=518472196&&user=-1356113187&config=2,13644,0,5
1776059521850,13553,HTTP Request 2,200,OK,config 2 1-265,text,true,,231,168,415,415,http://stload.se.ifmo.ru:8080/?token=518472196&&user=-1356113187&config=2,13553,0,7
1776059522119,13284,HTTP Request 2,200,OK,config 2 1-268,text,true,,231,168,415,415,http://stload.se.ifmo.ru:8080/?token=518472196&&user=-1356113187&config=2,13284,0,27
1776059521940,13464,HTTP Request 2,200,OK,config 2 1-266,text,true,,231,168,415,415,http://stload.se.ifmo.ru:8080/?token=518472196&&user=-1356113187&config=2,13464,0,4
1776059522029,13375,HTTP Request 2,200,OK,config 2 1-267,text,true,,231,168,415,415,http://stload.se.ifmo.ru:8080/?token=518472196&&user=-1356113187&config=2,13375,0,81
1776059522301,15674,HTTP Request 2,200,OK,config 2 1-270,text,true,,231,168,444,444,http://stload.se.ifmo.ru:8080/?token=518472196&&user=-1356113187&config=2,15674,0,4
1776059522930,15046,HTTP Request 2,200,OK,config 2 1-277,text,true,,231,168,444,444,http://stload.se.ifmo.ru:8080/?token=518472196&&user=-1356113187&config=2,15045,0,4
1776059523200,14776,HTTP Request 2,200,OK,config 2 1-280,text,true,,231,168,444,444,http://stload.se.ifmo.ru:8080/?token=518472196&&user=-1356113187&config=2,14776,0,4
1776059522660,15315,HTTP Request 2,200,OK,config 2 1-274,text,true,,231,168,444,444,http://stload.se.ifmo.ru:8080/?token=518472196&&user=-1356113187&config=2,15315,0,7
1776059523831,14146,HTTP Request 2,200,OK,config 2 1-287,text,true,,231,168,444,444,http://stload.se.ifmo.ru:8080/?token=518472196&&user=-1356113187&config=2,14146,0,4
1776059522480,15495,HTTP Request 2,200,OK,config 2 1-272,text,true,,231,168,444,444,http://stload.se.ifmo.ru:8080/?token=518472196&&user=-1356113187&config=2,15495,0,5
1776059523740,14237,HTTP Request 2,200,OK,config 2 1-286,text,true,,231,168,444,444,http://stload.se.ifmo.ru:8080/?token=518472196&&user=-1356113187&config=2,14237,0,6
1776059522390,15586,HTTP Request 2,200,OK,config 2 1-271,text,true,,231,168,444,444,http://stload.se.ifmo.ru:8080/?token=518472196&&user=-1356113187&config=2,15585,0,5
1776059523292,14685,HTTP Request 2,200,OK,config 2 1-281,text,true,,231,168,444,444,http://stload.se.ifmo.ru:8080/?token=518472196&&user=-1356113187&config=2,14685,0,4
1776059523471,14506,HTTP Request 2,200,OK,config 2 1-283,text,true,,231,168,444,444,http://stload.se.ifmo.ru:8080/?token=518472196&&user=-1356113187&config=2,14506,0,3
1776059522210,15765,HTTP Request 2,200,OK,config 2 1-269,text,true,,231,168,444,444,http://stload.se.ifmo.ru:8080/?token=518472196&&user=-1356113187&config=2,15765,0,26
1776059522840,15136,HTTP Request 2,200,OK,config 2 1-276,text,true,,231,168,444,444,http://stload.se.ifmo.ru:8080/?token=518472196&&user=-1356113187&config=2,15135,0,9
1776059523382,14595,HTTP Request 2,200,OK,config 2 1-282,text,true,,231,168,444,444,http://stload.se.ifmo.ru:8080/?token=518472196&&user=-1356113187&config=2,14595,0,4
1776059522750,15226,HTTP Request 2,200,OK,config 2 1-275,text,true,,231,168,444,444,http://stload.se.ifmo.ru:8080/?token=518472196&&user=-1356113187&config=2,15225,0,5
1776059522571,15404,HTTP Request 2,200,OK,config 2 1-273,text,true,,231,168,444,444,http://stload.se.ifmo.ru:8080/?token=518472196&&user=-1356113187&config=2,15404,0,5
1776059523021,14955,HTTP Request 2,200,OK,config 2 1-278,text,true,,231,168,444,444,http://stload.se.ifmo.ru:8080/?token=518472196&&user=-1356113187&config=2,14955,0,4
1776059523651,14325,HTTP Request 2,200,OK,config 2 1-285,text,true,,231,168,444,444,http://stload.se.ifmo.ru:8080/?token=518472196&&user=-1356113187&config=2,14325,0,7
1776059523109,14867,HTTP Request 2,200,OK,config 2 1-279,text,true,,231,168,444,444,http://stload.se.ifmo.ru:8080/?token=518472196&&user=-1356113187&config=2,14867,0,5
1776059523561,14415,HTTP Request 2,200,OK,config 2 1-284,text,true,,231,168,444,444,http://stload.se.ifmo.ru:8080/?token=518472196&&user=-1356113187&config=2,14415,0,4
1776059523921,14058,HTTP Request 2,200,OK,config 2 1-288,text,true,,231,168,444,444,http://stload.se.ifmo.ru:8080/?token=518472196&&user=-1356113187&config=2,14058,0,5
1776059524011,13968,HTTP Request 2,200,OK,config 2 1-289,text,true,,231,168,444,444,http://stload.se.ifmo.ru:8080/?token=518472196&&user=-1356113187&config=2,13968,0,5
1776059528293,9891,HTTP Request 2,500,Internal Server Error,config 2 1-219,text,false,,233,168,446,446,http://stload.se.ifmo.ru:8080/?token=518472196&&user=-1356113187&config=2,9891,0,0
1776059528293,9891,HTTP Request 2,500,Internal Server Error,config 2 1-222,text,false,,233,168,446,446,http://stload.se.ifmo.ru:8080/?token=518472196&&user=-1356113187&config=2,9891,0,0
1776059528293,9891,HTTP Request 2,500,Internal Server Error,config 2 1-6,text,false,,233,168,446,446,http://stload.se.ifmo.ru:8080/?token=518472196&&user=-1356113187&config=2,9891,0,0
1776059528293,9891,HTTP Request 2,500,Internal Server Error,config 2 1-225,text,false,,233,168,446,446,http://stload.se.ifmo.ru:8080/?token=518472196&&user=-1356113187&config=2,9891,0,0
1776059528293,9891,HTTP Request 2,500,Internal Server Error,config 2 1-124,text,false,,233,168,446,446,http://stload.se.ifmo.ru:8080/?token=518472196&&user=-1356113187&config=2,9891,0,0
1776059528293,9891,HTTP Request 2,500,Internal Server Error,config 2 1-129,text,false,,233,168,446,446,http://stload.se.ifmo.ru:8080/?token=518472196&&user=-1356113187&config=2,9891,0,0
1776059528293,9891,HTTP Request 2,500,Internal Server Error,config 2 1-128,text,false,,233,168,446,446,http://stload.se.ifmo.ru:8080/?token=518472196&&user=-1356113187&config=2,9891,0,0
1776059528293,9891,HTTP Request 2,500,Internal Server Error,config 2 1-224,text,false,,233,168,446,446,http://stload.se.ifmo.ru:8080/?token=518472196&&user=-1356113187&config=2,9891,0,0
1776059528295,9889,HTTP Request 2,500,Internal Server Error,config 2 1-126,text,false,,233,168,446,446,http://stload.se.ifmo.ru:8080/?token=518472196&&user=-1356113187&config=2,9889,0,0
1776059528293,9891,HTTP Request 2,500,Internal Server Error,config 2 1-131,text,false,,233,168,446,446,http://stload.se.ifmo.ru:8080/?token=518472196&&user=-1356113187&config=2,9891,0,0
1776059528294,9890,HTTP Request 2,500,Internal Server Error,config 2 1-223,text,false,,233,168,446,446,http://stload.se.ifmo.ru:8080/?token=518472196&&user=-1356113187&config=2,9890,0,0
1776059528293,9891,HTTP Request 2,500,Internal Server Error,config 2 1-40,text,false,,233,168,446,446,http://stload.se.ifmo.ru:8080/?token=518472196&&user=-1356113187&config=2,9891,0,0
1776059528293,9891,HTTP Request 2,500,Internal Server Error,config 2 1-120,text,false,,233,168,446,446,http://stload.se.ifmo.ru:8080/?token=518472196&&user=-1356113187&config=2,9891,0,0
1776059528510,9675,HTTP Request 2,500,Internal Server Error,config 2 1-339,text,false,,233,168,446,446,http://stload.se.ifmo.ru:8080/?token=518472196&&user=-1356113187&config=2,9675,0,4
1776059528420,9765,HTTP Request 2,500,Internal Server Error,config 2 1-338,text,false,,233,168,446,446,http://stload.se.ifmo.ru:8080/?token=518472196&&user=-1356113187&config=2,9765,0,3
1776059528293,9892,HTTP Request 2,500,Internal Server Error,config 2 1-218,text,false,,233,168,446,446,http://stload.se.ifmo.ru:8080/?token=518472196&&user=-1356113187&config=2,9892,0,0
1776059528295,9890,HTTP Request 2,500,Internal Server Error,config 2 1-130,text,false,,233,168,446,446,http://stload.se.ifmo.ru:8080/?token=518472196&&user=-1356113187&config=2,9890,0,0
1776059528293,9891,HTTP Request 2,500,Internal Server Error,config 2 1-127,text,false,,233,168,446,446,http://stload.se.ifmo.ru:8080/?token=518472196&&user=-1356113187&config=2,9891,0,0
1776059528298,9887,HTTP Request 2,500,Internal Server Error,config 2 1-135,text,false,,233,168,446,446,http://stload.se.ifmo.ru:8080/?token=518472196&&user=-1356113187&config=2,9887,0,0
1776059528650,9535,HTTP Request 2,500,Internal Server Error,config 2 1-233,text,false,,233,168,446,446,http://stload.se.ifmo.ru:8080/?token=518472196&&user=-1356113187&config=2,9535,0,0
1776059528648,9538,HTTP Request 2,500,Internal Server Error,config 2 1-232,text,false,,233,168,446,446,http://stload.se.ifmo.ru:8080/?token=518472196&&user=-1356113187&config=2,9537,0,0
1776059528331,9855,HTTP Request 2,500,Internal Server Error,config 2 1-337,text,false,,233,168,446,446,http://stload.se.ifmo.ru:8080/?token=518472196&&user=-1356113187&config=2,9855,0,47
1776059528294,9892,HTTP Request 2,500,Internal Server Error,config 2 1-125,text,false,,233,168,446,446,http://stload.se.ifmo.ru:8080/?token=518472196&&user=-1356113187&config=2,9892,0,0
1776059528294,9892,HTTP Request 2,500,Internal Server Error,config 2 1-132,text,false,,233,168,446,446,http://stload.se.ifmo.ru:8080/?token=518472196&&user=-1356113187&config=2,9892,0,0
1776059528295,9892,HTTP Request 2,500,Internal Server Error,config 2 1-119,text,false,,233,168,446,446,http://stload.se.ifmo.ru:8080/?token=518472196&&user=-1356113187&config=2,9892,0,0
1776059528296,9891,HTTP Request 2,500,Internal Server Error,config 2 1-134,text,false,,233,168,446,446,http://stload.se.ifmo.ru:8080/?token=518472196&&user=-1356113187&config=2,9891,0,0
1776059528296,9892,HTTP Request 2,500,Internal Server Error,config 2 1-133,text,false,,233,168,446,446,http://stload.se.ifmo.ru:8080/?token=518472196&&user=-1356113187&config=2,9892,0,0
1776059528295,9893,HTTP Request 2,500,Internal Server Error,config 2 1-123,text,false,,233,168,446,446,http://stload.se.ifmo.ru:8080/?token=518472196&&user=-1356113187&config=2,9893,0,0
1776059528298,9890,HTTP Request 2,500,Internal Server Error,config 2 1-228,text,false,,233,168,446,446,http://stload.se.ifmo.ru:8080/?token=518472196&&user=-1356113187&config=2,9890,0,0
1776059528298,9890,HTTP Request 2,500,Internal Server Error,config 2 1-136,text,false,,233,168,446,446,http://stload.se.ifmo.ru:8080/?token=518472196&&user=-1356113187&config=2,9890,0,0
1776059528599,9589,HTTP Request 2,500,Internal Server Error,config 2 1-340,text,false,,233,168,446,446,http://stload.se.ifmo.ru:8080/?token=518472196&&user=-1356113187&config=2,9589,0,4
1776059524190,15310,HTTP Request 2,200,OK,config 2 1-291,text,true,,231,168,461,461,http://stload.se.ifmo.ru:8080/?token=518472196&&user=-1356113187&config=2,15310,0,4
1776059524105,15397,HTTP Request 2,200,OK,config 2 1-205,text,true,,231,168,461,461,http://stload.se.ifmo.ru:8080/?token=518472196&&user=-1356113187&config=2,15397,0,0
1776059524101,15401,HTTP Request 2,200,OK,config 2 1-290,text,true,,231,168,461,461,http://stload.se.ifmo.ru:8080/?token=518472196&&user=-1356113187&config=2,15401,0,7
1776059524325,15326,HTTP Request 2,200,OK,config 2 1-185,text,true,,231,168,462,462,http://stload.se.ifmo.ru:8080/?token=518472196&&user=-1356113187&config=2,15326,0,0
1776059524282,15369,HTTP Request 2,200,OK,config 2 1-292,text,true,,231,168,462,462,http://stload.se.ifmo.ru:8080/?token=518472196&&user=-1356113187&config=2,15369,0,4
1776059524325,15326,HTTP Request 2,200,OK,config 2 1-183,text,true,,231,168,462,462,http://stload.se.ifmo.ru:8080/?token=518472196&&user=-1356113187&config=2,15326,0,0
1776059524325,15326,HTTP Request 2,200,OK,config 2 1-181,text,true,,231,168,462,462,http://stload.se.ifmo.ru:8080/?token=518472196&&user=-1356113187&config=2,15326,0,0
1776059524551,15100,HTTP Request 2,200,OK,config 2 1-295,text,true,,231,168,462,462,http://stload.se.ifmo.ru:8080/?token=518472196&&user=-1356113187&config=2,15100,0,5
1776059524325,15326,HTTP Request 2,200,OK,config 2 1-182,text,true,,231,168,462,462,http://stload.se.ifmo.ru:8080/?token=518472196&&user=-1356113187&config=2,15326,0,0
1776059524325,15326,HTTP Request 2,200,OK,config 2 1-177,text,true,,231,168,462,462,http://stload.se.ifmo.ru:8080/?token=518472196&&user=-1356113187&config=2,15326,0,0
1776059524461,15190,HTTP Request 2,200,OK,config 2 1-294,text,true,,231,168,462,462,http://stload.se.ifmo.ru:8080/?token=518472196&&user=-1356113187&config=2,15190,0,4
1776059524326,15325,HTTP Request 2,200,OK,config 2 1-186,text,true,,231,168,462,462,http://stload.se.ifmo.ru:8080/?token=518472196&&user=-1356113187&config=2,15325,0,0
1776059524325,15326,HTTP Request 2,200,OK,config 2 1-178,text,true,,231,168,462,462,http://stload.se.ifmo.ru:8080/?token=518472196&&user=-1356113187&config=2,15326,0,0
1776059524325,15326,HTTP Request 2,200,OK,config 2 1-184,text,true,,231,168,462,462,http://stload.se.ifmo.ru:8080/?token=518472196&&user=-1356113187&config=2,15326,0,0
1776059524325,15326,HTTP Request 2,200,OK,config 2 1-179,text,true,,231,168,462,462,http://stload.se.ifmo.ru:8080/?token=518472196&&user=-1356113187&config=2,15326,0,0
1776059524326,15327,HTTP Request 2,200,OK,config 2 1-180,text,true,,231,168,462,462,http://stload.se.ifmo.ru:8080/?token=518472196&&user=-1356113187&config=2,15327,0,0
1776059524372,15281,HTTP Request 2,200,OK,config 2 1-293,text,true,,231,168,462,462,http://stload.se.ifmo.ru:8080/?token=518472196&&user=-1356113187&config=2,15281,0,4
1776059524325,15329,HTTP Request 2,200,OK,config 2 1-176,text,true,,231,168,462,462,http://stload.se.ifmo.ru:8080/?token=518472196&&user=-1356113187&config=2,15329,0,0
1776059524685,15437,HTTP Request 2,200,OK,config 2 1-54,text,true,,231,168,468,468,http://stload.se.ifmo.ru:8080/?token=518472196&&user=-1356113187&config=2,15437,0,0
1776059524686,15436,HTTP Request 2,200,OK,config 2 1-26,text,true,,231,168,468,468,http://stload.se.ifmo.ru:8080/?token=518472196&&user=-1356113187&config=2,15436,0,0
1776059524685,15437,HTTP Request 2,200,OK,config 2 1-8,text,true,,231,168,468,468,http://stload.se.ifmo.ru:8080/?token=518472196&&user=-1356113187&config=2,15437,0,0
1776059524686,15436,HTTP Request 2,200,OK,config 2 1-55,text,true,,231,168,468,468,http://stload.se.ifmo.ru:8080/?token=518472196&&user=-1356113187&config=2,15436,0,0
1776059524686,15436,HTTP Request 2,200,OK,config 2 1-206,text,true,,231,168,468,468,http://stload.se.ifmo.ru:8080/?token=518472196&&user=-1356113187&config=2,15436,0,0
1776059524686,15436,HTTP Request 2,200,OK,config 2 1-76,text,true,,231,168,468,468,http://stload.se.ifmo.ru:8080/?token=518472196&&user=-1356113187&config=2,15436,0,0
1776059524686,15436,HTTP Request 2,200,OK,config 2 1-59,text,true,,231,168,468,468,http://stload.se.ifmo.ru:8080/?token=518472196&&user=-1356113187&config=2,15436,0,0
1776059524686,15436,HTTP Request 2,200,OK,config 2 1-91,text,true,,231,168,468,468,http://stload.se.ifmo.ru:8080/?token=518472196&&user=-1356113187&config=2,15436,0,0
1776059524685,15437,HTTP Request 2,200,OK,config 2 1-77,text,true,,231,168,468,468,http://stload.se.ifmo.ru:8080/?token=518472196&&user=-1356113187&config=2,15437,0,0
1776059524687,15435,HTTP Request 2,200,OK,config 2 1-9,text,true,,231,168,468,468,http://stload.se.ifmo.ru:8080/?token=518472196&&user=-1356113187&config=2,15435,0,0
1776059524687,15435,HTTP Request 2,200,OK,config 2 1-60,text,true,,231,168,468,468,http://stload.se.ifmo.ru:8080/?token=518472196&&user=-1356113187&config=2,15435,0,0
1776059524685,15437,HTTP Request 2,200,OK,config 2 1-90,text,true,,231,168,468,468,http://stload.se.ifmo.ru:8080/?token=518472196&&user=-1356113187&config=2,15437,0,0
1776059524687,15435,HTTP Request 2,200,OK,config 2 1-58,text,true,,231,168,468,468,http://stload.se.ifmo.ru:8080/?token=518472196&&user=-1356113187&config=2,15435,0,0
1776059524686,15436,HTTP Request 2,200,OK,config 2 1-23,text,true,,231,168,468,468,http://stload.se.ifmo.ru:8080/?token=518472196&&user=-1356113187&config=2,15436,0,0
1776059524687,15436,HTTP Request 2,200,OK,config 2 1-75,text,true,,231,168,468,468,http://stload.se.ifmo.ru:8080/?token=518472196&&user=-1356113187&config=2,15436,0,0
1776059524686,15437,HTTP Request 2,200,OK,config 2 1-43,text,true,,231,168,468,468,http://stload.se.ifmo.ru:8080/?token=518472196&&user=-1356113187&config=2,15437,0,0
1776059524686,15437,HTTP Request 2,200,OK,config 2 1-207,text,true,,231,168,468,468,http://stload.se.ifmo.ru:8080/?token=518472196&&user=-1356113187&config=2,15437,0,0
1776059524688,15435,HTTP Request 2,200,OK,config 2 1-11,text,true,,231,168,468,468,http://stload.se.ifmo.ru:8080/?token=518472196&&user=-1356113187&config=2,15435,0,0
1776059524687,15436,HTTP Request 2,200,OK,config 2 1-208,text,true,,231,168,468,468,http://stload.se.ifmo.ru:8080/?token=518472196&&user=-1356113187&config=2,15436,0,0
1776059524688,15435,HTTP Request 2,200,OK,config 2 1-10,text,true,,231,168,468,468,http://stload.se.ifmo.ru:8080/?token=518472196&&user=-1356113187&config=2,15435,0,0
1776059524689,15434,HTTP Request 2,200,OK,config 2 1-27,text,true,,231,168,468,468,http://stload.se.ifmo.ru:8080/?token=518472196&&user=-1356113187&config=2,15434,0,0
1776059524689,15434,HTTP Request 2,200,OK,config 2 1-94,text,true,,231,168,468,468,http://stload.se.ifmo.ru:8080/?token=518472196&&user=-1356113187&config=2,15434,0,0
1776059524687,15436,HTTP Request 2,200,OK,config 2 1-41,text,true,,231,168,468,468,http://stload.se.ifmo.ru:8080/?token=518472196&&user=-1356113187&config=2,15436,0,0
1776059524689,15435,HTTP Request 2,200,OK,config 2 1-96,text,true,,231,168,468,468,http://stload.se.ifmo.ru:8080/?token=518472196&&user=-1356113187&config=2,15435,0,0
1776059524687,15437,HTTP Request 2,200,OK,config 2 1-92,text,true,,231,168,468,468,http://stload.se.ifmo.ru:8080/?token=518472196&&user=-1356113187&config=2,15437,0,0
1776059524687,15437,HTTP Request 2,200,OK,config 2 1-98,text,true,,231,168,468,468,http://stload.se.ifmo.ru:8080/?token=518472196&&user=-1356113187&config=2,15437,0,0
1776059524687,15437,HTTP Request 2,200,OK,config 2 1-61,text,true,,231,168,468,468,http://stload.se.ifmo.ru:8080/?token=518472196&&user=-1356113187&config=2,15437,0,0
1776059524689,15435,HTTP Request 2,200,OK,config 2 1-95,text,true,,231,168,468,468,http://stload.se.ifmo.ru:8080/?token=518472196&&user=-1356113187&config=2,15435,0,0
1776059524690,15434,HTTP Request 2,200,OK,config 2 1-84,text,true,,231,168,468,468,http://stload.se.ifmo.ru:8080/?token=518472196&&user=-1356113187&config=2,15434,0,0
1776059524690,15447,HTTP Request 2,200,OK,config 2 1-18,text,true,,231,168,468,468,http://stload.se.ifmo.ru:8080/?token=518472196&&user=-1356113187&config=2,15447,0,0
1776059525091,15046,HTTP Request 2,200,OK,config 2 1-301,text,true,,231,168,468,468,http://stload.se.ifmo.ru:8080/?token=518472196&&user=-1356113187&config=2,15046,0,4
1776059525180,14957,HTTP Request 2,200,OK,config 2 1-302,text,true,,231,168,468,468,http://stload.se.ifmo.ru:8080/?token=518472196&&user=-1356113187&config=2,14957,0,4
1776059524690,15434,HTTP Request 2,200,OK,config 2 1-29,text,true,,231,168,468,468,http://stload.se.ifmo.ru:8080/?token=518472196&&user=-1356113187&config=2,15434,0,0
1776059524690,15447,HTTP Request 2,200,OK,config 2 1-101,text,true,,231,168,468,468,http://stload.se.ifmo.ru:8080/?token=518472196&&user=-1356113187&config=2,15447,0,0
1776059524690,15447,HTTP Request 2,200,OK,config 2 1-1,text,true,,231,168,468,468,http://stload.se.ifmo.ru:8080/?token=518472196&&user=-1356113187&config=2,15447,0,0
1776059524690,15448,HTTP Request 2,200,OK,config 2 1-44,text,true,,231,168,468,468,http://stload.se.ifmo.ru:8080/?token=518472196&&user=-1356113187&config=2,15448,0,0
1776059524690,15448,HTTP Request 2,200,OK,config 2 1-100,text,true,,231,168,468,468,http://stload.se.ifmo.ru:8080/?token=518472196&&user=-1356113187&config=2,15448,0,0
1776059524731,15407,HTTP Request 2,200,OK,config 2 1-297,text,true,,231,168,468,468,http://stload.se.ifmo.ru:8080/?token=518472196&&user=-1356113187&config=2,15407,0,51
1776059524822,15316,HTTP Request 2,200,OK,config 2 1-298,text,true,,231,168,468,468,http://stload.se.ifmo.ru:8080/?token=518472196&&user=-1356113187&config=2,15316,0,47
1776059524911,15228,HTTP Request 2,200,OK,config 2 1-299,text,true,,231,168,468,468,http://stload.se.ifmo.ru:8080/?token=518472196&&user=-1356113187&config=2,15228,0,55
1776059525001,15138,HTTP Request 2,200,OK,config 2 1-300,text,true,,231,168,468,468,http://stload.se.ifmo.ru:8080/?token=518472196&&user=-1356113187&config=2,15138,0,20
1776059525242,15052,HTTP Request 2,200,OK,config 2 1-197,text,true,,231,168,469,469,http://stload.se.ifmo.ru:8080/?token=518472196&&user=-1356113187&config=2,15052,0,0
1776059525242,15052,HTTP Request 2,200,OK,config 2 1-191,text,true,,231,168,469,469,http://stload.se.ifmo.ru:8080/?token=518472196&&user=-1356113187&config=2,15052,0,0
1776059525242,15052,HTTP Request 2,200,OK,config 2 1-198,text,true,,231,168,469,469,http://stload.se.ifmo.ru:8080/?token=518472196&&user=-1356113187&config=2,15052,0,0
1776059525243,15051,HTTP Request 2,200,OK,config 2 1-109,text,true,,231,168,469,469,http://stload.se.ifmo.ru:8080/?token=518472196&&user=-1356113187&config=2,15051,0,0
1776059525243,15052,HTTP Request 2,200,OK,config 2 1-189,text,true,,231,168,469,469,http://stload.se.ifmo.ru:8080/?token=518472196&&user=-1356113187&config=2,15052,0,0
1776059525243,15052,HTTP Request 2,200,OK,config 2 1-211,text,true,,231,168,469,469,http://stload.se.ifmo.ru:8080/?token=518472196&&user=-1356113187&config=2,15052,0,0
1776059525243,15052,HTTP Request 2,200,OK,config 2 1-192,text,true,,231,168,469,469,http://stload.se.ifmo.ru:8080/?token=518472196&&user=-1356113187&config=2,15052,0,0
1776059525244,15051,HTTP Request 2,200,OK,config 2 1-193,text,true,,231,168,469,469,http://stload.se.ifmo.ru:8080/?token=518472196&&user=-1356113187&config=2,15051,0,0
1776059525244,15051,HTTP Request 2,200,OK,config 2 1-200,text,true,,231,168,469,469,http://stload.se.ifmo.ru:8080/?token=518472196&&user=-1356113187&config=2,15051,0,0
1776059525243,15052,HTTP Request 2,200,OK,config 2 1-114,text,true,,231,168,469,469,http://stload.se.ifmo.ru:8080/?token=518472196&&user=-1356113187&config=2,15052,0,0
1776059525245,15050,HTTP Request 2,200,OK,config 2 1-105,text,true,,231,168,469,469,http://stload.se.ifmo.ru:8080/?token=518472196&&user=-1356113187&config=2,15050,0,0
1776059525243,15052,HTTP Request 2,200,OK,config 2 1-155,text,true,,231,168,469,469,http://stload.se.ifmo.ru:8080/?token=518472196&&user=-1356113187&config=2,15052,0,0
1776059525242,15052,HTTP Request 2,200,OK,config 2 1-78,text,true,,231,168,469,469,http://stload.se.ifmo.ru:8080/?token=518472196&&user=-1356113187&config=2,15052,0,0
1776059525243,15051,HTTP Request 2,200,OK,config 2 1-148,text,true,,231,168,469,469,http://stload.se.ifmo.ru:8080/?token=518472196&&user=-1356113187&config=2,15051,0,0
1776059525246,15050,HTTP Request 2,200,OK,config 2 1-113,text,true,,231,168,469,469,http://stload.se.ifmo.ru:8080/?token=518472196&&user=-1356113187&config=2,15050,0,0
1776059525246,15050,HTTP Request 2,200,OK,config 2 1-106,text,true,,231,168,469,469,http://stload.se.ifmo.ru:8080/?token=518472196&&user=-1356113187&config=2,15050,0,0
1776059525244,15052,HTTP Request 2,200,OK,config 2 1-158,text,true,,231,168,469,469,http://stload.se.ifmo.ru:8080/?token=518472196&&user=-1356113187&config=2,15052,0,0
1776059525243,15052,HTTP Request 2,200,OK,config 2 1-110,text,true,,231,168,469,469,http://stload.se.ifmo.ru:8080/?token=518472196&&user=-1356113187&config=2,15051,0,0
1776059525242,15052,HTTP Request 2,200,OK,config 2 1-45,text,true,,231,168,469,469,http://stload.se.ifmo.ru:8080/?token=518472196&&user=-1356113187&config=2,15052,0,0
1776059525242,15052,HTTP Request 2,200,OK,config 2 1-188,text,true,,231,168,469,469,http://stload.se.ifmo.ru:8080/?token=518472196&&user=-1356113187&config=2,15052,0,0
1776059525242,15052,HTTP Request 2,200,OK,config 2 1-194,text,true,,231,168,469,469,http://stload.se.ifmo.ru:8080/?token=518472196&&user=-1356113187&config=2,15052,0,0
1776059525243,15051,HTTP Request 2,200,OK,config 2 1-71,text,true,,231,168,469,469,http://stload.se.ifmo.ru:8080/?token=518472196&&user=-1356113187&config=2,15051,0,0
1776059525244,15053,HTTP Request 2,200,OK,config 2 1-163,text,true,,231,168,469,469,http://stload.se.ifmo.ru:8080/?token=518472196&&user=-1356113187&config=2,15053,0,0
1776059525243,15053,HTTP Request 2,200,OK,config 2 1-196,text,true,,231,168,469,469,http://stload.se.ifmo.ru:8080/?token=518472196&&user=-1356113187&config=2,15053,0,0
1776059525244,15053,HTTP Request 2,200,OK,config 2 1-152,text,true,,231,168,469,469,http://stload.se.ifmo.ru:8080/?token=518472196&&user=-1356113187&config=2,15052,0,0
1776059525245,15052,HTTP Request 2,200,OK,config 2 1-107,text,true,,231,168,469,469,http://stload.se.ifmo.ru:8080/?token=518472196&&user=-1356113187&config=2,15052,0,0
1776059525242,15055,HTTP Request 2,200,OK,config 2 1-209,text,true,,231,168,469,469,http://stload.se.ifmo.ru:8080/?token=518472196&&user=-1356113187&config=2,15055,0,0
1776059525245,15052,HTTP Request 2,200,OK,config 2 1-137,text,true,,231,168,469,469,http://stload.se.ifmo.ru:8080/?token=518472196&&user=-1356113187&config=2,15052,0,8
1776059525245,15051,HTTP Request 2,200,OK,config 2 1-159,text,true,,231,168,469,469,http://stload.se.ifmo.ru:8080/?token=518472196&&user=-1356113187&config=2,15051,0,0
1776059525245,15051,HTTP Request 2,200,OK,config 2 1-150,text,true,,231,168,469,469,http://stload.se.ifmo.ru:8080/?token=518472196&&user=-1356113187&config=2,15051,0,0
1776059525245,15052,HTTP Request 2,200,OK,config 2 1-108,text,true,,231,168,469,469,http://stload.se.ifmo.ru:8080/?token=518472196&&user=-1356113187&config=2,15052,0,0
1776059525244,15053,HTTP Request 2,200,OK,config 2 1-160,text,true,,231,168,469,469,http://stload.se.ifmo.ru:8080/?token=518472196&&user=-1356113187&config=2,15053,0,0
1776059525242,15054,HTTP Request 2,200,OK,config 2 1-190,text,true,,231,168,469,469,http://stload.se.ifmo.ru:8080/?token=518472196&&user=-1356113187&config=2,15054,0,0
1776059525245,15052,HTTP Request 2,200,OK,config 2 1-230,text,true,,231,168,469,469,http://stload.se.ifmo.ru:8080/?token=518472196&&user=-1356113187&config=2,15052,0,8
1776059525247,15050,HTTP Request 2,200,OK,config 2 1-238,text,true,,231,168,469,469,http://stload.se.ifmo.ru:8080/?token=518472196&&user=-1356113187&config=2,15050,0,7
1776059525246,15051,HTTP Request 2,200,OK,config 2 1-20,text,true,,231,168,469,469,http://stload.se.ifmo.ru:8080/?token=518472196&&user=-1356113187&config=2,15051,0,0
1776059525244,15053,HTTP Request 2,200,OK,config 2 1-111,text,true,,231,168,469,469,http://stload.se.ifmo.ru:8080/?token=518472196&&user=-1356113187&config=2,15053,0,0
1776059525244,15054,HTTP Request 2,200,OK,config 2 1-112,text,true,,231,168,469,469,http://stload.se.ifmo.ru:8080/?token=518472196&&user=-1356113187&config=2,15054,0,0
1776059525243,15055,HTTP Request 2,200,OK,config 2 1-210,text,true,,231,168,469,469,http://stload.se.ifmo.ru:8080/?token=518472196&&user=-1356113187&config=2,15055,0,0
1776059525244,15054,HTTP Request 2,200,OK,config 2 1-151,text,true,,231,168,469,469,http://stload.se.ifmo.ru:8080/?token=518472196&&user=-1356113187&config=2,15054,0,0
1776059525246,15052,HTTP Request 2,200,OK,config 2 1-199,text,true,,231,168,469,469,http://stload.se.ifmo.ru:8080/?token=518472196&&user=-1356113187&config=2,15052,0,0
1776059525244,15054,HTTP Request 2,200,OK,config 2 1-202,text,true,,231,168,469,469,http://stload.se.ifmo.ru:8080/?token=518472196&&user=-1356113187&config=2,15054,0,0
1776059525244,15054,HTTP Request 2,200,OK,config 2 1-201,text,true,,231,168,469,469,http://stload.se.ifmo.ru:8080/?token=518472196&&user=-1356113187&config=2,15054,0,0
1776059525245,15053,HTTP Request 2,200,OK,config 2 1-147,text,true,,231,168,469,469,http://stload.se.ifmo.ru:8080/?token=518472196&&user=-1356113187&config=2,15053,0,0
1776059525244,15054,HTTP Request 2,200,OK,config 2 1-195,text,true,,231,168,469,469,http://stload.se.ifmo.ru:8080/?token=518472196&&user=-1356113187&config=2,15054,0,0
1776059525246,15052,HTTP Request 2,200,OK,config 2 1-229,text,true,,231,168,469,469,http://stload.se.ifmo.ru:8080/?token=518472196&&user=-1356113187&config=2,15052,0,8
1776059525248,15050,HTTP Request 2,200,OK,config 2 1-30,text,true,,231,168,469,469,http://stload.se.ifmo.ru:8080/?token=518472196&&user=-1356113187&config=2,15050,0,7
1776059525246,15051,HTTP Request 2,200,OK,config 2 1-89,text,true,,231,168,469,469,http://stload.se.ifmo.ru:8080/?token=518472196&&user=-1356113187&config=2,15051,0,0
1776059525248,15050,HTTP Request 2,200,OK,config 2 1-242,text,true,,231,168,469,469,http://stload.se.ifmo.ru:8080/?token=518472196&&user=-1356113187&config=2,15050,0,7
1776059525243,15056,HTTP Request 2,200,OK,config 2 1-187,text,true,,231,168,469,469,http://stload.se.ifmo.ru:8080/?token=518472196&&user=-1356113187&config=2,15056,0,0
1776059525247,15052,HTTP Request 2,200,OK,config 2 1-236,text,true,,231,168,469,469,http://stload.se.ifmo.ru:8080/?token=518472196&&user=-1356113187&config=2,15052,0,7
1776059525247,15052,HTTP Request 2,200,OK,config 2 1-240,text,true,,231,168,469,469,http://stload.se.ifmo.ru:8080/?token=518472196&&user=-1356113187&config=2,15052,0,7
1776059525247,15052,HTTP Request 2,200,OK,config 2 1-235,text,true,,231,168,469,469,http://stload.se.ifmo.ru:8080/?token=518472196&&user=-1356113187&config=2,15052,0,7
1776059525248,15051,HTTP Request 2,200,OK,config 2 1-32,text,true,,231,168,469,469,http://stload.se.ifmo.ru:8080/?token=518472196&&user=-1356113187&config=2,15051,0,8
1776059525248,15051,HTTP Request 2,200,OK,config 2 1-47,text,true,,231,168,469,469,http://stload.se.ifmo.ru:8080/?token=518472196&&user=-1356113187&config=2,15051,0,8
1776059525247,15052,HTTP Request 2,200,OK,config 2 1-239,text,true,,231,168,469,469,http://stload.se.ifmo.ru:8080/?token=518472196&&user=-1356113187&config=2,15052,0,8
1776059525248,15051,HTTP Request 2,200,OK,config 2 1-28,text,true,,231,168,469,469,http://stload.se.ifmo.ru:8080/?token=518472196&&user=-1356113187&config=2,15051,0,7
1776059525246,15054,HTTP Request 2,200,OK,config 2 1-234,text,true,,231,168,469,469,http://stload.se.ifmo.ru:8080/?token=518472196&&user=-1356113187&config=2,15054,0,8
1776059525246,15054,HTTP Request 2,200,OK,config 2 1-231,text,true,,231,168,469,469,http://stload.se.ifmo.ru:8080/?token=518472196&&user=-1356113187&config=2,15054,0,8
1776059525247,15053,HTTP Request 2,200,OK,config 2 1-237,text,true,,231,168,469,469,http://stload.se.ifmo.ru:8080/?token=518472196&&user=-1356113187&config=2,15053,0,8
1776059525248,15052,HTTP Request 2,200,OK,config 2 1-97,text,true,,231,168,469,469,http://stload.se.ifmo.ru:8080/?token=518472196&&user=-1356113187&config=2,15052,0,7
1776059525631,14669,HTTP Request 2,200,OK,config 2 1-307,text,true,,231,168,470,470,http://stload.se.ifmo.ru:8080/?token=518472196&&user=-1356113187&config=2,14669,0,2
1776059525811,14489,HTTP Request 2,200,OK,config 2 1-309,text,true,,231,168,470,470,http://stload.se.ifmo.ru:8080/?token=518472196&&user=-1356113187&config=2,14489,0,4
1776059525270,15030,HTTP Request 2,200,OK,config 2 1-303,text,true,,231,168,470,470,http://stload.se.ifmo.ru:8080/?token=518472196&&user=-1356113187&config=2,15030,0,117
1776059525248,15052,HTTP Request 2,200,OK,config 2 1-241,text,true,,231,168,469,469,http://stload.se.ifmo.ru:8080/?token=518472196&&user=-1356113187&config=2,15052,0,7
1776059525540,14760,HTTP Request 2,200,OK,config 2 1-306,text,true,,231,168,470,470,http://stload.se.ifmo.ru:8080/?token=518472196&&user=-1356113187&config=2,14760,0,3
1776059526080,14220,HTTP Request 2,200,OK,config 2 1-312,text,true,,231,168,470,470,http://stload.se.ifmo.ru:8080/?token=518472196&&user=-1356113187&config=2,14220,0,23
1776059525248,15052,HTTP Request 2,200,OK,config 2 1-99,text,true,,231,168,469,469,http://stload.se.ifmo.ru:8080/?token=518472196&&user=-1356113187&config=2,15052,0,7
1776059525991,14309,HTTP Request 2,200,OK,config 2 1-311,text,true,,231,168,470,470,http://stload.se.ifmo.ru:8080/?token=518472196&&user=-1356113187&config=2,14309,0,3
1776059525248,15052,HTTP Request 2,200,OK,config 2 1-102,text,true,,231,168,470,470,http://stload.se.ifmo.ru:8080/?token=518472196&&user=-1356113187&config=2,15052,0,7
1776059525249,15051,HTTP Request 2,200,OK,config 2 1-68,text,true,,231,168,470,470,http://stload.se.ifmo.ru:8080/?token=518472196&&user=-1356113187&config=2,15051,0,7
1776059525721,14579,HTTP Request 2,200,OK,config 2 1-308,text,true,,231,168,470,470,http://stload.se.ifmo.ru:8080/?token=518472196&&user=-1356113187&config=2,14579,0,4
1776059525362,14938,HTTP Request 2,200,OK,config 2 1-304,text,true,,231,168,470,470,http://stload.se.ifmo.ru:8080/?token=518472196&&user=-1356113187&config=2,14938,0,28
1776059526261,14040,HTTP Request 2,200,OK,config 2 1-314,text,true,,231,168,470,470,http://stload.se.ifmo.ru:8080/?token=518472196&&user=-1356113187&config=2,14040,0,3
1776059525450,14851,HTTP Request 2,200,OK,config 2 1-305,text,true,,231,168,470,470,http://stload.se.ifmo.ru:8080/?token=518472196&&user=-1356113187&config=2,14851,0,4
1776059526351,13950,HTTP Request 2,200,OK,config 2 1-315,text,true,,231,168,470,470,http://stload.se.ifmo.ru:8080/?token=518472196&&user=-1356113187&config=2,13950,0,3
1776059525902,14399,HTTP Request 2,200,OK,config 2 1-310,text,true,,231,168,470,470,http://stload.se.ifmo.ru:8080/?token=518472196&&user=-1356113187&config=2,14399,0,3
1776059526171,14130,HTTP Request 2,200,OK,config 2 1-313,text,true,,231,168,470,470,http://stload.se.ifmo.ru:8080/?token=518472196&&user=-1356113187&config=2,14130,0,3
1776059526445,13856,HTTP Request 2,200,OK,config 2 1-204,text,true,,231,168,470,470,http://stload.se.ifmo.ru:8080/?token=518472196&&user=-1356113187&config=2,13856,0,0
1776059526441,13860,HTTP Request 2,200,OK,config 2 1-316,text,true,,231,168,470,470,http://stload.se.ifmo.ru:8080/?token=518472196&&user=-1356113187&config=2,13860,0,5
1776059526445,13856,HTTP Request 2,200,OK,config 2 1-203,text,true,,231,168,470,470,http://stload.se.ifmo.ru:8080/?token=518472196&&user=-1356113187&config=2,13856,0,0
1776059526711,13941,HTTP Request 2,200,OK,config 2 1-319,text,true,,231,168,473,473,http://stload.se.ifmo.ru:8080/?token=518472196&&user=-1356113187&config=2,13941,0,4
1776059526620,14032,HTTP Request 2,200,OK,config 2 1-318,text,true,,231,168,473,473,http://stload.se.ifmo.ru:8080/?token=518472196&&user=-1356113187&config=2,14032,0,3
1776059526980,13672,HTTP Request 2,200,OK,config 2 1-322,text,true,,231,168,473,473,http://stload.se.ifmo.ru:8080/?token=518472196&&user=-1356113187&config=2,13672,0,3
1776059527432,13220,HTTP Request 2,200,OK,config 2 1-327,text,true,,231,168,473,473,http://stload.se.ifmo.ru:8080/?token=518472196&&user=-1356113187&config=2,13220,0,4
1776059527521,13131,HTTP Request 2,200,OK,config 2 1-328,text,true,,231,168,473,473,http://stload.se.ifmo.ru:8080/?token=518472196&&user=-1356113187&config=2,13131,0,4
1776059527071,13581,HTTP Request 2,200,OK,config 2 1-323,text,true,,231,168,473,473,http://stload.se.ifmo.ru:8080/?token=518472196&&user=-1356113187&config=2,13581,0,3
1776059526890,13762,HTTP Request 2,200,OK,config 2 1-321,text,true,,231,168,473,473,http://stload.se.ifmo.ru:8080/?token=518472196&&user=-1356113187&config=2,13762,0,2
1776059527251,13401,HTTP Request 2,200,OK,config 2 1-325,text,true,,231,168,473,473,http://stload.se.ifmo.ru:8080/?token=518472196&&user=-1356113187&config=2,13401,0,3
1776059526530,14122,HTTP Request 2,200,OK,config 2 1-317,text,true,,231,168,473,473,http://stload.se.ifmo.ru:8080/?token=518472196&&user=-1356113187&config=2,14122,0,3
1776059526801,13851,HTTP Request 2,200,OK,config 2 1-320,text,true,,231,168,473,473,http://stload.se.ifmo.ru:8080/?token=518472196&&user=-1356113187&config=2,13851,0,2
1776059527161,13493,HTTP Request 2,200,OK,config 2 1-324,text,true,,231,168,473,473,http://stload.se.ifmo.ru:8080/?token=518472196&&user=-1356113187&config=2,13493,0,3
1776059527341,13313,HTTP Request 2,200,OK,config 2 1-326,text,true,,231,168,473,473,http://stload.se.ifmo.ru:8080/?token=518472196&&user=-1356113187&config=2,13313,0,4
1776059527611,13043,HTTP Request 2,200,OK,config 2 1-329,text,true,,231,168,473,473,http://stload.se.ifmo.ru:8080/?token=518472196&&user=-1356113187&config=2,13043,0,54
1776059528150,13153,HTTP Request 2,200,OK,config 2 1-335,text,true,,231,168,481,481,http://stload.se.ifmo.ru:8080/?token=518472196&&user=-1356113187&config=2,13153,0,8
1776059527791,13512,HTTP Request 2,200,OK,config 2 1-331,text,true,,231,168,481,481,http://stload.se.ifmo.ru:8080/?token=518472196&&user=-1356113187&config=2,13512,0,87
1776059527702,13601,HTTP Request 2,200,OK,config 2 1-330,text,true,,231,168,481,481,http://stload.se.ifmo.ru:8080/?token=518472196&&user=-1356113187&config=2,13600,0,86
1776059528061,13242,HTTP Request 2,200,OK,config 2 1-334,text,true,,231,168,481,481,http://stload.se.ifmo.ru:8080/?token=518472196&&user=-1356113187&config=2,13242,0,3
1776059528204,13098,HTTP Request 2,200,OK,config 2 1-144,text,true,,231,168,481,481,http://stload.se.ifmo.ru:8080/?token=518472196&&user=-1356113187&config=2,13098,0,0
1776059528204,13098,HTTP Request 2,200,OK,config 2 1-145,text,true,,231,168,481,481,http://stload.se.ifmo.ru:8080/?token=518472196&&user=-1356113187&config=2,13098,0,0
1776059528204,13098,HTTP Request 2,200,OK,config 2 1-156,text,true,,231,168,481,481,http://stload.se.ifmo.ru:8080/?token=518472196&&user=-1356113187&config=2,13098,0,0
1776059528204,13098,HTTP Request 2,200,OK,config 2 1-154,text,true,,231,168,481,481,http://stload.se.ifmo.ru:8080/?token=518472196&&user=-1356113187&config=2,13098,0,0
1776059528204,13098,HTTP Request 2,200,OK,config 2 1-149,text,true,,231,168,481,481,http://stload.se.ifmo.ru:8080/?token=518472196&&user=-1356113187&config=2,13098,0,0
1776059527972,13331,HTTP Request 2,200,OK,config 2 1-333,text,true,,231,168,481,481,http://stload.se.ifmo.ru:8080/?token=518472196&&user=-1356113187&config=2,13331,0,8
1776059528205,13097,HTTP Request 2,200,OK,config 2 1-213,text,true,,231,168,481,481,http://stload.se.ifmo.ru:8080/?token=518472196&&user=-1356113187&config=2,13097,0,0
1776059528205,13097,HTTP Request 2,200,OK,config 2 1-161,text,true,,231,168,481,481,http://stload.se.ifmo.ru:8080/?token=518472196&&user=-1356113187&config=2,13097,0,0
1776059528204,13098,HTTP Request 2,200,OK,config 2 1-153,text,true,,231,168,481,481,http://stload.se.ifmo.ru:8080/?token=518472196&&user=-1356113187&config=2,13098,0,0
1776059527881,13422,HTTP Request 2,200,OK,config 2 1-332,text,true,,231,168,481,481,http://stload.se.ifmo.ru:8080/?token=518472196&&user=-1356113187&config=2,13422,0,97
1776059528204,13098,HTTP Request 2,200,OK,config 2 1-142,text,true,,231,168,481,481,http://stload.se.ifmo.ru:8080/?token=518472196&&user=-1356113187&config=2,13098,0,0
1776059528207,13097,HTTP Request 2,200,OK,config 2 1-146,text,true,,231,168,481,481,http://stload.se.ifmo.ru:8080/?token=518472196&&user=-1356113187&config=2,13097,0,0
1776059528205,13099,HTTP Request 2,200,OK,config 2 1-157,text,true,,231,168,481,481,http://stload.se.ifmo.ru:8080/?token=518472196&&user=-1356113187&config=2,13099,0,0
1776059528205,13099,HTTP Request 2,200,OK,config 2 1-165,text,true,,231,168,481,481,http://stload.se.ifmo.ru:8080/?token=518472196&&user=-1356113187&config=2,13099,0,0
1776059528204,13100,HTTP Request 2,200,OK,config 2 1-143,text,true,,231,168,481,481,http://stload.se.ifmo.ru:8080/?token=518472196&&user=-1356113187&config=2,13100,0,0
1776059528207,13097,HTTP Request 2,200,OK,config 2 1-212,text,true,,231,168,481,481,http://stload.se.ifmo.ru:8080/?token=518472196&&user=-1356113187&config=2,13097,0,0
1776059528205,13099,HTTP Request 2,200,OK,config 2 1-162,text,true,,231,168,481,481,http://stload.se.ifmo.ru:8080/?token=518472196&&user=-1356113187&config=2,13099,0,0
1776059528292,13012,HTTP Request 2,200,OK,config 2 1-117,text,true,,231,168,481,481,http://stload.se.ifmo.ru:8080/?token=518472196&&user=-1356113187&config=2,13012,0,0
1776059528205,13099,HTTP Request 2,200,OK,config 2 1-164,text,true,,231,168,481,481,http://stload.se.ifmo.ru:8080/?token=518472196&&user=-1356113187&config=2,13099,0,0
1776059528292,13012,HTTP Request 2,200,OK,config 2 1-226,text,true,,231,168,481,481,http://stload.se.ifmo.ru:8080/?token=518472196&&user=-1356113187&config=2,13012,0,0
1776059528292,13012,HTTP Request 2,200,OK,config 2 1-122,text,true,,231,168,481,481,http://stload.se.ifmo.ru:8080/?token=518472196&&user=-1356113187&config=2,13012,0,0
1776059528239,13065,HTTP Request 2,200,OK,config 2 1-336,text,true,,231,168,481,481,http://stload.se.ifmo.ru:8080/?token=518472196&&user=-1356113187&config=2,13065,0,52
1776059528292,13012,HTTP Request 2,200,OK,config 2 1-74,text,true,,231,168,481,481,http://stload.se.ifmo.ru:8080/?token=518472196&&user=-1356113187&config=2,13012,0,0
1776059528292,13012,HTTP Request 2,200,OK,config 2 1-217,text,true,,231,168,481,481,http://stload.se.ifmo.ru:8080/?token=518472196&&user=-1356113187&config=2,13012,0,0
1776059528292,13012,HTTP Request 2,200,OK,config 2 1-215,text,true,,231,168,481,481,http://stload.se.ifmo.ru:8080/?token=518472196&&user=-1356113187&config=2,13012,0,0
1776059528292,13012,HTTP Request 2,200,OK,config 2 1-121,text,true,,231,168,481,481,http://stload.se.ifmo.ru:8080/?token=518472196&&user=-1356113187&config=2,13012,0,0
1776059528292,13013,HTTP Request 2,200,OK,config 2 1-221,text,true,,231,168,481,481,http://stload.se.ifmo.ru:8080/?token=518472196&&user=-1356113187&config=2,13012,0,0
1776059528292,13013,HTTP Request 2,200,OK,config 2 1-214,text,true,,231,168,481,481,http://stload.se.ifmo.ru:8080/?token=518472196&&user=-1356113187&config=2,13013,0,0
1776059528292,13014,HTTP Request 2,200,OK,config 2 1-116,text,true,,231,168,481,481,http://stload.se.ifmo.ru:8080/?token=518472196&&user=-1356113187&config=2,13014,0,0
1776059528293,13014,HTTP Request 2,200,OK,config 2 1-220,text,true,,231,168,481,481,http://stload.se.ifmo.ru:8080/?token=518472196&&user=-1356113187&config=2,13014,0,0
1776059528292,13015,HTTP Request 2,200,OK,config 2 1-227,text,true,,231,168,481,481,http://stload.se.ifmo.ru:8080/?token=518472196&&user=-1356113187&config=2,13015,0,0
1776059528293,13014,HTTP Request 2,200,OK,config 2 1-216,text,true,,231,168,481,481,http://stload.se.ifmo.ru:8080/?token=518472196&&user=-1356113187&config=2,13014,0,0
1776059528293,13014,HTTP Request 2,200,OK,config 2 1-118,text,true,,231,168,481,481,http://stload.se.ifmo.ru:8080/?token=518472196&&user=-1356113187&config=2,13014,0,0
1776059528713,15450,HTTP Request 2,200,OK,config 2 1-48,text,true,,231,168,512,512,http://stload.se.ifmo.ru:8080/?token=518472196&&user=-1356113187&config=2,15450,0,0
1776059528713,15450,HTTP Request 2,200,OK,config 2 1-16,text,true,,231,168,512,512,http://stload.se.ifmo.ru:8080/?token=518472196&&user=-1356113187&config=2,15450,0,0
1776059528712,15451,HTTP Request 2,200,OK,config 2 1-63,text,true,,231,168,512,512,http://stload.se.ifmo.ru:8080/?token=518472196&&user=-1356113187&config=2,15451,0,0
1776059528715,15448,HTTP Request 2,200,OK,config 2 1-65,text,true,,231,168,512,512,http://stload.se.ifmo.ru:8080/?token=518472196&&user=-1356113187&config=2,15448,0,0
1776059528713,15450,HTTP Request 2,200,OK,config 2 1-168,text,true,,231,168,512,512,http://stload.se.ifmo.ru:8080/?token=518472196&&user=-1356113187&config=2,15450,0,0
1776059528712,15452,HTTP Request 2,200,OK,config 2 1-243,text,true,,231,168,512,512,http://stload.se.ifmo.ru:8080/?token=518472196&&user=-1356113187&config=2,15452,0,0
1776059528713,15451,HTTP Request 2,200,OK,config 2 1-81,text,true,,231,168,512,512,http://stload.se.ifmo.ru:8080/?token=518472196&&user=-1356113187&config=2,15451,0,0
1776059528713,15451,HTTP Request 2,200,OK,config 2 1-52,text,true,,231,168,512,512,http://stload.se.ifmo.ru:8080/?token=518472196&&user=-1356113187&config=2,15451,0,0
1776059529049,15115,HTTP Request 2,200,OK,config 2 1-345,text,true,,231,168,512,512,http://stload.se.ifmo.ru:8080/?token=518472196&&user=-1356113187&config=2,15115,0,3
1776059528689,15474,HTTP Request 2,200,OK,config 2 1-341,text,true,,231,168,512,512,http://stload.se.ifmo.ru:8080/?token=518472196&&user=-1356113187&config=2,15474,0,4
1776059528712,15451,HTTP Request 2,200,OK,config 2 1-15,text,true,,231,168,512,512,http://stload.se.ifmo.ru:8080/?token=518472196&&user=-1356113187&config=2,15451,0,0
1776059528712,15452,HTTP Request 2,200,OK,config 2 1-34,text,true,,231,168,512,512,http://stload.se.ifmo.ru:8080/?token=518472196&&user=-1356113187&config=2,15452,0,0
1776059528715,15449,HTTP Request 2,200,OK,config 2 1-49,text,true,,231,168,512,512,http://stload.se.ifmo.ru:8080/?token=518472196&&user=-1356113187&config=2,15449,0,0
1776059528715,15449,HTTP Request 2,200,OK,config 2 1-31,text,true,,231,168,512,512,http://stload.se.ifmo.ru:8080/?token=518472196&&user=-1356113187&config=2,15449,0,0
1776059529138,15026,HTTP Request 2,200,OK,config 2 1-346,text,true,,231,168,512,512,http://stload.se.ifmo.ru:8080/?token=518472196&&user=-1356113187&config=2,15026,0,4
1776059528781,15383,HTTP Request 2,200,OK,config 2 1-342,text,true,,231,168,512,512,http://stload.se.ifmo.ru:8080/?token=518472196&&user=-1356113187&config=2,15383,0,3
1776059528785,15379,HTTP Request 2,200,OK,config 2 1-167,text,true,,231,168,512,512,http://stload.se.ifmo.ru:8080/?token=518472196&&user=-1356113187&config=2,15379,0,0
1776059528870,15294,HTTP Request 2,200,OK,config 2 1-343,text,true,,231,168,512,512,http://stload.se.ifmo.ru:8080/?token=518472196&&user=-1356113187&config=2,15294,0,44
1776059528713,15452,HTTP Request 2,200,OK,config 2 1-66,text,true,,231,168,512,512,http://stload.se.ifmo.ru:8080/?token=518472196&&user=-1356113187&config=2,15452,0,0
1776059528959,15209,HTTP Request 2,200,OK,config 2 1-344,text,true,,231,168,512,512,http://stload.se.ifmo.ru:8080/?token=518472196&&user=-1356113187&config=2,15209,0,4
1776059529229,14939,HTTP Request 2,200,OK,config 2 1-347,text,true,,231,168,512,512,http://stload.se.ifmo.ru:8080/?token=518472196&&user=-1356113187&config=2,14939,0,5
1776059529320,14848,HTTP Request 2,200,OK,config 2 1-348,text,true,,231,168,512,512,http://stload.se.ifmo.ru:8080/?token=518472196&&user=-1356113187&config=2,14848,0,3
1776059531119,13738,HTTP Request 2,200,OK,config 2 1-368,text,true,,231,168,520,520,http://stload.se.ifmo.ru:8080/?token=518472196&&user=-1356113187&config=2,13738,0,4
1776059531299,13558,HTTP Request 2,200,OK,config 2 1-370,text,true,,231,168,520,520,http://stload.se.ifmo.ru:8080/?token=518472196&&user=-1356113187&config=2,13558,0,5
1776059531209,13648,HTTP Request 2,200,OK,config 2 1-369,text,true,,231,168,520,520,http://stload.se.ifmo.ru:8080/?token=518472196&&user=-1356113187&config=2,13648,0,4
1776059531030,13827,HTTP Request 2,200,OK,config 2 1-367,text,true,,231,168,520,520,http://stload.se.ifmo.ru:8080/?token=518472196&&user=-1356113187&config=2,13827,0,4
1776059531391,13468,HTTP Request 2,200,OK,config 2 1-371,text,true,,231,168,520,520,http://stload.se.ifmo.ru:8080/?token=518472196&&user=-1356113187&config=2,13468,0,4
1776059531481,13378,HTTP Request 2,200,OK,config 2 1-372,text,true,,231,168,520,520,http://stload.se.ifmo.ru:8080/?token=518472196&&user=-1356113187&config=2,13378,0,5
1776059531570,13289,HTTP Request 2,200,OK,config 2 1-373,text,true,,231,168,520,520,http://stload.se.ifmo.ru:8080/?token=518472196&&user=-1356113187&config=2,13289,0,5
1776059531750,13109,HTTP Request 2,200,OK,config 2 1-375,text,true,,231,168,520,520,http://stload.se.ifmo.ru:8080/?token=518472196&&user=-1356113187&config=2,13109,0,5
1776059531659,13200,HTTP Request 2,200,OK,config 2 1-374,text,true,,231,168,520,520,http://stload.se.ifmo.ru:8080/?token=518472196&&user=-1356113187&config=2,13200,0,6
1776059531841,13019,HTTP Request 2,200,OK,config 2 1-376,text,true,,231,168,520,520,http://stload.se.ifmo.ru:8080/?token=518472196&&user=-1356113187&config=2,13019,0,3
1776059529409,16437,HTTP Request 2,200,OK,config 2 1-349,text,true,,231,168,531,531,http://stload.se.ifmo.ru:8080/?token=518472196&&user=-1356113187&config=2,16437,0,3
1776059529445,16422,HTTP Request 2,200,OK,config 2 1-35,text,true,,231,168,531,531,http://stload.se.ifmo.ru:8080/?token=518472196&&user=-1356113187&config=2,16422,0,0
1776059529441,16426,HTTP Request 2,200,OK,config 2 1-86,text,true,,231,168,531,531,http://stload.se.ifmo.ru:8080/?token=518472196&&user=-1356113187&config=2,16426,0,0
1776059529441,16426,HTTP Request 2,200,OK,config 2 1-166,text,true,,231,168,531,531,http://stload.se.ifmo.ru:8080/?token=518472196&&user=-1356113187&config=2,16426,0,0
1776059529441,16426,HTTP Request 2,200,OK,config 2 1-12,text,true,,231,168,531,531,http://stload.se.ifmo.ru:8080/?token=518472196&&user=-1356113187&config=2,16426,0,0
1776059529445,16422,HTTP Request 2,200,OK,config 2 1-46,text,true,,231,168,531,531,http://stload.se.ifmo.ru:8080/?token=518472196&&user=-1356113187&config=2,16422,0,0
1776059529441,16426,HTTP Request 2,200,OK,config 2 1-82,text,true,,231,168,531,531,http://stload.se.ifmo.ru:8080/?token=518472196&&user=-1356113187&config=2,16426,0,0
1776059529440,16427,HTTP Request 2,200,OK,config 2 1-85,text,true,,231,168,531,531,http://stload.se.ifmo.ru:8080/?token=518472196&&user=-1356113187&config=2,16427,0,0
1776059529445,16422,HTTP Request 2,200,OK,config 2 1-2,text,true,,231,168,531,531,http://stload.se.ifmo.ru:8080/?token=518472196&&user=-1356113187&config=2,16422,0,0
1776059529445,16422,HTTP Request 2,200,OK,config 2 1-79,text,true,,231,168,531,531,http://stload.se.ifmo.ru:8080/?token=518472196&&user=-1356113187&config=2,16422,0,0
1776059529445,16423,HTTP Request 2,200,OK,config 2 1-104,text,true,,231,168,531,531,http://stload.se.ifmo.ru:8080/?token=518472196&&user=-1356113187&config=2,16423,0,0
1776059529445,16423,HTTP Request 2,200,OK,config 2 1-38,text,true,,231,168,531,531,http://stload.se.ifmo.ru:8080/?token=518472196&&user=-1356113187&config=2,16423,0,0
1776059529449,16420,HTTP Request 2,200,OK,config 2 1-70,text,true,,231,168,531,531,http://stload.se.ifmo.ru:8080/?token=518472196&&user=-1356113187&config=2,16420,0,0
1776059529449,16420,HTTP Request 2,200,OK,config 2 1-53,text,true,,231,168,531,531,http://stload.se.ifmo.ru:8080/?token=518472196&&user=-1356113187&config=2,16420,0,0
1776059529445,16424,HTTP Request 2,200,OK,config 2 1-64,text,true,,231,168,531,531,http://stload.se.ifmo.ru:8080/?token=518472196&&user=-1356113187&config=2,16424,0,0
1776059529445,16424,HTTP Request 2,200,OK,config 2 1-36,text,true,,231,168,531,531,http://stload.se.ifmo.ru:8080/?token=518472196&&user=-1356113187&config=2,16424,0,0
1776059529445,16424,HTTP Request 2,200,OK,config 2 1-169,text,true,,231,168,531,531,http://stload.se.ifmo.ru:8080/?token=518472196&&user=-1356113187&config=2,16424,0,0
1776059529679,16190,HTTP Request 2,200,OK,config 2 1-352,text,true,,231,168,531,531,http://stload.se.ifmo.ru:8080/?token=518472196&&user=-1356113187&config=2,16190,0,5
1776059529499,16370,HTTP Request 2,200,OK,config 2 1-350,text,true,,231,168,531,531,http://stload.se.ifmo.ru:8080/?token=518472196&&user=-1356113187&config=2,16370,0,119
1776059529769,16101,HTTP Request 2,200,OK,config 2 1-353,text,true,,231,168,531,531,http://stload.se.ifmo.ru:8080/?token=518472196&&user=-1356113187&config=2,16101,0,4
1776059529449,16421,HTTP Request 2,200,OK,config 2 1-87,text,true,,231,168,531,531,http://stload.se.ifmo.ru:8080/?token=518472196&&user=-1356113187&config=2,16421,0,0
1776059530039,15831,HTTP Request 2,200,OK,config 2 1-356,text,true,,231,168,531,531,http://stload.se.ifmo.ru:8080/?token=518472196&&user=-1356113187&config=2,15831,0,90
1776059529589,16281,HTTP Request 2,200,OK,config 2 1-351,text,true,,231,168,531,531,http://stload.se.ifmo.ru:8080/?token=518472196&&user=-1356113187&config=2,16281,0,32
1776059529950,15920,HTTP Request 2,200,OK,config 2 1-355,text,true,,231,168,531,531,http://stload.se.ifmo.ru:8080/?token=518472196&&user=-1356113187&config=2,15920,0,4
1776059530580,15290,HTTP Request 2,200,OK,config 2 1-362,text,true,,231,168,531,531,http://stload.se.ifmo.ru:8080/?token=518472196&&user=-1356113187&config=2,15290,0,8
1776059530401,15469,HTTP Request 2,200,OK,config 2 1-360,text,true,,231,168,531,531,http://stload.se.ifmo.ru:8080/?token=518472196&&user=-1356113187&config=2,15469,0,115
1776059530130,15740,HTTP Request 2,200,OK,config 2 1-357,text,true,,231,168,531,531,http://stload.se.ifmo.ru:8080/?token=518472196&&user=-1356113187&config=2,15740,0,89
1776059529860,16010,HTTP Request 2,200,OK,config 2 1-354,text,true,,231,168,531,531,http://stload.se.ifmo.ru:8080/?token=518472196&&user=-1356113187&config=2,16010,0,5
1776059530670,15200,HTTP Request 2,200,OK,config 2 1-363,text,true,,231,168,531,531,http://stload.se.ifmo.ru:8080/?token=518472196&&user=-1356113187&config=2,15200,0,11
1776059530941,14929,HTTP Request 2,200,OK,config 2 1-366,text,true,,231,168,531,531,http://stload.se.ifmo.ru:8080/?token=518472196&&user=-1356113187&config=2,14929,0,6
1776059530310,15560,HTTP Request 2,200,OK,config 2 1-359,text,true,,231,168,531,531,http://stload.se.ifmo.ru:8080/?token=518472196&&user=-1356113187&config=2,15560,0,4
1776059530491,15379,HTTP Request 2,200,OK,config 2 1-361,text,true,,231,168,531,531,http://stload.se.ifmo.ru:8080/?token=518472196&&user=-1356113187&config=2,15379,0,29
1776059530220,15651,HTTP Request 2,200,OK,config 2 1-358,text,true,,231,168,531,531,http://stload.se.ifmo.ru:8080/?token=518472196&&user=-1356113187&config=2,15651,0,49
1776059530850,15021,HTTP Request 2,200,OK,config 2 1-365,text,true,,231,168,531,531,http://stload.se.ifmo.ru:8080/?token=518472196&&user=-1356113187&config=2,15021,0,3
1776059530760,15111,HTTP Request 2,200,OK,config 2 1-364,text,true,,231,168,531,531,http://stload.se.ifmo.ru:8080/?token=518472196&&user=-1356113187&config=2,15111,0,4
1776059535400,13274,HTTP Request 2,200,OK,config 2 1-24,text,true,,231,168,563,563,http://stload.se.ifmo.ru:8080/?token=518472196&&user=-1356113187&config=2,13273,0,0
1776059535400,13274,HTTP Request 2,200,OK,config 2 1-22,text,true,,231,168,563,563,http://stload.se.ifmo.ru:8080/?token=518472196&&user=-1356113187&config=2,13273,0,0
1776059535400,13274,HTTP Request 2,200,OK,config 2 1-57,text,true,,231,168,563,563,http://stload.se.ifmo.ru:8080/?token=518472196&&user=-1356113187&config=2,13273,0,0
1776059535400,13274,HTTP Request 2,200,OK,config 2 1-72,text,true,,231,168,563,563,http://stload.se.ifmo.ru:8080/?token=518472196&&user=-1356113187&config=2,13273,0,0
1776059532919,20788,HTTP Request 2,200,OK,config 2 1-388,text,true,,231,168,618,618,http://stload.se.ifmo.ru:8080/?token=518472196&&user=-1356113187&config=2,20787,0,3
1776059532649,21058,HTTP Request 2,200,OK,config 2 1-385,text,true,,231,168,618,618,http://stload.se.ifmo.ru:8080/?token=518472196&&user=-1356113187&config=2,21058,0,3
1776059532740,20967,HTTP Request 2,200,OK,config 2 1-386,text,true,,231,168,618,618,http://stload.se.ifmo.ru:8080/?token=518472196&&user=-1356113187&config=2,20967,0,4
1776059531930,21777,HTTP Request 2,200,OK,config 2 1-377,text,true,,231,168,618,618,http://stload.se.ifmo.ru:8080/?token=518472196&&user=-1356113187&config=2,21776,0,4
1776059532470,21237,HTTP Request 2,200,OK,config 2 1-383,text,true,,231,168,618,618,http://stload.se.ifmo.ru:8080/?token=518472196&&user=-1356113187&config=2,21236,0,4
1776059532110,21597,HTTP Request 2,200,OK,config 2 1-379,text,true,,231,168,618,618,http://stload.se.ifmo.ru:8080/?token=518472196&&user=-1356113187&config=2,21596,0,2
1776059532289,21418,HTTP Request 2,200,OK,config 2 1-381,text,true,,231,168,618,618,http://stload.se.ifmo.ru:8080/?token=518472196&&user=-1356113187&config=2,21417,0,4
1776059533100,20607,HTTP Request 2,200,OK,config 2 1-390,text,true,,231,168,618,618,http://stload.se.ifmo.ru:8080/?token=518472196&&user=-1356113187&config=2,20607,0,3
1776059532201,21506,HTTP Request 2,200,OK,config 2 1-380,text,true,,231,168,618,618,http://stload.se.ifmo.ru:8080/?token=518472196&&user=-1356113187&config=2,21506,0,5
1776059532020,21687,HTTP Request 2,200,OK,config 2 1-378,text,true,,231,168,618,618,http://stload.se.ifmo.ru:8080/?token=518472196&&user=-1356113187&config=2,21687,0,3
1776059532379,21328,HTTP Request 2,200,OK,config 2 1-382,text,true,,231,168,618,618,http://stload.se.ifmo.ru:8080/?token=518472196&&user=-1356113187&config=2,21328,0,4
1776059532830,20878,HTTP Request 2,200,OK,config 2 1-387,text,true,,231,168,618,618,http://stload.se.ifmo.ru:8080/?token=518472196&&user=-1356113187&config=2,20878,0,2
1776059532561,21147,HTTP Request 2,200,OK,config 2 1-384,text,true,,231,168,618,618,http://stload.se.ifmo.ru:8080/?token=518472196&&user=-1356113187&config=2,21147,0,3
1776059533009,20699,HTTP Request 2,200,OK,config 2 1-389,text,true,,231,168,618,618,http://stload.se.ifmo.ru:8080/?token=518472196&&user=-1356113187&config=2,20699,0,3
1776059533458,20250,HTTP Request 2,200,OK,config 2 1-394,text,true,,231,168,618,618,http://stload.se.ifmo.ru:8080/?token=518472196&&user=-1356113187&config=2,20250,0,76
1776059533370,20338,HTTP Request 2,200,OK,config 2 1-393,text,true,,231,168,618,618,http://stload.se.ifmo.ru:8080/?token=518472196&&user=-1356113187&config=2,20338,0,40
1776059533550,20158,HTTP Request 2,200,OK,config 2 1-395,text,true,,231,168,618,618,http://stload.se.ifmo.ru:8080/?token=518472196&&user=-1356113187&config=2,20158,0,78
1776059533279,20429,HTTP Request 2,200,OK,config 2 1-392,text,true,,231,168,618,618,http://stload.se.ifmo.ru:8080/?token=518472196&&user=-1356113187&config=2,20429,0,4
1776059533809,19900,HTTP Request 2,200,OK,config 2 1-83,text,true,,231,168,618,618,http://stload.se.ifmo.ru:8080/?token=518472196&&user=-1356113187&config=2,19900,0,0
1776059533809,19900,HTTP Request 2,200,OK,config 2 1-51,text,true,,231,168,618,618,http://stload.se.ifmo.ru:8080/?token=518472196&&user=-1356113187&config=2,19900,0,0
1776059533729,19980,HTTP Request 2,200,OK,config 2 1-397,text,true,,231,168,618,618,http://stload.se.ifmo.ru:8080/?token=518472196&&user=-1356113187&config=2,19980,0,79
1776059533639,20070,HTTP Request 2,200,OK,config 2 1-396,text,true,,231,168,618,618,http://stload.se.ifmo.ru:8080/?token=518472196&&user=-1356113187&config=2,20070,0,76
1776059533189,20520,HTTP Request 2,200,OK,config 2 1-391,text,true,,231,168,618,618,http://stload.se.ifmo.ru:8080/?token=518472196&&user=-1356113187&config=2,20520,0,3
1776059533809,19901,HTTP Request 2,200,OK,config 2 1-140,text,true,,231,168,619,619,http://stload.se.ifmo.ru:8080/?token=518472196&&user=-1356113187&config=2,19901,0,0
1776059533809,19901,HTTP Request 2,200,OK,config 2 1-33,text,true,,231,168,619,619,http://stload.se.ifmo.ru:8080/?token=518472196&&user=-1356113187&config=2,19901,0,0
1776059533809,19901,HTTP Request 2,200,OK,config 2 1-141,text,true,,231,168,619,619,http://stload.se.ifmo.ru:8080/?token=518472196&&user=-1356113187&config=2,19901,0,0
1776059533809,19901,HTTP Request 2,200,OK,config 2 1-139,text,true,,231,168,619,619,http://stload.se.ifmo.ru:8080/?token=518472196&&user=-1356113187&config=2,19901,0,0
1776059533809,19901,HTTP Request 2,200,OK,config 2 1-138,text,true,,231,168,619,619,http://stload.se.ifmo.ru:8080/?token=518472196&&user=-1356113187&config=2,19901,0,0
1776059533820,19890,HTTP Request 2,200,OK,config 2 1-398,text,true,,231,168,619,619,http://stload.se.ifmo.ru:8080/?token=518472196&&user=-1356113187&config=2,19890,0,206
1776059533809,19901,HTTP Request 2,200,OK,config 2 1-50,text,true,,231,168,619,619,http://stload.se.ifmo.ru:8080/?token=518472196&&user=-1356113187&config=2,19901,0,0
1776059533814,19896,HTTP Request 2,200,OK,config 2 1-67,text,true,,231,168,619,619,http://stload.se.ifmo.ru:8080/?token=518472196&&user=-1356113187&config=2,19896,0,0
1776059534000,19710,HTTP Request 2,200,OK,config 2 1-400,text,true,,231,168,619,619,http://stload.se.ifmo.ru:8080/?token=518472196&&user=-1356113187&config=2,19710,0,33
1776059533909,19803,HTTP Request 2,200,OK,config 2 1-399,text,true,,231,168,619,619,http://stload.se.ifmo.ru:8080/?token=518472196&&user=-1356113187&config=2,19803,0,121
1776059534089,19623,HTTP Request 2,200,OK,config 2 1-401,text,true,,231,168,619,619,http://stload.se.ifmo.ru:8080/?token=518472196&&user=-1356113187&config=2,19623,0,5
1776059534270,19442,HTTP Request 2,200,OK,config 2 1-403,text,true,,231,168,619,619,http://stload.se.ifmo.ru:8080/?token=518472196&&user=-1356113187&config=2,19442,0,73
1776059533809,19903,HTTP Request 2,200,OK,config 2 1-17,text,true,,231,168,619,619,http://stload.se.ifmo.ru:8080/?token=518472196&&user=-1356113187&config=2,19903,0,0
1776059534540,19172,HTTP Request 2,200,OK,config 2 1-406,text,true,,231,168,619,619,http://stload.se.ifmo.ru:8080/?token=518472196&&user=-1356113187&config=2,19172,0,32
1776059534180,19533,HTTP Request 2,200,OK,config 2 1-402,text,true,,231,168,619,619,http://stload.se.ifmo.ru:8080/?token=518472196&&user=-1356113187&config=2,19533,0,163
1776059534449,19264,HTTP Request 2,200,OK,config 2 1-405,text,true,,231,168,619,619,http://stload.se.ifmo.ru:8080/?token=518472196&&user=-1356113187&config=2,19264,0,120
1776059534359,19354,HTTP Request 2,200,OK,config 2 1-404,text,true,,231,168,619,619,http://stload.se.ifmo.ru:8080/?token=518472196&&user=-1356113187&config=2,19354,0,208
1776059534810,22221,HTTP Request 2,200,OK,config 2 1-409,text,true,,231,168,655,655,http://stload.se.ifmo.ru:8080/?token=518472196&&user=-1356113187&config=2,22221,0,70
1776059535080,21951,HTTP Request 2,200,OK,config 2 1-412,text,true,,231,168,655,655,http://stload.se.ifmo.ru:8080/?token=518472196&&user=-1356113187&config=2,21951,0,22
1776059535169,21862,HTTP Request 2,200,OK,config 2 1-413,text,true,,231,168,655,655,http://stload.se.ifmo.ru:8080/?token=518472196&&user=-1356113187&config=2,21862,0,4
1776059535186,21845,HTTP Request 2,200,OK,config 2 1-14,text,true,,231,168,655,655,http://stload.se.ifmo.ru:8080/?token=518472196&&user=-1356113187&config=2,21845,0,0
1776059535186,21845,HTTP Request 2,200,OK,config 2 1-246,text,true,,231,168,655,655,http://stload.se.ifmo.ru:8080/?token=518472196&&user=-1356113187&config=2,21845,0,0
1776059535186,21845,HTTP Request 2,200,OK,config 2 1-19,text,true,,231,168,655,655,http://stload.se.ifmo.ru:8080/?token=518472196&&user=-1356113187&config=2,21845,0,0
1776059535186,21845,HTTP Request 2,200,OK,config 2 1-115,text,true,,231,168,655,655,http://stload.se.ifmo.ru:8080/?token=518472196&&user=-1356113187&config=2,21845,0,0
1776059534629,22402,HTTP Request 2,200,OK,config 2 1-407,text,true,,231,168,655,655,http://stload.se.ifmo.ru:8080/?token=518472196&&user=-1356113187&config=2,22402,0,5
1776059534899,22132,HTTP Request 2,200,OK,config 2 1-410,text,true,,231,168,655,655,http://stload.se.ifmo.ru:8080/?token=518472196&&user=-1356113187&config=2,22132,0,198
1776059534989,22042,HTTP Request 2,200,OK,config 2 1-411,text,true,,231,168,655,655,http://stload.se.ifmo.ru:8080/?token=518472196&&user=-1356113187&config=2,22042,0,111
1776059535187,21845,HTTP Request 2,200,OK,config 2 1-80,text,true,,231,168,655,655,http://stload.se.ifmo.ru:8080/?token=518472196&&user=-1356113187&config=2,21845,0,0
1776059534719,22312,HTTP Request 2,200,OK,config 2 1-408,text,true,,231,168,655,655,http://stload.se.ifmo.ru:8080/?token=518472196&&user=-1356113187&config=2,22312,0,161
1776059535187,21844,HTTP Request 2,200,OK,config 2 1-250,text,true,,231,168,655,655,http://stload.se.ifmo.ru:8080/?token=518472196&&user=-1356113187&config=2,21844,0,0
1776059535187,21844,HTTP Request 2,200,OK,config 2 1-244,text,true,,231,168,655,655,http://stload.se.ifmo.ru:8080/?token=518472196&&user=-1356113187&config=2,21844,0,0
1776059535186,21845,HTTP Request 2,200,OK,config 2 1-245,text,true,,231,168,655,655,http://stload.se.ifmo.ru:8080/?token=518472196&&user=-1356113187&config=2,21845,0,0
1776059535350,21682,HTTP Request 2,200,OK,config 2 1-415,text,true,,231,168,655,655,http://stload.se.ifmo.ru:8080/?token=518472196&&user=-1356113187&config=2,21682,0,22
1776059535186,21845,HTTP Request 2,200,OK,config 2 1-69,text,true,,231,168,655,655,http://stload.se.ifmo.ru:8080/?token=518472196&&user=-1356113187&config=2,21845,0,0
1776059535187,21845,HTTP Request 2,200,OK,config 2 1-248,text,true,,231,168,655,655,http://stload.se.ifmo.ru:8080/?token=518472196&&user=-1356113187&config=2,21845,0,0
1776059535186,21846,HTTP Request 2,200,OK,config 2 1-247,text,true,,231,168,655,655,http://stload.se.ifmo.ru:8080/?token=518472196&&user=-1356113187&config=2,21846,0,0
1776059535370,21662,HTTP Request 2,200,OK,config 2 1-253,text,true,,231,168,655,655,http://stload.se.ifmo.ru:8080/?token=518472196&&user=-1356113187&config=2,21662,0,0
1776059535187,21846,HTTP Request 2,200,OK,config 2 1-103,text,true,,231,168,655,655,http://stload.se.ifmo.ru:8080/?token=518472196&&user=-1356113187&config=2,21846,0,0
1776059535186,21847,HTTP Request 2,200,OK,config 2 1-13,text,true,,231,168,655,655,http://stload.se.ifmo.ru:8080/?token=518472196&&user=-1356113187&config=2,21847,0,0
1776059535187,21846,HTTP Request 2,200,OK,config 2 1-62,text,true,,231,168,655,655,http://stload.se.ifmo.ru:8080/?token=518472196&&user=-1356113187&config=2,21846,0,0
1776059535187,21851,HTTP Request 2,200,OK,config 2 1-251,text,true,,231,168,655,655,http://stload.se.ifmo.ru:8080/?token=518472196&&user=-1356113187&config=2,21851,0,0
1776059535188,21850,HTTP Request 2,200,OK,config 2 1-249,text,true,,231,168,655,655,http://stload.se.ifmo.ru:8080/?token=518472196&&user=-1356113187&config=2,21850,0,0
1776059535188,21850,HTTP Request 2,200,OK,config 2 1-252,text,true,,231,168,655,655,http://stload.se.ifmo.ru:8080/?token=518472196&&user=-1356113187&config=2,21850,0,0
1776059535261,21777,HTTP Request 2,200,OK,config 2 1-414,text,true,,231,168,655,655,http://stload.se.ifmo.ru:8080/?token=518472196&&user=-1356113187&config=2,21777,0,111
1776059541304,16165,HTTP Request 2,500,Internal Server Error,config 2 1-117,text,false,,233,168,660,660,http://stload.se.ifmo.ru:8080/?token=518472196&&user=-1356113187&config=2,16165,0,0
1776059541304,16165,HTTP Request 2,500,Internal Server Error,config 2 1-122,text,false,,233,168,660,660,http://stload.se.ifmo.ru:8080/?token=518472196&&user=-1356113187&config=2,16165,0,0
1776059541304,16165,HTTP Request 2,500,Internal Server Error,config 2 1-165,text,false,,233,168,660,660,http://stload.se.ifmo.ru:8080/?token=518472196&&user=-1356113187&config=2,16165,0,0
1776059541304,16165,HTTP Request 2,500,Internal Server Error,config 2 1-164,text,false,,233,168,660,660,http://stload.se.ifmo.ru:8080/?token=518472196&&user=-1356113187&config=2,16165,0,0
1776059541304,16165,HTTP Request 2,500,Internal Server Error,config 2 1-336,text,false,,233,168,660,660,http://stload.se.ifmo.ru:8080/?token=518472196&&user=-1356113187&config=2,16165,0,0
1776059541304,16165,HTTP Request 2,500,Internal Server Error,config 2 1-143,text,false,,233,168,660,660,http://stload.se.ifmo.ru:8080/?token=518472196&&user=-1356113187&config=2,16165,0,0
1776059541305,16164,HTTP Request 2,500,Internal Server Error,config 2 1-215,text,false,,233,168,660,660,http://stload.se.ifmo.ru:8080/?token=518472196&&user=-1356113187&config=2,16164,0,0
1776059541305,16165,HTTP Request 2,500,Internal Server Error,config 2 1-217,text,false,,233,168,660,660,http://stload.se.ifmo.ru:8080/?token=518472196&&user=-1356113187&config=2,16165,0,0
1776059541307,16163,HTTP Request 2,500,Internal Server Error,config 2 1-220,text,false,,233,168,660,660,http://stload.se.ifmo.ru:8080/?token=518472196&&user=-1356113187&config=2,16163,0,0
1776059541378,16092,HTTP Request 2,500,Internal Server Error,config 2 1-482,text,false,,233,168,660,660,http://stload.se.ifmo.ru:8080/?token=518472196&&user=-1356113187&config=2,16092,0,4
1776059541305,16165,HTTP Request 2,500,Internal Server Error,config 2 1-221,text,false,,233,168,660,660,http://stload.se.ifmo.ru:8080/?token=518472196&&user=-1356113187&config=2,16165,0,0
1776059541305,16165,HTTP Request 2,500,Internal Server Error,config 2 1-214,text,false,,233,168,660,660,http://stload.se.ifmo.ru:8080/?token=518472196&&user=-1356113187&config=2,16165,0,0
1776059541307,16164,HTTP Request 2,500,Internal Server Error,config 2 1-118,text,false,,233,168,660,660,http://stload.se.ifmo.ru:8080/?token=518472196&&user=-1356113187&config=2,16163,0,0
1776059541307,16164,HTTP Request 2,500,Internal Server Error,config 2 1-216,text,false,,233,168,660,660,http://stload.se.ifmo.ru:8080/?token=518472196&&user=-1356113187&config=2,16164,0,0
1776059541306,16165,HTTP Request 2,500,Internal Server Error,config 2 1-116,text,false,,233,168,660,660,http://stload.se.ifmo.ru:8080/?token=518472196&&user=-1356113187&config=2,16165,0,0
1776059541469,16002,HTTP Request 2,500,Internal Server Error,config 2 1-483,text,false,,233,168,660,660,http://stload.se.ifmo.ru:8080/?token=518472196&&user=-1356113187&config=2,16002,0,3
1776059541307,16164,HTTP Request 2,500,Internal Server Error,config 2 1-227,text,false,,233,168,660,660,http://stload.se.ifmo.ru:8080/?token=518472196&&user=-1356113187&config=2,16164,0,0
1776059541559,15912,HTTP Request 2,500,Internal Server Error,config 2 1-484,text,false,,233,168,660,660,http://stload.se.ifmo.ru:8080/?token=518472196&&user=-1356113187&config=2,15912,0,3
1776059541305,16167,HTTP Request 2,500,Internal Server Error,config 2 1-121,text,false,,233,168,660,660,http://stload.se.ifmo.ru:8080/?token=518472196&&user=-1356113187&config=2,16167,0,0
1776059541304,16168,HTTP Request 2,500,Internal Server Error,config 2 1-226,text,false,,233,168,660,660,http://stload.se.ifmo.ru:8080/?token=518472196&&user=-1356113187&config=2,16168,0,0
1776059541304,16168,HTTP Request 2,500,Internal Server Error,config 2 1-74,text,false,,233,168,660,660,http://stload.se.ifmo.ru:8080/?token=518472196&&user=-1356113187&config=2,16168,0,0
1776059535400,22697,HTTP Request 2,200,OK,config 2 1-39,text,true,,231,168,667,667,http://stload.se.ifmo.ru:8080/?token=518472196&&user=-1356113187&config=2,22697,0,0
1776059535400,22697,HTTP Request 2,200,OK,config 2 1-88,text,true,,231,168,667,667,http://stload.se.ifmo.ru:8080/?token=518472196&&user=-1356113187&config=2,22697,0,0
1776059535400,22697,HTTP Request 2,200,OK,config 2 1-170,text,true,,231,168,667,667,http://stload.se.ifmo.ru:8080/?token=518472196&&user=-1356113187&config=2,22697,0,0
1776059535400,22697,HTTP Request 2,200,OK,config 2 1-3,text,true,,231,168,667,667,http://stload.se.ifmo.ru:8080/?token=518472196&&user=-1356113187&config=2,22697,0,0
1776059535400,22697,HTTP Request 2,200,OK,config 2 1-25,text,true,,231,168,667,667,http://stload.se.ifmo.ru:8080/?token=518472196&&user=-1356113187&config=2,22697,0,0
1776059535400,22697,HTTP Request 2,200,OK,config 2 1-174,text,true,,231,168,667,667,http://stload.se.ifmo.ru:8080/?token=518472196&&user=-1356113187&config=2,22697,0,0
1776059535400,22697,HTTP Request 2,200,OK,config 2 1-56,text,true,,231,168,667,667,http://stload.se.ifmo.ru:8080/?token=518472196&&user=-1356113187&config=2,22697,0,0
1776059535400,22697,HTTP Request 2,200,OK,config 2 1-4,text,true,,231,168,667,667,http://stload.se.ifmo.ru:8080/?token=518472196&&user=-1356113187&config=2,22697,0,0
1776059535400,22697,HTTP Request 2,200,OK,config 2 1-37,text,true,,231,168,667,667,http://stload.se.ifmo.ru:8080/?token=518472196&&user=-1356113187&config=2,22697,0,0
1776059535400,22698,HTTP Request 2,200,OK,config 2 1-21,text,true,,231,168,667,667,http://stload.se.ifmo.ru:8080/?token=518472196&&user=-1356113187&config=2,22698,0,0
1776059535400,22698,HTTP Request 2,200,OK,config 2 1-73,text,true,,231,168,667,667,http://stload.se.ifmo.ru:8080/?token=518472196&&user=-1356113187&config=2,22698,0,0
1776059535400,22698,HTTP Request 2,200,OK,config 2 1-42,text,true,,231,168,667,667,http://stload.se.ifmo.ru:8080/?token=518472196&&user=-1356113187&config=2,22698,0,0
1776059535400,22698,HTTP Request 2,200,OK,config 2 1-93,text,true,,231,168,667,667,http://stload.se.ifmo.ru:8080/?token=518472196&&user=-1356113187&config=2,22698,0,0
1776059535400,22698,HTTP Request 2,200,OK,config 2 1-296,text,true,,231,168,667,667,http://stload.se.ifmo.ru:8080/?token=518472196&&user=-1356113187&config=2,22698,0,0
1776059535400,22698,HTTP Request 2,200,OK,config 2 1-172,text,true,,231,168,667,667,http://stload.se.ifmo.ru:8080/?token=518472196&&user=-1356113187&config=2,22698,0,0
1776059535402,22696,HTTP Request 2,200,OK,config 2 1-171,text,true,,231,168,667,667,http://stload.se.ifmo.ru:8080/?token=518472196&&user=-1356113187&config=2,22696,0,0
1776059535402,22696,HTTP Request 2,200,OK,config 2 1-262,text,true,,231,168,667,667,http://stload.se.ifmo.ru:8080/?token=518472196&&user=-1356113187&config=2,22696,0,0
1776059535402,22696,HTTP Request 2,200,OK,config 2 1-175,text,true,,231,168,667,667,http://stload.se.ifmo.ru:8080/?token=518472196&&user=-1356113187&config=2,22696,0,0
1776059535401,22699,HTTP Request 2,200,OK,config 2 1-254,text,true,,231,168,667,667,http://stload.se.ifmo.ru:8080/?token=518472196&&user=-1356113187&config=2,22699,0,0
1776059535401,22699,HTTP Request 2,200,OK,config 2 1-173,text,true,,231,168,667,667,http://stload.se.ifmo.ru:8080/?token=518472196&&user=-1356113187&config=2,22699,0,0
1776059535402,22698,HTTP Request 2,200,OK,config 2 1-257,text,true,,231,168,667,667,http://stload.se.ifmo.ru:8080/?token=518472196&&user=-1356113187&config=2,22698,0,0
1776059535400,22700,HTTP Request 2,200,OK,config 2 1-5,text,true,,231,168,667,667,http://stload.se.ifmo.ru:8080/?token=518472196&&user=-1356113187&config=2,22700,0,0
1776059535402,22698,HTTP Request 2,200,OK,config 2 1-255,text,true,,231,168,667,667,http://stload.se.ifmo.ru:8080/?token=518472196&&user=-1356113187&config=2,22698,0,0
1776059535402,22698,HTTP Request 2,200,OK,config 2 1-261,text,true,,231,168,667,667,http://stload.se.ifmo.ru:8080/?token=518472196&&user=-1356113187&config=2,22698,0,0
1776059535402,22698,HTTP Request 2,200,OK,config 2 1-256,text,true,,231,168,667,667,http://stload.se.ifmo.ru:8080/?token=518472196&&user=-1356113187&config=2,22698,0,0
1776059535402,22698,HTTP Request 2,200,OK,config 2 1-7,text,true,,231,168,667,667,http://stload.se.ifmo.ru:8080/?token=518472196&&user=-1356113187&config=2,22698,0,0
1776059535402,22698,HTTP Request 2,200,OK,config 2 1-258,text,true,,231,168,667,667,http://stload.se.ifmo.ru:8080/?token=518472196&&user=-1356113187&config=2,22698,0,0
1776059535402,22698,HTTP Request 2,200,OK,config 2 1-259,text,true,,231,168,667,667,http://stload.se.ifmo.ru:8080/?token=518472196&&user=-1356113187&config=2,22698,0,0
1776059535529,22572,HTTP Request 2,200,OK,config 2 1-417,text,true,,231,168,667,667,http://stload.se.ifmo.ru:8080/?token=518472196&&user=-1356113187&config=2,22572,0,133
1776059535403,22698,HTTP Request 2,200,OK,config 2 1-265,text,true,,231,168,667,667,http://stload.se.ifmo.ru:8080/?token=518472196&&user=-1356113187&config=2,22698,0,0
1776059535402,22699,HTTP Request 2,200,OK,config 2 1-260,text,true,,231,168,667,667,http://stload.se.ifmo.ru:8080/?token=518472196&&user=-1356113187&config=2,22699,0,0
1776059536160,21941,HTTP Request 2,200,OK,config 2 1-424,text,true,,231,168,667,667,http://stload.se.ifmo.ru:8080/?token=518472196&&user=-1356113187&config=2,21941,0,98
1776059535405,22696,HTTP Request 2,200,OK,config 2 1-266,text,true,,231,168,667,667,http://stload.se.ifmo.ru:8080/?token=518472196&&user=-1356113187&config=2,22696,0,0
1776059535403,22698,HTTP Request 2,200,OK,config 2 1-263,text,true,,231,168,667,667,http://stload.se.ifmo.ru:8080/?token=518472196&&user=-1356113187&config=2,22698,0,0
1776059535889,22212,HTTP Request 2,200,OK,config 2 1-421,text,true,,231,168,667,667,http://stload.se.ifmo.ru:8080/?token=518472196&&user=-1356113187&config=2,22212,0,35
1776059535405,22696,HTTP Request 2,200,OK,config 2 1-267,text,true,,231,168,667,667,http://stload.se.ifmo.ru:8080/?token=518472196&&user=-1356113187&config=2,22696,0,0
1776059535403,22698,HTTP Request 2,200,OK,config 2 1-268,text,true,,231,168,667,667,http://stload.se.ifmo.ru:8080/?token=518472196&&user=-1356113187&config=2,22698,0,0
1776059535403,22698,HTTP Request 2,200,OK,config 2 1-264,text,true,,231,168,667,667,http://stload.se.ifmo.ru:8080/?token=518472196&&user=-1356113187&config=2,22698,0,0
1776059535711,22390,HTTP Request 2,200,OK,config 2 1-419,text,true,,231,168,667,667,http://stload.se.ifmo.ru:8080/?token=518472196&&user=-1356113187&config=2,22390,0,3
1776059535979,22122,HTTP Request 2,200,OK,config 2 1-422,text,true,,231,168,667,667,http://stload.se.ifmo.ru:8080/?token=518472196&&user=-1356113187&config=2,22122,0,280
1776059535440,22661,HTTP Request 2,200,OK,config 2 1-416,text,true,,231,168,667,667,http://stload.se.ifmo.ru:8080/?token=518472196&&user=-1356113187&config=2,22661,0,201
1776059536070,22032,HTTP Request 2,200,OK,config 2 1-423,text,true,,231,168,667,667,http://stload.se.ifmo.ru:8080/?token=518472196&&user=-1356113187&config=2,22032,0,188
1776059536249,21853,HTTP Request 2,200,OK,config 2 1-425,text,true,,231,168,667,667,http://stload.se.ifmo.ru:8080/?token=518472196&&user=-1356113187&config=2,21853,0,12
1776059537240,20862,HTTP Request 2,200,OK,config 2 1-436,text,true,,231,168,667,667,http://stload.se.ifmo.ru:8080/?token=518472196&&user=-1356113187&config=2,20862,0,48
1776059536429,21673,HTTP Request 2,200,OK,config 2 1-427,text,true,,231,168,667,667,http://stload.se.ifmo.ru:8080/?token=518472196&&user=-1356113187&config=2,21673,0,166
1776059537599,20503,HTTP Request 2,200,OK,config 2 1-440,text,true,,231,168,667,667,http://stload.se.ifmo.ru:8080/?token=518472196&&user=-1356113187&config=2,20503,0,7
1776059535620,22482,HTTP Request 2,200,OK,config 2 1-418,text,true,,231,168,667,667,http://stload.se.ifmo.ru:8080/?token=518472196&&user=-1356113187&config=2,22482,0,47
1776059535799,22304,HTTP Request 2,200,OK,config 2 1-420,text,true,,231,168,667,667,http://stload.se.ifmo.ru:8080/?token=518472196&&user=-1356113187&config=2,22304,0,125
1776059536519,21584,HTTP Request 2,200,OK,config 2 1-428,text,true,,231,168,667,667,http://stload.se.ifmo.ru:8080/?token=518472196&&user=-1356113187&config=2,21584,0,78
1776059536789,21314,HTTP Request 2,200,OK,config 2 1-431,text,true,,231,168,667,667,http://stload.se.ifmo.ru:8080/?token=518472196&&user=-1356113187&config=2,21314,0,60
1776059536610,21494,HTTP Request 2,200,OK,config 2 1-429,text,true,,231,168,667,667,http://stload.se.ifmo.ru:8080/?token=518472196&&user=-1356113187&config=2,21494,0,4
1776059537059,21045,HTTP Request 2,200,OK,config 2 1-434,text,true,,231,168,667,667,http://stload.se.ifmo.ru:8080/?token=518472196&&user=-1356113187&config=2,21045,0,8
1776059536970,21134,HTTP Request 2,200,OK,config 2 1-433,text,true,,231,168,667,667,http://stload.se.ifmo.ru:8080/?token=518472196&&user=-1356113187&config=2,21134,0,95
1776059536339,21765,HTTP Request 2,200,OK,config 2 1-426,text,true,,231,168,667,667,http://stload.se.ifmo.ru:8080/?token=518472196&&user=-1356113187&config=2,21765,0,51
1776059536700,21404,HTTP Request 2,200,OK,config 2 1-430,text,true,,231,168,667,667,http://stload.se.ifmo.ru:8080/?token=518472196&&user=-1356113187&config=2,21404,0,149
1776059537150,20954,HTTP Request 2,200,OK,config 2 1-435,text,true,,231,168,667,667,http://stload.se.ifmo.ru:8080/?token=518472196&&user=-1356113187&config=2,20954,0,136
1776059536880,21224,HTTP Request 2,200,OK,config 2 1-432,text,true,,231,168,667,667,http://stload.se.ifmo.ru:8080/?token=518472196&&user=-1356113187&config=2,21224,0,185
1776059537419,20685,HTTP Request 2,200,OK,config 2 1-438,text,true,,231,168,667,667,http://stload.se.ifmo.ru:8080/?token=518472196&&user=-1356113187&config=2,20685,0,185
1776059537330,20774,HTTP Request 2,200,OK,config 2 1-437,text,true,,231,168,667,667,http://stload.se.ifmo.ru:8080/?token=518472196&&user=-1356113187&config=2,20774,0,46
1776059537509,20595,HTTP Request 2,200,OK,config 2 1-439,text,true,,231,168,667,667,http://stload.se.ifmo.ru:8080/?token=518472196&&user=-1356113187&config=2,20595,0,95
1776059537976,20128,HTTP Request 2,200,OK,config 2 1-287,text,true,,231,168,667,667,http://stload.se.ifmo.ru:8080/?token=518472196&&user=-1356113187&config=2,20128,0,0
1776059537976,20128,HTTP Request 2,200,OK,config 2 1-272,text,true,,231,168,667,667,http://stload.se.ifmo.ru:8080/?token=518472196&&user=-1356113187&config=2,20128,0,0
1776059537689,20415,HTTP Request 2,200,OK,config 2 1-441,text,true,,231,168,667,667,http://stload.se.ifmo.ru:8080/?token=518472196&&user=-1356113187&config=2,20415,0,78
1776059537976,20128,HTTP Request 2,200,OK,config 2 1-281,text,true,,231,168,667,667,http://stload.se.ifmo.ru:8080/?token=518472196&&user=-1356113187&config=2,20128,0,0
1776059537977,20127,HTTP Request 2,200,OK,config 2 1-269,text,true,,231,168,667,667,http://stload.se.ifmo.ru:8080/?token=518472196&&user=-1356113187&config=2,20127,0,0
1776059537976,20129,HTTP Request 2,200,OK,config 2 1-277,text,true,,231,168,667,667,http://stload.se.ifmo.ru:8080/?token=518472196&&user=-1356113187&config=2,20129,0,0
1776059537780,20325,HTTP Request 2,200,OK,config 2 1-442,text,true,,231,168,667,667,http://stload.se.ifmo.ru:8080/?token=518472196&&user=-1356113187&config=2,20325,0,84
1776059537976,20129,HTTP Request 2,200,OK,config 2 1-270,text,true,,231,168,667,667,http://stload.se.ifmo.ru:8080/?token=518472196&&user=-1356113187&config=2,20129,0,0
1776059537977,20129,HTTP Request 2,200,OK,config 2 1-285,text,true,,231,168,667,667,http://stload.se.ifmo.ru:8080/?token=518472196&&user=-1356113187&config=2,20129,0,0
1776059537976,20130,HTTP Request 2,200,OK,config 2 1-271,text,true,,231,168,667,667,http://stload.se.ifmo.ru:8080/?token=518472196&&user=-1356113187&config=2,20130,0,0
1776059537976,20130,HTTP Request 2,200,OK,config 2 1-280,text,true,,231,168,667,667,http://stload.se.ifmo.ru:8080/?token=518472196&&user=-1356113187&config=2,20130,0,0
1776059537976,20130,HTTP Request 2,200,OK,config 2 1-274,text,true,,231,168,667,667,http://stload.se.ifmo.ru:8080/?token=518472196&&user=-1356113187&config=2,20130,0,0
1776059537977,20129,HTTP Request 2,200,OK,config 2 1-273,text,true,,231,168,667,667,http://stload.se.ifmo.ru:8080/?token=518472196&&user=-1356113187&config=2,20129,0,0
1776059537976,20130,HTTP Request 2,200,OK,config 2 1-283,text,true,,231,168,667,667,http://stload.se.ifmo.ru:8080/?token=518472196&&user=-1356113187&config=2,20130,0,0
1776059537976,20130,HTTP Request 2,200,OK,config 2 1-286,text,true,,231,168,667,667,http://stload.se.ifmo.ru:8080/?token=518472196&&user=-1356113187&config=2,20130,0,0
1776059537979,20127,HTTP Request 2,200,OK,config 2 1-289,text,true,,231,168,667,667,http://stload.se.ifmo.ru:8080/?token=518472196&&user=-1356113187&config=2,20127,0,0
1776059537977,20129,HTTP Request 2,200,OK,config 2 1-282,text,true,,231,168,667,667,http://stload.se.ifmo.ru:8080/?token=518472196&&user=-1356113187&config=2,20129,0,0
1776059537977,20129,HTTP Request 2,200,OK,config 2 1-275,text,true,,231,168,667,667,http://stload.se.ifmo.ru:8080/?token=518472196&&user=-1356113187&config=2,20129,0,0
1776059537977,20130,HTTP Request 2,200,OK,config 2 1-276,text,true,,231,168,667,667,http://stload.se.ifmo.ru:8080/?token=518472196&&user=-1356113187&config=2,20130,0,0
1776059537977,20130,HTTP Request 2,200,OK,config 2 1-284,text,true,,231,168,667,667,http://stload.se.ifmo.ru:8080/?token=518472196&&user=-1356113187&config=2,20130,0,0
1776059537959,20148,HTTP Request 2,200,OK,config 2 1-444,text,true,,231,168,667,667,http://stload.se.ifmo.ru:8080/?token=518472196&&user=-1356113187&config=2,20148,0,23
1776059537870,20237,HTTP Request 2,200,OK,config 2 1-443,text,true,,231,168,667,667,http://stload.se.ifmo.ru:8080/?token=518472196&&user=-1356113187&config=2,20237,0,112
1776059537979,20128,HTTP Request 2,200,OK,config 2 1-288,text,true,,231,168,667,667,http://stload.se.ifmo.ru:8080/?token=518472196&&user=-1356113187&config=2,20128,0,0
1776059537977,20130,HTTP Request 2,200,OK,config 2 1-279,text,true,,231,168,667,667,http://stload.se.ifmo.ru:8080/?token=518472196&&user=-1356113187&config=2,20130,0,0
1776059537977,20130,HTTP Request 2,200,OK,config 2 1-278,text,true,,231,168,667,667,http://stload.se.ifmo.ru:8080/?token=518472196&&user=-1356113187&config=2,20130,0,0
1776059538139,22391,HTTP Request 2,200,OK,config 2 1-446,text,true,,231,168,694,694,http://stload.se.ifmo.ru:8080/?token=518472196&&user=-1356113187&config=2,22391,0,50
1776059538185,22345,HTTP Request 2,200,OK,config 2 1-131,text,true,,231,168,694,694,http://stload.se.ifmo.ru:8080/?token=518472196&&user=-1356113187&config=2,22345,0,6
1776059538049,22481,HTTP Request 2,200,OK,config 2 1-445,text,true,,231,168,694,694,http://stload.se.ifmo.ru:8080/?token=518472196&&user=-1356113187&config=2,22481,0,3
1776059538185,22345,HTTP Request 2,200,OK,config 2 1-222,text,true,,231,168,694,694,http://stload.se.ifmo.ru:8080/?token=518472196&&user=-1356113187&config=2,22345,0,8
1776059538185,22346,HTTP Request 2,200,OK,config 2 1-124,text,true,,231,168,694,694,http://stload.se.ifmo.ru:8080/?token=518472196&&user=-1356113187&config=2,22346,0,8
1776059538185,22346,HTTP Request 2,200,OK,config 2 1-223,text,true,,231,168,694,694,http://stload.se.ifmo.ru:8080/?token=518472196&&user=-1356113187&config=2,22346,0,6
1776059538185,22346,HTTP Request 2,200,OK,config 2 1-126,text,true,,231,168,694,694,http://stload.se.ifmo.ru:8080/?token=518472196&&user=-1356113187&config=2,22346,0,8
1776059538185,22346,HTTP Request 2,200,OK,config 2 1-129,text,true,,231,168,694,694,http://stload.se.ifmo.ru:8080/?token=518472196&&user=-1356113187&config=2,22346,0,6
1776059538185,22346,HTTP Request 2,200,OK,config 2 1-225,text,true,,231,168,694,694,http://stload.se.ifmo.ru:8080/?token=518472196&&user=-1356113187&config=2,22346,0,8
1776059538185,22346,HTTP Request 2,200,OK,config 2 1-128,text,true,,231,168,694,694,http://stload.se.ifmo.ru:8080/?token=518472196&&user=-1356113187&config=2,22346,0,8
1776059538185,22346,HTTP Request 2,200,OK,config 2 1-6,text,true,,231,168,694,694,http://stload.se.ifmo.ru:8080/?token=518472196&&user=-1356113187&config=2,22346,0,9
1776059538185,22346,HTTP Request 2,200,OK,config 2 1-219,text,true,,231,168,694,694,http://stload.se.ifmo.ru:8080/?token=518472196&&user=-1356113187&config=2,22346,0,9
1776059538186,22345,HTTP Request 2,200,OK,config 2 1-127,text,true,,231,168,694,694,http://stload.se.ifmo.ru:8080/?token=518472196&&user=-1356113187&config=2,22345,0,8
1776059538185,22346,HTTP Request 2,200,OK,config 2 1-40,text,true,,231,168,694,694,http://stload.se.ifmo.ru:8080/?token=518472196&&user=-1356113187&config=2,22346,0,9
1776059538185,22346,HTTP Request 2,200,OK,config 2 1-224,text,true,,231,168,694,694,http://stload.se.ifmo.ru:8080/?token=518472196&&user=-1356113187&config=2,22346,0,6
1776059538186,22346,HTTP Request 2,200,OK,config 2 1-218,text,true,,231,168,694,694,http://stload.se.ifmo.ru:8080/?token=518472196&&user=-1356113187&config=2,22346,0,8
1776059538186,22346,HTTP Request 2,200,OK,config 2 1-135,text,true,,231,168,694,694,http://stload.se.ifmo.ru:8080/?token=518472196&&user=-1356113187&config=2,22346,0,8
1776059538186,22346,HTTP Request 2,200,OK,config 2 1-120,text,true,,231,168,694,694,http://stload.se.ifmo.ru:8080/?token=518472196&&user=-1356113187&config=2,22346,0,8
1776059538186,22346,HTTP Request 2,200,OK,config 2 1-233,text,true,,231,168,694,694,http://stload.se.ifmo.ru:8080/?token=518472196&&user=-1356113187&config=2,22346,0,8
1776059538186,22346,HTTP Request 2,200,OK,config 2 1-132,text,true,,231,168,694,694,http://stload.se.ifmo.ru:8080/?token=518472196&&user=-1356113187&config=2,22346,0,9
1776059538186,22346,HTTP Request 2,200,OK,config 2 1-338,text,true,,231,168,694,694,http://stload.se.ifmo.ru:8080/?token=518472196&&user=-1356113187&config=2,22346,0,8
1776059538188,22344,HTTP Request 2,200,OK,config 2 1-123,text,true,,231,168,694,694,http://stload.se.ifmo.ru:8080/?token=518472196&&user=-1356113187&config=2,22344,0,10
1776059538186,22346,HTTP Request 2,200,OK,config 2 1-339,text,true,,231,168,694,694,http://stload.se.ifmo.ru:8080/?token=518472196&&user=-1356113187&config=2,22346,0,8
1776059538186,22347,HTTP Request 2,200,OK,config 2 1-130,text,true,,231,168,694,694,http://stload.se.ifmo.ru:8080/?token=518472196&&user=-1356113187&config=2,22347,0,8
1776059538187,22354,HTTP Request 2,200,OK,config 2 1-134,text,true,,231,168,694,694,http://stload.se.ifmo.ru:8080/?token=518472196&&user=-1356113187&config=2,22354,0,11
1776059538500,22041,HTTP Request 2,200,OK,config 2 1-450,text,true,,231,168,694,694,http://stload.se.ifmo.ru:8080/?token=518472196&&user=-1356113187&config=2,22041,0,67
1776059538189,22352,HTTP Request 2,200,OK,config 2 1-136,text,true,,231,168,694,694,http://stload.se.ifmo.ru:8080/?token=518472196&&user=-1356113187&config=2,22352,0,9
1776059538188,22353,HTTP Request 2,200,OK,config 2 1-228,text,true,,231,168,694,694,http://stload.se.ifmo.ru:8080/?token=518472196&&user=-1356113187&config=2,22353,0,10
1776059538229,22312,HTTP Request 2,200,OK,config 2 1-447,text,true,,231,168,694,694,http://stload.se.ifmo.ru:8080/?token=518472196&&user=-1356113187&config=2,22312,0,46
1776059538860,21681,HTTP Request 2,200,OK,config 2 1-454,text,true,,231,168,694,694,http://stload.se.ifmo.ru:8080/?token=518472196&&user=-1356113187&config=2,21681,0,93
1776059538410,22131,HTTP Request 2,200,OK,config 2 1-449,text,true,,231,168,694,694,http://stload.se.ifmo.ru:8080/?token=518472196&&user=-1356113187&config=2,22131,0,66
1776059538319,22223,HTTP Request 2,200,OK,config 2 1-448,text,true,,231,168,694,694,http://stload.se.ifmo.ru:8080/?token=518472196&&user=-1356113187&config=2,22223,0,157
1776059538589,21953,HTTP Request 2,200,OK,config 2 1-451,text,true,,231,168,694,694,http://stload.se.ifmo.ru:8080/?token=518472196&&user=-1356113187&config=2,21953,0,131
1776059538189,22352,HTTP Request 2,200,OK,config 2 1-340,text,true,,231,168,694,694,http://stload.se.ifmo.ru:8080/?token=518472196&&user=-1356113187&config=2,22352,0,9
1776059538186,22355,HTTP Request 2,200,OK,config 2 1-125,text,true,,231,168,694,694,http://stload.se.ifmo.ru:8080/?token=518472196&&user=-1356113187&config=2,22355,0,9
1776059538187,22354,HTTP Request 2,200,OK,config 2 1-119,text,true,,231,168,694,694,http://stload.se.ifmo.ru:8080/?token=518472196&&user=-1356113187&config=2,22354,0,11
1776059538679,21863,HTTP Request 2,200,OK,config 2 1-452,text,true,,231,168,694,694,http://stload.se.ifmo.ru:8080/?token=518472196&&user=-1356113187&config=2,21863,0,43
1776059538770,21772,HTTP Request 2,200,OK,config 2 1-453,text,true,,231,168,694,694,http://stload.se.ifmo.ru:8080/?token=518472196&&user=-1356113187&config=2,21772,0,7
1776059538949,21594,HTTP Request 2,200,OK,config 2 1-455,text,true,,231,168,694,694,http://stload.se.ifmo.ru:8080/?token=518472196&&user=-1356113187&config=2,21594,0,6
1776059538188,22356,HTTP Request 2,200,OK,config 2 1-133,text,true,,231,168,694,694,http://stload.se.ifmo.ru:8080/?token=518472196&&user=-1356113187&config=2,22356,0,10
1776059538186,22358,HTTP Request 2,200,OK,config 2 1-337,text,true,,231,168,694,694,http://stload.se.ifmo.ru:8080/?token=518472196&&user=-1356113187&config=2,22358,0,9
1776059538186,22358,HTTP Request 2,200,OK,config 2 1-232,text,true,,231,168,694,694,http://stload.se.ifmo.ru:8080/?token=518472196&&user=-1356113187&config=2,22358,0,8
1776059544165,16453,HTTP Request 2,500,Internal Server Error,config 2 1-345,text,false,,233,168,695,695,http://stload.se.ifmo.ru:8080/?token=518472196&&user=-1356113187&config=2,16453,0,0
1776059544165,16453,HTTP Request 2,500,Internal Server Error,config 2 1-16,text,false,,233,168,695,695,http://stload.se.ifmo.ru:8080/?token=518472196&&user=-1356113187&config=2,16453,0,0
1776059543990,16628,HTTP Request 2,500,Internal Server Error,config 2 1-511,text,false,,233,168,695,695,http://stload.se.ifmo.ru:8080/?token=518472196&&user=-1356113187&config=2,16628,0,10
1776059544165,16453,HTTP Request 2,500,Internal Server Error,config 2 1-243,text,false,,233,168,695,695,http://stload.se.ifmo.ru:8080/?token=518472196&&user=-1356113187&config=2,16453,0,0
1776059544165,16453,HTTP Request 2,500,Internal Server Error,config 2 1-168,text,false,,233,168,695,695,http://stload.se.ifmo.ru:8080/?token=518472196&&user=-1356113187&config=2,16453,0,0
1776059544165,16454,HTTP Request 2,500,Internal Server Error,config 2 1-81,text,false,,233,168,695,695,http://stload.se.ifmo.ru:8080/?token=518472196&&user=-1356113187&config=2,16453,0,0
1776059544165,16454,HTTP Request 2,500,Internal Server Error,config 2 1-34,text,false,,233,168,695,695,http://stload.se.ifmo.ru:8080/?token=518472196&&user=-1356113187&config=2,16454,0,0
1776059544165,16454,HTTP Request 2,500,Internal Server Error,config 2 1-52,text,false,,233,168,695,695,http://stload.se.ifmo.ru:8080/?token=518472196&&user=-1356113187&config=2,16454,0,0
1776059544165,16454,HTTP Request 2,500,Internal Server Error,config 2 1-346,text,false,,233,168,695,695,http://stload.se.ifmo.ru:8080/?token=518472196&&user=-1356113187&config=2,16454,0,0
1776059544165,16454,HTTP Request 2,500,Internal Server Error,config 2 1-341,text,false,,233,168,695,695,http://stload.se.ifmo.ru:8080/?token=518472196&&user=-1356113187&config=2,16454,0,0
1776059544165,16454,HTTP Request 2,500,Internal Server Error,config 2 1-65,text,false,,233,168,695,695,http://stload.se.ifmo.ru:8080/?token=518472196&&user=-1356113187&config=2,16454,0,0
1776059544166,16454,HTTP Request 2,500,Internal Server Error,config 2 1-343,text,false,,233,168,695,695,http://stload.se.ifmo.ru:8080/?token=518472196&&user=-1356113187&config=2,16454,0,0
1776059544166,16454,HTTP Request 2,500,Internal Server Error,config 2 1-342,text,false,,233,168,695,695,http://stload.se.ifmo.ru:8080/?token=518472196&&user=-1356113187&config=2,16454,0,0
1776059544165,16455,HTTP Request 2,500,Internal Server Error,config 2 1-31,text,false,,233,168,695,695,http://stload.se.ifmo.ru:8080/?token=518472196&&user=-1356113187&config=2,16455,0,0
1776059544165,16455,HTTP Request 2,500,Internal Server Error,config 2 1-49,text,false,,233,168,695,695,http://stload.se.ifmo.ru:8080/?token=518472196&&user=-1356113187&config=2,16455,0,0
1776059544170,16450,HTTP Request 2,500,Internal Server Error,config 2 1-513,text,false,,233,168,695,695,http://stload.se.ifmo.ru:8080/?token=518472196&&user=-1356113187&config=2,16450,0,47
1776059544259,16361,HTTP Request 2,500,Internal Server Error,config 2 1-514,text,false,,233,168,695,695,http://stload.se.ifmo.ru:8080/?token=518472196&&user=-1356113187&config=2,16361,0,62
1776059544165,16455,HTTP Request 2,500,Internal Server Error,config 2 1-63,text,false,,233,168,695,695,http://stload.se.ifmo.ru:8080/?token=518472196&&user=-1356113187&config=2,16455,0,0
1776059544350,16270,HTTP Request 2,500,Internal Server Error,config 2 1-515,text,false,,233,168,695,695,http://stload.se.ifmo.ru:8080/?token=518472196&&user=-1356113187&config=2,16270,0,62
1776059544166,16454,HTTP Request 2,500,Internal Server Error,config 2 1-167,text,false,,233,168,695,695,http://stload.se.ifmo.ru:8080/?token=518472196&&user=-1356113187&config=2,16454,0,0
1776059544165,16455,HTTP Request 2,500,Internal Server Error,config 2 1-48,text,false,,233,168,695,695,http://stload.se.ifmo.ru:8080/?token=518472196&&user=-1356113187&config=2,16455,0,0
1776059544166,16454,HTTP Request 2,500,Internal Server Error,config 2 1-66,text,false,,233,168,695,695,http://stload.se.ifmo.ru:8080/?token=518472196&&user=-1356113187&config=2,16454,0,0
1776059544165,16456,HTTP Request 2,500,Internal Server Error,config 2 1-15,text,false,,233,168,695,695,http://stload.se.ifmo.ru:8080/?token=518472196&&user=-1356113187&config=2,16456,0,0
1776059544169,16452,HTTP Request 2,500,Internal Server Error,config 2 1-348,text,false,,233,168,695,695,http://stload.se.ifmo.ru:8080/?token=518472196&&user=-1356113187&config=2,16452,0,0
1776059544079,16542,HTTP Request 2,500,Internal Server Error,config 2 1-512,text,false,,233,168,695,695,http://stload.se.ifmo.ru:8080/?token=518472196&&user=-1356113187&config=2,16542,0,90
1776059544440,16181,HTTP Request 2,500,Internal Server Error,config 2 1-516,text,false,,233,168,695,695,http://stload.se.ifmo.ru:8080/?token=518472196&&user=-1356113187&config=2,16181,0,58
1776059544529,16092,HTTP Request 2,500,Internal Server Error,config 2 1-517,text,false,,233,168,695,695,http://stload.se.ifmo.ru:8080/?token=518472196&&user=-1356113187&config=2,16092,0,55
1776059544169,16453,HTTP Request 2,500,Internal Server Error,config 2 1-344,text,false,,233,168,695,695,http://stload.se.ifmo.ru:8080/?token=518472196&&user=-1356113187&config=2,16453,0,0
1776059544169,16453,HTTP Request 2,500,Internal Server Error,config 2 1-347,text,false,,233,168,695,695,http://stload.se.ifmo.ru:8080/?token=518472196&&user=-1356113187&config=2,16453,0,0
1776059544619,16005,HTTP Request 2,500,Internal Server Error,config 2 1-518,text,false,,233,168,695,695,http://stload.se.ifmo.ru:8080/?token=518472196&&user=-1356113187&config=2,16004,0,64
1776059544709,15915,HTTP Request 2,500,Internal Server Error,config 2 1-519,text,false,,233,168,695,695,http://stload.se.ifmo.ru:8080/?token=518472196&&user=-1356113187&config=2,15914,0,61
1776059539308,22072,HTTP Request 2,200,OK,config 2 1-459,text,true,,231,168,704,704,http://stload.se.ifmo.ru:8080/?token=518472196&&user=-1356113187&config=2,22072,0,109
1776059539039,22341,HTTP Request 2,200,OK,config 2 1-456,text,true,,231,168,704,704,http://stload.se.ifmo.ru:8080/?token=518472196&&user=-1356113187&config=2,22341,0,4
1776059539398,21982,HTTP Request 2,200,OK,config 2 1-460,text,true,,231,168,704,704,http://stload.se.ifmo.ru:8080/?token=518472196&&user=-1356113187&config=2,21982,0,20
1776059539488,21892,HTTP Request 2,200,OK,config 2 1-461,text,true,,231,168,704,704,http://stload.se.ifmo.ru:8080/?token=518472196&&user=-1356113187&config=2,21892,0,5
1776059539500,21880,HTTP Request 2,200,OK,config 2 1-291,text,true,,231,168,704,704,http://stload.se.ifmo.ru:8080/?token=518472196&&user=-1356113187&config=2,21880,0,0
1776059539128,22253,HTTP Request 2,200,OK,config 2 1-457,text,true,,231,168,704,704,http://stload.se.ifmo.ru:8080/?token=518472196&&user=-1356113187&config=2,22252,0,61
1776059539501,21880,HTTP Request 2,200,OK,config 2 1-205,text,true,,231,168,704,704,http://stload.se.ifmo.ru:8080/?token=518472196&&user=-1356113187&config=2,21880,0,0
1776059539501,21880,HTTP Request 2,200,OK,config 2 1-290,text,true,,231,168,704,704,http://stload.se.ifmo.ru:8080/?token=518472196&&user=-1356113187&config=2,21880,0,0
1776059539219,22162,HTTP Request 2,200,OK,config 2 1-458,text,true,,231,168,704,704,http://stload.se.ifmo.ru:8080/?token=518472196&&user=-1356113187&config=2,22162,0,3
1776059539651,21730,HTTP Request 2,200,OK,config 2 1-181,text,true,,231,168,704,704,http://stload.se.ifmo.ru:8080/?token=518472196&&user=-1356113187&config=2,21730,0,0
1776059539651,21731,HTTP Request 2,200,OK,config 2 1-178,text,true,,231,168,704,704,http://stload.se.ifmo.ru:8080/?token=518472196&&user=-1356113187&config=2,21731,0,0
1776059539651,21731,HTTP Request 2,200,OK,config 2 1-295,text,true,,231,168,704,704,http://stload.se.ifmo.ru:8080/?token=518472196&&user=-1356113187&config=2,21731,0,0
1776059539651,21731,HTTP Request 2,200,OK,config 2 1-185,text,true,,231,168,704,704,http://stload.se.ifmo.ru:8080/?token=518472196&&user=-1356113187&config=2,21731,0,0
1776059539651,21731,HTTP Request 2,200,OK,config 2 1-177,text,true,,231,168,704,704,http://stload.se.ifmo.ru:8080/?token=518472196&&user=-1356113187&config=2,21731,0,0
1776059539651,21731,HTTP Request 2,200,OK,config 2 1-179,text,true,,231,168,704,704,http://stload.se.ifmo.ru:8080/?token=518472196&&user=-1356113187&config=2,21731,0,0
1776059539651,21731,HTTP Request 2,200,OK,config 2 1-184,text,true,,231,168,704,704,http://stload.se.ifmo.ru:8080/?token=518472196&&user=-1356113187&config=2,21731,0,0
1776059539651,21731,HTTP Request 2,200,OK,config 2 1-294,text,true,,231,168,704,704,http://stload.se.ifmo.ru:8080/?token=518472196&&user=-1356113187&config=2,21731,0,0
1776059539651,21731,HTTP Request 2,200,OK,config 2 1-183,text,true,,231,168,704,704,http://stload.se.ifmo.ru:8080/?token=518472196&&user=-1356113187&config=2,21731,0,0
1776059539651,21731,HTTP Request 2,200,OK,config 2 1-182,text,true,,231,168,704,704,http://stload.se.ifmo.ru:8080/?token=518472196&&user=-1356113187&config=2,21731,0,0
1776059539651,21731,HTTP Request 2,200,OK,config 2 1-292,text,true,,231,168,704,704,http://stload.se.ifmo.ru:8080/?token=518472196&&user=-1356113187&config=2,21731,0,0
1776059539651,21731,HTTP Request 2,200,OK,config 2 1-186,text,true,,231,168,704,704,http://stload.se.ifmo.ru:8080/?token=518472196&&user=-1356113187&config=2,21731,0,0
1776059539579,21804,HTTP Request 2,200,OK,config 2 1-462,text,true,,231,168,704,704,http://stload.se.ifmo.ru:8080/?token=518472196&&user=-1356113187&config=2,21804,0,73
1776059539670,21713,HTTP Request 2,200,OK,config 2 1-463,text,true,,231,168,704,704,http://stload.se.ifmo.ru:8080/?token=518472196&&user=-1356113187&config=2,21713,0,49
1776059539653,21730,HTTP Request 2,200,OK,config 2 1-176,text,true,,231,168,704,704,http://stload.se.ifmo.ru:8080/?token=518472196&&user=-1356113187&config=2,21730,0,0
1776059539652,21731,HTTP Request 2,200,OK,config 2 1-180,text,true,,231,168,704,704,http://stload.se.ifmo.ru:8080/?token=518472196&&user=-1356113187&config=2,21731,0,0
1776059540121,21262,HTTP Request 2,200,OK,config 2 1-54,text,true,,231,168,704,704,http://stload.se.ifmo.ru:8080/?token=518472196&&user=-1356113187&config=2,21262,0,0
1776059539940,21443,HTTP Request 2,200,OK,config 2 1-466,text,true,,231,168,704,704,http://stload.se.ifmo.ru:8080/?token=518472196&&user=-1356113187&config=2,21443,0,6
1776059539652,21731,HTTP Request 2,200,OK,config 2 1-293,text,true,,231,168,704,704,http://stload.se.ifmo.ru:8080/?token=518472196&&user=-1356113187&config=2,21731,0,0
1776059540121,21262,HTTP Request 2,200,OK,config 2 1-26,text,true,,231,168,704,704,http://stload.se.ifmo.ru:8080/?token=518472196&&user=-1356113187&config=2,21262,0,0
1776059540121,21262,HTTP Request 2,200,OK,config 2 1-76,text,true,,231,168,704,704,http://stload.se.ifmo.ru:8080/?token=518472196&&user=-1356113187&config=2,21262,0,0
1776059539849,21534,HTTP Request 2,200,OK,config 2 1-465,text,true,,231,168,704,704,http://stload.se.ifmo.ru:8080/?token=518472196&&user=-1356113187&config=2,21534,0,94
1776059540121,21262,HTTP Request 2,200,OK,config 2 1-55,text,true,,231,168,704,704,http://stload.se.ifmo.ru:8080/?token=518472196&&user=-1356113187&config=2,21262,0,0
1776059540121,21263,HTTP Request 2,200,OK,config 2 1-91,text,true,,231,168,704,704,http://stload.se.ifmo.ru:8080/?token=518472196&&user=-1356113187&config=2,21263,0,0
1776059539759,21625,HTTP Request 2,200,OK,config 2 1-464,text,true,,231,168,704,704,http://stload.se.ifmo.ru:8080/?token=518472196&&user=-1356113187&config=2,21625,0,184
1776059540121,21263,HTTP Request 2,200,OK,config 2 1-60,text,true,,231,168,704,704,http://stload.se.ifmo.ru:8080/?token=518472196&&user=-1356113187&config=2,21263,0,0
1776059540030,21354,HTTP Request 2,200,OK,config 2 1-467,text,true,,231,168,704,704,http://stload.se.ifmo.ru:8080/?token=518472196&&user=-1356113187&config=2,21354,0,3
1776059540121,21263,HTTP Request 2,200,OK,config 2 1-206,text,true,,231,168,704,704,http://stload.se.ifmo.ru:8080/?token=518472196&&user=-1356113187&config=2,21263,0,0
1776059540121,21263,HTTP Request 2,200,OK,config 2 1-8,text,true,,231,168,704,704,http://stload.se.ifmo.ru:8080/?token=518472196&&user=-1356113187&config=2,21263,0,0
1776059540121,21263,HTTP Request 2,200,OK,config 2 1-59,text,true,,231,168,704,704,http://stload.se.ifmo.ru:8080/?token=518472196&&user=-1356113187&config=2,21263,0,0
1776059540121,21263,HTTP Request 2,200,OK,config 2 1-77,text,true,,231,168,704,704,http://stload.se.ifmo.ru:8080/?token=518472196&&user=-1356113187&config=2,21263,0,0
1776059540121,21263,HTTP Request 2,200,OK,config 2 1-90,text,true,,231,168,704,704,http://stload.se.ifmo.ru:8080/?token=518472196&&user=-1356113187&config=2,21263,0,0
1776059540122,21262,HTTP Request 2,200,OK,config 2 1-75,text,true,,231,168,704,704,http://stload.se.ifmo.ru:8080/?token=518472196&&user=-1356113187&config=2,21262,0,0
1776059540122,21263,HTTP Request 2,200,OK,config 2 1-43,text,true,,231,168,704,704,http://stload.se.ifmo.ru:8080/?token=518472196&&user=-1356113187&config=2,21263,0,0
1776059540122,21263,HTTP Request 2,200,OK,config 2 1-58,text,true,,231,168,704,704,http://stload.se.ifmo.ru:8080/?token=518472196&&user=-1356113187&config=2,21263,0,0
1776059540122,21263,HTTP Request 2,200,OK,config 2 1-11,text,true,,231,168,704,704,http://stload.se.ifmo.ru:8080/?token=518472196&&user=-1356113187&config=2,21263,0,0
1776059540122,21263,HTTP Request 2,200,OK,config 2 1-207,text,true,,231,168,704,704,http://stload.se.ifmo.ru:8080/?token=518472196&&user=-1356113187&config=2,21263,0,0
1776059540122,21263,HTTP Request 2,200,OK,config 2 1-41,text,true,,231,168,704,704,http://stload.se.ifmo.ru:8080/?token=518472196&&user=-1356113187&config=2,21263,0,0
1776059540122,21263,HTTP Request 2,200,OK,config 2 1-208,text,true,,231,168,704,704,http://stload.se.ifmo.ru:8080/?token=518472196&&user=-1356113187&config=2,21263,0,0
1776059540122,21263,HTTP Request 2,200,OK,config 2 1-10,text,true,,231,168,704,704,http://stload.se.ifmo.ru:8080/?token=518472196&&user=-1356113187&config=2,21263,0,0
1776059540122,21263,HTTP Request 2,200,OK,config 2 1-27,text,true,,231,168,704,704,http://stload.se.ifmo.ru:8080/?token=518472196&&user=-1356113187&config=2,21263,0,0
1776059540121,21265,HTTP Request 2,200,OK,config 2 1-9,text,true,,231,168,704,704,http://stload.se.ifmo.ru:8080/?token=518472196&&user=-1356113187&config=2,21265,0,0
1776059540122,21264,HTTP Request 2,200,OK,config 2 1-94,text,true,,231,168,704,704,http://stload.se.ifmo.ru:8080/?token=518472196&&user=-1356113187&config=2,21264,0,0
1776059540121,21266,HTTP Request 2,200,OK,config 2 1-23,text,true,,231,168,704,704,http://stload.se.ifmo.ru:8080/?token=518472196&&user=-1356113187&config=2,21266,0,0
1776059540123,21342,HTTP Request 2,200,OK,config 2 1-96,text,true,,231,168,705,705,http://stload.se.ifmo.ru:8080/?token=518472196&&user=-1356113187&config=2,21342,0,0
1776059540136,21329,HTTP Request 2,200,OK,config 2 1-98,text,true,,231,168,705,705,http://stload.se.ifmo.ru:8080/?token=518472196&&user=-1356113187&config=2,21329,0,0
1776059540136,21329,HTTP Request 2,200,OK,config 2 1-61,text,true,,231,168,705,705,http://stload.se.ifmo.ru:8080/?token=518472196&&user=-1356113187&config=2,21329,0,0
1776059540136,21329,HTTP Request 2,200,OK,config 2 1-29,text,true,,231,168,705,705,http://stload.se.ifmo.ru:8080/?token=518472196&&user=-1356113187&config=2,21329,0,0
1776059540136,21329,HTTP Request 2,200,OK,config 2 1-84,text,true,,231,168,705,705,http://stload.se.ifmo.ru:8080/?token=518472196&&user=-1356113187&config=2,21329,0,0
1776059540136,21330,HTTP Request 2,200,OK,config 2 1-92,text,true,,231,168,705,705,http://stload.se.ifmo.ru:8080/?token=518472196&&user=-1356113187&config=2,21330,0,0
1776059540136,21330,HTTP Request 2,200,OK,config 2 1-95,text,true,,231,168,705,705,http://stload.se.ifmo.ru:8080/?token=518472196&&user=-1356113187&config=2,21330,0,0
1776059540137,21329,HTTP Request 2,200,OK,config 2 1-101,text,true,,231,168,705,705,http://stload.se.ifmo.ru:8080/?token=518472196&&user=-1356113187&config=2,21329,0,0
1776059540137,21329,HTTP Request 2,200,OK,config 2 1-44,text,true,,231,168,705,705,http://stload.se.ifmo.ru:8080/?token=518472196&&user=-1356113187&config=2,21329,0,0
1776059540137,21329,HTTP Request 2,200,OK,config 2 1-100,text,true,,231,168,705,705,http://stload.se.ifmo.ru:8080/?token=518472196&&user=-1356113187&config=2,21329,0,0
1776059540136,21332,HTTP Request 2,200,OK,config 2 1-302,text,true,,231,168,705,705,http://stload.se.ifmo.ru:8080/?token=518472196&&user=-1356113187&config=2,21332,0,0
1776059540136,21354,HTTP Request 2,200,OK,config 2 1-301,text,true,,231,168,705,705,http://stload.se.ifmo.ru:8080/?token=518472196&&user=-1356113187&config=2,21354,0,0
1776059540137,21353,HTTP Request 2,200,OK,config 2 1-1,text,true,,231,168,705,705,http://stload.se.ifmo.ru:8080/?token=518472196&&user=-1356113187&config=2,21353,0,0
1776059540137,21353,HTTP Request 2,200,OK,config 2 1-297,text,true,,231,168,705,705,http://stload.se.ifmo.ru:8080/?token=518472196&&user=-1356113187&config=2,21353,0,0
1776059540136,21354,HTTP Request 2,200,OK,config 2 1-18,text,true,,231,168,705,705,http://stload.se.ifmo.ru:8080/?token=518472196&&user=-1356113187&config=2,21354,0,0
1776059540138,21353,HTTP Request 2,200,OK,config 2 1-298,text,true,,231,168,705,705,http://stload.se.ifmo.ru:8080/?token=518472196&&user=-1356113187&config=2,21353,0,0
1776059540138,21353,HTTP Request 2,200,OK,config 2 1-299,text,true,,231,168,705,705,http://stload.se.ifmo.ru:8080/?token=518472196&&user=-1356113187&config=2,21353,0,0
1776059540119,22222,HTTP Request 2,200,OK,config 2 1-468,text,true,,231,168,714,714,http://stload.se.ifmo.ru:8080/?token=518472196&&user=-1356113187&config=2,22222,0,4
1776059540138,22611,HTTP Request 2,200,OK,config 2 1-300,text,true,,231,168,719,719,http://stload.se.ifmo.ru:8080/?token=518472196&&user=-1356113187&config=2,22611,0,0
1776059540294,22455,HTTP Request 2,200,OK,config 2 1-200,text,true,,231,168,719,719,http://stload.se.ifmo.ru:8080/?token=518472196&&user=-1356113187&config=2,22455,0,0
1776059540294,22455,HTTP Request 2,200,OK,config 2 1-193,text,true,,231,168,719,719,http://stload.se.ifmo.ru:8080/?token=518472196&&user=-1356113187&config=2,22455,0,0
1776059540295,22454,HTTP Request 2,200,OK,config 2 1-105,text,true,,231,168,719,719,http://stload.se.ifmo.ru:8080/?token=518472196&&user=-1356113187&config=2,22454,0,0
1776059540295,22454,HTTP Request 2,200,OK,config 2 1-158,text,true,,231,168,719,719,http://stload.se.ifmo.ru:8080/?token=518472196&&user=-1356113187&config=2,22454,0,0
1776059540294,22455,HTTP Request 2,200,OK,config 2 1-192,text,true,,231,168,719,719,http://stload.se.ifmo.ru:8080/?token=518472196&&user=-1356113187&config=2,22455,0,0
1776059540295,22454,HTTP Request 2,200,OK,config 2 1-155,text,true,,231,168,719,719,http://stload.se.ifmo.ru:8080/?token=518472196&&user=-1356113187&config=2,22454,0,0
1776059540295,22454,HTTP Request 2,200,OK,config 2 1-78,text,true,,231,168,719,719,http://stload.se.ifmo.ru:8080/?token=518472196&&user=-1356113187&config=2,22454,0,0
1776059540294,22455,HTTP Request 2,200,OK,config 2 1-211,text,true,,231,168,719,719,http://stload.se.ifmo.ru:8080/?token=518472196&&user=-1356113187&config=2,22455,0,0
1776059540294,22455,HTTP Request 2,200,OK,config 2 1-109,text,true,,231,168,719,719,http://stload.se.ifmo.ru:8080/?token=518472196&&user=-1356113187&config=2,22455,0,0
1776059540209,22540,HTTP Request 2,200,OK,config 2 1-469,text,true,,231,168,719,719,http://stload.se.ifmo.ru:8080/?token=518472196&&user=-1356113187&config=2,22540,0,9
1776059540294,22455,HTTP Request 2,200,OK,config 2 1-198,text,true,,231,168,719,719,http://stload.se.ifmo.ru:8080/?token=518472196&&user=-1356113187&config=2,22455,0,0
1776059540294,22455,HTTP Request 2,200,OK,config 2 1-191,text,true,,231,168,719,719,http://stload.se.ifmo.ru:8080/?token=518472196&&user=-1356113187&config=2,22455,0,0
1776059540294,22455,HTTP Request 2,200,OK,config 2 1-189,text,true,,231,168,719,719,http://stload.se.ifmo.ru:8080/?token=518472196&&user=-1356113187&config=2,22455,0,0
1776059540294,22455,HTTP Request 2,200,OK,config 2 1-197,text,true,,231,168,719,719,http://stload.se.ifmo.ru:8080/?token=518472196&&user=-1356113187&config=2,22455,0,0
1776059540295,22455,HTTP Request 2,200,OK,config 2 1-114,text,true,,231,168,719,719,http://stload.se.ifmo.ru:8080/?token=518472196&&user=-1356113187&config=2,22455,0,0
1776059540295,22455,HTTP Request 2,200,OK,config 2 1-148,text,true,,231,168,719,719,http://stload.se.ifmo.ru:8080/?token=518472196&&user=-1356113187&config=2,22455,0,0
1776059540295,22455,HTTP Request 2,200,OK,config 2 1-113,text,true,,231,168,719,719,http://stload.se.ifmo.ru:8080/?token=518472196&&user=-1356113187&config=2,22455,0,0
1776059540295,22455,HTTP Request 2,200,OK,config 2 1-106,text,true,,231,168,719,719,http://stload.se.ifmo.ru:8080/?token=518472196&&user=-1356113187&config=2,22455,0,0
1776059540296,22454,HTTP Request 2,200,OK,config 2 1-188,text,true,,231,168,719,719,http://stload.se.ifmo.ru:8080/?token=518472196&&user=-1356113187&config=2,22454,0,0
1776059540296,22454,HTTP Request 2,200,OK,config 2 1-71,text,true,,231,168,719,719,http://stload.se.ifmo.ru:8080/?token=518472196&&user=-1356113187&config=2,22454,0,0
1776059540295,22455,HTTP Request 2,200,OK,config 2 1-45,text,true,,231,168,719,719,http://stload.se.ifmo.ru:8080/?token=518472196&&user=-1356113187&config=2,22455,0,0
1776059540296,22454,HTTP Request 2,200,OK,config 2 1-152,text,true,,231,168,719,719,http://stload.se.ifmo.ru:8080/?token=518472196&&user=-1356113187&config=2,22454,0,0
1776059540296,22454,HTTP Request 2,200,OK,config 2 1-163,text,true,,231,168,719,719,http://stload.se.ifmo.ru:8080/?token=518472196&&user=-1356113187&config=2,22454,0,0
1776059540296,22455,HTTP Request 2,200,OK,config 2 1-107,text,true,,231,168,719,719,http://stload.se.ifmo.ru:8080/?token=518472196&&user=-1356113187&config=2,22455,0,0
1776059540296,22455,HTTP Request 2,200,OK,config 2 1-108,text,true,,231,168,719,719,http://stload.se.ifmo.ru:8080/?token=518472196&&user=-1356113187&config=2,22455,0,0
1776059540296,22455,HTTP Request 2,200,OK,config 2 1-160,text,true,,231,168,719,719,http://stload.se.ifmo.ru:8080/?token=518472196&&user=-1356113187&config=2,22455,0,0
1776059540296,22455,HTTP Request 2,200,OK,config 2 1-194,text,true,,231,168,719,719,http://stload.se.ifmo.ru:8080/?token=518472196&&user=-1356113187&config=2,22455,0,0
1776059540296,22455,HTTP Request 2,200,OK,config 2 1-196,text,true,,231,168,719,719,http://stload.se.ifmo.ru:8080/?token=518472196&&user=-1356113187&config=2,22455,0,0
1776059540296,22457,HTTP Request 2,200,OK,config 2 1-137,text,true,,231,168,719,719,http://stload.se.ifmo.ru:8080/?token=518472196&&user=-1356113187&config=2,22457,0,0
1776059540296,22457,HTTP Request 2,200,OK,config 2 1-209,text,true,,231,168,719,719,http://stload.se.ifmo.ru:8080/?token=518472196&&user=-1356113187&config=2,22457,0,0
1776059540297,22456,HTTP Request 2,200,OK,config 2 1-202,text,true,,231,168,719,719,http://stload.se.ifmo.ru:8080/?token=518472196&&user=-1356113187&config=2,22456,0,0
1776059540297,22456,HTTP Request 2,200,OK,config 2 1-199,text,true,,231,168,719,719,http://stload.se.ifmo.ru:8080/?token=518472196&&user=-1356113187&config=2,22456,0,0
1776059540296,22457,HTTP Request 2,200,OK,config 2 1-150,text,true,,231,168,719,719,http://stload.se.ifmo.ru:8080/?token=518472196&&user=-1356113187&config=2,22457,0,0
1776059540297,22456,HTTP Request 2,200,OK,config 2 1-151,text,true,,231,168,719,719,http://stload.se.ifmo.ru:8080/?token=518472196&&user=-1356113187&config=2,22456,0,0
1776059540295,22458,HTTP Request 2,200,OK,config 2 1-110,text,true,,231,168,719,719,http://stload.se.ifmo.ru:8080/?token=518472196&&user=-1356113187&config=2,22458,0,0
1776059540296,22457,HTTP Request 2,200,OK,config 2 1-159,text,true,,231,168,719,719,http://stload.se.ifmo.ru:8080/?token=518472196&&user=-1356113187&config=2,22457,0,0
1776059540296,22457,HTTP Request 2,200,OK,config 2 1-190,text,true,,231,168,719,719,http://stload.se.ifmo.ru:8080/?token=518472196&&user=-1356113187&config=2,22457,0,0
1776059540297,22456,HTTP Request 2,200,OK,config 2 1-112,text,true,,231,168,719,719,http://stload.se.ifmo.ru:8080/?token=518472196&&user=-1356113187&config=2,22456,0,0
1776059540297,22456,HTTP Request 2,200,OK,config 2 1-111,text,true,,231,168,719,719,http://stload.se.ifmo.ru:8080/?token=518472196&&user=-1356113187&config=2,22456,0,0
1776059540296,22457,HTTP Request 2,200,OK,config 2 1-238,text,true,,231,168,719,719,http://stload.se.ifmo.ru:8080/?token=518472196&&user=-1356113187&config=2,22457,0,0
1776059540296,22457,HTTP Request 2,200,OK,config 2 1-20,text,true,,231,168,719,719,http://stload.se.ifmo.ru:8080/?token=518472196&&user=-1356113187&config=2,22457,0,0
1776059540297,22456,HTTP Request 2,200,OK,config 2 1-201,text,true,,231,168,719,719,http://stload.se.ifmo.ru:8080/?token=518472196&&user=-1356113187&config=2,22456,0,0
1776059540297,22456,HTTP Request 2,200,OK,config 2 1-147,text,true,,231,168,719,719,http://stload.se.ifmo.ru:8080/?token=518472196&&user=-1356113187&config=2,22456,0,0
1776059540297,22456,HTTP Request 2,200,OK,config 2 1-210,text,true,,231,168,719,719,http://stload.se.ifmo.ru:8080/?token=518472196&&user=-1356113187&config=2,22456,0,0
1776059540297,22456,HTTP Request 2,200,OK,config 2 1-195,text,true,,231,168,719,719,http://stload.se.ifmo.ru:8080/?token=518472196&&user=-1356113187&config=2,22456,0,0
1776059540298,22455,HTTP Request 2,200,OK,config 2 1-187,text,true,,231,168,719,719,http://stload.se.ifmo.ru:8080/?token=518472196&&user=-1356113187&config=2,22455,0,0
1776059540300,22454,HTTP Request 2,200,OK,config 2 1-308,text,true,,231,168,719,719,http://stload.se.ifmo.ru:8080/?token=518472196&&user=-1356113187&config=2,22453,0,0
1776059540297,22457,HTTP Request 2,200,OK,config 2 1-229,text,true,,231,168,719,719,http://stload.se.ifmo.ru:8080/?token=518472196&&user=-1356113187&config=2,22457,0,0
1776059540298,22456,HTTP Request 2,200,OK,config 2 1-236,text,true,,231,168,719,719,http://stload.se.ifmo.ru:8080/?token=518472196&&user=-1356113187&config=2,22456,0,0
1776059540298,22456,HTTP Request 2,200,OK,config 2 1-235,text,true,,231,168,719,719,http://stload.se.ifmo.ru:8080/?token=518472196&&user=-1356113187&config=2,22456,0,0
1776059540296,22458,HTTP Request 2,200,OK,config 2 1-230,text,true,,231,168,719,719,http://stload.se.ifmo.ru:8080/?token=518472196&&user=-1356113187&config=2,22458,0,0
1776059540300,22456,HTTP Request 2,200,OK,config 2 1-304,text,true,,231,168,719,719,http://stload.se.ifmo.ru:8080/?token=518472196&&user=-1356113187&config=2,22456,0,0
1776059540300,22456,HTTP Request 2,200,OK,config 2 1-204,text,true,,231,168,719,719,http://stload.se.ifmo.ru:8080/?token=518472196&&user=-1356113187&config=2,22456,0,0
1776059540297,22460,HTTP Request 2,200,OK,config 2 1-30,text,true,,231,168,719,719,http://stload.se.ifmo.ru:8080/?token=518472196&&user=-1356113187&config=2,22460,0,0
1776059540298,22459,HTTP Request 2,200,OK,config 2 1-242,text,true,,231,168,719,719,http://stload.se.ifmo.ru:8080/?token=518472196&&user=-1356113187&config=2,22459,0,0
1776059540298,22459,HTTP Request 2,200,OK,config 2 1-240,text,true,,231,168,719,719,http://stload.se.ifmo.ru:8080/?token=518472196&&user=-1356113187&config=2,22459,0,0
1776059540297,22460,HTTP Request 2,200,OK,config 2 1-89,text,true,,231,168,719,719,http://stload.se.ifmo.ru:8080/?token=518472196&&user=-1356113187&config=2,22460,0,0
1776059540298,22459,HTTP Request 2,200,OK,config 2 1-32,text,true,,231,168,719,719,http://stload.se.ifmo.ru:8080/?token=518472196&&user=-1356113187&config=2,22459,0,0
1776059540299,22458,HTTP Request 2,200,OK,config 2 1-102,text,true,,231,168,719,719,http://stload.se.ifmo.ru:8080/?token=518472196&&user=-1356113187&config=2,22458,0,0
1776059540299,22458,HTTP Request 2,200,OK,config 2 1-99,text,true,,231,168,719,719,http://stload.se.ifmo.ru:8080/?token=518472196&&user=-1356113187&config=2,22458,0,0
1776059540299,22458,HTTP Request 2,200,OK,config 2 1-237,text,true,,231,168,719,719,http://stload.se.ifmo.ru:8080/?token=518472196&&user=-1356113187&config=2,22458,0,0
1776059540299,22458,HTTP Request 2,200,OK,config 2 1-234,text,true,,231,168,719,719,http://stload.se.ifmo.ru:8080/?token=518472196&&user=-1356113187&config=2,22458,0,0
1776059540299,22458,HTTP Request 2,200,OK,config 2 1-68,text,true,,231,168,719,719,http://stload.se.ifmo.ru:8080/?token=518472196&&user=-1356113187&config=2,22458,0,0
1776059540299,22458,HTTP Request 2,200,OK,config 2 1-470,text,true,,231,168,719,719,http://stload.se.ifmo.ru:8080/?token=518472196&&user=-1356113187&config=2,22458,0,16
1776059540299,22458,HTTP Request 2,200,OK,config 2 1-97,text,true,,231,168,719,719,http://stload.se.ifmo.ru:8080/?token=518472196&&user=-1356113187&config=2,22458,0,0
1776059540390,22367,HTTP Request 2,200,OK,config 2 1-471,text,true,,231,168,719,719,http://stload.se.ifmo.ru:8080/?token=518472196&&user=-1356113187&config=2,22367,0,16
1776059540300,22457,HTTP Request 2,200,OK,config 2 1-305,text,true,,231,168,719,719,http://stload.se.ifmo.ru:8080/?token=518472196&&user=-1356113187&config=2,22457,0,0
1776059540300,22457,HTTP Request 2,200,OK,config 2 1-313,text,true,,231,168,719,719,http://stload.se.ifmo.ru:8080/?token=518472196&&user=-1356113187&config=2,22457,0,0
1776059540300,22457,HTTP Request 2,200,OK,config 2 1-310,text,true,,231,168,719,719,http://stload.se.ifmo.ru:8080/?token=518472196&&user=-1356113187&config=2,22457,0,0
1776059540299,22458,HTTP Request 2,200,OK,config 2 1-241,text,true,,231,168,719,719,http://stload.se.ifmo.ru:8080/?token=518472196&&user=-1356113187&config=2,22458,0,0
1776059540651,22106,HTTP Request 2,200,OK,config 2 1-318,text,true,,231,168,719,719,http://stload.se.ifmo.ru:8080/?token=518472196&&user=-1356113187&config=2,22106,0,0
1776059540299,22458,HTTP Request 2,200,OK,config 2 1-307,text,true,,231,168,719,719,http://stload.se.ifmo.ru:8080/?token=518472196&&user=-1356113187&config=2,22458,0,0
1776059540299,22458,HTTP Request 2,200,OK,config 2 1-309,text,true,,231,168,719,719,http://stload.se.ifmo.ru:8080/?token=518472196&&user=-1356113187&config=2,22458,0,0
1776059540299,22458,HTTP Request 2,200,OK,config 2 1-312,text,true,,231,168,719,719,http://stload.se.ifmo.ru:8080/?token=518472196&&user=-1356113187&config=2,22458,0,0
1776059540569,22188,HTTP Request 2,200,OK,config 2 1-473,text,true,,231,168,719,719,http://stload.se.ifmo.ru:8080/?token=518472196&&user=-1356113187&config=2,22188,0,45
1776059540651,22106,HTTP Request 2,200,OK,config 2 1-319,text,true,,231,168,719,719,http://stload.se.ifmo.ru:8080/?token=518472196&&user=-1356113187&config=2,22106,0,0
1776059540651,22107,HTTP Request 2,200,OK,config 2 1-322,text,true,,231,168,719,719,http://stload.se.ifmo.ru:8080/?token=518472196&&user=-1356113187&config=2,22107,0,0
1776059540299,22459,HTTP Request 2,200,OK,config 2 1-47,text,true,,231,168,719,719,http://stload.se.ifmo.ru:8080/?token=518472196&&user=-1356113187&config=2,22459,0,0
1776059540300,22458,HTTP Request 2,200,OK,config 2 1-316,text,true,,231,168,719,719,http://stload.se.ifmo.ru:8080/?token=518472196&&user=-1356113187&config=2,22458,0,0
1776059540300,22458,HTTP Request 2,200,OK,config 2 1-203,text,true,,231,168,719,719,http://stload.se.ifmo.ru:8080/?token=518472196&&user=-1356113187&config=2,22458,0,0
1776059540299,22459,HTTP Request 2,200,OK,config 2 1-311,text,true,,231,168,719,719,http://stload.se.ifmo.ru:8080/?token=518472196&&user=-1356113187&config=2,22459,0,0
1776059540299,22459,HTTP Request 2,200,OK,config 2 1-303,text,true,,231,168,719,719,http://stload.se.ifmo.ru:8080/?token=518472196&&user=-1356113187&config=2,22459,0,0
1776059540300,22458,HTTP Request 2,200,OK,config 2 1-314,text,true,,231,168,719,719,http://stload.se.ifmo.ru:8080/?token=518472196&&user=-1356113187&config=2,22458,0,0
1776059540299,22459,HTTP Request 2,200,OK,config 2 1-28,text,true,,231,168,719,719,http://stload.se.ifmo.ru:8080/?token=518472196&&user=-1356113187&config=2,22459,0,0
1776059540299,22459,HTTP Request 2,200,OK,config 2 1-239,text,true,,231,168,719,719,http://stload.se.ifmo.ru:8080/?token=518472196&&user=-1356113187&config=2,22459,0,0
1776059540300,22458,HTTP Request 2,200,OK,config 2 1-315,text,true,,231,168,719,719,http://stload.se.ifmo.ru:8080/?token=518472196&&user=-1356113187&config=2,22458,0,0
1776059540299,22460,HTTP Request 2,200,OK,config 2 1-231,text,true,,231,168,719,719,http://stload.se.ifmo.ru:8080/?token=518472196&&user=-1356113187&config=2,22460,0,0
1776059540299,22461,HTTP Request 2,200,OK,config 2 1-306,text,true,,231,168,719,719,http://stload.se.ifmo.ru:8080/?token=518472196&&user=-1356113187&config=2,22461,0,0
1776059540480,22280,HTTP Request 2,200,OK,config 2 1-472,text,true,,231,168,719,719,http://stload.se.ifmo.ru:8080/?token=518472196&&user=-1356113187&config=2,22280,0,5
1776059540651,22109,HTTP Request 2,200,OK,config 2 1-327,text,true,,231,168,719,719,http://stload.se.ifmo.ru:8080/?token=518472196&&user=-1356113187&config=2,22109,0,0
1776059540651,22109,HTTP Request 2,200,OK,config 2 1-328,text,true,,231,168,719,719,http://stload.se.ifmo.ru:8080/?token=518472196&&user=-1356113187&config=2,22109,0,0
1776059540651,22109,HTTP Request 2,200,OK,config 2 1-321,text,true,,231,168,719,719,http://stload.se.ifmo.ru:8080/?token=518472196&&user=-1356113187&config=2,22109,0,0
1776059540651,22109,HTTP Request 2,200,OK,config 2 1-323,text,true,,231,168,719,719,http://stload.se.ifmo.ru:8080/?token=518472196&&user=-1356113187&config=2,22109,0,0
1776059540652,22108,HTTP Request 2,200,OK,config 2 1-317,text,true,,231,168,719,719,http://stload.se.ifmo.ru:8080/?token=518472196&&user=-1356113187&config=2,22108,0,0
1776059540652,22108,HTTP Request 2,200,OK,config 2 1-325,text,true,,231,168,719,719,http://stload.se.ifmo.ru:8080/?token=518472196&&user=-1356113187&config=2,22108,0,0
1776059540658,22102,HTTP Request 2,200,OK,config 2 1-474,text,true,,231,168,719,719,http://stload.se.ifmo.ru:8080/?token=518472196&&user=-1356113187&config=2,22102,0,86
1776059541018,21742,HTTP Request 2,200,OK,config 2 1-478,text,true,,231,168,719,719,http://stload.se.ifmo.ru:8080/?token=518472196&&user=-1356113187&config=2,21742,0,4
1776059540653,22107,HTTP Request 2,200,OK,config 2 1-329,text,true,,231,168,719,719,http://stload.se.ifmo.ru:8080/?token=518472196&&user=-1356113187&config=2,22107,0,0
1776059540929,21832,HTTP Request 2,200,OK,config 2 1-477,text,true,,231,168,719,719,http://stload.se.ifmo.ru:8080/?token=518472196&&user=-1356113187&config=2,21832,0,3
1776059540749,22012,HTTP Request 2,200,OK,config 2 1-475,text,true,,231,168,719,719,http://stload.se.ifmo.ru:8080/?token=518472196&&user=-1356113187&config=2,22012,0,89
1776059540653,22108,HTTP Request 2,200,OK,config 2 1-326,text,true,,231,168,719,719,http://stload.se.ifmo.ru:8080/?token=518472196&&user=-1356113187&config=2,22108,0,0
1776059540652,22109,HTTP Request 2,200,OK,config 2 1-320,text,true,,231,168,719,719,http://stload.se.ifmo.ru:8080/?token=518472196&&user=-1356113187&config=2,22109,0,0
1776059540653,22109,HTTP Request 2,200,OK,config 2 1-324,text,true,,231,168,719,719,http://stload.se.ifmo.ru:8080/?token=518472196&&user=-1356113187&config=2,22109,0,0
1776059541109,21653,HTTP Request 2,200,OK,config 2 1-479,text,true,,231,168,719,719,http://stload.se.ifmo.ru:8080/?token=518472196&&user=-1356113187&config=2,21653,0,3
1776059540840,21922,HTTP Request 2,200,OK,config 2 1-476,text,true,,231,168,719,719,http://stload.se.ifmo.ru:8080/?token=518472196&&user=-1356113187&config=2,21922,0,91
1776059541289,21473,HTTP Request 2,200,OK,config 2 1-481,text,true,,231,168,719,719,http://stload.se.ifmo.ru:8080/?token=518472196&&user=-1356113187&config=2,21473,0,4
1776059541303,21459,HTTP Request 2,200,OK,config 2 1-332,text,true,,231,168,719,719,http://stload.se.ifmo.ru:8080/?token=518472196&&user=-1356113187&config=2,21459,0,0
1776059541303,21459,HTTP Request 2,200,OK,config 2 1-142,text,true,,231,168,719,719,http://stload.se.ifmo.ru:8080/?token=518472196&&user=-1356113187&config=2,21459,0,0
1776059541302,21460,HTTP Request 2,200,OK,config 2 1-213,text,true,,231,168,719,719,http://stload.se.ifmo.ru:8080/?token=518472196&&user=-1356113187&config=2,21460,0,0
1776059541302,21460,HTTP Request 2,200,OK,config 2 1-333,text,true,,231,168,719,719,http://stload.se.ifmo.ru:8080/?token=518472196&&user=-1356113187&config=2,21460,0,0
1776059541302,21460,HTTP Request 2,200,OK,config 2 1-145,text,true,,231,168,719,719,http://stload.se.ifmo.ru:8080/?token=518472196&&user=-1356113187&config=2,21460,0,0
1776059541302,21460,HTTP Request 2,200,OK,config 2 1-144,text,true,,231,168,719,719,http://stload.se.ifmo.ru:8080/?token=518472196&&user=-1356113187&config=2,21460,0,0
1776059541302,21460,HTTP Request 2,200,OK,config 2 1-149,text,true,,231,168,719,719,http://stload.se.ifmo.ru:8080/?token=518472196&&user=-1356113187&config=2,21460,0,0
1776059541302,21460,HTTP Request 2,200,OK,config 2 1-154,text,true,,231,168,719,719,http://stload.se.ifmo.ru:8080/?token=518472196&&user=-1356113187&config=2,21460,0,0
1776059541302,21460,HTTP Request 2,200,OK,config 2 1-156,text,true,,231,168,719,719,http://stload.se.ifmo.ru:8080/?token=518472196&&user=-1356113187&config=2,21460,0,0
1776059541302,21460,HTTP Request 2,200,OK,config 2 1-161,text,true,,231,168,719,719,http://stload.se.ifmo.ru:8080/?token=518472196&&user=-1356113187&config=2,21460,0,0
1776059541199,21563,HTTP Request 2,200,OK,config 2 1-480,text,true,,231,168,719,719,http://stload.se.ifmo.ru:8080/?token=518472196&&user=-1356113187&config=2,21563,0,4
1776059541302,21460,HTTP Request 2,200,OK,config 2 1-334,text,true,,231,168,719,719,http://stload.se.ifmo.ru:8080/?token=518472196&&user=-1356113187&config=2,21460,0,0
1776059541303,21459,HTTP Request 2,200,OK,config 2 1-153,text,true,,231,168,719,719,http://stload.se.ifmo.ru:8080/?token=518472196&&user=-1356113187&config=2,21459,0,0
1776059541304,21458,HTTP Request 2,200,OK,config 2 1-157,text,true,,231,168,719,719,http://stload.se.ifmo.ru:8080/?token=518472196&&user=-1356113187&config=2,21458,0,0
1776059541304,21458,HTTP Request 2,200,OK,config 2 1-212,text,true,,231,168,719,719,http://stload.se.ifmo.ru:8080/?token=518472196&&user=-1356113187&config=2,21458,0,0
1776059541304,21458,HTTP Request 2,200,OK,config 2 1-146,text,true,,231,168,719,719,http://stload.se.ifmo.ru:8080/?token=518472196&&user=-1356113187&config=2,21458,0,0
1776059541302,21460,HTTP Request 2,200,OK,config 2 1-335,text,true,,231,168,719,719,http://stload.se.ifmo.ru:8080/?token=518472196&&user=-1356113187&config=2,21460,0,0
1776059541302,21460,HTTP Request 2,200,OK,config 2 1-331,text,true,,231,168,719,719,http://stload.se.ifmo.ru:8080/?token=518472196&&user=-1356113187&config=2,21460,0,0
1776059541302,21460,HTTP Request 2,200,OK,config 2 1-330,text,true,,231,168,719,719,http://stload.se.ifmo.ru:8080/?token=518472196&&user=-1356113187&config=2,21460,0,0
1776059541304,21458,HTTP Request 2,200,OK,config 2 1-162,text,true,,231,168,719,719,http://stload.se.ifmo.ru:8080/?token=518472196&&user=-1356113187&config=2,21458,0,0
1776059545879,17075,HTTP Request 2,500,Internal Server Error,config 2 1-532,text,false,,233,168,721,721,http://stload.se.ifmo.ru:8080/?token=518472196&&user=-1356113187&config=2,17075,0,45
1776059545969,16985,HTTP Request 2,500,Internal Server Error,config 2 1-533,text,false,,233,168,721,721,http://stload.se.ifmo.ru:8080/?token=518472196&&user=-1356113187&config=2,16985,0,62
1776059546240,16714,HTTP Request 2,500,Internal Server Error,config 2 1-536,text,false,,233,168,721,721,http://stload.se.ifmo.ru:8080/?token=518472196&&user=-1356113187&config=2,16714,0,91
1776059546149,16805,HTTP Request 2,500,Internal Server Error,config 2 1-535,text,false,,233,168,721,721,http://stload.se.ifmo.ru:8080/?token=518472196&&user=-1356113187&config=2,16805,0,70
1776059546331,16623,HTTP Request 2,500,Internal Server Error,config 2 1-537,text,false,,233,168,721,721,http://stload.se.ifmo.ru:8080/?token=518472196&&user=-1356113187&config=2,16623,0,85
1776059546059,16895,HTTP Request 2,500,Internal Server Error,config 2 1-534,text,false,,233,168,721,721,http://stload.se.ifmo.ru:8080/?token=518472196&&user=-1356113187&config=2,16895,0,69
1776059547049,15905,HTTP Request 2,500,Internal Server Error,config 2 1-545,text,false,,233,168,721,721,http://stload.se.ifmo.ru:8080/?token=518472196&&user=-1356113187&config=2,15905,0,4
1776059546959,15995,HTTP Request 2,500,Internal Server Error,config 2 1-544,text,false,,233,168,721,721,http://stload.se.ifmo.ru:8080/?token=518472196&&user=-1356113187&config=2,15995,0,4
1776059546510,16445,HTTP Request 2,500,Internal Server Error,config 2 1-539,text,false,,233,168,721,721,http://stload.se.ifmo.ru:8080/?token=518472196&&user=-1356113187&config=2,16444,0,104
1776059546600,16355,HTTP Request 2,500,Internal Server Error,config 2 1-540,text,false,,233,168,721,721,http://stload.se.ifmo.ru:8080/?token=518472196&&user=-1356113187&config=2,16355,0,16
1776059547321,15634,HTTP Request 2,500,Internal Server Error,config 2 1-548,text,false,,233,168,721,721,http://stload.se.ifmo.ru:8080/?token=518472196&&user=-1356113187&config=2,15634,0,5
1776059546689,16268,HTTP Request 2,500,Internal Server Error,config 2 1-541,text,false,,233,168,721,721,http://stload.se.ifmo.ru:8080/?token=518472196&&user=-1356113187&config=2,16267,0,3
1776059547411,15546,HTTP Request 2,500,Internal Server Error,config 2 1-549,text,false,,233,168,721,721,http://stload.se.ifmo.ru:8080/?token=518472196&&user=-1356113187&config=2,15545,0,4
1776059546779,16178,HTTP Request 2,500,Internal Server Error,config 2 1-542,text,false,,233,168,721,721,http://stload.se.ifmo.ru:8080/?token=518472196&&user=-1356113187&config=2,16178,0,4
1776059546419,16538,HTTP Request 2,500,Internal Server Error,config 2 1-538,text,false,,233,168,721,721,http://stload.se.ifmo.ru:8080/?token=518472196&&user=-1356113187&config=2,16538,0,87
1776059547230,15727,HTTP Request 2,500,Internal Server Error,config 2 1-547,text,false,,233,168,721,721,http://stload.se.ifmo.ru:8080/?token=518472196&&user=-1356113187&config=2,15727,0,21
1776059546871,16086,HTTP Request 2,500,Internal Server Error,config 2 1-543,text,false,,233,168,721,721,http://stload.se.ifmo.ru:8080/?token=518472196&&user=-1356113187&config=2,16086,0,4
1776059547590,15367,HTTP Request 2,500,Internal Server Error,config 2 1-551,text,false,,233,168,721,721,http://stload.se.ifmo.ru:8080/?token=518472196&&user=-1356113187&config=2,15367,0,3
1776059547680,15277,HTTP Request 2,500,Internal Server Error,config 2 1-552,text,false,,233,168,721,721,http://stload.se.ifmo.ru:8080/?token=518472196&&user=-1356113187&config=2,15276,0,7
1776059547860,15097,HTTP Request 2,500,Internal Server Error,config 2 1-554,text,false,,233,168,721,721,http://stload.se.ifmo.ru:8080/?token=518472196&&user=-1356113187&config=2,15097,0,3
1776059547499,15458,HTTP Request 2,500,Internal Server Error,config 2 1-550,text,false,,233,168,721,721,http://stload.se.ifmo.ru:8080/?token=518472196&&user=-1356113187&config=2,15458,0,4
1776059547139,15819,HTTP Request 2,500,Internal Server Error,config 2 1-546,text,false,,233,168,721,721,http://stload.se.ifmo.ru:8080/?token=518472196&&user=-1356113187&config=2,15819,0,4
1776059547770,15190,HTTP Request 2,500,Internal Server Error,config 2 1-553,text,false,,233,168,721,721,http://stload.se.ifmo.ru:8080/?token=518472196&&user=-1356113187&config=2,15190,0,4
1776059547950,15020,HTTP Request 2,500,Internal Server Error,config 2 1-555,text,false,,233,168,721,721,http://stload.se.ifmo.ru:8080/?token=518472196&&user=-1356113187&config=2,15019,0,3
1776059541829,21275,HTTP Request 2,200,OK,config 2 1-487,text,true,,231,168,723,723,http://stload.se.ifmo.ru:8080/?token=518472196&&user=-1356113187&config=2,21275,0,43
1776059541739,21365,HTTP Request 2,200,OK,config 2 1-486,text,true,,231,168,723,723,http://stload.se.ifmo.ru:8080/?token=518472196&&user=-1356113187&config=2,21365,0,21
1776059541650,21454,HTTP Request 2,200,OK,config 2 1-485,text,true,,231,168,723,723,http://stload.se.ifmo.ru:8080/?token=518472196&&user=-1356113187&config=2,21454,0,3
1776059542009,21095,HTTP Request 2,200,OK,config 2 1-489,text,true,,231,168,723,723,http://stload.se.ifmo.ru:8080/?token=518472196&&user=-1356113187&config=2,21095,0,14
1776059542099,21005,HTTP Request 2,200,OK,config 2 1-490,text,true,,231,168,723,723,http://stload.se.ifmo.ru:8080/?token=518472196&&user=-1356113187&config=2,21005,0,30
1776059542190,20917,HTTP Request 2,200,OK,config 2 1-491,text,true,,231,168,723,723,http://stload.se.ifmo.ru:8080/?token=518472196&&user=-1356113187&config=2,20917,0,47
1776059542280,20827,HTTP Request 2,200,OK,config 2 1-492,text,true,,231,168,723,723,http://stload.se.ifmo.ru:8080/?token=518472196&&user=-1356113187&config=2,20827,0,9
1776059541918,21189,HTTP Request 2,200,OK,config 2 1-488,text,true,,231,168,723,723,http://stload.se.ifmo.ru:8080/?token=518472196&&user=-1356113187&config=2,21189,0,17
1776059542369,21166,HTTP Request 2,200,OK,config 2 1-493,text,true,,231,168,728,728,http://stload.se.ifmo.ru:8080/?token=518472196&&user=-1356113187&config=2,21166,0,3
1776059542459,21078,HTTP Request 2,200,OK,config 2 1-494,text,true,,231,168,728,728,http://stload.se.ifmo.ru:8080/?token=518472196&&user=-1356113187&config=2,21078,0,6
1776059542548,20992,HTTP Request 2,200,OK,config 2 1-495,text,true,,231,168,728,728,http://stload.se.ifmo.ru:8080/?token=518472196&&user=-1356113187&config=2,20992,0,4
1776059542638,20982,HTTP Request 2,200,OK,config 2 1-496,text,true,,231,168,729,729,http://stload.se.ifmo.ru:8080/?token=518472196&&user=-1356113187&config=2,20982,0,5
1776059542730,20890,HTTP Request 2,200,OK,config 2 1-497,text,true,,231,168,729,729,http://stload.se.ifmo.ru:8080/?token=518472196&&user=-1356113187&config=2,20890,0,5
1776059542909,20711,HTTP Request 2,200,OK,config 2 1-499,text,true,,231,168,729,729,http://stload.se.ifmo.ru:8080/?token=518472196&&user=-1356113187&config=2,20711,0,36
1776059542999,20621,HTTP Request 2,200,OK,config 2 1-500,text,true,,231,168,729,729,http://stload.se.ifmo.ru:8080/?token=518472196&&user=-1356113187&config=2,20621,0,3
1776059542819,20801,HTTP Request 2,200,OK,config 2 1-498,text,true,,231,168,729,729,http://stload.se.ifmo.ru:8080/?token=518472196&&user=-1356113187&config=2,20801,0,123
1776059543179,20441,HTTP Request 2,200,OK,config 2 1-502,text,true,,231,168,729,729,http://stload.se.ifmo.ru:8080/?token=518472196&&user=-1356113187&config=2,20441,0,6
1776059543089,20531,HTTP Request 2,200,OK,config 2 1-501,text,true,,231,168,729,729,http://stload.se.ifmo.ru:8080/?token=518472196&&user=-1356113187&config=2,20531,0,4
1776059543269,20352,HTTP Request 2,200,OK,config 2 1-503,text,true,,231,168,729,729,http://stload.se.ifmo.ru:8080/?token=518472196&&user=-1356113187&config=2,20352,0,5
1776059543449,20172,HTTP Request 2,200,OK,config 2 1-505,text,true,,231,168,729,729,http://stload.se.ifmo.ru:8080/?token=518472196&&user=-1356113187&config=2,20172,0,6
1776059543360,20262,HTTP Request 2,200,OK,config 2 1-504,text,true,,231,168,729,729,http://stload.se.ifmo.ru:8080/?token=518472196&&user=-1356113187&config=2,20262,0,2
1776059543720,19903,HTTP Request 2,200,OK,config 2 1-508,text,true,,231,168,729,729,http://stload.se.ifmo.ru:8080/?token=518472196&&user=-1356113187&config=2,19903,0,2
1776059543630,19993,HTTP Request 2,200,OK,config 2 1-507,text,true,,231,168,729,729,http://stload.se.ifmo.ru:8080/?token=518472196&&user=-1356113187&config=2,19993,0,5
1776059543540,20083,HTTP Request 2,200,OK,config 2 1-506,text,true,,231,168,729,729,http://stload.se.ifmo.ru:8080/?token=518472196&&user=-1356113187&config=2,20083,0,4
1776059543810,19813,HTTP Request 2,200,OK,config 2 1-509,text,true,,231,168,729,729,http://stload.se.ifmo.ru:8080/?token=518472196&&user=-1356113187&config=2,19813,0,6
1776059543899,19724,HTTP Request 2,200,OK,config 2 1-510,text,true,,231,168,729,729,http://stload.se.ifmo.ru:8080/?token=518472196&&user=-1356113187&config=2,19724,0,7
1776059561381,4291,HTTP Request 2,503,Service Unavailable,config 2 1-456,text,false,,237,168,751,751,http://stload.se.ifmo.ru:8080/?token=518472196&&user=-1356113187&config=2,4291,0,0
1776059561381,4292,HTTP Request 2,503,Service Unavailable,config 2 1-290,text,false,,237,168,751,751,http://stload.se.ifmo.ru:8080/?token=518472196&&user=-1356113187&config=2,4292,0,0
1776059561359,4313,HTTP Request 2,503,Service Unavailable,config 2 1-704,text,false,,237,168,751,751,http://stload.se.ifmo.ru:8080/?token=518472196&&user=-1356113187&config=2,4313,0,3
1776059561380,4292,HTTP Request 2,503,Service Unavailable,config 2 1-459,text,false,,237,168,751,751,http://stload.se.ifmo.ru:8080/?token=518472196&&user=-1356113187&config=2,4292,0,0
1776059561381,4291,HTTP Request 2,503,Service Unavailable,config 2 1-461,text,false,,237,168,751,751,http://stload.se.ifmo.ru:8080/?token=518472196&&user=-1356113187&config=2,4291,0,0
1776059561381,4292,HTTP Request 2,503,Service Unavailable,config 2 1-205,text,false,,237,168,751,751,http://stload.se.ifmo.ru:8080/?token=518472196&&user=-1356113187&config=2,4292,0,0
1776059561381,4292,HTTP Request 2,503,Service Unavailable,config 2 1-458,text,false,,237,168,751,751,http://stload.se.ifmo.ru:8080/?token=518472196&&user=-1356113187&config=2,4292,0,0
1776059561381,4292,HTTP Request 2,503,Service Unavailable,config 2 1-457,text,false,,237,168,751,751,http://stload.se.ifmo.ru:8080/?token=518472196&&user=-1356113187&config=2,4292,0,0
1776059561381,4291,HTTP Request 2,503,Service Unavailable,config 2 1-460,text,false,,237,168,751,751,http://stload.se.ifmo.ru:8080/?token=518472196&&user=-1356113187&config=2,4291,0,0
1776059561381,4292,HTTP Request 2,503,Service Unavailable,config 2 1-291,text,false,,237,168,751,751,http://stload.se.ifmo.ru:8080/?token=518472196&&user=-1356113187&config=2,4292,0,0
1776059561382,4291,HTTP Request 2,503,Service Unavailable,config 2 1-178,text,false,,237,168,751,751,http://stload.se.ifmo.ru:8080/?token=518472196&&user=-1356113187&config=2,4291,0,0
1776059561382,4291,HTTP Request 2,503,Service Unavailable,config 2 1-177,text,false,,237,168,751,751,http://stload.se.ifmo.ru:8080/?token=518472196&&user=-1356113187&config=2,4291,0,0
1776059561382,4291,HTTP Request 2,503,Service Unavailable,config 2 1-185,text,false,,237,168,751,751,http://stload.se.ifmo.ru:8080/?token=518472196&&user=-1356113187&config=2,4291,0,0
1776059561382,4291,HTTP Request 2,503,Service Unavailable,config 2 1-295,text,false,,237,168,751,751,http://stload.se.ifmo.ru:8080/?token=518472196&&user=-1356113187&config=2,4291,0,0
1776059561382,4291,HTTP Request 2,503,Service Unavailable,config 2 1-179,text,false,,237,168,751,751,http://stload.se.ifmo.ru:8080/?token=518472196&&user=-1356113187&config=2,4291,0,0
1776059561382,4291,HTTP Request 2,503,Service Unavailable,config 2 1-294,text,false,,237,168,751,751,http://stload.se.ifmo.ru:8080/?token=518472196&&user=-1356113187&config=2,4291,0,0
1776059561382,4292,HTTP Request 2,503,Service Unavailable,config 2 1-184,text,false,,237,168,751,751,http://stload.se.ifmo.ru:8080/?token=518472196&&user=-1356113187&config=2,4292,0,0
1776059561383,4291,HTTP Request 2,503,Service Unavailable,config 2 1-186,text,false,,237,168,751,751,http://stload.se.ifmo.ru:8080/?token=518472196&&user=-1356113187&config=2,4291,0,0
1776059561383,4291,HTTP Request 2,503,Service Unavailable,config 2 1-182,text,false,,237,168,751,751,http://stload.se.ifmo.ru:8080/?token=518472196&&user=-1356113187&config=2,4291,0,0
1776059561383,4291,HTTP Request 2,503,Service Unavailable,config 2 1-463,text,false,,237,168,751,751,http://stload.se.ifmo.ru:8080/?token=518472196&&user=-1356113187&config=2,4291,0,0
1776059561383,4291,HTTP Request 2,503,Service Unavailable,config 2 1-176,text,false,,237,168,751,751,http://stload.se.ifmo.ru:8080/?token=518472196&&user=-1356113187&config=2,4291,0,0
1776059561383,4291,HTTP Request 2,503,Service Unavailable,config 2 1-466,text,false,,237,168,751,751,http://stload.se.ifmo.ru:8080/?token=518472196&&user=-1356113187&config=2,4291,0,0
1776059561383,4291,HTTP Request 2,503,Service Unavailable,config 2 1-293,text,false,,237,168,751,751,http://stload.se.ifmo.ru:8080/?token=518472196&&user=-1356113187&config=2,4291,0,0
1776059561383,4291,HTTP Request 2,503,Service Unavailable,config 2 1-180,text,false,,237,168,751,751,http://stload.se.ifmo.ru:8080/?token=518472196&&user=-1356113187&config=2,4291,0,0
1776059561381,4293,HTTP Request 2,503,Service Unavailable,config 2 1-181,text,false,,237,168,751,751,http://stload.se.ifmo.ru:8080/?token=518472196&&user=-1356113187&config=2,4293,0,0
1776059561383,4291,HTTP Request 2,503,Service Unavailable,config 2 1-465,text,false,,237,168,751,751,http://stload.se.ifmo.ru:8080/?token=518472196&&user=-1356113187&config=2,4291,0,0
1776059561383,4291,HTTP Request 2,503,Service Unavailable,config 2 1-76,text,false,,237,168,751,751,http://stload.se.ifmo.ru:8080/?token=518472196&&user=-1356113187&config=2,4291,0,0
1776059561383,4292,HTTP Request 2,503,Service Unavailable,config 2 1-183,text,false,,237,168,751,751,http://stload.se.ifmo.ru:8080/?token=518472196&&user=-1356113187&config=2,4292,0,0
1776059561384,4291,HTTP Request 2,503,Service Unavailable,config 2 1-54,text,false,,237,168,751,751,http://stload.se.ifmo.ru:8080/?token=518472196&&user=-1356113187&config=2,4291,0,0
1776059561384,4291,HTTP Request 2,503,Service Unavailable,config 2 1-464,text,false,,237,168,751,751,http://stload.se.ifmo.ru:8080/?token=518472196&&user=-1356113187&config=2,4291,0,0
1776059561384,4291,HTTP Request 2,503,Service Unavailable,config 2 1-91,text,false,,237,168,751,751,http://stload.se.ifmo.ru:8080/?token=518472196&&user=-1356113187&config=2,4291,0,0
1776059561384,4291,HTTP Request 2,503,Service Unavailable,config 2 1-60,text,false,,237,168,751,751,http://stload.se.ifmo.ru:8080/?token=518472196&&user=-1356113187&config=2,4291,0,0
1776059561384,4291,HTTP Request 2,503,Service Unavailable,config 2 1-75,text,false,,237,168,751,751,http://stload.se.ifmo.ru:8080/?token=518472196&&user=-1356113187&config=2,4291,0,0
1776059561384,4291,HTTP Request 2,503,Service Unavailable,config 2 1-90,text,false,,237,168,751,751,http://stload.se.ifmo.ru:8080/?token=518472196&&user=-1356113187&config=2,4291,0,0
1776059561384,4291,HTTP Request 2,503,Service Unavailable,config 2 1-467,text,false,,237,168,751,751,http://stload.se.ifmo.ru:8080/?token=518472196&&user=-1356113187&config=2,4291,0,0
1776059561384,4291,HTTP Request 2,503,Service Unavailable,config 2 1-77,text,false,,237,168,751,751,http://stload.se.ifmo.ru:8080/?token=518472196&&user=-1356113187&config=2,4291,0,0
1776059561384,4291,HTTP Request 2,503,Service Unavailable,config 2 1-59,text,false,,237,168,751,751,http://stload.se.ifmo.ru:8080/?token=518472196&&user=-1356113187&config=2,4291,0,0
1776059561385,4290,HTTP Request 2,503,Service Unavailable,config 2 1-58,text,false,,237,168,751,751,http://stload.se.ifmo.ru:8080/?token=518472196&&user=-1356113187&config=2,4290,0,0
1776059561386,4289,HTTP Request 2,503,Service Unavailable,config 2 1-94,text,false,,237,168,751,751,http://stload.se.ifmo.ru:8080/?token=518472196&&user=-1356113187&config=2,4289,0,0
1776059561384,4291,HTTP Request 2,503,Service Unavailable,config 2 1-8,text,false,,237,168,751,751,http://stload.se.ifmo.ru:8080/?token=518472196&&user=-1356113187&config=2,4291,0,7
1776059561385,4290,HTTP Request 2,503,Service Unavailable,config 2 1-11,text,false,,237,168,751,751,http://stload.se.ifmo.ru:8080/?token=518472196&&user=-1356113187&config=2,4290,0,6
1776059561385,4290,HTTP Request 2,503,Service Unavailable,config 2 1-27,text,false,,237,168,751,751,http://stload.se.ifmo.ru:8080/?token=518472196&&user=-1356113187&config=2,4290,0,7
1776059561383,4292,HTTP Request 2,503,Service Unavailable,config 2 1-26,text,false,,237,168,751,751,http://stload.se.ifmo.ru:8080/?token=518472196&&user=-1356113187&config=2,4292,0,5
1776059561385,4290,HTTP Request 2,503,Service Unavailable,config 2 1-10,text,false,,237,168,751,751,http://stload.se.ifmo.ru:8080/?token=518472196&&user=-1356113187&config=2,4290,0,6
1776059561386,4289,HTTP Request 2,503,Service Unavailable,config 2 1-9,text,false,,237,168,751,751,http://stload.se.ifmo.ru:8080/?token=518472196&&user=-1356113187&config=2,4289,0,7
1776059561387,4288,HTTP Request 2,503,Service Unavailable,config 2 1-23,text,false,,237,168,751,751,http://stload.se.ifmo.ru:8080/?token=518472196&&user=-1356113187&config=2,4288,0,6
1776059561448,4227,HTTP Request 2,503,Service Unavailable,config 2 1-705,text,false,,237,168,751,751,http://stload.se.ifmo.ru:8080/?token=518472196&&user=-1356113187&config=2,4227,0,3
1776059561465,4210,HTTP Request 2,503,Service Unavailable,config 2 1-98,text,false,,237,168,751,751,http://stload.se.ifmo.ru:8080/?token=518472196&&user=-1356113187&config=2,4210,0,0
1776059561466,4209,HTTP Request 2,503,Service Unavailable,config 2 1-92,text,false,,237,168,751,751,http://stload.se.ifmo.ru:8080/?token=518472196&&user=-1356113187&config=2,4209,0,0
1776059561465,4210,HTTP Request 2,503,Service Unavailable,config 2 1-84,text,false,,237,168,751,751,http://stload.se.ifmo.ru:8080/?token=518472196&&user=-1356113187&config=2,4210,0,0
1776059561383,4293,HTTP Request 2,503,Service Unavailable,config 2 1-292,text,false,,237,168,751,751,http://stload.se.ifmo.ru:8080/?token=518472196&&user=-1356113187&config=2,4293,0,0
1776059561465,4211,HTTP Request 2,503,Service Unavailable,config 2 1-96,text,false,,237,168,751,751,http://stload.se.ifmo.ru:8080/?token=518472196&&user=-1356113187&config=2,4211,0,0
1776059561466,4210,HTTP Request 2,503,Service Unavailable,config 2 1-101,text,false,,237,168,751,751,http://stload.se.ifmo.ru:8080/?token=518472196&&user=-1356113187&config=2,4210,0,0
1776059561468,4208,HTTP Request 2,503,Service Unavailable,config 2 1-302,text,false,,237,168,751,751,http://stload.se.ifmo.ru:8080/?token=518472196&&user=-1356113187&config=2,4208,0,0
1776059561465,4211,HTTP Request 2,503,Service Unavailable,config 2 1-61,text,false,,237,168,751,751,http://stload.se.ifmo.ru:8080/?token=518472196&&user=-1356113187&config=2,4211,0,0
1776059561466,4210,HTTP Request 2,503,Service Unavailable,config 2 1-100,text,false,,237,168,751,751,http://stload.se.ifmo.ru:8080/?token=518472196&&user=-1356113187&config=2,4210,0,0
1776059561490,4186,HTTP Request 2,503,Service Unavailable,config 2 1-301,text,false,,237,168,751,751,http://stload.se.ifmo.ru:8080/?token=518472196&&user=-1356113187&config=2,4186,0,0
1776059561465,4211,HTTP Request 2,503,Service Unavailable,config 2 1-29,text,false,,237,168,751,751,http://stload.se.ifmo.ru:8080/?token=518472196&&user=-1356113187&config=2,4211,0,4
1776059561490,4186,HTTP Request 2,503,Service Unavailable,config 2 1-297,text,false,,237,168,751,751,http://stload.se.ifmo.ru:8080/?token=518472196&&user=-1356113187&config=2,4186,0,0
1776059561491,4186,HTTP Request 2,503,Service Unavailable,config 2 1-299,text,false,,237,168,751,751,http://stload.se.ifmo.ru:8080/?token=518472196&&user=-1356113187&config=2,4186,0,0
1776059561383,4294,HTTP Request 2,503,Service Unavailable,config 2 1-462,text,false,,237,168,751,751,http://stload.se.ifmo.ru:8080/?token=518472196&&user=-1356113187&config=2,4294,0,0
1776059561466,4210,HTTP Request 2,503,Service Unavailable,config 2 1-95,text,false,,237,168,751,751,http://stload.se.ifmo.ru:8080/?token=518472196&&user=-1356113187&config=2,4210,0,0
1776059561491,4186,HTTP Request 2,503,Service Unavailable,config 2 1-298,text,false,,237,168,751,751,http://stload.se.ifmo.ru:8080/?token=518472196&&user=-1356113187&config=2,4186,0,0
1776059561490,4187,HTTP Request 2,503,Service Unavailable,config 2 1-18,text,false,,237,168,751,751,http://stload.se.ifmo.ru:8080/?token=518472196&&user=-1356113187&config=2,4187,0,52
1776059561539,4138,HTTP Request 2,503,Service Unavailable,config 2 1-706,text,false,,237,168,751,751,http://stload.se.ifmo.ru:8080/?token=518472196&&user=-1356113187&config=2,4138,0,6
1776059561490,4187,HTTP Request 2,503,Service Unavailable,config 2 1-1,text,false,,237,168,751,751,http://stload.se.ifmo.ru:8080/?token=518472196&&user=-1356113187&config=2,4187,0,52
1776059561628,4049,HTTP Request 2,503,Service Unavailable,config 2 1-707,text,false,,237,168,751,751,http://stload.se.ifmo.ru:8080/?token=518472196&&user=-1356113187&config=2,4049,0,4
1776059561719,3958,HTTP Request 2,503,Service Unavailable,config 2 1-708,text,false,,237,168,751,751,http://stload.se.ifmo.ru:8080/?token=518472196&&user=-1356113187&config=2,3958,0,3
1776059561809,3868,HTTP Request 2,503,Service Unavailable,config 2 1-709,text,false,,237,168,751,751,http://stload.se.ifmo.ru:8080/?token=518472196&&user=-1356113187&config=2,3868,0,3
1776059561900,3777,HTTP Request 2,503,Service Unavailable,config 2 1-710,text,false,,237,168,751,751,http://stload.se.ifmo.ru:8080/?token=518472196&&user=-1356113187&config=2,3777,0,3
1776059561988,3689,HTTP Request 2,503,Service Unavailable,config 2 1-711,text,false,,237,168,751,751,http://stload.se.ifmo.ru:8080/?token=518472196&&user=-1356113187&config=2,3689,0,3
1776059562259,3418,HTTP Request 2,503,Service Unavailable,config 2 1-714,text,false,,237,168,751,751,http://stload.se.ifmo.ru:8080/?token=518472196&&user=-1356113187&config=2,3418,0,63
1776059562168,3509,HTTP Request 2,503,Service Unavailable,config 2 1-713,text,false,,237,168,751,751,http://stload.se.ifmo.ru:8080/?token=518472196&&user=-1356113187&config=2,3509,0,61
1776059562078,3599,HTTP Request 2,503,Service Unavailable,config 2 1-712,text,false,,237,168,751,751,http://stload.se.ifmo.ru:8080/?token=518472196&&user=-1356113187&config=2,3599,0,3
1776059562341,3336,HTTP Request 2,503,Service Unavailable,config 2 1-468,text,false,,237,168,751,751,http://stload.se.ifmo.ru:8080/?token=518472196&&user=-1356113187&config=2,3336,0,0
1776059561383,4296,HTTP Request 2,503,Service Unavailable,config 2 1-55,text,false,,237,168,752,752,http://stload.se.ifmo.ru:8080/?token=518472196&&user=-1356113187&config=2,4296,0,0
1776059561384,4296,HTTP Request 2,503,Service Unavailable,config 2 1-206,text,false,,237,168,752,752,http://stload.se.ifmo.ru:8080/?token=518472196&&user=-1356113187&config=2,4296,0,0
1776059561385,4296,HTTP Request 2,503,Service Unavailable,config 2 1-43,text,false,,237,168,752,752,http://stload.se.ifmo.ru:8080/?token=518472196&&user=-1356113187&config=2,4296,0,0
1776059561385,4297,HTTP Request 2,503,Service Unavailable,config 2 1-207,text,false,,237,168,752,752,http://stload.se.ifmo.ru:8080/?token=518472196&&user=-1356113187&config=2,4297,0,0
1776059561385,4297,HTTP Request 2,503,Service Unavailable,config 2 1-41,text,false,,237,168,752,752,http://stload.se.ifmo.ru:8080/?token=518472196&&user=-1356113187&config=2,4297,0,0
1776059561385,4298,HTTP Request 2,503,Service Unavailable,config 2 1-208,text,false,,237,168,752,752,http://stload.se.ifmo.ru:8080/?token=518472196&&user=-1356113187&config=2,4298,0,0
1776059561466,4217,HTTP Request 2,503,Service Unavailable,config 2 1-44,text,false,,237,168,752,752,http://stload.se.ifmo.ru:8080/?token=518472196&&user=-1356113187&config=2,4217,0,0
1776059562348,4226,HTTP Request 2,503,Service Unavailable,config 2 1-715,text,false,,237,168,761,761,http://stload.se.ifmo.ru:8080/?token=518472196&&user=-1356113187&config=2,4226,0,4
1776059562439,4137,HTTP Request 2,503,Service Unavailable,config 2 1-716,text,false,,237,168,761,761,http://stload.se.ifmo.ru:8080/?token=518472196&&user=-1356113187&config=2,4137,0,3
1776059562618,3958,HTTP Request 2,503,Service Unavailable,config 2 1-718,text,false,,237,168,761,761,http://stload.se.ifmo.ru:8080/?token=518472196&&user=-1356113187&config=2,3958,0,4
1776059562528,4048,HTTP Request 2,503,Service Unavailable,config 2 1-717,text,false,,237,168,761,761,http://stload.se.ifmo.ru:8080/?token=518472196&&user=-1356113187&config=2,4048,0,8
1776059562750,3933,HTTP Request 2,503,Service Unavailable,config 2 1-192,text,false,,237,168,763,763,http://stload.se.ifmo.ru:8080/?token=518472196&&user=-1356113187&config=2,3933,0,0
1776059562709,3974,HTTP Request 2,503,Service Unavailable,config 2 1-719,text,false,,237,168,763,763,http://stload.se.ifmo.ru:8080/?token=518472196&&user=-1356113187&config=2,3974,0,3
1776059562750,3933,HTTP Request 2,503,Service Unavailable,config 2 1-158,text,false,,237,168,763,763,http://stload.se.ifmo.ru:8080/?token=518472196&&user=-1356113187&config=2,3933,0,0
1776059562750,3933,HTTP Request 2,503,Service Unavailable,config 2 1-105,text,false,,237,168,763,763,http://stload.se.ifmo.ru:8080/?token=518472196&&user=-1356113187&config=2,3933,0,0
1776059562750,3933,HTTP Request 2,503,Service Unavailable,config 2 1-155,text,false,,237,168,763,763,http://stload.se.ifmo.ru:8080/?token=518472196&&user=-1356113187&config=2,3933,0,0
1776059562750,3933,HTTP Request 2,503,Service Unavailable,config 2 1-300,text,false,,237,168,763,763,http://stload.se.ifmo.ru:8080/?token=518472196&&user=-1356113187&config=2,3933,0,0
1776059562750,3933,HTTP Request 2,503,Service Unavailable,config 2 1-78,text,false,,237,168,763,763,http://stload.se.ifmo.ru:8080/?token=518472196&&user=-1356113187&config=2,3933,0,0
1776059562750,3933,HTTP Request 2,503,Service Unavailable,config 2 1-193,text,false,,237,168,763,763,http://stload.se.ifmo.ru:8080/?token=518472196&&user=-1356113187&config=2,3933,0,0
1776059562750,3933,HTTP Request 2,503,Service Unavailable,config 2 1-191,text,false,,237,168,763,763,http://stload.se.ifmo.ru:8080/?token=518472196&&user=-1356113187&config=2,3933,0,0
1776059562750,3933,HTTP Request 2,503,Service Unavailable,config 2 1-200,text,false,,237,168,763,763,http://stload.se.ifmo.ru:8080/?token=518472196&&user=-1356113187&config=2,3933,0,0
1776059562750,3933,HTTP Request 2,503,Service Unavailable,config 2 1-198,text,false,,237,168,763,763,http://stload.se.ifmo.ru:8080/?token=518472196&&user=-1356113187&config=2,3933,0,0
1776059562750,3933,HTTP Request 2,503,Service Unavailable,config 2 1-211,text,false,,237,168,763,763,http://stload.se.ifmo.ru:8080/?token=518472196&&user=-1356113187&config=2,3933,0,0
1776059562750,3933,HTTP Request 2,503,Service Unavailable,config 2 1-109,text,false,,237,168,763,763,http://stload.se.ifmo.ru:8080/?token=518472196&&user=-1356113187&config=2,3933,0,0
1776059562750,3935,HTTP Request 2,503,Service Unavailable,config 2 1-469,text,false,,237,168,763,763,http://stload.se.ifmo.ru:8080/?token=518472196&&user=-1356113187&config=2,3935,0,0
1776059562751,3934,HTTP Request 2,503,Service Unavailable,config 2 1-163,text,false,,237,168,763,763,http://stload.se.ifmo.ru:8080/?token=518472196&&user=-1356113187&config=2,3934,0,0
1776059562750,3935,HTTP Request 2,503,Service Unavailable,config 2 1-189,text,false,,237,168,763,763,http://stload.se.ifmo.ru:8080/?token=518472196&&user=-1356113187&config=2,3935,0,0
1776059562750,3935,HTTP Request 2,503,Service Unavailable,config 2 1-113,text,false,,237,168,763,763,http://stload.se.ifmo.ru:8080/?token=518472196&&user=-1356113187&config=2,3935,0,0
1776059562750,3935,HTTP Request 2,503,Service Unavailable,config 2 1-114,text,false,,237,168,763,763,http://stload.se.ifmo.ru:8080/?token=518472196&&user=-1356113187&config=2,3935,0,0
1776059562750,3935,HTTP Request 2,503,Service Unavailable,config 2 1-148,text,false,,237,168,763,763,http://stload.se.ifmo.ru:8080/?token=518472196&&user=-1356113187&config=2,3935,0,0
1776059562751,3934,HTTP Request 2,503,Service Unavailable,config 2 1-152,text,false,,237,168,763,763,http://stload.se.ifmo.ru:8080/?token=518472196&&user=-1356113187&config=2,3934,0,0
1776059562750,3935,HTTP Request 2,503,Service Unavailable,config 2 1-188,text,false,,237,168,763,763,http://stload.se.ifmo.ru:8080/?token=518472196&&user=-1356113187&config=2,3935,0,0
1776059562750,3935,HTTP Request 2,503,Service Unavailable,config 2 1-197,text,false,,237,168,763,763,http://stload.se.ifmo.ru:8080/?token=518472196&&user=-1356113187&config=2,3935,0,0
1776059562750,3935,HTTP Request 2,503,Service Unavailable,config 2 1-106,text,false,,237,168,763,763,http://stload.se.ifmo.ru:8080/?token=518472196&&user=-1356113187&config=2,3935,0,0
1776059562751,3934,HTTP Request 2,503,Service Unavailable,config 2 1-108,text,false,,237,168,763,763,http://stload.se.ifmo.ru:8080/?token=518472196&&user=-1356113187&config=2,3934,0,0
1776059562751,3934,HTTP Request 2,503,Service Unavailable,config 2 1-107,text,false,,237,168,763,763,http://stload.se.ifmo.ru:8080/?token=518472196&&user=-1356113187&config=2,3934,0,0
1776059562750,3935,HTTP Request 2,503,Service Unavailable,config 2 1-71,text,false,,237,168,763,763,http://stload.se.ifmo.ru:8080/?token=518472196&&user=-1356113187&config=2,3935,0,0
1776059562751,3934,HTTP Request 2,503,Service Unavailable,config 2 1-196,text,false,,237,168,763,763,http://stload.se.ifmo.ru:8080/?token=518472196&&user=-1356113187&config=2,3934,0,0
1776059562751,3936,HTTP Request 2,503,Service Unavailable,config 2 1-194,text,false,,237,168,763,763,http://stload.se.ifmo.ru:8080/?token=518472196&&user=-1356113187&config=2,3936,0,0
1776059562753,3934,HTTP Request 2,503,Service Unavailable,config 2 1-137,text,false,,237,168,763,763,http://stload.se.ifmo.ru:8080/?token=518472196&&user=-1356113187&config=2,3934,0,0
1776059562753,3934,HTTP Request 2,503,Service Unavailable,config 2 1-209,text,false,,237,168,763,763,http://stload.se.ifmo.ru:8080/?token=518472196&&user=-1356113187&config=2,3934,0,0
1776059562751,3936,HTTP Request 2,503,Service Unavailable,config 2 1-160,text,false,,237,168,763,763,http://stload.se.ifmo.ru:8080/?token=518472196&&user=-1356113187&config=2,3936,0,0
1776059562753,3935,HTTP Request 2,503,Service Unavailable,config 2 1-202,text,false,,237,168,763,763,http://stload.se.ifmo.ru:8080/?token=518472196&&user=-1356113187&config=2,3935,0,0
1776059562753,3935,HTTP Request 2,503,Service Unavailable,config 2 1-201,text,false,,237,168,763,763,http://stload.se.ifmo.ru:8080/?token=518472196&&user=-1356113187&config=2,3935,0,0
1776059562753,3935,HTTP Request 2,503,Service Unavailable,config 2 1-210,text,false,,237,168,763,763,http://stload.se.ifmo.ru:8080/?token=518472196&&user=-1356113187&config=2,3935,0,0
1776059562753,3935,HTTP Request 2,503,Service Unavailable,config 2 1-187,text,false,,237,168,763,763,http://stload.se.ifmo.ru:8080/?token=518472196&&user=-1356113187&config=2,3935,0,0
1776059562753,3935,HTTP Request 2,503,Service Unavailable,config 2 1-199,text,false,,237,168,763,763,http://stload.se.ifmo.ru:8080/?token=518472196&&user=-1356113187&config=2,3935,0,0
1776059562753,3935,HTTP Request 2,503,Service Unavailable,config 2 1-151,text,false,,237,168,763,763,http://stload.se.ifmo.ru:8080/?token=518472196&&user=-1356113187&config=2,3935,0,0
1776059562753,3935,HTTP Request 2,503,Service Unavailable,config 2 1-147,text,false,,237,168,763,763,http://stload.se.ifmo.ru:8080/?token=518472196&&user=-1356113187&config=2,3935,0,0
1776059562754,3934,HTTP Request 2,503,Service Unavailable,config 2 1-195,text,false,,237,168,763,763,http://stload.se.ifmo.ru:8080/?token=518472196&&user=-1356113187&config=2,3934,0,0
1776059562753,3936,HTTP Request 2,503,Service Unavailable,config 2 1-150,text,false,,237,168,763,763,http://stload.se.ifmo.ru:8080/?token=518472196&&user=-1356113187&config=2,3936,0,0
1776059562753,3936,HTTP Request 2,503,Service Unavailable,config 2 1-111,text,false,,237,168,763,763,http://stload.se.ifmo.ru:8080/?token=518472196&&user=-1356113187&config=2,3936,0,0
1776059562754,3935,HTTP Request 2,503,Service Unavailable,config 2 1-229,text,false,,237,168,763,763,http://stload.se.ifmo.ru:8080/?token=518472196&&user=-1356113187&config=2,3935,0,0
1776059562754,3935,HTTP Request 2,503,Service Unavailable,config 2 1-236,text,false,,237,168,763,763,http://stload.se.ifmo.ru:8080/?token=518472196&&user=-1356113187&config=2,3935,0,0
1776059562754,3935,HTTP Request 2,503,Service Unavailable,config 2 1-235,text,false,,237,168,763,763,http://stload.se.ifmo.ru:8080/?token=518472196&&user=-1356113187&config=2,3935,0,0
1776059562753,3936,HTTP Request 2,503,Service Unavailable,config 2 1-110,text,false,,237,168,763,763,http://stload.se.ifmo.ru:8080/?token=518472196&&user=-1356113187&config=2,3936,0,0
1776059562754,3935,HTTP Request 2,503,Service Unavailable,config 2 1-308,text,false,,237,168,763,763,http://stload.se.ifmo.ru:8080/?token=518472196&&user=-1356113187&config=2,3935,0,0
1776059562753,3936,HTTP Request 2,503,Service Unavailable,config 2 1-159,text,false,,237,168,763,763,http://stload.se.ifmo.ru:8080/?token=518472196&&user=-1356113187&config=2,3936,0,0
1776059562753,3937,HTTP Request 2,503,Service Unavailable,config 2 1-190,text,false,,237,168,763,763,http://stload.se.ifmo.ru:8080/?token=518472196&&user=-1356113187&config=2,3937,0,0
1776059562753,3938,HTTP Request 2,503,Service Unavailable,config 2 1-112,text,false,,237,168,763,763,http://stload.se.ifmo.ru:8080/?token=518472196&&user=-1356113187&config=2,3938,0,0
1776059562753,3938,HTTP Request 2,503,Service Unavailable,config 2 1-238,text,false,,237,168,763,763,http://stload.se.ifmo.ru:8080/?token=518472196&&user=-1356113187&config=2,3938,0,0
1776059562756,3935,HTTP Request 2,503,Service Unavailable,config 2 1-304,text,false,,237,168,763,763,http://stload.se.ifmo.ru:8080/?token=518472196&&user=-1356113187&config=2,3935,0,0
1776059562754,3937,HTTP Request 2,503,Service Unavailable,config 2 1-230,text,false,,237,168,763,763,http://stload.se.ifmo.ru:8080/?token=518472196&&user=-1356113187&config=2,3937,0,0
1776059562756,3935,HTTP Request 2,503,Service Unavailable,config 2 1-204,text,false,,237,168,763,763,http://stload.se.ifmo.ru:8080/?token=518472196&&user=-1356113187&config=2,3935,0,0
1776059562757,3934,HTTP Request 2,503,Service Unavailable,config 2 1-89,text,false,,237,168,763,763,http://stload.se.ifmo.ru:8080/?token=518472196&&user=-1356113187&config=2,3934,0,0
1776059562757,3934,HTTP Request 2,503,Service Unavailable,config 2 1-102,text,false,,237,168,763,763,http://stload.se.ifmo.ru:8080/?token=518472196&&user=-1356113187&config=2,3934,0,0
1776059562757,3934,HTTP Request 2,503,Service Unavailable,config 2 1-240,text,false,,237,168,763,763,http://stload.se.ifmo.ru:8080/?token=518472196&&user=-1356113187&config=2,3934,0,0
1776059562757,3935,HTTP Request 2,503,Service Unavailable,config 2 1-99,text,false,,237,168,763,763,http://stload.se.ifmo.ru:8080/?token=518472196&&user=-1356113187&config=2,3935,0,0
1776059562757,3935,HTTP Request 2,503,Service Unavailable,config 2 1-470,text,false,,237,168,763,763,http://stload.se.ifmo.ru:8080/?token=518472196&&user=-1356113187&config=2,3935,0,0
1776059562757,3935,HTTP Request 2,503,Service Unavailable,config 2 1-237,text,false,,237,168,763,763,http://stload.se.ifmo.ru:8080/?token=518472196&&user=-1356113187&config=2,3935,0,0
1776059562757,3935,HTTP Request 2,503,Service Unavailable,config 2 1-68,text,false,,237,168,763,763,http://stload.se.ifmo.ru:8080/?token=518472196&&user=-1356113187&config=2,3935,0,0
1776059562757,3935,HTTP Request 2,503,Service Unavailable,config 2 1-471,text,false,,237,168,763,763,http://stload.se.ifmo.ru:8080/?token=518472196&&user=-1356113187&config=2,3935,0,0
1776059562757,3935,HTTP Request 2,503,Service Unavailable,config 2 1-234,text,false,,237,168,763,763,http://stload.se.ifmo.ru:8080/?token=518472196&&user=-1356113187&config=2,3935,0,0
1776059562757,3935,HTTP Request 2,503,Service Unavailable,config 2 1-318,text,false,,237,168,763,763,http://stload.se.ifmo.ru:8080/?token=518472196&&user=-1356113187&config=2,3935,0,0
1776059562757,3935,HTTP Request 2,503,Service Unavailable,config 2 1-97,text,false,,237,168,763,763,http://stload.se.ifmo.ru:8080/?token=518472196&&user=-1356113187&config=2,3935,0,0
1776059562757,3935,HTTP Request 2,503,Service Unavailable,config 2 1-305,text,false,,237,168,763,763,http://stload.se.ifmo.ru:8080/?token=518472196&&user=-1356113187&config=2,3935,0,0
1776059562757,3938,HTTP Request 2,503,Service Unavailable,config 2 1-310,text,false,,237,168,763,763,http://stload.se.ifmo.ru:8080/?token=518472196&&user=-1356113187&config=2,3938,0,0
1776059562757,3938,HTTP Request 2,503,Service Unavailable,config 2 1-241,text,false,,237,168,763,763,http://stload.se.ifmo.ru:8080/?token=518472196&&user=-1356113187&config=2,3938,0,0
1776059562757,3938,HTTP Request 2,503,Service Unavailable,config 2 1-313,text,false,,237,168,763,763,http://stload.se.ifmo.ru:8080/?token=518472196&&user=-1356113187&config=2,3938,0,0
1776059562758,3937,HTTP Request 2,503,Service Unavailable,config 2 1-47,text,false,,237,168,763,763,http://stload.se.ifmo.ru:8080/?token=518472196&&user=-1356113187&config=2,3937,0,0
1776059562758,3937,HTTP Request 2,503,Service Unavailable,config 2 1-203,text,false,,237,168,763,763,http://stload.se.ifmo.ru:8080/?token=518472196&&user=-1356113187&config=2,3937,0,0
1776059562758,3937,HTTP Request 2,503,Service Unavailable,config 2 1-311,text,false,,237,168,763,763,http://stload.se.ifmo.ru:8080/?token=518472196&&user=-1356113187&config=2,3937,0,0
1776059562758,3938,HTTP Request 2,503,Service Unavailable,config 2 1-303,text,false,,237,168,763,763,http://stload.se.ifmo.ru:8080/?token=518472196&&user=-1356113187&config=2,3938,0,0
1776059562751,3945,HTTP Request 2,503,Service Unavailable,config 2 1-45,text,false,,237,168,763,763,http://stload.se.ifmo.ru:8080/?token=518472196&&user=-1356113187&config=2,3945,0,7
1776059562758,3938,HTTP Request 2,503,Service Unavailable,config 2 1-473,text,false,,237,168,763,763,http://stload.se.ifmo.ru:8080/?token=518472196&&user=-1356113187&config=2,3938,0,0
1776059562757,3939,HTTP Request 2,503,Service Unavailable,config 2 1-307,text,false,,237,168,763,763,http://stload.se.ifmo.ru:8080/?token=518472196&&user=-1356113187&config=2,3939,0,0
1776059562758,3938,HTTP Request 2,503,Service Unavailable,config 2 1-312,text,false,,237,168,763,763,http://stload.se.ifmo.ru:8080/?token=518472196&&user=-1356113187&config=2,3938,0,0
1776059562758,3938,HTTP Request 2,503,Service Unavailable,config 2 1-319,text,false,,237,168,763,763,http://stload.se.ifmo.ru:8080/?token=518472196&&user=-1356113187&config=2,3938,0,0
1776059562757,3939,HTTP Request 2,503,Service Unavailable,config 2 1-242,text,false,,237,168,763,763,http://stload.se.ifmo.ru:8080/?token=518472196&&user=-1356113187&config=2,3939,0,0
1776059562757,3939,HTTP Request 2,503,Service Unavailable,config 2 1-32,text,false,,237,168,763,763,http://stload.se.ifmo.ru:8080/?token=518472196&&user=-1356113187&config=2,3939,0,0
1776059562757,3939,HTTP Request 2,503,Service Unavailable,config 2 1-30,text,false,,237,168,763,763,http://stload.se.ifmo.ru:8080/?token=518472196&&user=-1356113187&config=2,3939,0,0
1776059562758,3938,HTTP Request 2,503,Service Unavailable,config 2 1-322,text,false,,237,168,763,763,http://stload.se.ifmo.ru:8080/?token=518472196&&user=-1356113187&config=2,3938,0,0
1776059562758,3938,HTTP Request 2,503,Service Unavailable,config 2 1-314,text,false,,237,168,763,763,http://stload.se.ifmo.ru:8080/?token=518472196&&user=-1356113187&config=2,3938,0,0
1776059562759,3937,HTTP Request 2,503,Service Unavailable,config 2 1-315,text,false,,237,168,763,763,http://stload.se.ifmo.ru:8080/?token=518472196&&user=-1356113187&config=2,3937,0,0
1776059562758,3938,HTTP Request 2,503,Service Unavailable,config 2 1-28,text,false,,237,168,763,763,http://stload.se.ifmo.ru:8080/?token=518472196&&user=-1356113187&config=2,3938,0,0
1776059562760,3936,HTTP Request 2,503,Service Unavailable,config 2 1-328,text,false,,237,168,763,763,http://stload.se.ifmo.ru:8080/?token=518472196&&user=-1356113187&config=2,3936,0,0
1776059562758,3938,HTTP Request 2,503,Service Unavailable,config 2 1-239,text,false,,237,168,763,763,http://stload.se.ifmo.ru:8080/?token=518472196&&user=-1356113187&config=2,3938,0,0
1776059562760,3936,HTTP Request 2,503,Service Unavailable,config 2 1-327,text,false,,237,168,763,763,http://stload.se.ifmo.ru:8080/?token=518472196&&user=-1356113187&config=2,3936,0,0
1776059562760,3936,HTTP Request 2,503,Service Unavailable,config 2 1-317,text,false,,237,168,763,763,http://stload.se.ifmo.ru:8080/?token=518472196&&user=-1356113187&config=2,3936,0,0
1776059562760,3936,HTTP Request 2,503,Service Unavailable,config 2 1-321,text,false,,237,168,763,763,http://stload.se.ifmo.ru:8080/?token=518472196&&user=-1356113187&config=2,3936,0,0
1776059562760,3937,HTTP Request 2,503,Service Unavailable,config 2 1-323,text,false,,237,168,763,763,http://stload.se.ifmo.ru:8080/?token=518472196&&user=-1356113187&config=2,3937,0,0
1776059562760,3937,HTTP Request 2,503,Service Unavailable,config 2 1-306,text,false,,237,168,763,763,http://stload.se.ifmo.ru:8080/?token=518472196&&user=-1356113187&config=2,3937,0,0
1776059562759,3938,HTTP Request 2,503,Service Unavailable,config 2 1-231,text,false,,237,168,763,763,http://stload.se.ifmo.ru:8080/?token=518472196&&user=-1356113187&config=2,3938,0,0
1776059562761,3936,HTTP Request 2,503,Service Unavailable,config 2 1-326,text,false,,237,168,763,763,http://stload.se.ifmo.ru:8080/?token=518472196&&user=-1356113187&config=2,3936,0,0
1776059562761,3936,HTTP Request 2,503,Service Unavailable,config 2 1-320,text,false,,237,168,763,763,http://stload.se.ifmo.ru:8080/?token=518472196&&user=-1356113187&config=2,3936,0,0
1776059562760,3937,HTTP Request 2,503,Service Unavailable,config 2 1-472,text,false,,237,168,763,763,http://stload.se.ifmo.ru:8080/?token=518472196&&user=-1356113187&config=2,3937,0,0
1776059562760,3937,HTTP Request 2,503,Service Unavailable,config 2 1-325,text,false,,237,168,763,763,http://stload.se.ifmo.ru:8080/?token=518472196&&user=-1356113187&config=2,3937,0,0
1776059562753,3944,HTTP Request 2,503,Service Unavailable,config 2 1-20,text,false,,237,168,763,763,http://stload.se.ifmo.ru:8080/?token=518472196&&user=-1356113187&config=2,3944,0,6
1776059562761,3936,HTTP Request 2,503,Service Unavailable,config 2 1-475,text,false,,237,168,763,763,http://stload.se.ifmo.ru:8080/?token=518472196&&user=-1356113187&config=2,3936,0,0
1776059562760,3937,HTTP Request 2,503,Service Unavailable,config 2 1-474,text,false,,237,168,763,763,http://stload.se.ifmo.ru:8080/?token=518472196&&user=-1356113187&config=2,3937,0,0
1776059562757,3940,HTTP Request 2,503,Service Unavailable,config 2 1-309,text,false,,237,168,763,763,http://stload.se.ifmo.ru:8080/?token=518472196&&user=-1356113187&config=2,3940,0,0
1776059562760,3937,HTTP Request 2,503,Service Unavailable,config 2 1-478,text,false,,237,168,763,763,http://stload.se.ifmo.ru:8080/?token=518472196&&user=-1356113187&config=2,3937,0,0
1776059562761,3936,HTTP Request 2,503,Service Unavailable,config 2 1-477,text,false,,237,168,763,763,http://stload.se.ifmo.ru:8080/?token=518472196&&user=-1356113187&config=2,3936,0,0
1776059562758,3939,HTTP Request 2,503,Service Unavailable,config 2 1-316,text,false,,237,168,763,763,http://stload.se.ifmo.ru:8080/?token=518472196&&user=-1356113187&config=2,3939,0,0
1776059562762,3936,HTTP Request 2,503,Service Unavailable,config 2 1-476,text,false,,237,168,763,763,http://stload.se.ifmo.ru:8080/?token=518472196&&user=-1356113187&config=2,3936,0,0
1776059562761,3937,HTTP Request 2,503,Service Unavailable,config 2 1-329,text,false,,237,168,763,763,http://stload.se.ifmo.ru:8080/?token=518472196&&user=-1356113187&config=2,3937,0,0
1776059562762,3936,HTTP Request 2,503,Service Unavailable,config 2 1-481,text,false,,237,168,763,763,http://stload.se.ifmo.ru:8080/?token=518472196&&user=-1356113187&config=2,3936,0,0
1776059562762,3936,HTTP Request 2,503,Service Unavailable,config 2 1-479,text,false,,237,168,763,763,http://stload.se.ifmo.ru:8080/?token=518472196&&user=-1356113187&config=2,3936,0,0
1776059562762,3936,HTTP Request 2,503,Service Unavailable,config 2 1-324,text,false,,237,168,763,763,http://stload.se.ifmo.ru:8080/?token=518472196&&user=-1356113187&config=2,3936,0,0
1776059562762,3936,HTTP Request 2,503,Service Unavailable,config 2 1-332,text,false,,237,168,763,763,http://stload.se.ifmo.ru:8080/?token=518472196&&user=-1356113187&config=2,3936,0,0
1776059562762,3936,HTTP Request 2,503,Service Unavailable,config 2 1-213,text,false,,237,168,763,763,http://stload.se.ifmo.ru:8080/?token=518472196&&user=-1356113187&config=2,3936,0,0
1776059562762,3936,HTTP Request 2,503,Service Unavailable,config 2 1-142,text,false,,237,168,763,763,http://stload.se.ifmo.ru:8080/?token=518472196&&user=-1356113187&config=2,3936,0,0
1776059562762,3936,HTTP Request 2,503,Service Unavailable,config 2 1-333,text,false,,237,168,763,763,http://stload.se.ifmo.ru:8080/?token=518472196&&user=-1356113187&config=2,3936,0,0
1776059562762,3936,HTTP Request 2,503,Service Unavailable,config 2 1-144,text,false,,237,168,763,763,http://stload.se.ifmo.ru:8080/?token=518472196&&user=-1356113187&config=2,3936,0,0
1776059562762,3936,HTTP Request 2,503,Service Unavailable,config 2 1-157,text,false,,237,168,763,763,http://stload.se.ifmo.ru:8080/?token=518472196&&user=-1356113187&config=2,3936,0,0
1776059562762,3936,HTTP Request 2,503,Service Unavailable,config 2 1-149,text,false,,237,168,763,763,http://stload.se.ifmo.ru:8080/?token=518472196&&user=-1356113187&config=2,3936,0,0
1776059562762,3936,HTTP Request 2,503,Service Unavailable,config 2 1-480,text,false,,237,168,763,763,http://stload.se.ifmo.ru:8080/?token=518472196&&user=-1356113187&config=2,3936,0,0
1776059562762,3936,HTTP Request 2,503,Service Unavailable,config 2 1-334,text,false,,237,168,763,763,http://stload.se.ifmo.ru:8080/?token=518472196&&user=-1356113187&config=2,3936,0,0
1776059562762,3936,HTTP Request 2,503,Service Unavailable,config 2 1-153,text,false,,237,168,763,763,http://stload.se.ifmo.ru:8080/?token=518472196&&user=-1356113187&config=2,3936,0,0
1776059562762,3936,HTTP Request 2,503,Service Unavailable,config 2 1-212,text,false,,237,168,763,763,http://stload.se.ifmo.ru:8080/?token=518472196&&user=-1356113187&config=2,3936,0,0
1776059562762,3936,HTTP Request 2,503,Service Unavailable,config 2 1-146,text,false,,237,168,763,763,http://stload.se.ifmo.ru:8080/?token=518472196&&user=-1356113187&config=2,3936,0,0
1776059562763,3935,HTTP Request 2,503,Service Unavailable,config 2 1-331,text,false,,237,168,763,763,http://stload.se.ifmo.ru:8080/?token=518472196&&user=-1356113187&config=2,3935,0,0
1776059562763,3935,HTTP Request 2,503,Service Unavailable,config 2 1-330,text,false,,237,168,763,763,http://stload.se.ifmo.ru:8080/?token=518472196&&user=-1356113187&config=2,3935,0,0
1776059562763,3935,HTTP Request 2,503,Service Unavailable,config 2 1-162,text,false,,237,168,763,763,http://stload.se.ifmo.ru:8080/?token=518472196&&user=-1356113187&config=2,3935,0,0
1776059562762,3936,HTTP Request 2,503,Service Unavailable,config 2 1-145,text,false,,237,168,763,763,http://stload.se.ifmo.ru:8080/?token=518472196&&user=-1356113187&config=2,3936,0,0
1776059562762,3936,HTTP Request 2,503,Service Unavailable,config 2 1-154,text,false,,237,168,763,763,http://stload.se.ifmo.ru:8080/?token=518472196&&user=-1356113187&config=2,3936,0,0
1776059562762,3936,HTTP Request 2,503,Service Unavailable,config 2 1-156,text,false,,237,168,763,763,http://stload.se.ifmo.ru:8080/?token=518472196&&user=-1356113187&config=2,3936,0,0
1776059562763,3935,HTTP Request 2,503,Service Unavailable,config 2 1-335,text,false,,237,168,763,763,http://stload.se.ifmo.ru:8080/?token=518472196&&user=-1356113187&config=2,3935,0,0
1776059562762,3937,HTTP Request 2,503,Service Unavailable,config 2 1-161,text,false,,237,168,763,763,http://stload.se.ifmo.ru:8080/?token=518472196&&user=-1356113187&config=2,3937,0,0
1776059562800,4591,HTTP Request 2,503,Service Unavailable,config 2 1-720,text,false,,237,168,771,771,http://stload.se.ifmo.ru:8080/?token=518472196&&user=-1356113187&config=2,4591,0,3
1776059544860,26833,HTTP Request 2,200,OK,config 2 1-375,text,true,,231,168,818,818,http://stload.se.ifmo.ru:8080/?token=518472196&&user=-1356113187&config=2,26833,0,0
1776059544859,26834,HTTP Request 2,200,OK,config 2 1-370,text,true,,231,168,818,818,http://stload.se.ifmo.ru:8080/?token=518472196&&user=-1356113187&config=2,26834,0,0
1776059544800,26893,HTTP Request 2,200,OK,config 2 1-520,text,true,,231,168,818,818,http://stload.se.ifmo.ru:8080/?token=518472196&&user=-1356113187&config=2,26893,0,58
1776059544859,26834,HTTP Request 2,200,OK,config 2 1-369,text,true,,231,168,818,818,http://stload.se.ifmo.ru:8080/?token=518472196&&user=-1356113187&config=2,26834,0,0
1776059544860,26833,HTTP Request 2,200,OK,config 2 1-374,text,true,,231,168,818,818,http://stload.se.ifmo.ru:8080/?token=518472196&&user=-1356113187&config=2,26833,0,0
1776059544860,26833,HTTP Request 2,200,OK,config 2 1-371,text,true,,231,168,818,818,http://stload.se.ifmo.ru:8080/?token=518472196&&user=-1356113187&config=2,26833,0,0
1776059544859,26834,HTTP Request 2,200,OK,config 2 1-367,text,true,,231,168,818,818,http://stload.se.ifmo.ru:8080/?token=518472196&&user=-1356113187&config=2,26834,0,0
1776059544859,26834,HTTP Request 2,200,OK,config 2 1-368,text,true,,231,168,818,818,http://stload.se.ifmo.ru:8080/?token=518472196&&user=-1356113187&config=2,26834,0,0
1776059544860,26833,HTTP Request 2,200,OK,config 2 1-372,text,true,,231,168,818,818,http://stload.se.ifmo.ru:8080/?token=518472196&&user=-1356113187&config=2,26833,0,0
1776059544979,26715,HTTP Request 2,200,OK,config 2 1-522,text,true,,231,168,818,818,http://stload.se.ifmo.ru:8080/?token=518472196&&user=-1356113187&config=2,26715,0,51
1776059545250,26444,HTTP Request 2,200,OK,config 2 1-525,text,true,,231,168,818,818,http://stload.se.ifmo.ru:8080/?token=518472196&&user=-1356113187&config=2,26444,0,3
1776059545160,26534,HTTP Request 2,200,OK,config 2 1-524,text,true,,231,168,818,818,http://stload.se.ifmo.ru:8080/?token=518472196&&user=-1356113187&config=2,26534,0,70
1776059545069,26625,HTTP Request 2,200,OK,config 2 1-523,text,true,,231,168,818,818,http://stload.se.ifmo.ru:8080/?token=518472196&&user=-1356113187&config=2,26625,0,57
1776059544890,26804,HTTP Request 2,200,OK,config 2 1-521,text,true,,231,168,818,818,http://stload.se.ifmo.ru:8080/?token=518472196&&user=-1356113187&config=2,26804,0,46
1776059545519,26175,HTTP Request 2,200,OK,config 2 1-528,text,true,,231,168,818,818,http://stload.se.ifmo.ru:8080/?token=518472196&&user=-1356113187&config=2,26175,0,4
1776059545429,26265,HTTP Request 2,200,OK,config 2 1-527,text,true,,231,168,818,818,http://stload.se.ifmo.ru:8080/?token=518472196&&user=-1356113187&config=2,26265,0,7
1776059545609,26085,HTTP Request 2,200,OK,config 2 1-529,text,true,,231,168,818,818,http://stload.se.ifmo.ru:8080/?token=518472196&&user=-1356113187&config=2,26085,0,3
1776059545339,26355,HTTP Request 2,200,OK,config 2 1-526,text,true,,231,168,818,818,http://stload.se.ifmo.ru:8080/?token=518472196&&user=-1356113187&config=2,26355,0,4
1776059544861,26833,HTTP Request 2,200,OK,config 2 1-376,text,true,,231,168,818,818,http://stload.se.ifmo.ru:8080/?token=518472196&&user=-1356113187&config=2,26833,0,0
1776059544860,26834,HTTP Request 2,200,OK,config 2 1-373,text,true,,231,168,818,818,http://stload.se.ifmo.ru:8080/?token=518472196&&user=-1356113187&config=2,26834,0,0
1776059545869,25826,HTTP Request 2,200,OK,config 2 1-82,text,true,,231,168,818,818,http://stload.se.ifmo.ru:8080/?token=518472196&&user=-1356113187&config=2,25826,0,0
1776059545847,25848,HTTP Request 2,200,OK,config 2 1-349,text,true,,231,168,818,818,http://stload.se.ifmo.ru:8080/?token=518472196&&user=-1356113187&config=2,25848,0,0
1776059545701,25994,HTTP Request 2,200,OK,config 2 1-530,text,true,,231,168,818,818,http://stload.se.ifmo.ru:8080/?token=518472196&&user=-1356113187&config=2,25994,0,4
1776059545868,25827,HTTP Request 2,200,OK,config 2 1-35,text,true,,231,168,818,818,http://stload.se.ifmo.ru:8080/?token=518472196&&user=-1356113187&config=2,25827,0,0
1776059545870,25825,HTTP Request 2,200,OK,config 2 1-70,text,true,,231,168,818,818,http://stload.se.ifmo.ru:8080/?token=518472196&&user=-1356113187&config=2,25825,0,0
1776059545870,25825,HTTP Request 2,200,OK,config 2 1-38,text,true,,231,168,818,818,http://stload.se.ifmo.ru:8080/?token=518472196&&user=-1356113187&config=2,25825,0,0
1776059545868,25827,HTTP Request 2,200,OK,config 2 1-166,text,true,,231,168,818,818,http://stload.se.ifmo.ru:8080/?token=518472196&&user=-1356113187&config=2,25827,0,0
1776059545869,25826,HTTP Request 2,200,OK,config 2 1-79,text,true,,231,168,818,818,http://stload.se.ifmo.ru:8080/?token=518472196&&user=-1356113187&config=2,25826,0,0
1776059545869,25826,HTTP Request 2,200,OK,config 2 1-2,text,true,,231,168,818,818,http://stload.se.ifmo.ru:8080/?token=518472196&&user=-1356113187&config=2,25826,0,0
1776059545789,25906,HTTP Request 2,200,OK,config 2 1-531,text,true,,231,168,818,818,http://stload.se.ifmo.ru:8080/?token=518472196&&user=-1356113187&config=2,25906,0,16
1776059545870,25825,HTTP Request 2,200,OK,config 2 1-104,text,true,,231,168,818,818,http://stload.se.ifmo.ru:8080/?token=518472196&&user=-1356113187&config=2,25825,0,0
1776059545869,25827,HTTP Request 2,200,OK,config 2 1-46,text,true,,231,168,818,818,http://stload.se.ifmo.ru:8080/?token=518472196&&user=-1356113187&config=2,25827,0,0
1776059545870,25826,HTTP Request 2,200,OK,config 2 1-64,text,true,,231,168,818,818,http://stload.se.ifmo.ru:8080/?token=518472196&&user=-1356113187&config=2,25826,0,0
1776059545869,25827,HTTP Request 2,200,OK,config 2 1-85,text,true,,231,168,818,818,http://stload.se.ifmo.ru:8080/?token=518472196&&user=-1356113187&config=2,25827,0,0
1776059545871,25825,HTTP Request 2,200,OK,config 2 1-353,text,true,,231,168,818,818,http://stload.se.ifmo.ru:8080/?token=518472196&&user=-1356113187&config=2,25825,0,0
1776059545869,25827,HTTP Request 2,200,OK,config 2 1-12,text,true,,231,168,818,818,http://stload.se.ifmo.ru:8080/?token=518472196&&user=-1356113187&config=2,25827,0,0
1776059545871,25825,HTTP Request 2,200,OK,config 2 1-87,text,true,,231,168,818,818,http://stload.se.ifmo.ru:8080/?token=518472196&&user=-1356113187&config=2,25825,0,0
1776059545871,25825,HTTP Request 2,200,OK,config 2 1-356,text,true,,231,168,818,818,http://stload.se.ifmo.ru:8080/?token=518472196&&user=-1356113187&config=2,25825,0,0
1776059545870,25826,HTTP Request 2,200,OK,config 2 1-53,text,true,,231,168,818,818,http://stload.se.ifmo.ru:8080/?token=518472196&&user=-1356113187&config=2,25826,0,0
1776059545871,25825,HTTP Request 2,200,OK,config 2 1-362,text,true,,231,168,818,818,http://stload.se.ifmo.ru:8080/?token=518472196&&user=-1356113187&config=2,25825,0,0
1776059545871,25825,HTTP Request 2,200,OK,config 2 1-354,text,true,,231,168,818,818,http://stload.se.ifmo.ru:8080/?token=518472196&&user=-1356113187&config=2,25825,0,0
1776059545871,25825,HTTP Request 2,200,OK,config 2 1-357,text,true,,231,168,818,818,http://stload.se.ifmo.ru:8080/?token=518472196&&user=-1356113187&config=2,25825,0,0
1776059545871,25825,HTTP Request 2,200,OK,config 2 1-350,text,true,,231,168,818,818,http://stload.se.ifmo.ru:8080/?token=518472196&&user=-1356113187&config=2,25825,0,0
1776059545871,25826,HTTP Request 2,200,OK,config 2 1-36,text,true,,231,168,818,818,http://stload.se.ifmo.ru:8080/?token=518472196&&user=-1356113187&config=2,25826,0,0
1776059545871,25826,HTTP Request 2,200,OK,config 2 1-351,text,true,,231,168,818,818,http://stload.se.ifmo.ru:8080/?token=518472196&&user=-1356113187&config=2,25826,0,0
1776059545871,25826,HTTP Request 2,200,OK,config 2 1-355,text,true,,231,168,818,818,http://stload.se.ifmo.ru:8080/?token=518472196&&user=-1356113187&config=2,25826,0,0
1776059545871,25826,HTTP Request 2,200,OK,config 2 1-169,text,true,,231,168,818,818,http://stload.se.ifmo.ru:8080/?token=518472196&&user=-1356113187&config=2,25826,0,0
1776059545871,25826,HTTP Request 2,200,OK,config 2 1-352,text,true,,231,168,818,818,http://stload.se.ifmo.ru:8080/?token=518472196&&user=-1356113187&config=2,25826,0,0
1776059545871,25826,HTTP Request 2,200,OK,config 2 1-360,text,true,,231,168,818,818,http://stload.se.ifmo.ru:8080/?token=518472196&&user=-1356113187&config=2,25826,0,0
1776059545868,25829,HTTP Request 2,200,OK,config 2 1-86,text,true,,231,168,818,818,http://stload.se.ifmo.ru:8080/?token=518472196&&user=-1356113187&config=2,25829,0,0
1776059545871,25826,HTTP Request 2,200,OK,config 2 1-363,text,true,,231,168,818,818,http://stload.se.ifmo.ru:8080/?token=518472196&&user=-1356113187&config=2,25826,0,0
1776059545872,25825,HTTP Request 2,200,OK,config 2 1-366,text,true,,231,168,818,818,http://stload.se.ifmo.ru:8080/?token=518472196&&user=-1356113187&config=2,25825,0,0
1776059545872,25825,HTTP Request 2,200,OK,config 2 1-365,text,true,,231,168,818,818,http://stload.se.ifmo.ru:8080/?token=518472196&&user=-1356113187&config=2,25825,0,0
1776059545872,25825,HTTP Request 2,200,OK,config 2 1-358,text,true,,231,168,818,818,http://stload.se.ifmo.ru:8080/?token=518472196&&user=-1356113187&config=2,25825,0,0
1776059545872,25825,HTTP Request 2,200,OK,config 2 1-361,text,true,,231,168,818,818,http://stload.se.ifmo.ru:8080/?token=518472196&&user=-1356113187&config=2,25825,0,0
1776059545872,25825,HTTP Request 2,200,OK,config 2 1-359,text,true,,231,168,818,818,http://stload.se.ifmo.ru:8080/?token=518472196&&user=-1356113187&config=2,25825,0,0
1776059545872,25828,HTTP Request 2,200,OK,config 2 1-364,text,true,,231,168,818,818,http://stload.se.ifmo.ru:8080/?token=518472196&&user=-1356113187&config=2,25828,0,0
1776059548675,26137,HTTP Request 2,200,OK,config 2 1-24,text,true,,231,168,853,853,http://stload.se.ifmo.ru:8080/?token=518472196&&user=-1356113187&config=2,26137,0,0
1776059548675,26138,HTTP Request 2,200,OK,config 2 1-22,text,true,,231,168,853,853,http://stload.se.ifmo.ru:8080/?token=518472196&&user=-1356113187&config=2,26138,0,0
1776059548671,26142,HTTP Request 2,200,OK,config 2 1-563,text,true,,231,168,853,853,http://stload.se.ifmo.ru:8080/?token=518472196&&user=-1356113187&config=2,26142,0,6
1776059548675,26138,HTTP Request 2,200,OK,config 2 1-57,text,true,,231,168,853,853,http://stload.se.ifmo.ru:8080/?token=518472196&&user=-1356113187&config=2,26138,0,0
1776059548675,26138,HTTP Request 2,200,OK,config 2 1-72,text,true,,231,168,853,853,http://stload.se.ifmo.ru:8080/?token=518472196&&user=-1356113187&config=2,26138,0,0
1776059548760,26054,HTTP Request 2,200,OK,config 2 1-564,text,true,,231,168,853,853,http://stload.se.ifmo.ru:8080/?token=518472196&&user=-1356113187&config=2,26054,0,6
1776059548849,25965,HTTP Request 2,200,OK,config 2 1-565,text,true,,231,168,853,853,http://stload.se.ifmo.ru:8080/?token=518472196&&user=-1356113187&config=2,25965,0,4
1776059548130,26684,HTTP Request 2,200,OK,config 2 1-557,text,true,,231,168,853,853,http://stload.se.ifmo.ru:8080/?token=518472196&&user=-1356113187&config=2,26684,0,3
1776059548939,25875,HTTP Request 2,200,OK,config 2 1-566,text,true,,231,168,853,853,http://stload.se.ifmo.ru:8080/?token=518472196&&user=-1356113187&config=2,25875,0,3
1776059548221,26593,HTTP Request 2,200,OK,config 2 1-558,text,true,,231,168,853,853,http://stload.se.ifmo.ru:8080/?token=518472196&&user=-1356113187&config=2,26593,0,4
1776059548039,26775,HTTP Request 2,200,OK,config 2 1-556,text,true,,231,168,853,853,http://stload.se.ifmo.ru:8080/?token=518472196&&user=-1356113187&config=2,26775,0,8
1776059549120,25694,HTTP Request 2,200,OK,config 2 1-568,text,true,,231,168,853,853,http://stload.se.ifmo.ru:8080/?token=518472196&&user=-1356113187&config=2,25694,0,6
1776059549029,25785,HTTP Request 2,200,OK,config 2 1-567,text,true,,231,168,853,853,http://stload.se.ifmo.ru:8080/?token=518472196&&user=-1356113187&config=2,25785,0,4
1776059549210,25604,HTTP Request 2,200,OK,config 2 1-569,text,true,,231,168,853,853,http://stload.se.ifmo.ru:8080/?token=518472196&&user=-1356113187&config=2,25604,0,4
1776059548400,26416,HTTP Request 2,200,OK,config 2 1-560,text,true,,231,168,853,853,http://stload.se.ifmo.ru:8080/?token=518472196&&user=-1356113187&config=2,26415,0,6
1776059548490,26326,HTTP Request 2,200,OK,config 2 1-561,text,true,,231,168,853,853,http://stload.se.ifmo.ru:8080/?token=518472196&&user=-1356113187&config=2,26326,0,4
1776059548311,26505,HTTP Request 2,200,OK,config 2 1-559,text,true,,231,168,853,853,http://stload.se.ifmo.ru:8080/?token=518472196&&user=-1356113187&config=2,26505,0,9
1776059548580,28669,HTTP Request 2,200,OK,config 2 1-562,text,true,,231,168,880,880,http://stload.se.ifmo.ru:8080/?token=518472196&&user=-1356113187&config=2,28669,0,4
1776059560623,19094,HTTP Request 2,500,Internal Server Error,config 2 1-518,text,false,,233,168,907,907,http://stload.se.ifmo.ru:8080/?token=518472196&&user=-1356113187&config=2,19094,0,8
1776059560909,18808,HTTP Request 2,500,Internal Server Error,config 2 1-699,text,false,,233,168,907,907,http://stload.se.ifmo.ru:8080/?token=518472196&&user=-1356113187&config=2,18808,0,5
1776059560623,19094,HTTP Request 2,500,Internal Server Error,config 2 1-519,text,false,,233,168,907,907,http://stload.se.ifmo.ru:8080/?token=518472196&&user=-1356113187&config=2,19094,0,8
1776059560819,18898,HTTP Request 2,500,Internal Server Error,config 2 1-698,text,false,,233,168,907,907,http://stload.se.ifmo.ru:8080/?token=518472196&&user=-1356113187&config=2,18898,0,93
1776059560621,19096,HTTP Request 2,500,Internal Server Error,config 2 1-347,text,false,,233,168,907,907,http://stload.se.ifmo.ru:8080/?token=518472196&&user=-1356113187&config=2,19096,0,10
1776059560639,19078,HTTP Request 2,500,Internal Server Error,config 2 1-696,text,false,,233,168,907,907,http://stload.se.ifmo.ru:8080/?token=518472196&&user=-1356113187&config=2,19078,0,46
1776059560730,18987,HTTP Request 2,500,Internal Server Error,config 2 1-697,text,false,,233,168,907,907,http://stload.se.ifmo.ru:8080/?token=518472196&&user=-1356113187&config=2,18987,0,77
1776059560999,18719,HTTP Request 2,500,Internal Server Error,config 2 1-700,text,false,,233,168,907,907,http://stload.se.ifmo.ru:8080/?token=518472196&&user=-1356113187&config=2,18718,0,7
1776059561181,18537,HTTP Request 2,500,Internal Server Error,config 2 1-702,text,false,,233,168,907,907,http://stload.se.ifmo.ru:8080/?token=518472196&&user=-1356113187&config=2,18537,0,2
1776059561089,18629,HTTP Request 2,500,Internal Server Error,config 2 1-701,text,false,,233,168,907,907,http://stload.se.ifmo.ru:8080/?token=518472196&&user=-1356113187&config=2,18629,0,3
1776059561268,18450,HTTP Request 2,500,Internal Server Error,config 2 1-703,text,false,,233,168,907,907,http://stload.se.ifmo.ru:8080/?token=518472196&&user=-1356113187&config=2,18450,0,3
1776059566698,13023,HTTP Request 2,Non HTTP response code: org.apache.http.NoHttpResponseException,Non HTTP response message: stload.se.ifmo.ru:8080 failed to respond,config 2 1-157,text,false,,2076,0,908,908,http://stload.se.ifmo.ru:8080/?token=518472196&&user=-1356113187&config=2,0,0,0
1776059566698,13023,HTTP Request 2,Non HTTP response code: org.apache.http.NoHttpResponseException,Non HTTP response message: stload.se.ifmo.ru:8080 failed to respond,config 2 1-144,text,false,,2076,0,908,908,http://stload.se.ifmo.ru:8080/?token=518472196&&user=-1356113187&config=2,0,0,0
1776059566698,13023,HTTP Request 2,Non HTTP response code: org.apache.http.NoHttpResponseException,Non HTTP response message: stload.se.ifmo.ru:8080 failed to respond,config 2 1-142,text,false,,2076,0,908,908,http://stload.se.ifmo.ru:8080/?token=518472196&&user=-1356113187&config=2,0,0,0
1776059566699,13022,HTTP Request 2,Non HTTP response code: org.apache.http.NoHttpResponseException,Non HTTP response message: stload.se.ifmo.ru:8080 failed to respond,config 2 1-161,text,false,,2076,0,908,908,http://stload.se.ifmo.ru:8080/?token=518472196&&user=-1356113187&config=2,0,0,0
1776059566698,13023,HTTP Request 2,Non HTTP response code: org.apache.http.NoHttpResponseException,Non HTTP response message: stload.se.ifmo.ru:8080 failed to respond,config 2 1-156,text,false,,2076,0,908,908,http://stload.se.ifmo.ru:8080/?token=518472196&&user=-1356113187&config=2,0,0,0
1776059566698,13023,HTTP Request 2,Non HTTP response code: org.apache.http.NoHttpResponseException,Non HTTP response message: stload.se.ifmo.ru:8080 failed to respond,config 2 1-145,text,false,,2076,0,908,908,http://stload.se.ifmo.ru:8080/?token=518472196&&user=-1356113187&config=2,0,0,0
1776059566698,13023,HTTP Request 2,Non HTTP response code: org.apache.http.NoHttpResponseException,Non HTTP response message: stload.se.ifmo.ru:8080 failed to respond,config 2 1-149,text,false,,2076,0,908,908,http://stload.se.ifmo.ru:8080/?token=518472196&&user=-1356113187&config=2,0,0,0
1776059566698,13023,HTTP Request 2,Non HTTP response code: org.apache.http.NoHttpResponseException,Non HTTP response message: stload.se.ifmo.ru:8080 failed to respond,config 2 1-154,text,false,,2076,0,908,908,http://stload.se.ifmo.ru:8080/?token=518472196&&user=-1356113187&config=2,0,0,0
1776059566698,13023,HTTP Request 2,Non HTTP response code: org.apache.http.NoHttpResponseException,Non HTTP response message: stload.se.ifmo.ru:8080 failed to respond,config 2 1-146,text,false,,2076,0,908,908,http://stload.se.ifmo.ru:8080/?token=518472196&&user=-1356113187&config=2,0,0,0
1776059566698,13023,HTTP Request 2,Non HTTP response code: org.apache.http.NoHttpResponseException,Non HTTP response message: stload.se.ifmo.ru:8080 failed to respond,config 2 1-334,text,false,,2076,0,908,908,http://stload.se.ifmo.ru:8080/?token=518472196&&user=-1356113187&config=2,0,0,0
1776059566698,13023,HTTP Request 2,Non HTTP response code: org.apache.http.NoHttpResponseException,Non HTTP response message: stload.se.ifmo.ru:8080 failed to respond,config 2 1-212,text,false,,2076,0,908,908,http://stload.se.ifmo.ru:8080/?token=518472196&&user=-1356113187&config=2,0,0,0
1776059566698,13023,HTTP Request 2,Non HTTP response code: org.apache.http.NoHttpResponseException,Non HTTP response message: stload.se.ifmo.ru:8080 failed to respond,config 2 1-153,text,false,,2076,0,908,908,http://stload.se.ifmo.ru:8080/?token=518472196&&user=-1356113187&config=2,0,0,0
1776059566698,13023,HTTP Request 2,Non HTTP response code: org.apache.http.NoHttpResponseException,Non HTTP response message: stload.se.ifmo.ru:8080 failed to respond,config 2 1-331,text,false,,2076,0,908,908,http://stload.se.ifmo.ru:8080/?token=518472196&&user=-1356113187&config=2,0,0,0
1776059566698,13023,HTTP Request 2,Non HTTP response code: org.apache.http.NoHttpResponseException,Non HTTP response message: stload.se.ifmo.ru:8080 failed to respond,config 2 1-162,text,false,,2076,0,908,908,http://stload.se.ifmo.ru:8080/?token=518472196&&user=-1356113187&config=2,0,0,0
1776059566698,13023,HTTP Request 2,Non HTTP response code: org.apache.http.NoHttpResponseException,Non HTTP response message: stload.se.ifmo.ru:8080 failed to respond,config 2 1-330,text,false,,2076,0,908,908,http://stload.se.ifmo.ru:8080/?token=518472196&&user=-1356113187&config=2,0,0,0
1776059567391,12332,HTTP Request 2,Non HTTP response code: org.apache.http.NoHttpResponseException,Non HTTP response message: stload.se.ifmo.ru:8080 failed to respond,config 2 1-720,text,false,,2076,0,908,908,http://stload.se.ifmo.ru:8080/?token=518472196&&user=-1356113187&config=2,0,0,0
1776059566698,13024,HTTP Request 2,Non HTTP response code: org.apache.http.NoHttpResponseException,Non HTTP response message: stload.se.ifmo.ru:8080 failed to respond,config 2 1-480,text,false,,2076,0,908,908,http://stload.se.ifmo.ru:8080/?token=518472196&&user=-1356113187&config=2,0,0,0
1776059566699,13024,HTTP Request 2,Non HTTP response code: org.apache.http.NoHttpResponseException,Non HTTP response message: stload.se.ifmo.ru:8080 failed to respond,config 2 1-335,text,false,,2076,0,908,908,http://stload.se.ifmo.ru:8080/?token=518472196&&user=-1356113187&config=2,0,0,0
1776059566698,13023,HTTP Request 2,Non HTTP response code: org.apache.http.NoHttpResponseException,Non HTTP response message: stload.se.ifmo.ru:8080 failed to respond,config 2 1-333,text,false,,2076,0,908,908,http://stload.se.ifmo.ru:8080/?token=518472196&&user=-1356113187&config=2,0,0,0
1776059549840,31600,HTTP Request 2,200,OK,config 2 1-576,text,true,,231,168,927,927,http://stload.se.ifmo.ru:8080/?token=518472196&&user=-1356113187&config=2,31600,0,221
1776059549390,32050,HTTP Request 2,200,OK,config 2 1-571,text,true,,231,168,927,927,http://stload.se.ifmo.ru:8080/?token=518472196&&user=-1356113187&config=2,32050,0,4
1776059549750,31690,HTTP Request 2,200,OK,config 2 1-575,text,true,,231,168,927,927,http://stload.se.ifmo.ru:8080/?token=518472196&&user=-1356113187&config=2,31690,0,311
1776059550470,30970,HTTP Request 2,200,OK,config 2 1-583,text,true,,231,168,927,927,http://stload.se.ifmo.ru:8080/?token=518472196&&user=-1356113187&config=2,30970,0,19
1776059550561,30879,HTTP Request 2,200,OK,config 2 1-584,text,true,,231,168,927,927,http://stload.se.ifmo.ru:8080/?token=518472196&&user=-1356113187&config=2,30879,0,4
1776059549659,31781,HTTP Request 2,200,OK,config 2 1-574,text,true,,231,168,927,927,http://stload.se.ifmo.ru:8080/?token=518472196&&user=-1356113187&config=2,31781,0,399
1776059550110,31330,HTTP Request 2,200,OK,config 2 1-579,text,true,,231,168,927,927,http://stload.se.ifmo.ru:8080/?token=518472196&&user=-1356113187&config=2,31330,0,2
1776059550740,30700,HTTP Request 2,200,OK,config 2 1-586,text,true,,231,168,927,927,http://stload.se.ifmo.ru:8080/?token=518472196&&user=-1356113187&config=2,30700,0,3
1776059549300,32140,HTTP Request 2,200,OK,config 2 1-570,text,true,,231,168,927,927,http://stload.se.ifmo.ru:8080/?token=518472196&&user=-1356113187&config=2,32140,0,8
1776059550381,31059,HTTP Request 2,200,OK,config 2 1-582,text,true,,231,168,927,927,http://stload.se.ifmo.ru:8080/?token=518472196&&user=-1356113187&config=2,31059,0,3
1776059549930,31510,HTTP Request 2,200,OK,config 2 1-577,text,true,,231,168,927,927,http://stload.se.ifmo.ru:8080/?token=518472196&&user=-1356113187&config=2,31510,0,133
1776059550019,31421,HTTP Request 2,200,OK,config 2 1-578,text,true,,231,168,927,927,http://stload.se.ifmo.ru:8080/?token=518472196&&user=-1356113187&config=2,31421,0,44
1776059549480,31960,HTTP Request 2,200,OK,config 2 1-572,text,true,,231,168,927,927,http://stload.se.ifmo.ru:8080/?token=518472196&&user=-1356113187&config=2,31960,0,4
1776059550291,31149,HTTP Request 2,200,OK,config 2 1-581,text,true,,231,168,927,927,http://stload.se.ifmo.ru:8080/?token=518472196&&user=-1356113187&config=2,31149,0,3
1776059549570,31871,HTTP Request 2,200,OK,config 2 1-573,text,true,,231,168,927,927,http://stload.se.ifmo.ru:8080/?token=518472196&&user=-1356113187&config=2,31871,0,3
1776059550199,31242,HTTP Request 2,200,OK,config 2 1-580,text,true,,231,168,927,927,http://stload.se.ifmo.ru:8080/?token=518472196&&user=-1356113187&config=2,31242,0,4
1776059551010,30431,HTTP Request 2,200,OK,config 2 1-589,text,true,,231,168,927,927,http://stload.se.ifmo.ru:8080/?token=518472196&&user=-1356113187&config=2,30431,0,63
1776059550921,30520,HTTP Request 2,200,OK,config 2 1-588,text,true,,231,168,927,927,http://stload.se.ifmo.ru:8080/?token=518472196&&user=-1356113187&config=2,30520,0,7
1776059551459,29982,HTTP Request 2,200,OK,config 2 1-594,text,true,,231,168,927,927,http://stload.se.ifmo.ru:8080/?token=518472196&&user=-1356113187&config=2,29982,0,3
1776059551640,29801,HTTP Request 2,200,OK,config 2 1-596,text,true,,231,168,927,927,http://stload.se.ifmo.ru:8080/?token=518472196&&user=-1356113187&config=2,29801,0,5
1776059550830,30611,HTTP Request 2,200,OK,config 2 1-587,text,true,,231,168,927,927,http://stload.se.ifmo.ru:8080/?token=518472196&&user=-1356113187&config=2,30611,0,5
1776059551100,30342,HTTP Request 2,200,OK,config 2 1-590,text,true,,231,168,927,927,http://stload.se.ifmo.ru:8080/?token=518472196&&user=-1356113187&config=2,30342,0,7
1776059551280,30162,HTTP Request 2,200,OK,config 2 1-592,text,true,,231,168,927,927,http://stload.se.ifmo.ru:8080/?token=518472196&&user=-1356113187&config=2,30162,0,4
1776059551190,30252,HTTP Request 2,200,OK,config 2 1-591,text,true,,231,168,927,927,http://stload.se.ifmo.ru:8080/?token=518472196&&user=-1356113187&config=2,30252,0,3
1776059551371,30071,HTTP Request 2,200,OK,config 2 1-593,text,true,,231,168,927,927,http://stload.se.ifmo.ru:8080/?token=518472196&&user=-1356113187&config=2,30071,0,4
1776059550651,30791,HTTP Request 2,200,OK,config 2 1-585,text,true,,231,168,927,927,http://stload.se.ifmo.ru:8080/?token=518472196&&user=-1356113187&config=2,30791,0,5
1776059551549,29893,HTTP Request 2,200,OK,config 2 1-595,text,true,,231,168,927,927,http://stload.se.ifmo.ru:8080/?token=518472196&&user=-1356113187&config=2,29893,0,8
1776059552000,29442,HTTP Request 2,200,OK,config 2 1-600,text,true,,231,168,927,927,http://stload.se.ifmo.ru:8080/?token=518472196&&user=-1356113187&config=2,29442,0,18
1776059551819,29623,HTTP Request 2,200,OK,config 2 1-598,text,true,,231,168,927,927,http://stload.se.ifmo.ru:8080/?token=518472196&&user=-1356113187&config=2,29623,0,30
1776059552901,28541,HTTP Request 2,200,OK,config 2 1-610,text,true,,231,168,927,927,http://stload.se.ifmo.ru:8080/?token=518472196&&user=-1356113187&config=2,28541,0,16
1776059552990,28453,HTTP Request 2,200,OK,config 2 1-611,text,true,,231,168,927,927,http://stload.se.ifmo.ru:8080/?token=518472196&&user=-1356113187&config=2,28453,0,3
1776059553439,28003,HTTP Request 2,200,OK,config 2 1-616,text,true,,231,168,927,927,http://stload.se.ifmo.ru:8080/?token=518472196&&user=-1356113187&config=2,28003,0,4
1776059552270,29173,HTTP Request 2,200,OK,config 2 1-603,text,true,,231,168,927,927,http://stload.se.ifmo.ru:8080/?token=518472196&&user=-1356113187&config=2,29173,0,50
1776059552540,28903,HTTP Request 2,200,OK,config 2 1-606,text,true,,231,168,927,927,http://stload.se.ifmo.ru:8080/?token=518472196&&user=-1356113187&config=2,28903,0,3
1776059552810,28633,HTTP Request 2,200,OK,config 2 1-609,text,true,,231,168,927,927,http://stload.se.ifmo.ru:8080/?token=518472196&&user=-1356113187&config=2,28633,0,14
1776059552181,29262,HTTP Request 2,200,OK,config 2 1-602,text,true,,231,168,927,927,http://stload.se.ifmo.ru:8080/?token=518472196&&user=-1356113187&config=2,29262,0,2
1776059553080,28363,HTTP Request 2,200,OK,config 2 1-612,text,true,,231,168,927,927,http://stload.se.ifmo.ru:8080/?token=518472196&&user=-1356113187&config=2,28363,0,47
1776059552090,29353,HTTP Request 2,200,OK,config 2 1-601,text,true,,231,168,927,927,http://stload.se.ifmo.ru:8080/?token=518472196&&user=-1356113187&config=2,29353,0,47
1776059552360,29083,HTTP Request 2,200,OK,config 2 1-604,text,true,,231,168,927,927,http://stload.se.ifmo.ru:8080/?token=518472196&&user=-1356113187&config=2,29083,0,64
1776059551730,29713,HTTP Request 2,200,OK,config 2 1-597,text,true,,231,168,927,927,http://stload.se.ifmo.ru:8080/?token=518472196&&user=-1356113187&config=2,29713,0,24
1776059553350,28092,HTTP Request 2,200,OK,config 2 1-615,text,true,,231,168,927,927,http://stload.se.ifmo.ru:8080/?token=518472196&&user=-1356113187&config=2,28092,0,3
1776059551910,29533,HTTP Request 2,200,OK,config 2 1-599,text,true,,231,168,927,927,http://stload.se.ifmo.ru:8080/?token=518472196&&user=-1356113187&config=2,29533,0,2
1776059552451,28992,HTTP Request 2,200,OK,config 2 1-605,text,true,,231,168,927,927,http://stload.se.ifmo.ru:8080/?token=518472196&&user=-1356113187&config=2,28992,0,43
1776059552630,28814,HTTP Request 2,200,OK,config 2 1-607,text,true,,231,168,927,927,http://stload.se.ifmo.ru:8080/?token=518472196&&user=-1356113187&config=2,28814,0,48
1776059552720,28724,HTTP Request 2,200,OK,config 2 1-608,text,true,,231,168,927,927,http://stload.se.ifmo.ru:8080/?token=518472196&&user=-1356113187&config=2,28724,0,54
1776059553260,28183,HTTP Request 2,200,OK,config 2 1-614,text,true,,231,168,927,927,http://stload.se.ifmo.ru:8080/?token=518472196&&user=-1356113187&config=2,28183,0,4
1776059553170,28274,HTTP Request 2,200,OK,config 2 1-613,text,true,,231,168,927,927,http://stload.se.ifmo.ru:8080/?token=518472196&&user=-1356113187&config=2,28274,0,5
1776059553529,27914,HTTP Request 2,200,OK,config 2 1-617,text,true,,231,168,927,927,http://stload.se.ifmo.ru:8080/?token=518472196&&user=-1356113187&config=2,27914,0,5
1776059553708,27735,HTTP Request 2,200,OK,config 2 1-378,text,true,,231,168,927,927,http://stload.se.ifmo.ru:8080/?token=518472196&&user=-1356113187&config=2,27735,0,0
1776059553619,27824,HTTP Request 2,200,OK,config 2 1-618,text,true,,231,168,927,927,http://stload.se.ifmo.ru:8080/?token=518472196&&user=-1356113187&config=2,27824,0,6
1776059553708,27735,HTTP Request 2,200,OK,config 2 1-382,text,true,,231,168,927,927,http://stload.se.ifmo.ru:8080/?token=518472196&&user=-1356113187&config=2,27735,0,0
1776059553707,27736,HTTP Request 2,200,OK,config 2 1-377,text,true,,231,168,927,927,http://stload.se.ifmo.ru:8080/?token=518472196&&user=-1356113187&config=2,27736,0,0
1776059553708,27735,HTTP Request 2,200,OK,config 2 1-384,text,true,,231,168,927,927,http://stload.se.ifmo.ru:8080/?token=518472196&&user=-1356113187&config=2,27735,0,0
1776059553708,27735,HTTP Request 2,200,OK,config 2 1-392,text,true,,231,168,927,927,http://stload.se.ifmo.ru:8080/?token=518472196&&user=-1356113187&config=2,27735,0,0
1776059553708,27735,HTTP Request 2,200,OK,config 2 1-393,text,true,,231,168,927,927,http://stload.se.ifmo.ru:8080/?token=518472196&&user=-1356113187&config=2,27735,0,0
1776059553708,27735,HTTP Request 2,200,OK,config 2 1-395,text,true,,231,168,927,927,http://stload.se.ifmo.ru:8080/?token=518472196&&user=-1356113187&config=2,27735,0,0
1776059553709,27734,HTTP Request 2,200,OK,config 2 1-51,text,true,,231,168,927,927,http://stload.se.ifmo.ru:8080/?token=518472196&&user=-1356113187&config=2,27734,0,0
1776059553709,27734,HTTP Request 2,200,OK,config 2 1-83,text,true,,231,168,927,927,http://stload.se.ifmo.ru:8080/?token=518472196&&user=-1356113187&config=2,27734,0,0
1776059553709,27734,HTTP Request 2,200,OK,config 2 1-397,text,true,,231,168,927,927,http://stload.se.ifmo.ru:8080/?token=518472196&&user=-1356113187&config=2,27734,0,0
1776059553707,27736,HTTP Request 2,200,OK,config 2 1-380,text,true,,231,168,927,927,http://stload.se.ifmo.ru:8080/?token=518472196&&user=-1356113187&config=2,27736,0,0
1776059553707,27736,HTTP Request 2,200,OK,config 2 1-379,text,true,,231,168,927,927,http://stload.se.ifmo.ru:8080/?token=518472196&&user=-1356113187&config=2,27736,0,0
1776059553707,27736,HTTP Request 2,200,OK,config 2 1-390,text,true,,231,168,927,927,http://stload.se.ifmo.ru:8080/?token=518472196&&user=-1356113187&config=2,27736,0,0
1776059553707,27737,HTTP Request 2,200,OK,config 2 1-386,text,true,,231,168,927,927,http://stload.se.ifmo.ru:8080/?token=518472196&&user=-1356113187&config=2,27737,0,0
1776059553707,27737,HTTP Request 2,200,OK,config 2 1-385,text,true,,231,168,927,927,http://stload.se.ifmo.ru:8080/?token=518472196&&user=-1356113187&config=2,27737,0,0
1776059553707,27737,HTTP Request 2,200,OK,config 2 1-381,text,true,,231,168,927,927,http://stload.se.ifmo.ru:8080/?token=518472196&&user=-1356113187&config=2,27737,0,0
1776059553708,27736,HTTP Request 2,200,OK,config 2 1-389,text,true,,231,168,927,927,http://stload.se.ifmo.ru:8080/?token=518472196&&user=-1356113187&config=2,27736,0,0
1776059553708,27736,HTTP Request 2,200,OK,config 2 1-394,text,true,,231,168,927,927,http://stload.se.ifmo.ru:8080/?token=518472196&&user=-1356113187&config=2,27736,0,0
1776059553707,27737,HTTP Request 2,200,OK,config 2 1-383,text,true,,231,168,927,927,http://stload.se.ifmo.ru:8080/?token=518472196&&user=-1356113187&config=2,27737,0,0
1776059553708,27736,HTTP Request 2,200,OK,config 2 1-387,text,true,,231,168,927,927,http://stload.se.ifmo.ru:8080/?token=518472196&&user=-1356113187&config=2,27736,0,0
1776059553709,27735,HTTP Request 2,200,OK,config 2 1-391,text,true,,231,168,927,927,http://stload.se.ifmo.ru:8080/?token=518472196&&user=-1356113187&config=2,27735,0,0
1776059553710,27734,HTTP Request 2,200,OK,config 2 1-140,text,true,,231,168,927,927,http://stload.se.ifmo.ru:8080/?token=518472196&&user=-1356113187&config=2,27734,0,0
1776059553710,27734,HTTP Request 2,200,OK,config 2 1-33,text,true,,231,168,927,927,http://stload.se.ifmo.ru:8080/?token=518472196&&user=-1356113187&config=2,27734,0,0
1776059553710,27734,HTTP Request 2,200,OK,config 2 1-50,text,true,,231,168,927,927,http://stload.se.ifmo.ru:8080/?token=518472196&&user=-1356113187&config=2,27734,0,0
1776059553710,27735,HTTP Request 2,200,OK,config 2 1-138,text,true,,231,168,927,927,http://stload.se.ifmo.ru:8080/?token=518472196&&user=-1356113187&config=2,27735,0,0
1776059553709,27736,HTTP Request 2,200,OK,config 2 1-388,text,true,,231,168,927,927,http://stload.se.ifmo.ru:8080/?token=518472196&&user=-1356113187&config=2,27736,0,0
1776059553710,27735,HTTP Request 2,200,OK,config 2 1-141,text,true,,231,168,927,927,http://stload.se.ifmo.ru:8080/?token=518472196&&user=-1356113187&config=2,27735,0,0
1776059553709,27736,HTTP Request 2,200,OK,config 2 1-396,text,true,,231,168,927,927,http://stload.se.ifmo.ru:8080/?token=518472196&&user=-1356113187&config=2,27736,0,0
1776059553712,27733,HTTP Request 2,200,OK,config 2 1-403,text,true,,231,168,927,927,http://stload.se.ifmo.ru:8080/?token=518472196&&user=-1356113187&config=2,27733,0,0
1776059553712,27733,HTTP Request 2,200,OK,config 2 1-401,text,true,,231,168,927,927,http://stload.se.ifmo.ru:8080/?token=518472196&&user=-1356113187&config=2,27733,0,0
1776059553710,27735,HTTP Request 2,200,OK,config 2 1-398,text,true,,231,168,927,927,http://stload.se.ifmo.ru:8080/?token=518472196&&user=-1356113187&config=2,27735,0,0
1776059553711,27734,HTTP Request 2,200,OK,config 2 1-67,text,true,,231,168,927,927,http://stload.se.ifmo.ru:8080/?token=518472196&&user=-1356113187&config=2,27734,0,0
1776059553712,27733,HTTP Request 2,200,OK,config 2 1-17,text,true,,231,168,927,927,http://stload.se.ifmo.ru:8080/?token=518472196&&user=-1356113187&config=2,27733,0,0
1776059553713,27732,HTTP Request 2,200,OK,config 2 1-402,text,true,,231,168,927,927,http://stload.se.ifmo.ru:8080/?token=518472196&&user=-1356113187&config=2,27732,0,0
1776059553889,27556,HTTP Request 2,200,OK,config 2 1-621,text,true,,231,168,927,927,http://stload.se.ifmo.ru:8080/?token=518472196&&user=-1356113187&config=2,27556,0,4
1776059553713,27732,HTTP Request 2,200,OK,config 2 1-405,text,true,,231,168,927,927,http://stload.se.ifmo.ru:8080/?token=518472196&&user=-1356113187&config=2,27732,0,0
1776059553712,27733,HTTP Request 2,200,OK,config 2 1-399,text,true,,231,168,927,927,http://stload.se.ifmo.ru:8080/?token=518472196&&user=-1356113187&config=2,27733,0,0
1776059553712,27733,HTTP Request 2,200,OK,config 2 1-406,text,true,,231,168,927,927,http://stload.se.ifmo.ru:8080/?token=518472196&&user=-1356113187&config=2,27733,0,0
1776059554340,27105,HTTP Request 2,200,OK,config 2 1-626,text,true,,231,168,927,927,http://stload.se.ifmo.ru:8080/?token=518472196&&user=-1356113187&config=2,27105,0,4
1776059554069,27376,HTTP Request 2,200,OK,config 2 1-623,text,true,,231,168,927,927,http://stload.se.ifmo.ru:8080/?token=518472196&&user=-1356113187&config=2,27376,0,7
1776059553711,27734,HTTP Request 2,200,OK,config 2 1-400,text,true,,231,168,927,927,http://stload.se.ifmo.ru:8080/?token=518472196&&user=-1356113187&config=2,27734,0,0
1776059554251,27194,HTTP Request 2,200,OK,config 2 1-625,text,true,,231,168,927,927,http://stload.se.ifmo.ru:8080/?token=518472196&&user=-1356113187&config=2,27194,0,3
1776059554969,26476,HTTP Request 2,200,OK,config 2 1-633,text,true,,231,168,927,927,http://stload.se.ifmo.ru:8080/?token=518472196&&user=-1356113187&config=2,26476,0,59
1776059554428,27017,HTTP Request 2,200,OK,config 2 1-627,text,true,,231,168,927,927,http://stload.se.ifmo.ru:8080/?token=518472196&&user=-1356113187&config=2,27017,0,4
1776059554698,26748,HTTP Request 2,200,OK,config 2 1-630,text,true,,231,168,927,927,http://stload.se.ifmo.ru:8080/?token=518472196&&user=-1356113187&config=2,26748,0,55
1776059553980,27466,HTTP Request 2,200,OK,config 2 1-622,text,true,,231,168,927,927,http://stload.se.ifmo.ru:8080/?token=518472196&&user=-1356113187&config=2,27466,0,7
1776059554160,27286,HTTP Request 2,200,OK,config 2 1-624,text,true,,231,168,927,927,http://stload.se.ifmo.ru:8080/?token=518472196&&user=-1356113187&config=2,27286,0,19
1776059554609,26837,HTTP Request 2,200,OK,config 2 1-629,text,true,,231,168,927,927,http://stload.se.ifmo.ru:8080/?token=518472196&&user=-1356113187&config=2,26837,0,56
1776059555058,26388,HTTP Request 2,200,OK,config 2 1-634,text,true,,231,168,927,927,http://stload.se.ifmo.ru:8080/?token=518472196&&user=-1356113187&config=2,26388,0,75
1776059555149,26297,HTTP Request 2,200,OK,config 2 1-635,text,true,,231,168,927,927,http://stload.se.ifmo.ru:8080/?token=518472196&&user=-1356113187&config=2,26297,0,20
1776059554518,26928,HTTP Request 2,200,OK,config 2 1-628,text,true,,231,168,927,927,http://stload.se.ifmo.ru:8080/?token=518472196&&user=-1356113187&config=2,26928,0,4
1776059553710,27736,HTTP Request 2,200,OK,config 2 1-619,text,true,,231,168,927,927,http://stload.se.ifmo.ru:8080/?token=518472196&&user=-1356113187&config=2,27736,0,5
1776059553800,27646,HTTP Request 2,200,OK,config 2 1-620,text,true,,231,168,927,927,http://stload.se.ifmo.ru:8080/?token=518472196&&user=-1356113187&config=2,27646,0,5
1776059554878,26568,HTTP Request 2,200,OK,config 2 1-632,text,true,,231,168,927,927,http://stload.se.ifmo.ru:8080/?token=518472196&&user=-1356113187&config=2,26568,0,62
1776059554789,26657,HTTP Request 2,200,OK,config 2 1-631,text,true,,231,168,927,927,http://stload.se.ifmo.ru:8080/?token=518472196&&user=-1356113187&config=2,26657,0,58
1776059555239,26207,HTTP Request 2,200,OK,config 2 1-636,text,true,,231,168,927,927,http://stload.se.ifmo.ru:8080/?token=518472196&&user=-1356113187&config=2,26207,0,47
1776059555328,26118,HTTP Request 2,200,OK,config 2 1-637,text,true,,231,168,927,927,http://stload.se.ifmo.ru:8080/?token=518472196&&user=-1356113187&config=2,26118,0,50
1776059555779,25667,HTTP Request 2,200,OK,config 2 1-642,text,true,,231,168,927,927,http://stload.se.ifmo.ru:8080/?token=518472196&&user=-1356113187&config=2,25667,0,3
1776059555509,25937,HTTP Request 2,200,OK,config 2 1-639,text,true,,231,168,927,927,http://stload.se.ifmo.ru:8080/?token=518472196&&user=-1356113187&config=2,25937,0,19
1776059556229,25217,HTTP Request 2,200,OK,config 2 1-647,text,true,,231,168,927,927,http://stload.se.ifmo.ru:8080/?token=518472196&&user=-1356113187&config=2,25217,0,3
1776059555419,26027,HTTP Request 2,200,OK,config 2 1-638,text,true,,231,168,927,927,http://stload.se.ifmo.ru:8080/?token=518472196&&user=-1356113187&config=2,26027,0,106
1776059556050,25396,HTTP Request 2,200,OK,config 2 1-645,text,true,,231,168,927,927,http://stload.se.ifmo.ru:8080/?token=518472196&&user=-1356113187&config=2,25396,0,3
1776059555600,25846,HTTP Request 2,200,OK,config 2 1-640,text,true,,231,168,927,927,http://stload.se.ifmo.ru:8080/?token=518472196&&user=-1356113187&config=2,25846,0,3
1776059553713,27733,HTTP Request 2,200,OK,config 2 1-404,text,true,,231,168,927,927,http://stload.se.ifmo.ru:8080/?token=518472196&&user=-1356113187&config=2,27733,0,0
1776059555690,25757,HTTP Request 2,200,OK,config 2 1-641,text,true,,231,168,927,927,http://stload.se.ifmo.ru:8080/?token=518472196&&user=-1356113187&config=2,25757,0,4
1776059555868,25579,HTTP Request 2,200,OK,config 2 1-643,text,true,,231,168,927,927,http://stload.se.ifmo.ru:8080/?token=518472196&&user=-1356113187&config=2,25579,0,4
1776059556318,25129,HTTP Request 2,200,OK,config 2 1-648,text,true,,231,168,927,927,http://stload.se.ifmo.ru:8080/?token=518472196&&user=-1356113187&config=2,25129,0,4
1776059553710,27738,HTTP Request 2,200,OK,config 2 1-139,text,true,,231,168,927,927,http://stload.se.ifmo.ru:8080/?token=518472196&&user=-1356113187&config=2,27738,0,0
1776059555959,25489,HTTP Request 2,200,OK,config 2 1-644,text,true,,231,168,927,927,http://stload.se.ifmo.ru:8080/?token=518472196&&user=-1356113187&config=2,25489,0,4
1776059556139,25309,HTTP Request 2,200,OK,config 2 1-646,text,true,,231,168,927,927,http://stload.se.ifmo.ru:8080/?token=518472196&&user=-1356113187&config=2,25309,0,5
1776059556408,25040,HTTP Request 2,200,OK,config 2 1-649,text,true,,231,168,927,927,http://stload.se.ifmo.ru:8080/?token=518472196&&user=-1356113187&config=2,25040,0,3
1776059556499,25481,HTTP Request 2,200,OK,config 2 1-650,text,true,,231,168,933,933,http://stload.se.ifmo.ru:8080/?token=518472196&&user=-1356113187&config=2,25481,0,4
1776059556860,25120,HTTP Request 2,200,OK,config 2 1-654,text,true,,231,168,933,933,http://stload.se.ifmo.ru:8080/?token=518472196&&user=-1356113187&config=2,25120,0,3
1776059556679,25301,HTTP Request 2,200,OK,config 2 1-652,text,true,,231,168,933,933,http://stload.se.ifmo.ru:8080/?token=518472196&&user=-1356113187&config=2,25301,0,3
1776059557032,24949,HTTP Request 2,200,OK,config 2 1-246,text,true,,231,168,933,933,http://stload.se.ifmo.ru:8080/?token=518472196&&user=-1356113187&config=2,24949,0,0
1776059557032,24949,HTTP Request 2,200,OK,config 2 1-409,text,true,,231,168,933,933,http://stload.se.ifmo.ru:8080/?token=518472196&&user=-1356113187&config=2,24949,0,0
1776059557032,24949,HTTP Request 2,200,OK,config 2 1-410,text,true,,231,168,933,933,http://stload.se.ifmo.ru:8080/?token=518472196&&user=-1356113187&config=2,24949,0,0
1776059556590,25391,HTTP Request 2,200,OK,config 2 1-651,text,true,,231,168,933,933,http://stload.se.ifmo.ru:8080/?token=518472196&&user=-1356113187&config=2,25391,0,8
1776059557032,24950,HTTP Request 2,200,OK,config 2 1-115,text,true,,231,168,933,933,http://stload.se.ifmo.ru:8080/?token=518472196&&user=-1356113187&config=2,24950,0,0
1776059557032,24950,HTTP Request 2,200,OK,config 2 1-80,text,true,,231,168,933,933,http://stload.se.ifmo.ru:8080/?token=518472196&&user=-1356113187&config=2,24950,0,0
1776059557032,24950,HTTP Request 2,200,OK,config 2 1-244,text,true,,231,168,933,933,http://stload.se.ifmo.ru:8080/?token=518472196&&user=-1356113187&config=2,24950,0,0
1776059557032,24950,HTTP Request 2,200,OK,config 2 1-411,text,true,,231,168,933,933,http://stload.se.ifmo.ru:8080/?token=518472196&&user=-1356113187&config=2,24950,0,0
1776059557032,24950,HTTP Request 2,200,OK,config 2 1-415,text,true,,231,168,933,933,http://stload.se.ifmo.ru:8080/?token=518472196&&user=-1356113187&config=2,24950,0,0
1776059557033,24949,HTTP Request 2,200,OK,config 2 1-62,text,true,,231,168,933,933,http://stload.se.ifmo.ru:8080/?token=518472196&&user=-1356113187&config=2,24949,0,0
1776059556949,25033,HTTP Request 2,200,OK,config 2 1-655,text,true,,231,168,933,933,http://stload.se.ifmo.ru:8080/?token=518472196&&user=-1356113187&config=2,25033,0,5
1776059556770,25213,HTTP Request 2,200,OK,config 2 1-653,text,true,,231,168,933,933,http://stload.se.ifmo.ru:8080/?token=518472196&&user=-1356113187&config=2,25213,0,4
1776059557032,24950,HTTP Request 2,200,OK,config 2 1-413,text,true,,231,168,933,933,http://stload.se.ifmo.ru:8080/?token=518472196&&user=-1356113187&config=2,24950,0,0
1776059557033,24949,HTTP Request 2,200,OK,config 2 1-13,text,true,,231,168,933,933,http://stload.se.ifmo.ru:8080/?token=518472196&&user=-1356113187&config=2,24949,0,0
1776059557032,24951,HTTP Request 2,200,OK,config 2 1-245,text,true,,231,168,933,933,http://stload.se.ifmo.ru:8080/?token=518472196&&user=-1356113187&config=2,24951,0,0
1776059557032,24951,HTTP Request 2,200,OK,config 2 1-247,text,true,,231,168,933,933,http://stload.se.ifmo.ru:8080/?token=518472196&&user=-1356113187&config=2,24951,0,0
1776059557032,24951,HTTP Request 2,200,OK,config 2 1-250,text,true,,231,168,933,933,http://stload.se.ifmo.ru:8080/?token=518472196&&user=-1356113187&config=2,24951,0,0
1776059557038,24946,HTTP Request 2,200,OK,config 2 1-252,text,true,,231,168,933,933,http://stload.se.ifmo.ru:8080/?token=518472196&&user=-1356113187&config=2,24946,0,0
1776059557038,24946,HTTP Request 2,200,OK,config 2 1-249,text,true,,231,168,933,933,http://stload.se.ifmo.ru:8080/?token=518472196&&user=-1356113187&config=2,24946,0,0
1776059557038,24946,HTTP Request 2,200,OK,config 2 1-656,text,true,,231,168,933,933,http://stload.se.ifmo.ru:8080/?token=518472196&&user=-1356113187&config=2,24946,0,100
1776059557130,24854,HTTP Request 2,200,OK,config 2 1-657,text,true,,231,168,933,933,http://stload.se.ifmo.ru:8080/?token=518472196&&user=-1356113187&config=2,24854,0,10
1776059557032,24952,HTTP Request 2,200,OK,config 2 1-69,text,true,,231,168,933,933,http://stload.se.ifmo.ru:8080/?token=518472196&&user=-1356113187&config=2,24952,0,0
1776059575940,6045,HTTP Request 2,503,Service Unavailable,config 2 1-866,text,false,,237,168,933,933,http://stload.se.ifmo.ru:8080/?token=518472196&&user=-1356113187&config=2,6045,0,3
1776059575761,6224,HTTP Request 2,503,Service Unavailable,config 2 1-864,text,false,,237,168,933,933,http://stload.se.ifmo.ru:8080/?token=518472196&&user=-1356113187&config=2,6224,0,4
1776059557032,24952,HTTP Request 2,200,OK,config 2 1-253,text,true,,231,168,933,933,http://stload.se.ifmo.ru:8080/?token=518472196&&user=-1356113187&config=2,24952,0,0
1776059576030,5955,HTTP Request 2,503,Service Unavailable,config 2 1-867,text,false,,237,168,933,933,http://stload.se.ifmo.ru:8080/?token=518472196&&user=-1356113187&config=2,5955,0,4
1776059557032,24953,HTTP Request 2,200,OK,config 2 1-14,text,true,,231,168,933,933,http://stload.se.ifmo.ru:8080/?token=518472196&&user=-1356113187&config=2,24953,0,0
1776059557032,24953,HTTP Request 2,200,OK,config 2 1-248,text,true,,231,168,933,933,http://stload.se.ifmo.ru:8080/?token=518472196&&user=-1356113187&config=2,24953,0,0
1776059557038,24947,HTTP Request 2,200,OK,config 2 1-414,text,true,,231,168,933,933,http://stload.se.ifmo.ru:8080/?token=518472196&&user=-1356113187&config=2,24947,0,0
1776059557032,24953,HTTP Request 2,200,OK,config 2 1-408,text,true,,231,168,933,933,http://stload.se.ifmo.ru:8080/?token=518472196&&user=-1356113187&config=2,24953,0,0
1776059576120,5867,HTTP Request 2,503,Service Unavailable,config 2 1-868,text,false,,237,168,933,933,http://stload.se.ifmo.ru:8080/?token=518472196&&user=-1356113187&config=2,5867,0,3
1776059557032,24954,HTTP Request 2,200,OK,config 2 1-407,text,true,,231,168,933,933,http://stload.se.ifmo.ru:8080/?token=518472196&&user=-1356113187&config=2,24954,0,0
1776059557032,24954,HTTP Request 2,200,OK,config 2 1-19,text,true,,231,168,933,933,http://stload.se.ifmo.ru:8080/?token=518472196&&user=-1356113187&config=2,24954,0,0
1776059576841,5146,HTTP Request 2,503,Service Unavailable,config 2 1-876,text,false,,237,168,933,933,http://stload.se.ifmo.ru:8080/?token=518472196&&user=-1356113187&config=2,5146,0,3
1776059576751,5236,HTTP Request 2,503,Service Unavailable,config 2 1-875,text,false,,237,168,933,933,http://stload.se.ifmo.ru:8080/?token=518472196&&user=-1356113187&config=2,5236,0,3
1776059577381,4606,HTTP Request 2,503,Service Unavailable,config 2 1-882,text,false,,237,168,933,933,http://stload.se.ifmo.ru:8080/?token=518472196&&user=-1356113187&config=2,4606,0,59
1776059557033,24953,HTTP Request 2,200,OK,config 2 1-103,text,true,,231,168,933,933,http://stload.se.ifmo.ru:8080/?token=518472196&&user=-1356113187&config=2,24953,0,0
1776059577830,4157,HTTP Request 2,503,Service Unavailable,config 2 1-887,text,false,,237,168,933,933,http://stload.se.ifmo.ru:8080/?token=518472196&&user=-1356113187&config=2,4157,0,3
1776059576660,5328,HTTP Request 2,503,Service Unavailable,config 2 1-874,text,false,,237,168,933,933,http://stload.se.ifmo.ru:8080/?token=518472196&&user=-1356113187&config=2,5328,0,12
1776059576480,5508,HTTP Request 2,503,Service Unavailable,config 2 1-872,text,false,,237,168,933,933,http://stload.se.ifmo.ru:8080/?token=518472196&&user=-1356113187&config=2,5508,0,4
1776059576301,5687,HTTP Request 2,503,Service Unavailable,config 2 1-870,text,false,,237,168,933,933,http://stload.se.ifmo.ru:8080/?token=518472196&&user=-1356113187&config=2,5687,0,14
1776059563620,18367,HTTP Request 2,500,Internal Server Error,config 2 1-500,text,false,,233,168,933,933,http://stload.se.ifmo.ru:8080/?token=518472196&&user=-1356113187&config=2,18367,0,0
1776059557032,24955,HTTP Request 2,200,OK,config 2 1-412,text,true,,231,168,933,933,http://stload.se.ifmo.ru:8080/?token=518472196&&user=-1356113187&config=2,24955,0,0
1776059563622,18367,HTTP Request 2,500,Internal Server Error,config 2 1-510,text,false,,233,168,933,933,http://stload.se.ifmo.ru:8080/?token=518472196&&user=-1356113187&config=2,18367,0,0
1776059563620,18370,HTTP Request 2,500,Internal Server Error,config 2 1-503,text,false,,233,168,933,933,http://stload.se.ifmo.ru:8080/?token=518472196&&user=-1356113187&config=2,18370,0,0
1776059563620,18370,HTTP Request 2,500,Internal Server Error,config 2 1-496,text,false,,233,168,933,933,http://stload.se.ifmo.ru:8080/?token=518472196&&user=-1356113187&config=2,18370,0,0
1776059563698,18293,HTTP Request 2,500,Internal Server Error,config 2 1-730,text,false,,233,168,933,933,http://stload.se.ifmo.ru:8080/?token=518472196&&user=-1356113187&config=2,18293,0,5
1776059563788,18203,HTTP Request 2,500,Internal Server Error,config 2 1-731,text,false,,233,168,933,933,http://stload.se.ifmo.ru:8080/?token=518472196&&user=-1356113187&config=2,18203,0,3
1776059564148,17844,HTTP Request 2,500,Internal Server Error,config 2 1-735,text,false,,233,168,933,933,http://stload.se.ifmo.ru:8080/?token=518472196&&user=-1356113187&config=2,17844,0,4
1776059564600,17392,HTTP Request 2,500,Internal Server Error,config 2 1-740,text,false,,233,168,933,933,http://stload.se.ifmo.ru:8080/?token=518472196&&user=-1356113187&config=2,17392,0,3
1776059565048,16944,HTTP Request 2,500,Internal Server Error,config 2 1-745,text,false,,233,168,933,933,http://stload.se.ifmo.ru:8080/?token=518472196&&user=-1356113187&config=2,16944,0,5
1776059564509,17483,HTTP Request 2,500,Internal Server Error,config 2 1-739,text,false,,233,168,933,933,http://stload.se.ifmo.ru:8080/?token=518472196&&user=-1356113187&config=2,17483,0,3
1776059578279,3715,HTTP Request 2,503,Service Unavailable,config 2 1-892,text,false,,237,168,933,933,http://stload.se.ifmo.ru:8080/?token=518472196&&user=-1356113187&config=2,3715,0,43
1776059564418,17574,HTTP Request 2,500,Internal Server Error,config 2 1-738,text,false,,233,168,933,933,http://stload.se.ifmo.ru:8080/?token=518472196&&user=-1356113187&config=2,17573,0,4
1776059578368,3626,HTTP Request 2,503,Service Unavailable,config 2 1-893,text,false,,237,168,933,933,http://stload.se.ifmo.ru:8080/?token=518472196&&user=-1356113187&config=2,3626,0,66
1776059578548,3447,HTTP Request 2,503,Service Unavailable,config 2 1-895,text,false,,237,168,933,933,http://stload.se.ifmo.ru:8080/?token=518472196&&user=-1356113187&config=2,3447,0,66
1776059557038,24957,HTTP Request 2,200,OK,config 2 1-251,text,true,,231,168,933,933,http://stload.se.ifmo.ru:8080/?token=518472196&&user=-1356113187&config=2,24957,0,0
1776059575490,6507,HTTP Request 2,503,Service Unavailable,config 2 1-861,text,false,,237,168,933,933,http://stload.se.ifmo.ru:8080/?token=518472196&&user=-1356113187&config=2,6507,0,4
1776059575580,6417,HTTP Request 2,503,Service Unavailable,config 2 1-862,text,false,,237,168,933,933,http://stload.se.ifmo.ru:8080/?token=518472196&&user=-1356113187&config=2,6417,0,3
1776059575671,6327,HTTP Request 2,503,Service Unavailable,config 2 1-863,text,false,,237,168,933,933,http://stload.se.ifmo.ru:8080/?token=518472196&&user=-1356113187&config=2,6327,0,3
1776059575850,6148,HTTP Request 2,503,Service Unavailable,config 2 1-865,text,false,,237,168,933,933,http://stload.se.ifmo.ru:8080/?token=518472196&&user=-1356113187&config=2,6148,0,4
1776059576211,5787,HTTP Request 2,503,Service Unavailable,config 2 1-869,text,false,,237,168,933,933,http://stload.se.ifmo.ru:8080/?token=518472196&&user=-1356113187&config=2,5787,0,101
1776059576390,5609,HTTP Request 2,503,Service Unavailable,config 2 1-871,text,false,,237,168,933,933,http://stload.se.ifmo.ru:8080/?token=518472196&&user=-1356113187&config=2,5609,0,3
1776059563878,18120,HTTP Request 2,500,Internal Server Error,config 2 1-732,text,false,,233,168,933,933,http://stload.se.ifmo.ru:8080/?token=518472196&&user=-1356113187&config=2,18120,0,5
1776059563968,18030,HTTP Request 2,500,Internal Server Error,config 2 1-733,text,false,,233,168,933,933,http://stload.se.ifmo.ru:8080/?token=518472196&&user=-1356113187&config=2,18030,0,8
1776059564238,17761,HTTP Request 2,500,Internal Server Error,config 2 1-736,text,false,,233,168,933,933,http://stload.se.ifmo.ru:8080/?token=518472196&&user=-1356113187&config=2,17761,0,4
1776059564059,17940,HTTP Request 2,500,Internal Server Error,config 2 1-734,text,false,,233,168,933,933,http://stload.se.ifmo.ru:8080/?token=518472196&&user=-1356113187&config=2,17939,0,3
1776059564328,17671,HTTP Request 2,500,Internal Server Error,config 2 1-737,text,false,,233,168,933,933,http://stload.se.ifmo.ru:8080/?token=518472196&&user=-1356113187&config=2,17671,0,4
1776059576570,5431,HTTP Request 2,503,Service Unavailable,config 2 1-873,text,false,,237,168,933,933,http://stload.se.ifmo.ru:8080/?token=518472196&&user=-1356113187&config=2,5431,0,4
1776059564688,17312,HTTP Request 2,500,Internal Server Error,config 2 1-741,text,false,,233,168,933,933,http://stload.se.ifmo.ru:8080/?token=518472196&&user=-1356113187&config=2,17312,0,3
1776059576930,5071,HTTP Request 2,503,Service Unavailable,config 2 1-877,text,false,,237,168,933,933,http://stload.se.ifmo.ru:8080/?token=518472196&&user=-1356113187&config=2,5071,0,3
1776059577020,4981,HTTP Request 2,503,Service Unavailable,config 2 1-878,text,false,,237,168,933,933,http://stload.se.ifmo.ru:8080/?token=518472196&&user=-1356113187&config=2,4981,0,40
1776059564868,17132,HTTP Request 2,500,Internal Server Error,config 2 1-743,text,false,,233,168,933,933,http://stload.se.ifmo.ru:8080/?token=518472196&&user=-1356113187&config=2,17132,0,4
1776059577109,4892,HTTP Request 2,503,Service Unavailable,config 2 1-879,text,false,,237,168,933,933,http://stload.se.ifmo.ru:8080/?token=518472196&&user=-1356113187&config=2,4892,0,47
1776059577200,4802,HTTP Request 2,503,Service Unavailable,config 2 1-880,text,false,,237,168,933,933,http://stload.se.ifmo.ru:8080/?token=518472196&&user=-1356113187&config=2,4802,0,48
1776059564778,17223,HTTP Request 2,500,Internal Server Error,config 2 1-742,text,false,,233,168,933,933,http://stload.se.ifmo.ru:8080/?token=518472196&&user=-1356113187&config=2,17223,0,13
1776059577249,4753,HTTP Request 2,503,Service Unavailable,config 2 1-562,text,false,,237,168,933,933,http://stload.se.ifmo.ru:8080/?token=518472196&&user=-1356113187&config=2,4753,0,0
1776059577290,4712,HTTP Request 2,503,Service Unavailable,config 2 1-881,text,false,,237,168,933,933,http://stload.se.ifmo.ru:8080/?token=518472196&&user=-1356113187&config=2,4712,0,50
1776059564958,17043,HTTP Request 2,500,Internal Server Error,config 2 1-744,text,false,,233,168,933,933,http://stload.se.ifmo.ru:8080/?token=518472196&&user=-1356113187&config=2,17043,0,6
1776059577471,4531,HTTP Request 2,503,Service Unavailable,config 2 1-883,text,false,,237,168,933,933,http://stload.se.ifmo.ru:8080/?token=518472196&&user=-1356113187&config=2,4531,0,72
1776059577560,4443,HTTP Request 2,503,Service Unavailable,config 2 1-884,text,false,,237,168,933,933,http://stload.se.ifmo.ru:8080/?token=518472196&&user=-1356113187&config=2,4443,0,80
1776059565139,16863,HTTP Request 2,500,Internal Server Error,config 2 1-746,text,false,,233,168,933,933,http://stload.se.ifmo.ru:8080/?token=518472196&&user=-1356113187&config=2,16863,0,87
1776059577649,4354,HTTP Request 2,503,Service Unavailable,config 2 1-885,text,false,,237,168,933,933,http://stload.se.ifmo.ru:8080/?token=518472196&&user=-1356113187&config=2,4354,0,101
1776059577921,4082,HTTP Request 2,503,Service Unavailable,config 2 1-888,text,false,,237,168,933,933,http://stload.se.ifmo.ru:8080/?token=518472196&&user=-1356113187&config=2,4082,0,7
1776059577740,4263,HTTP Request 2,503,Service Unavailable,config 2 1-886,text,false,,237,168,933,933,http://stload.se.ifmo.ru:8080/?token=518472196&&user=-1356113187&config=2,4263,0,12
1776059578011,3993,HTTP Request 2,503,Service Unavailable,config 2 1-889,text,false,,237,168,933,933,http://stload.se.ifmo.ru:8080/?token=518472196&&user=-1356113187&config=2,3992,0,4
1776059563622,18381,HTTP Request 2,500,Internal Server Error,config 2 1-509,text,false,,233,168,933,933,http://stload.se.ifmo.ru:8080/?token=518472196&&user=-1356113187&config=2,18381,0,0
1776059578100,3904,HTTP Request 2,503,Service Unavailable,config 2 1-890,text,false,,237,168,933,933,http://stload.se.ifmo.ru:8080/?token=518472196&&user=-1356113187&config=2,3904,0,4
1776059578189,3815,HTTP Request 2,503,Service Unavailable,config 2 1-891,text,false,,237,168,933,933,http://stload.se.ifmo.ru:8080/?token=518472196&&user=-1356113187&config=2,3815,0,4
1776059578459,3544,HTTP Request 2,503,Service Unavailable,config 2 1-894,text,false,,237,168,933,933,http://stload.se.ifmo.ru:8080/?token=518472196&&user=-1356113187&config=2,3544,0,62
1776059563620,18384,HTTP Request 2,500,Internal Server Error,config 2 1-502,text,false,,233,168,933,933,http://stload.se.ifmo.ru:8080/?token=518472196&&user=-1356113187&config=2,18384,0,0
1776059578640,3364,HTTP Request 2,503,Service Unavailable,config 2 1-896,text,false,,237,168,933,933,http://stload.se.ifmo.ru:8080/?token=518472196&&user=-1356113187&config=2,3364,0,29
1776059563622,18381,HTTP Request 2,500,Internal Server Error,config 2 1-506,text,false,,233,168,933,933,http://stload.se.ifmo.ru:8080/?token=518472196&&user=-1356113187&config=2,18381,0,0
1776059578729,3275,HTTP Request 2,503,Service Unavailable,config 2 1-897,text,false,,237,168,933,933,http://stload.se.ifmo.ru:8080/?token=518472196&&user=-1356113187&config=2,3275,0,31
1776059563622,18383,HTTP Request 2,500,Internal Server Error,config 2 1-507,text,false,,233,168,933,933,http://stload.se.ifmo.ru:8080/?token=518472196&&user=-1356113187&config=2,18383,0,0
1776059563620,18385,HTTP Request 2,500,Internal Server Error,config 2 1-505,text,false,,233,168,933,933,http://stload.se.ifmo.ru:8080/?token=518472196&&user=-1356113187&config=2,18385,0,0
1776059563620,18386,HTTP Request 2,500,Internal Server Error,config 2 1-497,text,false,,233,168,933,933,http://stload.se.ifmo.ru:8080/?token=518472196&&user=-1356113187&config=2,18386,0,0
1776059563620,18386,HTTP Request 2,500,Internal Server Error,config 2 1-501,text,false,,233,168,933,933,http://stload.se.ifmo.ru:8080/?token=518472196&&user=-1356113187&config=2,18386,0,0
1776059563622,18385,HTTP Request 2,500,Internal Server Error,config 2 1-508,text,false,,233,168,933,933,http://stload.se.ifmo.ru:8080/?token=518472196&&user=-1356113187&config=2,18385,0,0
1776059563620,18388,HTTP Request 2,500,Internal Server Error,config 2 1-498,text,false,,233,168,933,933,http://stload.se.ifmo.ru:8080/?token=518472196&&user=-1356113187&config=2,18387,0,0
1776059563621,18387,HTTP Request 2,500,Internal Server Error,config 2 1-504,text,false,,233,168,933,933,http://stload.se.ifmo.ru:8080/?token=518472196&&user=-1356113187&config=2,18387,0,0
1776059557470,26507,HTTP Request 2,200,OK,config 2 1-221,text,true,,231,168,955,955,http://stload.se.ifmo.ru:8080/?token=518472196&&user=-1356113187&config=2,26507,0,6
1776059557469,26508,HTTP Request 2,200,OK,config 2 1-122,text,true,,231,168,955,955,http://stload.se.ifmo.ru:8080/?token=518472196&&user=-1356113187&config=2,26508,0,6
1776059557399,26578,HTTP Request 2,200,OK,config 2 1-660,text,true,,231,168,955,955,http://stload.se.ifmo.ru:8080/?token=518472196&&user=-1356113187&config=2,26577,0,3
1776059557470,26507,HTTP Request 2,200,OK,config 2 1-217,text,true,,231,168,955,955,http://stload.se.ifmo.ru:8080/?token=518472196&&user=-1356113187&config=2,26507,0,6
1776059557308,26669,HTTP Request 2,200,OK,config 2 1-659,text,true,,231,168,955,955,http://stload.se.ifmo.ru:8080/?token=518472196&&user=-1356113187&config=2,26669,0,9
1776059557470,26507,HTTP Request 2,200,OK,config 2 1-220,text,true,,231,168,955,955,http://stload.se.ifmo.ru:8080/?token=518472196&&user=-1356113187&config=2,26507,0,6
1776059557469,26508,HTTP Request 2,200,OK,config 2 1-336,text,true,,231,168,955,955,http://stload.se.ifmo.ru:8080/?token=518472196&&user=-1356113187&config=2,26508,0,6
1776059557469,26508,HTTP Request 2,200,OK,config 2 1-165,text,true,,231,168,955,955,http://stload.se.ifmo.ru:8080/?token=518472196&&user=-1356113187&config=2,26508,0,6
1776059557472,26505,HTTP Request 2,200,OK,config 2 1-121,text,true,,231,168,955,955,http://stload.se.ifmo.ru:8080/?token=518472196&&user=-1356113187&config=2,26505,0,9
1776059557469,26508,HTTP Request 2,200,OK,config 2 1-117,text,true,,231,168,955,955,http://stload.se.ifmo.ru:8080/?token=518472196&&user=-1356113187&config=2,26508,0,6
1776059557471,26506,HTTP Request 2,200,OK,config 2 1-227,text,true,,231,168,955,955,http://stload.se.ifmo.ru:8080/?token=518472196&&user=-1356113187&config=2,26506,0,10
1776059557219,26758,HTTP Request 2,200,OK,config 2 1-658,text,true,,231,168,955,955,http://stload.se.ifmo.ru:8080/?token=518472196&&user=-1356113187&config=2,26758,0,32
1776059557471,26506,HTTP Request 2,200,OK,config 2 1-116,text,true,,231,168,955,955,http://stload.se.ifmo.ru:8080/?token=518472196&&user=-1356113187&config=2,26506,0,6
1776059557469,26508,HTTP Request 2,200,OK,config 2 1-215,text,true,,231,168,955,955,http://stload.se.ifmo.ru:8080/?token=518472196&&user=-1356113187&config=2,26508,0,6
1776059557471,26507,HTTP Request 2,200,OK,config 2 1-216,text,true,,231,168,955,955,http://stload.se.ifmo.ru:8080/?token=518472196&&user=-1356113187&config=2,26507,0,6
1776059557470,26508,HTTP Request 2,200,OK,config 2 1-214,text,true,,231,168,955,955,http://stload.se.ifmo.ru:8080/?token=518472196&&user=-1356113187&config=2,26508,0,7
1776059557471,26507,HTTP Request 2,200,OK,config 2 1-118,text,true,,231,168,955,955,http://stload.se.ifmo.ru:8080/?token=518472196&&user=-1356113187&config=2,26507,0,6
1776059557469,26508,HTTP Request 2,200,OK,config 2 1-164,text,true,,231,168,955,955,http://stload.se.ifmo.ru:8080/?token=518472196&&user=-1356113187&config=2,26508,0,6
1776059557469,26508,HTTP Request 2,200,OK,config 2 1-143,text,true,,231,168,955,955,http://stload.se.ifmo.ru:8080/?token=518472196&&user=-1356113187&config=2,26508,0,6
1776059557473,26507,HTTP Request 2,200,OK,config 2 1-74,text,true,,231,168,955,955,http://stload.se.ifmo.ru:8080/?token=518472196&&user=-1356113187&config=2,26507,0,8
1776059557472,26508,HTTP Request 2,200,OK,config 2 1-484,text,true,,231,168,955,955,http://stload.se.ifmo.ru:8080/?token=518472196&&user=-1356113187&config=2,26508,0,9
1776059557470,26510,HTTP Request 2,200,OK,config 2 1-482,text,true,,231,168,955,955,http://stload.se.ifmo.ru:8080/?token=518472196&&user=-1356113187&config=2,26510,0,6
1776059557471,26509,HTTP Request 2,200,OK,config 2 1-483,text,true,,231,168,955,955,http://stload.se.ifmo.ru:8080/?token=518472196&&user=-1356113187&config=2,26509,0,6
1776059557472,26508,HTTP Request 2,200,OK,config 2 1-226,text,true,,231,168,955,955,http://stload.se.ifmo.ru:8080/?token=518472196&&user=-1356113187&config=2,26508,0,9
1776059557489,26549,HTTP Request 2,200,OK,config 2 1-661,text,true,,231,168,955,955,http://stload.se.ifmo.ru:8080/?token=518472196&&user=-1356113187&config=2,26548,0,46
1776059557669,26391,HTTP Request 2,200,OK,config 2 1-663,text,true,,231,168,956,956,http://stload.se.ifmo.ru:8080/?token=518472196&&user=-1356113187&config=2,26391,0,65
1776059557849,26211,HTTP Request 2,200,OK,config 2 1-665,text,true,,231,168,956,956,http://stload.se.ifmo.ru:8080/?token=518472196&&user=-1356113187&config=2,26211,0,34
1776059558097,25963,HTTP Request 2,200,OK,config 2 1-39,text,true,,231,168,956,956,http://stload.se.ifmo.ru:8080/?token=518472196&&user=-1356113187&config=2,25963,0,0
1776059558097,25963,HTTP Request 2,200,OK,config 2 1-3,text,true,,231,168,956,956,http://stload.se.ifmo.ru:8080/?token=518472196&&user=-1356113187&config=2,25963,0,0
1776059558097,25963,HTTP Request 2,200,OK,config 2 1-37,text,true,,231,168,956,956,http://stload.se.ifmo.ru:8080/?token=518472196&&user=-1356113187&config=2,25963,0,0
1776059557579,26481,HTTP Request 2,200,OK,config 2 1-662,text,true,,231,168,956,956,http://stload.se.ifmo.ru:8080/?token=518472196&&user=-1356113187&config=2,26481,0,51
1776059558097,25963,HTTP Request 2,200,OK,config 2 1-25,text,true,,231,168,956,956,http://stload.se.ifmo.ru:8080/?token=518472196&&user=-1356113187&config=2,25963,0,0
1776059558097,25963,HTTP Request 2,200,OK,config 2 1-88,text,true,,231,168,956,956,http://stload.se.ifmo.ru:8080/?token=518472196&&user=-1356113187&config=2,25963,0,0
1776059557939,26121,HTTP Request 2,200,OK,config 2 1-666,text,true,,231,168,956,956,http://stload.se.ifmo.ru:8080/?token=518472196&&user=-1356113187&config=2,26121,0,3
1776059558097,25963,HTTP Request 2,200,OK,config 2 1-4,text,true,,231,168,956,956,http://stload.se.ifmo.ru:8080/?token=518472196&&user=-1356113187&config=2,25963,0,0
1776059558028,26032,HTTP Request 2,200,OK,config 2 1-667,text,true,,231,168,956,956,http://stload.se.ifmo.ru:8080/?token=518472196&&user=-1356113187&config=2,26032,0,4
1776059558104,25968,HTTP Request 2,200,OK,config 2 1-272,text,true,,231,168,956,956,http://stload.se.ifmo.ru:8080/?token=518472196&&user=-1356113187&config=2,25968,0,0
1776059560279,23793,HTTP Request 2,200,OK,config 2 1-692,text,true,,231,168,956,956,http://stload.se.ifmo.ru:8080/?token=518472196&&user=-1356113187&config=2,23793,0,72
1776059558098,25974,HTTP Request 2,200,OK,config 2 1-21,text,true,,231,168,956,956,http://stload.se.ifmo.ru:8080/?token=518472196&&user=-1356113187&config=2,25974,0,0
1776059558104,25969,HTTP Request 2,200,OK,config 2 1-430,text,true,,231,168,956,956,http://stload.se.ifmo.ru:8080/?token=518472196&&user=-1356113187&config=2,25968,0,0
1776059560532,23541,HTTP Request 2,200,OK,config 2 1-218,text,true,,231,168,956,956,http://stload.se.ifmo.ru:8080/?token=518472196&&user=-1356113187&config=2,23541,0,0
1776059558106,25967,HTTP Request 2,200,OK,config 2 1-286,text,true,,231,168,956,956,http://stload.se.ifmo.ru:8080/?token=518472196&&user=-1356113187&config=2,25967,0,0
1776059560532,23541,HTTP Request 2,200,OK,config 2 1-338,text,true,,231,168,956,956,http://stload.se.ifmo.ru:8080/?token=518472196&&user=-1356113187&config=2,23541,0,0
1776059560532,23541,HTTP Request 2,200,OK,config 2 1-127,text,true,,231,168,956,956,http://stload.se.ifmo.ru:8080/?token=518472196&&user=-1356113187&config=2,23541,0,0
1776059558098,25975,HTTP Request 2,200,OK,config 2 1-42,text,true,,231,168,956,956,http://stload.se.ifmo.ru:8080/?token=518472196&&user=-1356113187&config=2,25975,0,0
1776059558104,25968,HTTP Request 2,200,OK,config 2 1-287,text,true,,231,168,956,956,http://stload.se.ifmo.ru:8080/?token=518472196&&user=-1356113187&config=2,25968,0,0
1776059558104,25968,HTTP Request 2,200,OK,config 2 1-281,text,true,,231,168,956,956,http://stload.se.ifmo.ru:8080/?token=518472196&&user=-1356113187&config=2,25968,0,0
1776059558104,25968,HTTP Request 2,200,OK,config 2 1-434,text,true,,231,168,956,956,http://stload.se.ifmo.ru:8080/?token=518472196&&user=-1356113187&config=2,25968,0,0
1776059557758,26314,HTTP Request 2,200,OK,config 2 1-664,text,true,,231,168,956,956,http://stload.se.ifmo.ru:8080/?token=518472196&&user=-1356113187&config=2,26314,0,113
1776059558098,25974,HTTP Request 2,200,OK,config 2 1-172,text,true,,231,168,956,956,http://stload.se.ifmo.ru:8080/?token=518472196&&user=-1356113187&config=2,25974,0,0
1776059558097,25975,HTTP Request 2,200,OK,config 2 1-174,text,true,,231,168,956,956,http://stload.se.ifmo.ru:8080/?token=518472196&&user=-1356113187&config=2,25975,0,0
1776059558102,25970,HTTP Request 2,200,OK,config 2 1-427,text,true,,231,168,956,956,http://stload.se.ifmo.ru:8080/?token=518472196&&user=-1356113187&config=2,25970,0,0
1776059560532,23540,HTTP Request 2,200,OK,config 2 1-123,text,true,,231,168,956,956,http://stload.se.ifmo.ru:8080/?token=518472196&&user=-1356113187&config=2,23540,0,0
1776059558097,25975,HTTP Request 2,200,OK,config 2 1-56,text,true,,231,168,956,956,http://stload.se.ifmo.ru:8080/?token=518472196&&user=-1356113187&config=2,25975,0,0
1776059560532,23540,HTTP Request 2,200,OK,config 2 1-132,text,true,,231,168,956,956,http://stload.se.ifmo.ru:8080/?token=518472196&&user=-1356113187&config=2,23540,0,0
1776059560532,23540,HTTP Request 2,200,OK,config 2 1-233,text,true,,231,168,956,956,http://stload.se.ifmo.ru:8080/?token=518472196&&user=-1356113187&config=2,23540,0,0
1776059558097,25977,HTTP Request 2,200,OK,config 2 1-170,text,true,,231,168,956,956,http://stload.se.ifmo.ru:8080/?token=518472196&&user=-1356113187&config=2,25977,0,0
1776059559198,24876,HTTP Request 2,200,OK,config 2 1-680,text,true,,231,168,956,956,http://stload.se.ifmo.ru:8080/?token=518472196&&user=-1356113187&config=2,24876,0,4
1776059560532,23540,HTTP Request 2,200,OK,config 2 1-120,text,true,,231,168,956,956,http://stload.se.ifmo.ru:8080/?token=518472196&&user=-1356113187&config=2,23540,0,0
1776059560531,23541,HTTP Request 2,200,OK,config 2 1-446,text,true,,231,168,956,956,http://stload.se.ifmo.ru:8080/?token=518472196&&user=-1356113187&config=2,23541,0,0
1776059560531,23541,HTTP Request 2,200,OK,config 2 1-124,text,true,,231,168,956,956,http://stload.se.ifmo.ru:8080/?token=518472196&&user=-1356113187&config=2,23541,0,0
1776059558928,25147,HTTP Request 2,200,OK,config 2 1-677,text,true,,231,168,956,956,http://stload.se.ifmo.ru:8080/?token=518472196&&user=-1356113187&config=2,25147,0,4
1776059559469,24606,HTTP Request 2,200,OK,config 2 1-683,text,true,,231,168,956,956,http://stload.se.ifmo.ru:8080/?token=518472196&&user=-1356113187&config=2,24606,0,2
1776059560531,23541,HTTP Request 2,200,OK,config 2 1-222,text,true,,231,168,956,956,http://stload.se.ifmo.ru:8080/?token=518472196&&user=-1356113187&config=2,23541,0,0
1776059558106,25967,HTTP Request 2,200,OK,config 2 1-283,text,true,,231,168,956,956,http://stload.se.ifmo.ru:8080/?token=518472196&&user=-1356113187&config=2,25967,0,0
1776059560541,23534,HTTP Request 2,200,OK,config 2 1-450,text,true,,231,168,956,956,http://stload.se.ifmo.ru:8080/?token=518472196&&user=-1356113187&config=2,23534,0,0
1776059560544,23531,HTTP Request 2,200,OK,config 2 1-133,text,true,,231,168,956,956,http://stload.se.ifmo.ru:8080/?token=518472196&&user=-1356113187&config=2,23531,0,0
1776059559740,24335,HTTP Request 2,200,OK,config 2 1-686,text,true,,231,168,956,956,http://stload.se.ifmo.ru:8080/?token=518472196&&user=-1356113187&config=2,24335,0,2
1776059560532,23543,HTTP Request 2,200,OK,config 2 1-224,text,true,,231,168,956,956,http://stload.se.ifmo.ru:8080/?token=518472196&&user=-1356113187&config=2,23543,0,0
1776059560008,24067,HTTP Request 2,200,OK,config 2 1-689,text,true,,231,168,956,956,http://stload.se.ifmo.ru:8080/?token=518472196&&user=-1356113187&config=2,24067,0,3
1776059560542,23533,HTTP Request 2,200,OK,config 2 1-452,text,true,,231,168,956,956,http://stload.se.ifmo.ru:8080/?token=518472196&&user=-1356113187&config=2,23533,0,0
1776059560541,23534,HTTP Request 2,200,OK,config 2 1-134,text,true,,231,168,956,956,http://stload.se.ifmo.ru:8080/?token=518472196&&user=-1356113187&config=2,23534,0,0
1776059560459,23616,HTTP Request 2,200,OK,config 2 1-694,text,true,,231,168,956,956,http://stload.se.ifmo.ru:8080/?token=518472196&&user=-1356113187&config=2,23616,0,71
1776059560543,23532,HTTP Request 2,200,OK,config 2 1-453,text,true,,231,168,956,956,http://stload.se.ifmo.ru:8080/?token=518472196&&user=-1356113187&config=2,23532,0,0
1776059560543,23532,HTTP Request 2,200,OK,config 2 1-455,text,true,,231,168,956,956,http://stload.se.ifmo.ru:8080/?token=518472196&&user=-1356113187&config=2,23532,0,0
1776059560542,23533,HTTP Request 2,200,OK,config 2 1-119,text,true,,231,168,956,956,http://stload.se.ifmo.ru:8080/?token=518472196&&user=-1356113187&config=2,23533,0,0
1776059560544,23531,HTTP Request 2,200,OK,config 2 1-337,text,true,,231,168,956,956,http://stload.se.ifmo.ru:8080/?token=518472196&&user=-1356113187&config=2,23531,0,0
1776059560531,23544,HTTP Request 2,200,OK,config 2 1-128,text,true,,231,168,956,956,http://stload.se.ifmo.ru:8080/?token=518472196&&user=-1356113187&config=2,23544,0,0
1776059558104,25972,HTTP Request 2,200,OK,config 2 1-426,text,true,,231,168,956,956,http://stload.se.ifmo.ru:8080/?token=518472196&&user=-1356113187&config=2,25972,0,0
1776059560541,23535,HTTP Request 2,200,OK,config 2 1-454,text,true,,231,168,956,956,http://stload.se.ifmo.ru:8080/?token=518472196&&user=-1356113187&config=2,23535,0,0
1776059558101,25975,HTTP Request 2,200,OK,config 2 1-7,text,true,,231,168,956,956,http://stload.se.ifmo.ru:8080/?token=518472196&&user=-1356113187&config=2,25975,0,0
1776059560542,23534,HTTP Request 2,200,OK,config 2 1-340,text,true,,231,168,956,956,http://stload.se.ifmo.ru:8080/?token=518472196&&user=-1356113187&config=2,23534,0,0
1776059560531,23545,HTTP Request 2,200,OK,config 2 1-126,text,true,,231,168,956,956,http://stload.se.ifmo.ru:8080/?token=518472196&&user=-1356113187&config=2,23545,0,0
1776059558100,25976,HTTP Request 2,200,OK,config 2 1-258,text,true,,231,168,956,956,http://stload.se.ifmo.ru:8080/?token=518472196&&user=-1356113187&config=2,25976,0,0
1776059558101,25975,HTTP Request 2,200,OK,config 2 1-259,text,true,,231,168,956,956,http://stload.se.ifmo.ru:8080/?token=518472196&&user=-1356113187&config=2,25975,0,0
1776059560541,23535,HTTP Request 2,200,OK,config 2 1-136,text,true,,231,168,956,956,http://stload.se.ifmo.ru:8080/?token=518472196&&user=-1356113187&config=2,23535,0,0
1776059560544,23532,HTTP Request 2,200,OK,config 2 1-232,text,true,,231,168,956,956,http://stload.se.ifmo.ru:8080/?token=518472196&&user=-1356113187&config=2,23532,0,0
1776059560531,23545,HTTP Request 2,200,OK,config 2 1-131,text,true,,231,168,956,956,http://stload.se.ifmo.ru:8080/?token=518472196&&user=-1356113187&config=2,23545,0,0
1776059560542,23534,HTTP Request 2,200,OK,config 2 1-125,text,true,,231,168,956,956,http://stload.se.ifmo.ru:8080/?token=518472196&&user=-1356113187&config=2,23534,0,0
1776059558101,25975,HTTP Request 2,200,OK,config 2 1-421,text,true,,231,168,956,956,http://stload.se.ifmo.ru:8080/?token=518472196&&user=-1356113187&config=2,25975,0,0
1776059558100,25976,HTTP Request 2,200,OK,config 2 1-261,text,true,,231,168,956,956,http://stload.se.ifmo.ru:8080/?token=518472196&&user=-1356113187&config=2,25976,0,0
1776059558105,25971,HTTP Request 2,200,OK,config 2 1-277,text,true,,231,168,956,956,http://stload.se.ifmo.ru:8080/?token=518472196&&user=-1356113187&config=2,25971,0,0
1776059558106,25970,HTTP Request 2,200,OK,config 2 1-270,text,true,,231,168,956,956,http://stload.se.ifmo.ru:8080/?token=518472196&&user=-1356113187&config=2,25970,0,0
1776059558106,25970,HTTP Request 2,200,OK,config 2 1-285,text,true,,231,168,956,956,http://stload.se.ifmo.ru:8080/?token=518472196&&user=-1356113187&config=2,25970,0,0
1776059558101,25975,HTTP Request 2,200,OK,config 2 1-256,text,true,,231,168,956,956,http://stload.se.ifmo.ru:8080/?token=518472196&&user=-1356113187&config=2,25975,0,0
1776059558106,25970,HTTP Request 2,200,OK,config 2 1-271,text,true,,231,168,956,956,http://stload.se.ifmo.ru:8080/?token=518472196&&user=-1356113187&config=2,25970,0,0
1776059558104,25972,HTTP Request 2,200,OK,config 2 1-269,text,true,,231,168,956,956,http://stload.se.ifmo.ru:8080/?token=518472196&&user=-1356113187&config=2,25972,0,0
1776059558106,25970,HTTP Request 2,200,OK,config 2 1-289,text,true,,231,168,956,956,http://stload.se.ifmo.ru:8080/?token=518472196&&user=-1356113187&config=2,25970,0,0
1776059558101,25975,HTTP Request 2,200,OK,config 2 1-260,text,true,,231,168,956,956,http://stload.se.ifmo.ru:8080/?token=518472196&&user=-1356113187&config=2,25975,0,0
1776059558106,25970,HTTP Request 2,200,OK,config 2 1-280,text,true,,231,168,956,956,http://stload.se.ifmo.ru:8080/?token=518472196&&user=-1356113187&config=2,25970,0,0
1776059558106,25970,HTTP Request 2,200,OK,config 2 1-274,text,true,,231,168,956,956,http://stload.se.ifmo.ru:8080/?token=518472196&&user=-1356113187&config=2,25970,0,0
1776059558106,25970,HTTP Request 2,200,OK,config 2 1-282,text,true,,231,168,956,956,http://stload.se.ifmo.ru:8080/?token=518472196&&user=-1356113187&config=2,25970,0,0
1776059558106,25971,HTTP Request 2,200,OK,config 2 1-273,text,true,,231,168,956,956,http://stload.se.ifmo.ru:8080/?token=518472196&&user=-1356113187&config=2,25971,0,0
1776059558106,25971,HTTP Request 2,200,OK,config 2 1-275,text,true,,231,168,956,956,http://stload.se.ifmo.ru:8080/?token=518472196&&user=-1356113187&config=2,25971,0,0
1776059560532,23545,HTTP Request 2,200,OK,config 2 1-40,text,true,,231,168,956,956,http://stload.se.ifmo.ru:8080/?token=518472196&&user=-1356113187&config=2,23545,0,0
1776059558107,25970,HTTP Request 2,200,OK,config 2 1-276,text,true,,231,168,956,956,http://stload.se.ifmo.ru:8080/?token=518472196&&user=-1356113187&config=2,25970,0,0
1776059558107,25970,HTTP Request 2,200,OK,config 2 1-279,text,true,,231,168,956,956,http://stload.se.ifmo.ru:8080/?token=518472196&&user=-1356113187&config=2,25970,0,0
1776059558107,25970,HTTP Request 2,200,OK,config 2 1-288,text,true,,231,168,956,956,http://stload.se.ifmo.ru:8080/?token=518472196&&user=-1356113187&config=2,25970,0,0
1776059558104,25973,HTTP Request 2,200,OK,config 2 1-435,text,true,,231,168,956,956,http://stload.se.ifmo.ru:8080/?token=518472196&&user=-1356113187&config=2,25973,0,0
1776059560532,23545,HTTP Request 2,200,OK,config 2 1-135,text,true,,231,168,956,956,http://stload.se.ifmo.ru:8080/?token=518472196&&user=-1356113187&config=2,23545,0,0
1776059558104,25973,HTTP Request 2,200,OK,config 2 1-432,text,true,,231,168,956,956,http://stload.se.ifmo.ru:8080/?token=518472196&&user=-1356113187&config=2,25973,0,0
1776059560541,23536,HTTP Request 2,200,OK,config 2 1-447,text,true,,231,168,956,956,http://stload.se.ifmo.ru:8080/?token=518472196&&user=-1356113187&config=2,23536,0,0
1776059560533,23544,HTTP Request 2,200,OK,config 2 1-339,text,true,,231,168,956,956,http://stload.se.ifmo.ru:8080/?token=518472196&&user=-1356113187&config=2,23544,0,0
1776059558104,25973,HTTP Request 2,200,OK,config 2 1-437,text,true,,231,168,956,956,http://stload.se.ifmo.ru:8080/?token=518472196&&user=-1356113187&config=2,25973,0,0
1776059558104,25973,HTTP Request 2,200,OK,config 2 1-438,text,true,,231,168,956,956,http://stload.se.ifmo.ru:8080/?token=518472196&&user=-1356113187&config=2,25973,0,0
1776059560541,23536,HTTP Request 2,200,OK,config 2 1-449,text,true,,231,168,956,956,http://stload.se.ifmo.ru:8080/?token=518472196&&user=-1356113187&config=2,23536,0,0
1776059560541,23536,HTTP Request 2,200,OK,config 2 1-228,text,true,,231,168,956,956,http://stload.se.ifmo.ru:8080/?token=518472196&&user=-1356113187&config=2,23536,0,0
1776059558104,25973,HTTP Request 2,200,OK,config 2 1-439,text,true,,231,168,956,956,http://stload.se.ifmo.ru:8080/?token=518472196&&user=-1356113187&config=2,25973,0,0
1776059560541,23536,HTTP Request 2,200,OK,config 2 1-130,text,true,,231,168,956,956,http://stload.se.ifmo.ru:8080/?token=518472196&&user=-1356113187&config=2,23536,0,0
1776059558106,25971,HTTP Request 2,200,OK,config 2 1-442,text,true,,231,168,956,956,http://stload.se.ifmo.ru:8080/?token=518472196&&user=-1356113187&config=2,25971,0,0
1776059560542,23535,HTTP Request 2,200,OK,config 2 1-451,text,true,,231,168,956,956,http://stload.se.ifmo.ru:8080/?token=518472196&&user=-1356113187&config=2,23535,0,0
1776059558101,25976,HTTP Request 2,200,OK,config 2 1-266,text,true,,231,168,956,956,http://stload.se.ifmo.ru:8080/?token=518472196&&user=-1356113187&config=2,25976,0,0
1776059558101,25976,HTTP Request 2,200,OK,config 2 1-417,text,true,,231,168,956,956,http://stload.se.ifmo.ru:8080/?token=518472196&&user=-1356113187&config=2,25976,0,0
1776059558101,25976,HTTP Request 2,200,OK,config 2 1-267,text,true,,231,168,956,956,http://stload.se.ifmo.ru:8080/?token=518472196&&user=-1356113187&config=2,25976,0,0
1776059558101,25976,HTTP Request 2,200,OK,config 2 1-263,text,true,,231,168,956,956,http://stload.se.ifmo.ru:8080/?token=518472196&&user=-1356113187&config=2,25976,0,0
1776059558098,25979,HTTP Request 2,200,OK,config 2 1-175,text,true,,231,168,956,956,http://stload.se.ifmo.ru:8080/?token=518472196&&user=-1356113187&config=2,25979,0,0
1776059558101,25976,HTTP Request 2,200,OK,config 2 1-265,text,true,,231,168,956,956,http://stload.se.ifmo.ru:8080/?token=518472196&&user=-1356113187&config=2,25976,0,0
1776059558102,25976,HTTP Request 2,200,OK,config 2 1-264,text,true,,231,168,956,956,http://stload.se.ifmo.ru:8080/?token=518472196&&user=-1356113187&config=2,25975,0,0
1776059558102,25976,HTTP Request 2,200,OK,config 2 1-422,text,true,,231,168,956,956,http://stload.se.ifmo.ru:8080/?token=518472196&&user=-1356113187&config=2,25976,0,0
1776059558104,25974,HTTP Request 2,200,OK,config 2 1-433,text,true,,231,168,956,956,http://stload.se.ifmo.ru:8080/?token=518472196&&user=-1356113187&config=2,25974,0,0
1776059560542,23535,HTTP Request 2,200,OK,config 2 1-448,text,true,,231,168,956,956,http://stload.se.ifmo.ru:8080/?token=518472196&&user=-1356113187&config=2,23535,0,0
1776059558102,25975,HTTP Request 2,200,OK,config 2 1-419,text,true,,231,168,956,956,http://stload.se.ifmo.ru:8080/?token=518472196&&user=-1356113187&config=2,25975,0,0
1776059558101,25976,HTTP Request 2,200,OK,config 2 1-424,text,true,,231,168,956,956,http://stload.se.ifmo.ru:8080/?token=518472196&&user=-1356113187&config=2,25976,0,0
1776059558102,25976,HTTP Request 2,200,OK,config 2 1-425,text,true,,231,168,956,956,http://stload.se.ifmo.ru:8080/?token=518472196&&user=-1356113187&config=2,25976,0,0
1776059558101,25977,HTTP Request 2,200,OK,config 2 1-268,text,true,,231,168,956,956,http://stload.se.ifmo.ru:8080/?token=518472196&&user=-1356113187&config=2,25977,0,0
1776059558102,25976,HTTP Request 2,200,OK,config 2 1-436,text,true,,231,168,956,956,http://stload.se.ifmo.ru:8080/?token=518472196&&user=-1356113187&config=2,25976,0,0
1776059558102,25976,HTTP Request 2,200,OK,config 2 1-416,text,true,,231,168,956,956,http://stload.se.ifmo.ru:8080/?token=518472196&&user=-1356113187&config=2,25976,0,0
1776059558102,25976,HTTP Request 2,200,OK,config 2 1-423,text,true,,231,168,956,956,http://stload.se.ifmo.ru:8080/?token=518472196&&user=-1356113187&config=2,25976,0,0
1776059558102,25976,HTTP Request 2,200,OK,config 2 1-440,text,true,,231,168,956,956,http://stload.se.ifmo.ru:8080/?token=518472196&&user=-1356113187&config=2,25976,0,0
1776059558103,25975,HTTP Request 2,200,OK,config 2 1-418,text,true,,231,168,956,956,http://stload.se.ifmo.ru:8080/?token=518472196&&user=-1356113187&config=2,25975,0,0
1776059558098,25980,HTTP Request 2,200,OK,config 2 1-262,text,true,,231,168,956,956,http://stload.se.ifmo.ru:8080/?token=518472196&&user=-1356113187&config=2,25980,0,0
1776059558098,25980,HTTP Request 2,200,OK,config 2 1-171,text,true,,231,168,956,956,http://stload.se.ifmo.ru:8080/?token=518472196&&user=-1356113187&config=2,25980,0,0
1776059558100,25978,HTTP Request 2,200,OK,config 2 1-255,text,true,,231,168,956,956,http://stload.se.ifmo.ru:8080/?token=518472196&&user=-1356113187&config=2,25978,0,0
1776059558103,25975,HTTP Request 2,200,OK,config 2 1-420,text,true,,231,168,956,956,http://stload.se.ifmo.ru:8080/?token=518472196&&user=-1356113187&config=2,25975,0,0
1776059558100,25978,HTTP Request 2,200,OK,config 2 1-173,text,true,,231,168,956,956,http://stload.se.ifmo.ru:8080/?token=518472196&&user=-1356113187&config=2,25978,0,0
1776059558104,25974,HTTP Request 2,200,OK,config 2 1-429,text,true,,231,168,956,956,http://stload.se.ifmo.ru:8080/?token=518472196&&user=-1356113187&config=2,25974,0,0
1776059558100,25978,HTTP Request 2,200,OK,config 2 1-257,text,true,,231,168,956,956,http://stload.se.ifmo.ru:8080/?token=518472196&&user=-1356113187&config=2,25978,0,0
1776059558103,25975,HTTP Request 2,200,OK,config 2 1-431,text,true,,231,168,956,956,http://stload.se.ifmo.ru:8080/?token=518472196&&user=-1356113187&config=2,25975,0,0
1776059558103,25975,HTTP Request 2,200,OK,config 2 1-428,text,true,,231,168,956,956,http://stload.se.ifmo.ru:8080/?token=518472196&&user=-1356113187&config=2,25975,0,0
1776059558104,25975,HTTP Request 2,200,OK,config 2 1-441,text,true,,231,168,956,956,http://stload.se.ifmo.ru:8080/?token=518472196&&user=-1356113187&config=2,25975,0,0
1776059558100,25979,HTTP Request 2,200,OK,config 2 1-5,text,true,,231,168,956,956,http://stload.se.ifmo.ru:8080/?token=518472196&&user=-1356113187&config=2,25979,0,0
1776059558100,25979,HTTP Request 2,200,OK,config 2 1-254,text,true,,231,168,956,956,http://stload.se.ifmo.ru:8080/?token=518472196&&user=-1356113187&config=2,25979,0,0
1776059558098,25981,HTTP Request 2,200,OK,config 2 1-296,text,true,,231,168,956,956,http://stload.se.ifmo.ru:8080/?token=518472196&&user=-1356113187&config=2,25981,0,0
1776059558098,25981,HTTP Request 2,200,OK,config 2 1-93,text,true,,231,168,956,956,http://stload.se.ifmo.ru:8080/?token=518472196&&user=-1356113187&config=2,25981,0,0
1776059558098,25981,HTTP Request 2,200,OK,config 2 1-73,text,true,,231,168,956,956,http://stload.se.ifmo.ru:8080/?token=518472196&&user=-1356113187&config=2,25981,0,0
1776059558107,25972,HTTP Request 2,200,OK,config 2 1-284,text,true,,231,168,956,956,http://stload.se.ifmo.ru:8080/?token=518472196&&user=-1356113187&config=2,25972,0,0
1776059558107,25972,HTTP Request 2,200,OK,config 2 1-444,text,true,,231,168,956,956,http://stload.se.ifmo.ru:8080/?token=518472196&&user=-1356113187&config=2,25972,0,0
1776059558478,25601,HTTP Request 2,200,OK,config 2 1-672,text,true,,231,168,956,956,http://stload.se.ifmo.ru:8080/?token=518472196&&user=-1356113187&config=2,25601,0,27
1776059558118,25961,HTTP Request 2,200,OK,config 2 1-668,text,true,,231,168,956,956,http://stload.se.ifmo.ru:8080/?token=518472196&&user=-1356113187&config=2,25961,0,68
1776059558568,25511,HTTP Request 2,200,OK,config 2 1-673,text,true,,231,168,956,956,http://stload.se.ifmo.ru:8080/?token=518472196&&user=-1356113187&config=2,25511,0,2
1776059558208,25871,HTTP Request 2,200,OK,config 2 1-669,text,true,,231,168,956,956,http://stload.se.ifmo.ru:8080/?token=518472196&&user=-1356113187&config=2,25871,0,80
1776059558658,25421,HTTP Request 2,200,OK,config 2 1-674,text,true,,231,168,956,956,http://stload.se.ifmo.ru:8080/?token=518472196&&user=-1356113187&config=2,25421,0,3
1776059558839,25240,HTTP Request 2,200,OK,config 2 1-676,text,true,,231,168,956,956,http://stload.se.ifmo.ru:8080/?token=518472196&&user=-1356113187&config=2,25240,0,4
1776059558749,25330,HTTP Request 2,200,OK,config 2 1-675,text,true,,231,168,956,956,http://stload.se.ifmo.ru:8080/?token=518472196&&user=-1356113187&config=2,25330,0,3
1776059558107,25972,HTTP Request 2,200,OK,config 2 1-443,text,true,,231,168,956,956,http://stload.se.ifmo.ru:8080/?token=518472196&&user=-1356113187&config=2,25972,0,0
1776059559108,24971,HTTP Request 2,200,OK,config 2 1-679,text,true,,231,168,956,956,http://stload.se.ifmo.ru:8080/?token=518472196&&user=-1356113187&config=2,24971,0,3
1776059558299,25780,HTTP Request 2,200,OK,config 2 1-670,text,true,,231,168,956,956,http://stload.se.ifmo.ru:8080/?token=518472196&&user=-1356113187&config=2,25780,0,200
1776059559018,25061,HTTP Request 2,200,OK,config 2 1-678,text,true,,231,168,956,956,http://stload.se.ifmo.ru:8080/?token=518472196&&user=-1356113187&config=2,25061,0,4
1776059559289,24790,HTTP Request 2,200,OK,config 2 1-681,text,true,,231,168,956,956,http://stload.se.ifmo.ru:8080/?token=518472196&&user=-1356113187&config=2,24790,0,12
1776059559559,24520,HTTP Request 2,200,OK,config 2 1-684,text,true,,231,168,956,956,http://stload.se.ifmo.ru:8080/?token=518472196&&user=-1356113187&config=2,24520,0,7
1776059559380,24699,HTTP Request 2,200,OK,config 2 1-682,text,true,,231,168,956,956,http://stload.se.ifmo.ru:8080/?token=518472196&&user=-1356113187&config=2,24699,0,5
1776059558107,25972,HTTP Request 2,200,OK,config 2 1-278,text,true,,231,168,956,956,http://stload.se.ifmo.ru:8080/?token=518472196&&user=-1356113187&config=2,25972,0,0
1776059559648,24431,HTTP Request 2,200,OK,config 2 1-685,text,true,,231,168,956,956,http://stload.se.ifmo.ru:8080/?token=518472196&&user=-1356113187&config=2,24431,0,3
1776059559919,24160,HTTP Request 2,200,OK,config 2 1-688,text,true,,231,168,956,956,http://stload.se.ifmo.ru:8080/?token=518472196&&user=-1356113187&config=2,24160,0,5
1776059560099,23981,HTTP Request 2,200,OK,config 2 1-690,text,true,,231,168,956,956,http://stload.se.ifmo.ru:8080/?token=518472196&&user=-1356113187&config=2,23981,0,4
1776059559829,24251,HTTP Request 2,200,OK,config 2 1-687,text,true,,231,168,956,956,http://stload.se.ifmo.ru:8080/?token=518472196&&user=-1356113187&config=2,24251,0,2
1776059560190,23890,HTTP Request 2,200,OK,config 2 1-691,text,true,,231,168,956,956,http://stload.se.ifmo.ru:8080/?token=518472196&&user=-1356113187&config=2,23890,0,2
1776059560531,23549,HTTP Request 2,200,OK,config 2 1-129,text,true,,231,168,956,956,http://stload.se.ifmo.ru:8080/?token=518472196&&user=-1356113187&config=2,23549,0,0
1776059560369,23711,HTTP Request 2,200,OK,config 2 1-693,text,true,,231,168,956,956,http://stload.se.ifmo.ru:8080/?token=518472196&&user=-1356113187&config=2,23711,0,72
1776059560531,23549,HTTP Request 2,200,OK,config 2 1-6,text,true,,231,168,956,956,http://stload.se.ifmo.ru:8080/?token=518472196&&user=-1356113187&config=2,23549,0,0
1776059560531,23549,HTTP Request 2,200,OK,config 2 1-225,text,true,,231,168,956,956,http://stload.se.ifmo.ru:8080/?token=518472196&&user=-1356113187&config=2,23549,0,0
1776059560532,23548,HTTP Request 2,200,OK,config 2 1-219,text,true,,231,168,956,956,http://stload.se.ifmo.ru:8080/?token=518472196&&user=-1356113187&config=2,23548,0,0
1776059560531,23549,HTTP Request 2,200,OK,config 2 1-445,text,true,,231,168,956,956,http://stload.se.ifmo.ru:8080/?token=518472196&&user=-1356113187&config=2,23549,0,0
1776059558388,25692,HTTP Request 2,200,OK,config 2 1-671,text,true,,231,168,956,956,http://stload.se.ifmo.ru:8080/?token=518472196&&user=-1356113187&config=2,25692,0,111
1776059560531,23549,HTTP Request 2,200,OK,config 2 1-223,text,true,,231,168,956,956,http://stload.se.ifmo.ru:8080/?token=518472196&&user=-1356113187&config=2,23549,0,0
1776059578819,5535,HTTP Request 2,503,Service Unavailable,config 2 1-898,text,false,,237,168,959,959,http://stload.se.ifmo.ru:8080/?token=518472196&&user=-1356113187&config=2,5535,0,5
1776059579178,5266,HTTP Request 2,503,Service Unavailable,config 2 1-902,text,false,,237,168,960,960,http://stload.se.ifmo.ru:8080/?token=518472196&&user=-1356113187&config=2,5266,0,5
1776059578909,5535,HTTP Request 2,503,Service Unavailable,config 2 1-899,text,false,,237,168,960,960,http://stload.se.ifmo.ru:8080/?token=518472196&&user=-1356113187&config=2,5535,0,114
1776059579090,5354,HTTP Request 2,503,Service Unavailable,config 2 1-901,text,false,,237,168,960,960,http://stload.se.ifmo.ru:8080/?token=518472196&&user=-1356113187&config=2,5354,0,3
1776059578999,5445,HTTP Request 2,503,Service Unavailable,config 2 1-900,text,false,,237,168,960,960,http://stload.se.ifmo.ru:8080/?token=518472196&&user=-1356113187&config=2,5445,0,27
1776059560551,27890,HTTP Request 2,200,OK,config 2 1-695,text,true,,231,168,1000,1000,http://stload.se.ifmo.ru:8080/?token=518472196&&user=-1356113187&config=2,27890,0,66
1776059560618,28117,HTTP Request 2,200,OK,config 2 1-345,text,true,,231,168,1000,1000,http://stload.se.ifmo.ru:8080/?token=518472196&&user=-1356113187&config=2,28117,0,6
1776059560618,28117,HTTP Request 2,200,OK,config 2 1-511,text,true,,231,168,1000,1000,http://stload.se.ifmo.ru:8080/?token=518472196&&user=-1356113187&config=2,28117,0,6
1776059560618,28117,HTTP Request 2,200,OK,config 2 1-52,text,true,,231,168,1000,1000,http://stload.se.ifmo.ru:8080/?token=518472196&&user=-1356113187&config=2,28117,0,8
1776059560618,28117,HTTP Request 2,200,OK,config 2 1-168,text,true,,231,168,1000,1000,http://stload.se.ifmo.ru:8080/?token=518472196&&user=-1356113187&config=2,28117,0,8
1776059560618,28117,HTTP Request 2,200,OK,config 2 1-34,text,true,,231,168,1000,1000,http://stload.se.ifmo.ru:8080/?token=518472196&&user=-1356113187&config=2,28117,0,6
1776059560618,28119,HTTP Request 2,200,OK,config 2 1-81,text,true,,231,168,1000,1000,http://stload.se.ifmo.ru:8080/?token=518472196&&user=-1356113187&config=2,28119,0,8
1776059560618,28220,HTTP Request 2,200,OK,config 2 1-65,text,true,,231,168,1000,1000,http://stload.se.ifmo.ru:8080/?token=518472196&&user=-1356113187&config=2,28220,0,8
1776059560618,28220,HTTP Request 2,200,OK,config 2 1-16,text,true,,231,168,1000,1000,http://stload.se.ifmo.ru:8080/?token=518472196&&user=-1356113187&config=2,28220,0,8
1776059560619,28220,HTTP Request 2,200,OK,config 2 1-342,text,true,,231,168,1000,1000,http://stload.se.ifmo.ru:8080/?token=518472196&&user=-1356113187&config=2,28220,0,9
1776059560618,28220,HTTP Request 2,200,OK,config 2 1-341,text,true,,231,168,1000,1000,http://stload.se.ifmo.ru:8080/?token=518472196&&user=-1356113187&config=2,28220,0,8
1776059560619,28220,HTTP Request 2,200,OK,config 2 1-49,text,true,,231,168,1000,1000,http://stload.se.ifmo.ru:8080/?token=518472196&&user=-1356113187&config=2,28220,0,9
1776059560619,28220,HTTP Request 2,200,OK,config 2 1-513,text,true,,231,168,1000,1000,http://stload.se.ifmo.ru:8080/?token=518472196&&user=-1356113187&config=2,28220,0,9
1776059560619,28219,HTTP Request 2,200,OK,config 2 1-343,text,true,,231,168,1000,1000,http://stload.se.ifmo.ru:8080/?token=518472196&&user=-1356113187&config=2,28219,0,8
1776059560619,28220,HTTP Request 2,200,OK,config 2 1-167,text,true,,231,168,1000,1000,http://stload.se.ifmo.ru:8080/?token=518472196&&user=-1356113187&config=2,28220,0,9
1776059560620,28219,HTTP Request 2,200,OK,config 2 1-66,text,true,,231,168,1000,1000,http://stload.se.ifmo.ru:8080/?token=518472196&&user=-1356113187&config=2,28219,0,8
1776059560620,28219,HTTP Request 2,200,OK,config 2 1-512,text,true,,231,168,1000,1000,http://stload.se.ifmo.ru:8080/?token=518472196&&user=-1356113187&config=2,28219,0,11
1776059560618,28220,HTTP Request 2,200,OK,config 2 1-346,text,true,,231,168,1000,1000,http://stload.se.ifmo.ru:8080/?token=518472196&&user=-1356113187&config=2,28220,0,8
1776059560619,28220,HTTP Request 2,200,OK,config 2 1-31,text,true,,231,168,1000,1000,http://stload.se.ifmo.ru:8080/?token=518472196&&user=-1356113187&config=2,28220,0,9
1776059560619,28220,HTTP Request 2,200,OK,config 2 1-63,text,true,,231,168,1000,1000,http://stload.se.ifmo.ru:8080/?token=518472196&&user=-1356113187&config=2,28220,0,9
1776059560619,28220,HTTP Request 2,200,OK,config 2 1-514,text,true,,231,168,1000,1000,http://stload.se.ifmo.ru:8080/?token=518472196&&user=-1356113187&config=2,28220,0,9
1776059560619,28220,HTTP Request 2,200,OK,config 2 1-515,text,true,,231,168,1000,1000,http://stload.se.ifmo.ru:8080/?token=518472196&&user=-1356113187&config=2,28220,0,9
1776059560620,28220,HTTP Request 2,200,OK,config 2 1-15,text,true,,231,168,1000,1000,http://stload.se.ifmo.ru:8080/?token=518472196&&user=-1356113187&config=2,28220,0,8
1776059560620,28219,HTTP Request 2,200,OK,config 2 1-48,text,true,,231,168,1000,1000,http://stload.se.ifmo.ru:8080/?token=518472196&&user=-1356113187&config=2,28218,0,8
1776059560620,28220,HTTP Request 2,200,OK,config 2 1-516,text,true,,231,168,1000,1000,http://stload.se.ifmo.ru:8080/?token=518472196&&user=-1356113187&config=2,28220,0,11
1776059560618,28220,HTTP Request 2,200,OK,config 2 1-243,text,true,,231,168,1000,1000,http://stload.se.ifmo.ru:8080/?token=518472196&&user=-1356113187&config=2,28220,0,6
1776059560620,28223,HTTP Request 2,200,OK,config 2 1-517,text,true,,231,168,1000,1000,http://stload.se.ifmo.ru:8080/?token=518472196&&user=-1356113187&config=2,28223,0,11
1776059560620,28223,HTTP Request 2,200,OK,config 2 1-348,text,true,,231,168,1000,1000,http://stload.se.ifmo.ru:8080/?token=518472196&&user=-1356113187&config=2,28223,0,11
1776059560621,28222,HTTP Request 2,200,OK,config 2 1-344,text,true,,231,168,1000,1000,http://stload.se.ifmo.ru:8080/?token=518472196&&user=-1356113187&config=2,28222,0,10
1776059562953,35009,HTTP Request 2,200,OK,config 2 1-536,text,true,,231,168,1000,1000,http://stload.se.ifmo.ru:8080/?token=518472196&&user=-1356113187&config=2,35009,0,17
1776059562956,35006,HTTP Request 2,200,OK,config 2 1-541,text,true,,231,168,1000,1000,http://stload.se.ifmo.ru:8080/?token=518472196&&user=-1356113187&config=2,35006,0,15
1776059562953,35009,HTTP Request 2,200,OK,config 2 1-535,text,true,,231,168,1000,1000,http://stload.se.ifmo.ru:8080/?token=518472196&&user=-1356113187&config=2,35009,0,17
1776059562956,35006,HTTP Request 2,200,OK,config 2 1-549,text,true,,231,168,1000,1000,http://stload.se.ifmo.ru:8080/?token=518472196&&user=-1356113187&config=2,35006,0,15
1776059562888,35074,HTTP Request 2,200,OK,config 2 1-721,text,true,,231,168,1000,1000,http://stload.se.ifmo.ru:8080/?token=518472196&&user=-1356113187&config=2,35074,0,24
1776059562954,35008,HTTP Request 2,200,OK,config 2 1-545,text,true,,231,168,1000,1000,http://stload.se.ifmo.ru:8080/?token=518472196&&user=-1356113187&config=2,35008,0,16
1776059562955,35007,HTTP Request 2,200,OK,config 2 1-548,text,true,,231,168,1000,1000,http://stload.se.ifmo.ru:8080/?token=518472196&&user=-1356113187&config=2,35007,0,16
1776059562954,35008,HTTP Request 2,200,OK,config 2 1-539,text,true,,231,168,1000,1000,http://stload.se.ifmo.ru:8080/?token=518472196&&user=-1356113187&config=2,35008,0,16
1776059562953,35009,HTTP Request 2,200,OK,config 2 1-533,text,true,,231,168,1000,1000,http://stload.se.ifmo.ru:8080/?token=518472196&&user=-1356113187&config=2,35009,0,17
1776059562953,35009,HTTP Request 2,200,OK,config 2 1-532,text,true,,231,168,1000,1000,http://stload.se.ifmo.ru:8080/?token=518472196&&user=-1356113187&config=2,35009,0,17
1776059562953,35019,HTTP Request 2,200,OK,config 2 1-534,text,true,,231,168,1000,1000,http://stload.se.ifmo.ru:8080/?token=518472196&&user=-1356113187&config=2,35019,0,17
1776059562954,35018,HTTP Request 2,200,OK,config 2 1-544,text,true,,231,168,1000,1000,http://stload.se.ifmo.ru:8080/?token=518472196&&user=-1356113187&config=2,35018,0,16
1776059562956,35016,HTTP Request 2,200,OK,config 2 1-542,text,true,,231,168,1000,1000,http://stload.se.ifmo.ru:8080/?token=518472196&&user=-1356113187&config=2,35016,0,15
1776059562955,35017,HTTP Request 2,200,OK,config 2 1-540,text,true,,231,168,1000,1000,http://stload.se.ifmo.ru:8080/?token=518472196&&user=-1356113187&config=2,35017,0,15
1776059562956,35016,HTTP Request 2,200,OK,config 2 1-551,text,true,,231,168,1000,1000,http://stload.se.ifmo.ru:8080/?token=518472196&&user=-1356113187&config=2,35016,0,15
1776059562958,35014,HTTP Request 2,200,OK,config 2 1-546,text,true,,231,168,1000,1000,http://stload.se.ifmo.ru:8080/?token=518472196&&user=-1356113187&config=2,35014,0,15
1776059562956,35016,HTTP Request 2,200,OK,config 2 1-550,text,true,,231,168,1000,1000,http://stload.se.ifmo.ru:8080/?token=518472196&&user=-1356113187&config=2,35016,0,15
1776059562956,35016,HTTP Request 2,200,OK,config 2 1-543,text,true,,231,168,1000,1000,http://stload.se.ifmo.ru:8080/?token=518472196&&user=-1356113187&config=2,35016,0,15
1776059562954,35018,HTTP Request 2,200,OK,config 2 1-537,text,true,,231,168,1000,1000,http://stload.se.ifmo.ru:8080/?token=518472196&&user=-1356113187&config=2,35018,0,16
1776059563104,34868,HTTP Request 2,200,OK,config 2 1-485,text,true,,231,168,1000,1000,http://stload.se.ifmo.ru:8080/?token=518472196&&user=-1356113187&config=2,34868,0,0
1776059563104,34868,HTTP Request 2,200,OK,config 2 1-489,text,true,,231,168,1000,1000,http://stload.se.ifmo.ru:8080/?token=518472196&&user=-1356113187&config=2,34868,0,0
1776059562956,35016,HTTP Request 2,200,OK,config 2 1-538,text,true,,231,168,1000,1000,http://stload.se.ifmo.ru:8080/?token=518472196&&user=-1356113187&config=2,35016,0,15
1776059563104,34868,HTTP Request 2,200,OK,config 2 1-487,text,true,,231,168,1000,1000,http://stload.se.ifmo.ru:8080/?token=518472196&&user=-1356113187&config=2,34868,0,0
1776059563104,34868,HTTP Request 2,200,OK,config 2 1-486,text,true,,231,168,1000,1000,http://stload.se.ifmo.ru:8080/?token=518472196&&user=-1356113187&config=2,34868,0,0
1776059562956,35017,HTTP Request 2,200,OK,config 2 1-547,text,true,,231,168,1000,1000,http://stload.se.ifmo.ru:8080/?token=518472196&&user=-1356113187&config=2,35017,0,15
1776059562956,35017,HTTP Request 2,200,OK,config 2 1-554,text,true,,231,168,1000,1000,http://stload.se.ifmo.ru:8080/?token=518472196&&user=-1356113187&config=2,35017,0,17
1776059562979,34994,HTTP Request 2,200,OK,config 2 1-722,text,true,,231,168,1000,1000,http://stload.se.ifmo.ru:8080/?token=518472196&&user=-1356113187&config=2,34994,0,45
1776059562959,35014,HTTP Request 2,200,OK,config 2 1-553,text,true,,231,168,1000,1000,http://stload.se.ifmo.ru:8080/?token=518472196&&user=-1356113187&config=2,35014,0,14
1776059562969,35004,HTTP Request 2,200,OK,config 2 1-555,text,true,,231,168,1000,1000,http://stload.se.ifmo.ru:8080/?token=518472196&&user=-1356113187&config=2,35004,0,4
1776059563107,34866,HTTP Request 2,200,OK,config 2 1-488,text,true,,231,168,1000,1000,http://stload.se.ifmo.ru:8080/?token=518472196&&user=-1356113187&config=2,34866,0,0
1776059563107,34866,HTTP Request 2,200,OK,config 2 1-492,text,true,,231,168,1000,1000,http://stload.se.ifmo.ru:8080/?token=518472196&&user=-1356113187&config=2,34866,0,0
1776059563069,34904,HTTP Request 2,200,OK,config 2 1-723,text,true,,231,168,1000,1000,http://stload.se.ifmo.ru:8080/?token=518472196&&user=-1356113187&config=2,34904,0,3
1776059563107,34866,HTTP Request 2,200,OK,config 2 1-491,text,true,,231,168,1000,1000,http://stload.se.ifmo.ru:8080/?token=518472196&&user=-1356113187&config=2,34866,0,0
1776059563338,34635,HTTP Request 2,200,OK,config 2 1-726,text,true,,231,168,1000,1000,http://stload.se.ifmo.ru:8080/?token=518472196&&user=-1356113187&config=2,34635,0,3
1776059563158,34815,HTTP Request 2,200,OK,config 2 1-724,text,true,,231,168,1000,1000,http://stload.se.ifmo.ru:8080/?token=518472196&&user=-1356113187&config=2,34815,0,3
1776059563536,34437,HTTP Request 2,200,OK,config 2 1-493,text,true,,231,168,1000,1000,http://stload.se.ifmo.ru:8080/?token=518472196&&user=-1356113187&config=2,34437,0,0
1776059563105,34868,HTTP Request 2,200,OK,config 2 1-490,text,true,,231,168,1000,1000,http://stload.se.ifmo.ru:8080/?token=518472196&&user=-1356113187&config=2,34868,0,0
1776059563248,34725,HTTP Request 2,200,OK,config 2 1-725,text,true,,231,168,1000,1000,http://stload.se.ifmo.ru:8080/?token=518472196&&user=-1356113187&config=2,34725,0,7
1776059563428,34545,HTTP Request 2,200,OK,config 2 1-727,text,true,,231,168,1000,1000,http://stload.se.ifmo.ru:8080/?token=518472196&&user=-1356113187&config=2,34545,0,4
1776059562956,35017,HTTP Request 2,200,OK,config 2 1-552,text,true,,231,168,1000,1000,http://stload.se.ifmo.ru:8080/?token=518472196&&user=-1356113187&config=2,35017,0,15
1776059563538,34436,HTTP Request 2,200,OK,config 2 1-494,text,true,,231,168,1000,1000,http://stload.se.ifmo.ru:8080/?token=518472196&&user=-1356113187&config=2,34436,0,0
1776059563540,34434,HTTP Request 2,200,OK,config 2 1-495,text,true,,231,168,1000,1000,http://stload.se.ifmo.ru:8080/?token=518472196&&user=-1356113187&config=2,34434,0,0
1776059563608,34366,HTTP Request 2,200,OK,config 2 1-729,text,true,,231,168,1000,1000,http://stload.se.ifmo.ru:8080/?token=518472196&&user=-1356113187&config=2,34366,0,4
1776059563620,34354,HTTP Request 2,200,OK,config 2 1-499,text,true,,231,168,1000,1000,http://stload.se.ifmo.ru:8080/?token=518472196&&user=-1356113187&config=2,34354,0,0
1776059563519,34455,HTTP Request 2,200,OK,config 2 1-728,text,true,,231,168,1000,1000,http://stload.se.ifmo.ru:8080/?token=518472196&&user=-1356113187&config=2,34455,0,4
1776059584080,14045,HTTP Request 2,503,Service Unavailable,config 2 1-254,text,false,,237,168,1000,1000,http://stload.se.ifmo.ru:8080/?token=518472196&&user=-1356113187&config=2,14045,0,18
1776059584079,14046,HTTP Request 2,503,Service Unavailable,config 2 1-257,text,false,,237,168,1000,1000,http://stload.se.ifmo.ru:8080/?token=518472196&&user=-1356113187&config=2,14046,0,18
1776059584080,14045,HTTP Request 2,503,Service Unavailable,config 2 1-73,text,false,,237,168,1000,1000,http://stload.se.ifmo.ru:8080/?token=518472196&&user=-1356113187&config=2,14045,0,18
1776059584079,14046,HTTP Request 2,503,Service Unavailable,config 2 1-255,text,false,,237,168,1000,1000,http://stload.se.ifmo.ru:8080/?token=518472196&&user=-1356113187&config=2,14046,0,18
1776059584080,14045,HTTP Request 2,503,Service Unavailable,config 2 1-278,text,false,,237,168,1000,1000,http://stload.se.ifmo.ru:8080/?token=518472196&&user=-1356113187&config=2,14045,0,19
1776059584080,14045,HTTP Request 2,503,Service Unavailable,config 2 1-284,text,false,,237,168,1000,1000,http://stload.se.ifmo.ru:8080/?token=518472196&&user=-1356113187&config=2,14045,0,18
1776059584080,14045,HTTP Request 2,503,Service Unavailable,config 2 1-5,text,false,,237,168,1000,1000,http://stload.se.ifmo.ru:8080/?token=518472196&&user=-1356113187&config=2,14045,0,18
1776059584079,14046,HTTP Request 2,503,Service Unavailable,config 2 1-173,text,false,,237,168,1000,1000,http://stload.se.ifmo.ru:8080/?token=518472196&&user=-1356113187&config=2,14046,0,18
1776059584080,14045,HTTP Request 2,503,Service Unavailable,config 2 1-93,text,false,,237,168,1000,1000,http://stload.se.ifmo.ru:8080/?token=518472196&&user=-1356113187&config=2,14045,0,18
1776059584130,13996,HTTP Request 2,503,Service Unavailable,config 2 1-957,text,false,,237,168,1000,1000,http://stload.se.ifmo.ru:8080/?token=518472196&&user=-1356113187&config=2,13996,0,2
1776059584221,13906,HTTP Request 2,503,Service Unavailable,config 2 1-958,text,false,,237,168,1000,1000,http://stload.se.ifmo.ru:8080/?token=518472196&&user=-1356113187&config=2,13906,0,3
1776059584355,13772,HTTP Request 2,503,Service Unavailable,config 2 1-898,text,false,,237,168,1000,1000,http://stload.se.ifmo.ru:8080/?token=518472196&&user=-1356113187&config=2,13772,0,0
1776059584309,13818,HTTP Request 2,503,Service Unavailable,config 2 1-959,text,false,,237,168,1000,1000,http://stload.se.ifmo.ru:8080/?token=518472196&&user=-1356113187&config=2,13818,0,46
1776059584445,13710,HTTP Request 2,503,Service Unavailable,config 2 1-902,text,false,,237,168,1000,1000,http://stload.se.ifmo.ru:8080/?token=518472196&&user=-1356113187&config=2,13710,0,0
1776059584445,13710,HTTP Request 2,503,Service Unavailable,config 2 1-899,text,false,,237,168,1000,1000,http://stload.se.ifmo.ru:8080/?token=518472196&&user=-1356113187&config=2,13710,0,0
1776059584490,13665,HTTP Request 2,503,Service Unavailable,config 2 1-961,text,false,,237,168,1000,1000,http://stload.se.ifmo.ru:8080/?token=518472196&&user=-1356113187&config=2,13665,0,5
1776059584399,13756,HTTP Request 2,503,Service Unavailable,config 2 1-960,text,false,,237,168,1000,1000,http://stload.se.ifmo.ru:8080/?token=518472196&&user=-1356113187&config=2,13756,0,45
1776059584445,13710,HTTP Request 2,503,Service Unavailable,config 2 1-901,text,false,,237,168,1000,1000,http://stload.se.ifmo.ru:8080/?token=518472196&&user=-1356113187&config=2,13710,0,0
1776059584579,13576,HTTP Request 2,503,Service Unavailable,config 2 1-962,text,false,,237,168,1000,1000,http://stload.se.ifmo.ru:8080/?token=518472196&&user=-1356113187&config=2,13576,0,3
1776059584445,13710,HTTP Request 2,503,Service Unavailable,config 2 1-900,text,false,,237,168,1000,1000,http://stload.se.ifmo.ru:8080/?token=518472196&&user=-1356113187&config=2,13710,0,0
1776059584670,13486,HTTP Request 2,503,Service Unavailable,config 2 1-963,text,false,,237,168,1000,1000,http://stload.se.ifmo.ru:8080/?token=518472196&&user=-1356113187&config=2,13486,0,2
1776059584940,13216,HTTP Request 2,503,Service Unavailable,config 2 1-966,text,false,,237,168,1000,1000,http://stload.se.ifmo.ru:8080/?token=518472196&&user=-1356113187&config=2,13216,0,4
1776059584849,13308,HTTP Request 2,503,Service Unavailable,config 2 1-965,text,false,,237,168,1000,1000,http://stload.se.ifmo.ru:8080/?token=518472196&&user=-1356113187&config=2,13308,0,3
1776059584760,13397,HTTP Request 2,503,Service Unavailable,config 2 1-964,text,false,,237,168,1000,1000,http://stload.se.ifmo.ru:8080/?token=518472196&&user=-1356113187&config=2,13396,0,3
1776059574814,23351,HTTP Request 2,500,Internal Server Error,config 2 1-564,text,false,,233,168,1000,1000,http://stload.se.ifmo.ru:8080/?token=518472196&&user=-1356113187&config=2,23351,0,0
1776059574813,23352,HTTP Request 2,500,Internal Server Error,config 2 1-563,text,false,,233,168,1000,1000,http://stload.se.ifmo.ru:8080/?token=518472196&&user=-1356113187&config=2,23352,0,0
1776059574814,23351,HTTP Request 2,500,Internal Server Error,config 2 1-565,text,false,,233,168,1000,1000,http://stload.se.ifmo.ru:8080/?token=518472196&&user=-1356113187&config=2,23351,0,0
1776059574814,23351,HTTP Request 2,500,Internal Server Error,config 2 1-556,text,false,,233,168,1000,1000,http://stload.se.ifmo.ru:8080/?token=518472196&&user=-1356113187&config=2,23351,0,0
1776059574814,23351,HTTP Request 2,500,Internal Server Error,config 2 1-558,text,false,,233,168,1000,1000,http://stload.se.ifmo.ru:8080/?token=518472196&&user=-1356113187&config=2,23351,0,0
1776059574815,23350,HTTP Request 2,500,Internal Server Error,config 2 1-567,text,false,,233,168,1000,1000,http://stload.se.ifmo.ru:8080/?token=518472196&&user=-1356113187&config=2,23350,0,0
1776059574814,23352,HTTP Request 2,500,Internal Server Error,config 2 1-566,text,false,,233,168,1000,1000,http://stload.se.ifmo.ru:8080/?token=518472196&&user=-1356113187&config=2,23352,0,0
1776059574814,23352,HTTP Request 2,500,Internal Server Error,config 2 1-557,text,false,,233,168,1000,1000,http://stload.se.ifmo.ru:8080/?token=518472196&&user=-1356113187&config=2,23352,0,0
1776059574815,23351,HTTP Request 2,500,Internal Server Error,config 2 1-569,text,false,,233,168,1000,1000,http://stload.se.ifmo.ru:8080/?token=518472196&&user=-1356113187&config=2,23351,0,0
1776059574816,23350,HTTP Request 2,500,Internal Server Error,config 2 1-559,text,false,,233,168,1000,1000,http://stload.se.ifmo.ru:8080/?token=518472196&&user=-1356113187&config=2,23350,0,0
1776059574816,23356,HTTP Request 2,500,Internal Server Error,config 2 1-561,text,false,,233,168,1000,1000,http://stload.se.ifmo.ru:8080/?token=518472196&&user=-1356113187&config=2,23356,0,0
1776059574812,23360,HTTP Request 2,500,Internal Server Error,config 2 1-24,text,false,,233,168,1000,1000,http://stload.se.ifmo.ru:8080/?token=518472196&&user=-1356113187&config=2,23360,0,5
1776059574815,23357,HTTP Request 2,500,Internal Server Error,config 2 1-568,text,false,,233,168,1000,1000,http://stload.se.ifmo.ru:8080/?token=518472196&&user=-1356113187&config=2,23357,0,0
1776059574816,23356,HTTP Request 2,500,Internal Server Error,config 2 1-560,text,false,,233,168,1000,1000,http://stload.se.ifmo.ru:8080/?token=518472196&&user=-1356113187&config=2,23356,0,0
1776059574813,23359,HTTP Request 2,500,Internal Server Error,config 2 1-22,text,false,,233,168,1000,1000,http://stload.se.ifmo.ru:8080/?token=518472196&&user=-1356113187&config=2,23359,0,4
1776059574813,23359,HTTP Request 2,500,Internal Server Error,config 2 1-72,text,false,,233,168,1000,1000,http://stload.se.ifmo.ru:8080/?token=518472196&&user=-1356113187&config=2,23359,0,4
1776059574813,23359,HTTP Request 2,500,Internal Server Error,config 2 1-57,text,false,,233,168,1000,1000,http://stload.se.ifmo.ru:8080/?token=518472196&&user=-1356113187&config=2,23359,0,4
1776059574859,23313,HTTP Request 2,500,Internal Server Error,config 2 1-854,text,false,,233,168,1000,1000,http://stload.se.ifmo.ru:8080/?token=518472196&&user=-1356113187&config=2,23313,0,4
1776059574950,23222,HTTP Request 2,500,Internal Server Error,config 2 1-855,text,false,,233,168,1000,1000,http://stload.se.ifmo.ru:8080/?token=518472196&&user=-1356113187&config=2,23222,0,3
1776059575041,23132,HTTP Request 2,500,Internal Server Error,config 2 1-856,text,false,,233,168,1000,1000,http://stload.se.ifmo.ru:8080/?token=518472196&&user=-1356113187&config=2,23132,0,3
1776059575131,23042,HTTP Request 2,500,Internal Server Error,config 2 1-857,text,false,,233,168,1000,1000,http://stload.se.ifmo.ru:8080/?token=518472196&&user=-1356113187&config=2,23041,0,4
1776059575400,22773,HTTP Request 2,500,Internal Server Error,config 2 1-860,text,false,,233,168,1000,1000,http://stload.se.ifmo.ru:8080/?token=518472196&&user=-1356113187&config=2,22772,0,3
1776059575310,22863,HTTP Request 2,500,Internal Server Error,config 2 1-859,text,false,,233,168,1000,1000,http://stload.se.ifmo.ru:8080/?token=518472196&&user=-1356113187&config=2,22862,0,4
1776059585030,13143,HTTP Request 2,503,Service Unavailable,config 2 1-967,text,false,,237,168,1000,1000,http://stload.se.ifmo.ru:8080/?token=518472196&&user=-1356113187&config=2,13143,0,3
1776059575220,22953,HTTP Request 2,500,Internal Server Error,config 2 1-858,text,false,,233,168,1000,1000,http://stload.se.ifmo.ru:8080/?token=518472196&&user=-1356113187&config=2,22953,0,3
1776059582005,16167,HTTP Request 2,Non HTTP response code: org.apache.http.NoHttpResponseException,Non HTTP response message: stload.se.ifmo.ru:8080 failed to respond,config 2 1-897,text,false,,2076,0,1000,1000,http://stload.se.ifmo.ru:8080/?token=518472196&&user=-1356113187&config=2,0,0,0
1776059585390,12836,HTTP Request 2,503,Service Unavailable,config 2 1-971,text,false,,237,168,1000,1000,http://stload.se.ifmo.ru:8080/?token=518472196&&user=-1356113187&config=2,12836,0,5
1776059585210,13016,HTTP Request 2,503,Service Unavailable,config 2 1-969,text,false,,237,168,1000,1000,http://stload.se.ifmo.ru:8080/?token=518472196&&user=-1356113187&config=2,13016,0,50
1776059585300,12926,HTTP Request 2,503,Service Unavailable,config 2 1-970,text,false,,237,168,1000,1000,http://stload.se.ifmo.ru:8080/?token=518472196&&user=-1356113187&config=2,12926,0,93
1776059585119,13107,HTTP Request 2,503,Service Unavailable,config 2 1-968,text,false,,237,168,1000,1000,http://stload.se.ifmo.ru:8080/?token=518472196&&user=-1356113187&config=2,13107,0,4
1776059585479,12748,HTTP Request 2,503,Service Unavailable,config 2 1-972,text,false,,237,168,1000,1000,http://stload.se.ifmo.ru:8080/?token=518472196&&user=-1356113187&config=2,12748,0,3
1776059585570,12657,HTTP Request 2,503,Service Unavailable,config 2 1-973,text,false,,237,168,1000,1000,http://stload.se.ifmo.ru:8080/?token=518472196&&user=-1356113187&config=2,12657,0,14
1776059585659,12568,HTTP Request 2,503,Service Unavailable,config 2 1-974,text,false,,237,168,1000,1000,http://stload.se.ifmo.ru:8080/?token=518472196&&user=-1356113187&config=2,12568,0,2
1776059585840,12387,HTTP Request 2,503,Service Unavailable,config 2 1-976,text,false,,237,168,1000,1000,http://stload.se.ifmo.ru:8080/?token=518472196&&user=-1356113187&config=2,12387,0,96
1776059585750,12477,HTTP Request 2,503,Service Unavailable,config 2 1-975,text,false,,237,168,1000,1000,http://stload.se.ifmo.ru:8080/?token=518472196&&user=-1356113187&config=2,12477,0,88
1776059586109,12118,HTTP Request 2,503,Service Unavailable,config 2 1-979,text,false,,237,168,1000,1000,http://stload.se.ifmo.ru:8080/?token=518472196&&user=-1356113187&config=2,12118,0,4
1776059585929,12298,HTTP Request 2,503,Service Unavailable,config 2 1-977,text,false,,237,168,1000,1000,http://stload.se.ifmo.ru:8080/?token=518472196&&user=-1356113187&config=2,12298,0,10
1776059586019,12208,HTTP Request 2,503,Service Unavailable,config 2 1-978,text,false,,237,168,1000,1000,http://stload.se.ifmo.ru:8080/?token=518472196&&user=-1356113187&config=2,12208,0,4
1776059586200,12029,HTTP Request 2,503,Service Unavailable,config 2 1-980,text,false,,237,168,1000,1000,http://stload.se.ifmo.ru:8080/?token=518472196&&user=-1356113187&config=2,12029,0,4
1776059586290,11939,HTTP Request 2,503,Service Unavailable,config 2 1-981,text,false,,237,168,1000,1000,http://stload.se.ifmo.ru:8080/?token=518472196&&user=-1356113187&config=2,11939,0,55
1776059586381,11848,HTTP Request 2,503,Service Unavailable,config 2 1-982,text,false,,237,168,1000,1000,http://stload.se.ifmo.ru:8080/?token=518472196&&user=-1356113187&config=2,11848,0,16
1776059586470,11759,HTTP Request 2,503,Service Unavailable,config 2 1-983,text,false,,237,168,1000,1000,http://stload.se.ifmo.ru:8080/?token=518472196&&user=-1356113187&config=2,11759,0,3
1776059586559,11670,HTTP Request 2,503,Service Unavailable,config 2 1-984,text,false,,237,168,1000,1000,http://stload.se.ifmo.ru:8080/?token=518472196&&user=-1356113187&config=2,11670,0,6
1776059586650,11579,HTTP Request 2,503,Service Unavailable,config 2 1-985,text,false,,237,168,1000,1000,http://stload.se.ifmo.ru:8080/?token=518472196&&user=-1356113187&config=2,11579,0,3
1776059586740,11489,HTTP Request 2,503,Service Unavailable,config 2 1-986,text,false,,237,168,1000,1000,http://stload.se.ifmo.ru:8080/?token=518472196&&user=-1356113187&config=2,11489,0,4
1776059586831,11399,HTTP Request 2,503,Service Unavailable,config 2 1-987,text,false,,237,168,1000,1000,http://stload.se.ifmo.ru:8080/?token=518472196&&user=-1356113187&config=2,11399,0,4
1776059586920,11310,HTTP Request 2,503,Service Unavailable,config 2 1-988,text,false,,237,168,1000,1000,http://stload.se.ifmo.ru:8080/?token=518472196&&user=-1356113187&config=2,11310,0,3
1776059587009,11221,HTTP Request 2,503,Service Unavailable,config 2 1-989,text,false,,237,168,1000,1000,http://stload.se.ifmo.ru:8080/?token=518472196&&user=-1356113187&config=2,11221,0,45
1776059587190,11040,HTTP Request 2,503,Service Unavailable,config 2 1-991,text,false,,237,168,1000,1000,http://stload.se.ifmo.ru:8080/?token=518472196&&user=-1356113187&config=2,11040,0,72
1776059587101,11129,HTTP Request 2,503,Service Unavailable,config 2 1-990,text,false,,237,168,1000,1000,http://stload.se.ifmo.ru:8080/?token=518472196&&user=-1356113187&config=2,11129,0,64
1776059587280,10950,HTTP Request 2,503,Service Unavailable,config 2 1-992,text,false,,237,168,1000,1000,http://stload.se.ifmo.ru:8080/?token=518472196&&user=-1356113187&config=2,10950,0,89
1776059587370,10860,HTTP Request 2,503,Service Unavailable,config 2 1-993,text,false,,237,168,1000,1000,http://stload.se.ifmo.ru:8080/?token=518472196&&user=-1356113187&config=2,10860,0,93
1776059587459,10771,HTTP Request 2,503,Service Unavailable,config 2 1-994,text,false,,237,168,1000,1000,http://stload.se.ifmo.ru:8080/?token=518472196&&user=-1356113187&config=2,10771,0,6
1776059598154,76,HTTP Request 2,Non HTTP response code: org.apache.http.NoHttpResponseException,Non HTTP response message: stload.se.ifmo.ru:8080 failed to respond,config 2 1-901,text,false,,2076,0,1000,1000,http://stload.se.ifmo.ru:8080/?token=518472196&&user=-1356113187&config=2,0,0,0
1776059598154,76,HTTP Request 2,Non HTTP response code: org.apache.http.NoHttpResponseException,Non HTTP response message: stload.se.ifmo.ru:8080 failed to respond,config 2 1-900,text,false,,2076,0,1000,1000,http://stload.se.ifmo.ru:8080/?token=518472196&&user=-1356113187&config=2,0,0,0
1776059587550,10682,HTTP Request 2,503,Service Unavailable,config 2 1-995,text,false,,237,168,1000,1000,http://stload.se.ifmo.ru:8080/?token=518472196&&user=-1356113187&config=2,10682,0,3
1776059598154,77,HTTP Request 2,Non HTTP response code: org.apache.http.NoHttpResponseException,Non HTTP response message: stload.se.ifmo.ru:8080 failed to respond,config 2 1-902,text,false,,2076,0,1000,1000,http://stload.se.ifmo.ru:8080/?token=518472196&&user=-1356113187&config=2,0,0,0
1776059587730,10502,HTTP Request 2,503,Service Unavailable,config 2 1-997,text,false,,237,168,1000,1000,http://stload.se.ifmo.ru:8080/?token=518472196&&user=-1356113187&config=2,10502,0,3
1776059587820,10412,HTTP Request 2,503,Service Unavailable,config 2 1-998,text,false,,237,168,1000,1000,http://stload.se.ifmo.ru:8080/?token=518472196&&user=-1356113187&config=2,10412,0,3
1776059587909,10323,HTTP Request 2,503,Service Unavailable,config 2 1-999,text,false,,237,168,1000,1000,http://stload.se.ifmo.ru:8080/?token=518472196&&user=-1356113187&config=2,10323,0,6
1776059588002,10230,HTTP Request 2,503,Service Unavailable,config 2 1-1000,text,false,,237,168,1000,1000,http://stload.se.ifmo.ru:8080/?token=518472196&&user=-1356113187&config=2,10230,0,3
1776059579269,18962,HTTP Request 2,500,Internal Server Error,config 2 1-903,text,false,,233,168,1000,1000,http://stload.se.ifmo.ru:8080/?token=518472196&&user=-1356113187&config=2,18962,0,4
1776059587640,10592,HTTP Request 2,503,Service Unavailable,config 2 1-996,text,false,,237,168,1000,1000,http://stload.se.ifmo.ru:8080/?token=518472196&&user=-1356113187&config=2,10592,0,4
1776059579358,18873,HTTP Request 2,500,Internal Server Error,config 2 1-904,text,false,,233,168,1000,1000,http://stload.se.ifmo.ru:8080/?token=518472196&&user=-1356113187&config=2,18873,0,5
1776059579450,18782,HTTP Request 2,500,Internal Server Error,config 2 1-905,text,false,,233,168,1000,1000,http://stload.se.ifmo.ru:8080/?token=518472196&&user=-1356113187&config=2,18782,0,7
1776059579540,18692,HTTP Request 2,500,Internal Server Error,config 2 1-906,text,false,,233,168,1000,1000,http://stload.se.ifmo.ru:8080/?token=518472196&&user=-1356113187&config=2,18692,0,3
1776059579629,18604,HTTP Request 2,500,Internal Server Error,config 2 1-907,text,false,,233,168,1000,1000,http://stload.se.ifmo.ru:8080/?token=518472196&&user=-1356113187&config=2,18604,0,6
1776059588441,9792,HTTP Request 2,503,Service Unavailable,config 2 1-695,text,false,,237,168,1000,1000,http://stload.se.ifmo.ru:8080/?token=518472196&&user=-1356113187&config=2,9792,0,0
1776059588735,9498,HTTP Request 2,503,Service Unavailable,config 2 1-511,text,false,,237,168,1000,1000,http://stload.se.ifmo.ru:8080/?token=518472196&&user=-1356113187&config=2,9498,0,0
1776059588735,9499,HTTP Request 2,503,Service Unavailable,config 2 1-52,text,false,,237,168,1000,1000,http://stload.se.ifmo.ru:8080/?token=518472196&&user=-1356113187&config=2,9499,0,0
1776059588735,9499,HTTP Request 2,503,Service Unavailable,config 2 1-168,text,false,,237,168,1000,1000,http://stload.se.ifmo.ru:8080/?token=518472196&&user=-1356113187&config=2,9499,0,0
1776059588737,9497,HTTP Request 2,503,Service Unavailable,config 2 1-81,text,false,,237,168,1000,1000,http://stload.se.ifmo.ru:8080/?token=518472196&&user=-1356113187&config=2,9497,0,0
1776059588735,9499,HTTP Request 2,503,Service Unavailable,config 2 1-345,text,false,,237,168,1000,1000,http://stload.se.ifmo.ru:8080/?token=518472196&&user=-1356113187&config=2,9499,0,0
1776059588735,9500,HTTP Request 2,503,Service Unavailable,config 2 1-34,text,false,,237,168,1000,1000,http://stload.se.ifmo.ru:8080/?token=518472196&&user=-1356113187&config=2,9500,0,0
1776059588839,9396,HTTP Request 2,503,Service Unavailable,config 2 1-513,text,false,,237,168,1000,1000,http://stload.se.ifmo.ru:8080/?token=518472196&&user=-1356113187&config=2,9396,0,0
1776059588839,9396,HTTP Request 2,503,Service Unavailable,config 2 1-66,text,false,,237,168,1000,1000,http://stload.se.ifmo.ru:8080/?token=518472196&&user=-1356113187&config=2,9396,0,0
1776059588839,9396,HTTP Request 2,503,Service Unavailable,config 2 1-65,text,false,,237,168,1000,1000,http://stload.se.ifmo.ru:8080/?token=518472196&&user=-1356113187&config=2,9396,0,0
1776059588839,9396,HTTP Request 2,503,Service Unavailable,config 2 1-512,text,false,,237,168,1000,1000,http://stload.se.ifmo.ru:8080/?token=518472196&&user=-1356113187&config=2,9396,0,0
1776059588839,9396,HTTP Request 2,503,Service Unavailable,config 2 1-341,text,false,,237,168,1000,1000,http://stload.se.ifmo.ru:8080/?token=518472196&&user=-1356113187&config=2,9396,0,0
1776059588839,9396,HTTP Request 2,503,Service Unavailable,config 2 1-167,text,false,,237,168,1000,1000,http://stload.se.ifmo.ru:8080/?token=518472196&&user=-1356113187&config=2,9396,0,0
1776059588839,9396,HTTP Request 2,503,Service Unavailable,config 2 1-343,text,false,,237,168,1000,1000,http://stload.se.ifmo.ru:8080/?token=518472196&&user=-1356113187&config=2,9396,0,0
1776059588839,9397,HTTP Request 2,503,Service Unavailable,config 2 1-346,text,false,,237,168,1000,1000,http://stload.se.ifmo.ru:8080/?token=518472196&&user=-1356113187&config=2,9397,0,0
1776059588839,9397,HTTP Request 2,503,Service Unavailable,config 2 1-49,text,false,,237,168,1000,1000,http://stload.se.ifmo.ru:8080/?token=518472196&&user=-1356113187&config=2,9396,0,0
1776059588839,9397,HTTP Request 2,503,Service Unavailable,config 2 1-31,text,false,,237,168,1000,1000,http://stload.se.ifmo.ru:8080/?token=518472196&&user=-1356113187&config=2,9397,0,0
1776059588839,9397,HTTP Request 2,503,Service Unavailable,config 2 1-16,text,false,,237,168,1000,1000,http://stload.se.ifmo.ru:8080/?token=518472196&&user=-1356113187&config=2,9397,0,0
1776059588839,9397,HTTP Request 2,503,Service Unavailable,config 2 1-63,text,false,,237,168,1000,1000,http://stload.se.ifmo.ru:8080/?token=518472196&&user=-1356113187&config=2,9397,0,0
1776059588839,9397,HTTP Request 2,503,Service Unavailable,config 2 1-342,text,false,,237,168,1000,1000,http://stload.se.ifmo.ru:8080/?token=518472196&&user=-1356113187&config=2,9397,0,0
1776059588839,9397,HTTP Request 2,503,Service Unavailable,config 2 1-514,text,false,,237,168,1000,1000,http://stload.se.ifmo.ru:8080/?token=518472196&&user=-1356113187&config=2,9397,0,0
1776059588840,9397,HTTP Request 2,503,Service Unavailable,config 2 1-515,text,false,,237,168,1000,1000,http://stload.se.ifmo.ru:8080/?token=518472196&&user=-1356113187&config=2,9396,0,0
1776059588840,9397,HTTP Request 2,503,Service Unavailable,config 2 1-15,text,false,,237,168,1000,1000,http://stload.se.ifmo.ru:8080/?token=518472196&&user=-1356113187&config=2,9396,0,0
1776059588840,9397,HTTP Request 2,503,Service Unavailable,config 2 1-48,text,false,,237,168,1000,1000,http://stload.se.ifmo.ru:8080/?token=518472196&&user=-1356113187&config=2,9397,0,0
1776059588840,9397,HTTP Request 2,503,Service Unavailable,config 2 1-516,text,false,,237,168,1000,1000,http://stload.se.ifmo.ru:8080/?token=518472196&&user=-1356113187&config=2,9397,0,0
1776059588842,9395,HTTP Request 2,503,Service Unavailable,config 2 1-243,text,false,,237,168,1000,1000,http://stload.se.ifmo.ru:8080/?token=518472196&&user=-1356113187&config=2,9395,0,0
1776059588843,9394,HTTP Request 2,503,Service Unavailable,config 2 1-517,text,false,,237,168,1000,1000,http://stload.se.ifmo.ru:8080/?token=518472196&&user=-1356113187&config=2,9394,0,0
1776059588843,9394,HTTP Request 2,503,Service Unavailable,config 2 1-344,text,false,,237,168,1000,1000,http://stload.se.ifmo.ru:8080/?token=518472196&&user=-1356113187&config=2,9394,0,0
1776059588843,9394,HTTP Request 2,503,Service Unavailable,config 2 1-348,text,false,,237,168,1000,1000,http://stload.se.ifmo.ru:8080/?token=518472196&&user=-1356113187&config=2,9394,0,0
1776059597962,4575,HTTP Request 2,503,Service Unavailable,config 2 1-539,text,false,,237,168,1000,1000,http://stload.se.ifmo.ru:8080/?token=518472196&&user=-1356113187&config=2,4574,0,0
1776059597962,4575,HTTP Request 2,503,Service Unavailable,config 2 1-535,text,false,,237,168,1000,1000,http://stload.se.ifmo.ru:8080/?token=518472196&&user=-1356113187&config=2,4574,0,0
1776059597962,4575,HTTP Request 2,503,Service Unavailable,config 2 1-536,text,false,,237,168,1000,1000,http://stload.se.ifmo.ru:8080/?token=518472196&&user=-1356113187&config=2,4574,0,0
1776059597962,4575,HTTP Request 2,503,Service Unavailable,config 2 1-549,text,false,,237,168,1000,1000,http://stload.se.ifmo.ru:8080/?token=518472196&&user=-1356113187&config=2,4575,0,0
1776059597962,4575,HTTP Request 2,503,Service Unavailable,config 2 1-548,text,false,,237,168,1000,1000,http://stload.se.ifmo.ru:8080/?token=518472196&&user=-1356113187&config=2,4575,0,0
1776059597962,4575,HTTP Request 2,503,Service Unavailable,config 2 1-541,text,false,,237,168,1000,1000,http://stload.se.ifmo.ru:8080/?token=518472196&&user=-1356113187&config=2,4574,0,0
1776059597962,4575,HTTP Request 2,503,Service Unavailable,config 2 1-721,text,false,,237,168,1000,1000,http://stload.se.ifmo.ru:8080/?token=518472196&&user=-1356113187&config=2,4574,0,0
1776059597962,4575,HTTP Request 2,503,Service Unavailable,config 2 1-545,text,false,,237,168,1000,1000,http://stload.se.ifmo.ru:8080/?token=518472196&&user=-1356113187&config=2,4574,0,0
1776059597962,4575,HTTP Request 2,503,Service Unavailable,config 2 1-533,text,false,,237,168,1000,1000,http://stload.se.ifmo.ru:8080/?token=518472196&&user=-1356113187&config=2,4574,0,0
1776059597972,4565,HTTP Request 2,503,Service Unavailable,config 2 1-487,text,false,,237,168,1000,1000,http://stload.se.ifmo.ru:8080/?token=518472196&&user=-1356113187&config=2,4565,0,0
1776059597962,4575,HTTP Request 2,503,Service Unavailable,config 2 1-532,text,false,,237,168,1000,1000,http://stload.se.ifmo.ru:8080/?token=518472196&&user=-1356113187&config=2,4574,0,0
1776059597972,4565,HTTP Request 2,503,Service Unavailable,config 2 1-543,text,false,,237,168,1000,1000,http://stload.se.ifmo.ru:8080/?token=518472196&&user=-1356113187&config=2,4565,0,0
1776059597972,4566,HTTP Request 2,503,Service Unavailable,config 2 1-540,text,false,,237,168,1000,1000,http://stload.se.ifmo.ru:8080/?token=518472196&&user=-1356113187&config=2,4566,0,0
1776059597972,4566,HTTP Request 2,503,Service Unavailable,config 2 1-534,text,false,,237,168,1000,1000,http://stload.se.ifmo.ru:8080/?token=518472196&&user=-1356113187&config=2,4566,0,0
1776059597972,4566,HTTP Request 2,503,Service Unavailable,config 2 1-544,text,false,,237,168,1000,1000,http://stload.se.ifmo.ru:8080/?token=518472196&&user=-1356113187&config=2,4566,0,0
1776059597972,4566,HTTP Request 2,503,Service Unavailable,config 2 1-485,text,false,,237,168,1000,1000,http://stload.se.ifmo.ru:8080/?token=518472196&&user=-1356113187&config=2,4566,0,0
1776059597972,4566,HTTP Request 2,503,Service Unavailable,config 2 1-537,text,false,,237,168,1000,1000,http://stload.se.ifmo.ru:8080/?token=518472196&&user=-1356113187&config=2,4566,0,0
1776059597972,4566,HTTP Request 2,503,Service Unavailable,config 2 1-551,text,false,,237,168,1000,1000,http://stload.se.ifmo.ru:8080/?token=518472196&&user=-1356113187&config=2,4566,0,0
1776059597972,4566,HTTP Request 2,503,Service Unavailable,config 2 1-542,text,false,,237,168,1000,1000,http://stload.se.ifmo.ru:8080/?token=518472196&&user=-1356113187&config=2,4566,0,0
1776059597972,4568,HTTP Request 2,503,Service Unavailable,config 2 1-550,text,false,,237,168,1000,1000,http://stload.se.ifmo.ru:8080/?token=518472196&&user=-1356113187&config=2,4568,0,0
1776059597973,4567,HTTP Request 2,503,Service Unavailable,config 2 1-547,text,false,,237,168,1000,1000,http://stload.se.ifmo.ru:8080/?token=518472196&&user=-1356113187&config=2,4567,0,0
1776059597972,4568,HTTP Request 2,503,Service Unavailable,config 2 1-538,text,false,,237,168,1000,1000,http://stload.se.ifmo.ru:8080/?token=518472196&&user=-1356113187&config=2,4568,0,0
1776059597972,4568,HTTP Request 2,503,Service Unavailable,config 2 1-546,text,false,,237,168,1000,1000,http://stload.se.ifmo.ru:8080/?token=518472196&&user=-1356113187&config=2,4568,0,0
1776059597973,4567,HTTP Request 2,503,Service Unavailable,config 2 1-554,text,false,,237,168,1000,1000,http://stload.se.ifmo.ru:8080/?token=518472196&&user=-1356113187&config=2,4567,0,0
1776059597972,4568,HTTP Request 2,503,Service Unavailable,config 2 1-489,text,false,,237,168,1000,1000,http://stload.se.ifmo.ru:8080/?token=518472196&&user=-1356113187&config=2,4568,0,0
1776059597973,4567,HTTP Request 2,503,Service Unavailable,config 2 1-486,text,false,,237,168,1000,1000,http://stload.se.ifmo.ru:8080/?token=518472196&&user=-1356113187&config=2,4567,0,0
1776059597973,4567,HTTP Request 2,503,Service Unavailable,config 2 1-553,text,false,,237,168,1000,1000,http://stload.se.ifmo.ru:8080/?token=518472196&&user=-1356113187&config=2,4567,0,0
1776059597973,4567,HTTP Request 2,503,Service Unavailable,config 2 1-722,text,false,,237,168,1000,1000,http://stload.se.ifmo.ru:8080/?token=518472196&&user=-1356113187&config=2,4567,0,0
1776059597973,4568,HTTP Request 2,503,Service Unavailable,config 2 1-555,text,false,,237,168,1000,1000,http://stload.se.ifmo.ru:8080/?token=518472196&&user=-1356113187&config=2,4568,0,0
1776059597973,4568,HTTP Request 2,503,Service Unavailable,config 2 1-491,text,false,,237,168,1000,1000,http://stload.se.ifmo.ru:8080/?token=518472196&&user=-1356113187&config=2,4568,0,0
1776059597973,4568,HTTP Request 2,503,Service Unavailable,config 2 1-723,text,false,,237,168,1000,1000,http://stload.se.ifmo.ru:8080/?token=518472196&&user=-1356113187&config=2,4568,0,0
1776059597973,4568,HTTP Request 2,503,Service Unavailable,config 2 1-726,text,false,,237,168,1000,1000,http://stload.se.ifmo.ru:8080/?token=518472196&&user=-1356113187&config=2,4568,0,0
1776059597973,4568,HTTP Request 2,503,Service Unavailable,config 2 1-492,text,false,,237,168,1000,1000,http://stload.se.ifmo.ru:8080/?token=518472196&&user=-1356113187&config=2,4568,0,0
1776059597973,4568,HTTP Request 2,503,Service Unavailable,config 2 1-488,text,false,,237,168,1000,1000,http://stload.se.ifmo.ru:8080/?token=518472196&&user=-1356113187&config=2,4568,0,0
1776059597973,4568,HTTP Request 2,503,Service Unavailable,config 2 1-724,text,false,,237,168,1000,1000,http://stload.se.ifmo.ru:8080/?token=518472196&&user=-1356113187&config=2,4568,0,0
1776059597973,4568,HTTP Request 2,503,Service Unavailable,config 2 1-493,text,false,,237,168,1000,1000,http://stload.se.ifmo.ru:8080/?token=518472196&&user=-1356113187&config=2,4568,0,0
1776059597973,4568,HTTP Request 2,503,Service Unavailable,config 2 1-490,text,false,,237,168,1000,1000,http://stload.se.ifmo.ru:8080/?token=518472196&&user=-1356113187&config=2,4568,0,0
1776059597973,4569,HTTP Request 2,503,Service Unavailable,config 2 1-725,text,false,,237,168,1000,1000,http://stload.se.ifmo.ru:8080/?token=518472196&&user=-1356113187&config=2,4569,0,0
1776059597973,4569,HTTP Request 2,503,Service Unavailable,config 2 1-552,text,false,,237,168,1000,1000,http://stload.se.ifmo.ru:8080/?token=518472196&&user=-1356113187&config=2,4569,0,0
1776059597973,4569,HTTP Request 2,503,Service Unavailable,config 2 1-727,text,false,,237,168,1000,1000,http://stload.se.ifmo.ru:8080/?token=518472196&&user=-1356113187&config=2,4569,0,0
1776059597974,4568,HTTP Request 2,503,Service Unavailable,config 2 1-494,text,false,,237,168,1000,1000,http://stload.se.ifmo.ru:8080/?token=518472196&&user=-1356113187&config=2,4568,0,0
1776059597974,4568,HTTP Request 2,503,Service Unavailable,config 2 1-729,text,false,,237,168,1000,1000,http://stload.se.ifmo.ru:8080/?token=518472196&&user=-1356113187&config=2,4568,0,0
1776059597974,4569,HTTP Request 2,503,Service Unavailable,config 2 1-495,text,false,,237,168,1000,1000,http://stload.se.ifmo.ru:8080/?token=518472196&&user=-1356113187&config=2,4569,0,0
1776059597974,4569,HTTP Request 2,503,Service Unavailable,config 2 1-499,text,false,,237,168,1000,1000,http://stload.se.ifmo.ru:8080/?token=518472196&&user=-1356113187&config=2,4569,0,0
1776059597975,4568,HTTP Request 2,503,Service Unavailable,config 2 1-728,text,false,,237,168,1000,1000,http://stload.se.ifmo.ru:8080/?token=518472196&&user=-1356113187&config=2,4568,0,0
1776059565673,39396,HTTP Request 2,200,OK,config 2 1-458,text,true,,231,168,1000,1000,http://stload.se.ifmo.ru:8080/?token=518472196&&user=-1356113187&config=2,39396,0,0
1776059565673,39397,HTTP Request 2,200,OK,config 2 1-205,text,true,,231,168,1000,1000,http://stload.se.ifmo.ru:8080/?token=518472196&&user=-1356113187&config=2,39397,0,0
1776059565229,39841,HTTP Request 2,200,OK,config 2 1-747,text,true,,231,168,1000,1000,http://stload.se.ifmo.ru:8080/?token=518472196&&user=-1356113187&config=2,39841,0,341
1776059565673,39397,HTTP Request 2,200,OK,config 2 1-290,text,true,,231,168,1000,1000,http://stload.se.ifmo.ru:8080/?token=518472196&&user=-1356113187&config=2,39397,0,0
1776059565673,39397,HTTP Request 2,200,OK,config 2 1-704,text,true,,231,168,1000,1000,http://stload.se.ifmo.ru:8080/?token=518472196&&user=-1356113187&config=2,39397,0,0
1776059565673,39398,HTTP Request 2,200,OK,config 2 1-456,text,true,,231,168,1000,1000,http://stload.se.ifmo.ru:8080/?token=518472196&&user=-1356113187&config=2,39398,0,0
1776059565673,39411,HTTP Request 2,200,OK,config 2 1-461,text,true,,231,168,1000,1000,http://stload.se.ifmo.ru:8080/?token=518472196&&user=-1356113187&config=2,39411,0,0
1776059565673,39411,HTTP Request 2,200,OK,config 2 1-460,text,true,,231,168,1000,1000,http://stload.se.ifmo.ru:8080/?token=518472196&&user=-1356113187&config=2,39411,0,0
1776059565673,39412,HTTP Request 2,200,OK,config 2 1-291,text,true,,231,168,1000,1000,http://stload.se.ifmo.ru:8080/?token=518472196&&user=-1356113187&config=2,39412,0,0
1776059565674,39411,HTTP Request 2,200,OK,config 2 1-294,text,true,,231,168,1000,1000,http://stload.se.ifmo.ru:8080/?token=518472196&&user=-1356113187&config=2,39411,0,0
1776059565674,39411,HTTP Request 2,200,OK,config 2 1-185,text,true,,231,168,1000,1000,http://stload.se.ifmo.ru:8080/?token=518472196&&user=-1356113187&config=2,39411,0,0
1776059565673,39412,HTTP Request 2,200,OK,config 2 1-457,text,true,,231,168,1000,1000,http://stload.se.ifmo.ru:8080/?token=518472196&&user=-1356113187&config=2,39412,0,0
1776059565674,39411,HTTP Request 2,200,OK,config 2 1-186,text,true,,231,168,1000,1000,http://stload.se.ifmo.ru:8080/?token=518472196&&user=-1356113187&config=2,39411,0,0
1776059565673,39412,HTTP Request 2,200,OK,config 2 1-178,text,true,,231,168,1000,1000,http://stload.se.ifmo.ru:8080/?token=518472196&&user=-1356113187&config=2,39412,0,0
1776059565673,39412,HTTP Request 2,200,OK,config 2 1-459,text,true,,231,168,1000,1000,http://stload.se.ifmo.ru:8080/?token=518472196&&user=-1356113187&config=2,39412,0,0
1776059565674,39411,HTTP Request 2,200,OK,config 2 1-463,text,true,,231,168,1000,1000,http://stload.se.ifmo.ru:8080/?token=518472196&&user=-1356113187&config=2,39411,0,0
1776059565673,39412,HTTP Request 2,200,OK,config 2 1-177,text,true,,231,168,1000,1000,http://stload.se.ifmo.ru:8080/?token=518472196&&user=-1356113187&config=2,39412,0,0
1776059565674,39411,HTTP Request 2,200,OK,config 2 1-179,text,true,,231,168,1000,1000,http://stload.se.ifmo.ru:8080/?token=518472196&&user=-1356113187&config=2,39411,0,0
1776059565674,39411,HTTP Request 2,200,OK,config 2 1-293,text,true,,231,168,1000,1000,http://stload.se.ifmo.ru:8080/?token=518472196&&user=-1356113187&config=2,39411,0,0
1776059565674,39411,HTTP Request 2,200,OK,config 2 1-182,text,true,,231,168,1000,1000,http://stload.se.ifmo.ru:8080/?token=518472196&&user=-1356113187&config=2,39411,0,0
1776059565675,39411,HTTP Request 2,200,OK,config 2 1-91,text,true,,231,168,1000,1000,http://stload.se.ifmo.ru:8080/?token=518472196&&user=-1356113187&config=2,39411,0,0
1776059565674,39412,HTTP Request 2,200,OK,config 2 1-180,text,true,,231,168,1000,1000,http://stload.se.ifmo.ru:8080/?token=518472196&&user=-1356113187&config=2,39412,0,0
1776059565675,39411,HTTP Request 2,200,OK,config 2 1-183,text,true,,231,168,1000,1000,http://stload.se.ifmo.ru:8080/?token=518472196&&user=-1356113187&config=2,39411,0,0
1776059565675,39411,HTTP Request 2,200,OK,config 2 1-705,text,true,,231,168,1000,1000,http://stload.se.ifmo.ru:8080/?token=518472196&&user=-1356113187&config=2,39411,0,0
1776059565675,39411,HTTP Request 2,200,OK,config 2 1-465,text,true,,231,168,1000,1000,http://stload.se.ifmo.ru:8080/?token=518472196&&user=-1356113187&config=2,39411,0,0
1776059565675,39411,HTTP Request 2,200,OK,config 2 1-9,text,true,,231,168,1000,1000,http://stload.se.ifmo.ru:8080/?token=518472196&&user=-1356113187&config=2,39411,0,0
1776059565675,39411,HTTP Request 2,200,OK,config 2 1-467,text,true,,231,168,1000,1000,http://stload.se.ifmo.ru:8080/?token=518472196&&user=-1356113187&config=2,39411,0,0
1776059565675,39411,HTTP Request 2,200,OK,config 2 1-94,text,true,,231,168,1000,1000,http://stload.se.ifmo.ru:8080/?token=518472196&&user=-1356113187&config=2,39411,0,0
1776059565675,39411,HTTP Request 2,200,OK,config 2 1-90,text,true,,231,168,1000,1000,http://stload.se.ifmo.ru:8080/?token=518472196&&user=-1356113187&config=2,39411,0,0
1776059565675,39411,HTTP Request 2,200,OK,config 2 1-8,text,true,,231,168,1000,1000,http://stload.se.ifmo.ru:8080/?token=518472196&&user=-1356113187&config=2,39411,0,0
1776059565675,39411,HTTP Request 2,200,OK,config 2 1-27,text,true,,231,168,1000,1000,http://stload.se.ifmo.ru:8080/?token=518472196&&user=-1356113187&config=2,39411,0,0
1776059565675,39411,HTTP Request 2,200,OK,config 2 1-10,text,true,,231,168,1000,1000,http://stload.se.ifmo.ru:8080/?token=518472196&&user=-1356113187&config=2,39411,0,0
1776059565675,39411,HTTP Request 2,200,OK,config 2 1-11,text,true,,231,168,1000,1000,http://stload.se.ifmo.ru:8080/?token=518472196&&user=-1356113187&config=2,39411,0,0
1776059565675,39411,HTTP Request 2,200,OK,config 2 1-26,text,true,,231,168,1000,1000,http://stload.se.ifmo.ru:8080/?token=518472196&&user=-1356113187&config=2,39411,0,0
1776059565676,39410,HTTP Request 2,200,OK,config 2 1-98,text,true,,231,168,1000,1000,http://stload.se.ifmo.ru:8080/?token=518472196&&user=-1356113187&config=2,39410,0,0
1776059565676,39411,HTTP Request 2,200,OK,config 2 1-23,text,true,,231,168,1000,1000,http://stload.se.ifmo.ru:8080/?token=518472196&&user=-1356113187&config=2,39411,0,0
1776059565676,39411,HTTP Request 2,200,OK,config 2 1-96,text,true,,231,168,1000,1000,http://stload.se.ifmo.ru:8080/?token=518472196&&user=-1356113187&config=2,39411,0,0
1776059565676,39411,HTTP Request 2,200,OK,config 2 1-29,text,true,,231,168,1000,1000,http://stload.se.ifmo.ru:8080/?token=518472196&&user=-1356113187&config=2,39411,0,0
1776059565676,39411,HTTP Request 2,200,OK,config 2 1-100,text,true,,231,168,1000,1000,http://stload.se.ifmo.ru:8080/?token=518472196&&user=-1356113187&config=2,39411,0,0
1776059565677,39410,HTTP Request 2,200,OK,config 2 1-297,text,true,,231,168,1000,1000,http://stload.se.ifmo.ru:8080/?token=518472196&&user=-1356113187&config=2,39410,0,0
1776059565677,39410,HTTP Request 2,200,OK,config 2 1-18,text,true,,231,168,1000,1000,http://stload.se.ifmo.ru:8080/?token=518472196&&user=-1356113187&config=2,39410,0,0
1776059565677,39410,HTTP Request 2,200,OK,config 2 1-462,text,true,,231,168,1000,1000,http://stload.se.ifmo.ru:8080/?token=518472196&&user=-1356113187&config=2,39410,0,0
1776059565677,39410,HTTP Request 2,200,OK,config 2 1-95,text,true,,231,168,1000,1000,http://stload.se.ifmo.ru:8080/?token=518472196&&user=-1356113187&config=2,39410,0,0
1776059565676,39411,HTTP Request 2,200,OK,config 2 1-92,text,true,,231,168,1000,1000,http://stload.se.ifmo.ru:8080/?token=518472196&&user=-1356113187&config=2,39411,0,0
1776059565677,39410,HTTP Request 2,200,OK,config 2 1-708,text,true,,231,168,1000,1000,http://stload.se.ifmo.ru:8080/?token=518472196&&user=-1356113187&config=2,39410,0,0
1776059565676,39411,HTTP Request 2,200,OK,config 2 1-101,text,true,,231,168,1000,1000,http://stload.se.ifmo.ru:8080/?token=518472196&&user=-1356113187&config=2,39411,0,0
1776059565676,39411,HTTP Request 2,200,OK,config 2 1-292,text,true,,231,168,1000,1000,http://stload.se.ifmo.ru:8080/?token=518472196&&user=-1356113187&config=2,39411,0,0
1776059565677,39410,HTTP Request 2,200,OK,config 2 1-1,text,true,,231,168,1000,1000,http://stload.se.ifmo.ru:8080/?token=518472196&&user=-1356113187&config=2,39410,0,0
1776059565676,39412,HTTP Request 2,200,OK,config 2 1-302,text,true,,231,168,1000,1000,http://stload.se.ifmo.ru:8080/?token=518472196&&user=-1356113187&config=2,39412,0,0
1776059565676,39412,HTTP Request 2,200,OK,config 2 1-301,text,true,,231,168,1000,1000,http://stload.se.ifmo.ru:8080/?token=518472196&&user=-1356113187&config=2,39412,0,0
1776059565677,39411,HTTP Request 2,200,OK,config 2 1-706,text,true,,231,168,1000,1000,http://stload.se.ifmo.ru:8080/?token=518472196&&user=-1356113187&config=2,39411,0,0
1776059565677,39411,HTTP Request 2,200,OK,config 2 1-299,text,true,,231,168,1000,1000,http://stload.se.ifmo.ru:8080/?token=518472196&&user=-1356113187&config=2,39411,0,0
1776059565678,39410,HTTP Request 2,200,OK,config 2 1-468,text,true,,231,168,1000,1000,http://stload.se.ifmo.ru:8080/?token=518472196&&user=-1356113187&config=2,39410,0,0
1776059565674,39415,HTTP Request 2,200,OK,config 2 1-176,text,true,,231,168,1000,1000,http://stload.se.ifmo.ru:8080/?token=518472196&&user=-1356113187&config=2,39415,0,0
1776059565674,39415,HTTP Request 2,200,OK,config 2 1-184,text,true,,231,168,1000,1000,http://stload.se.ifmo.ru:8080/?token=518472196&&user=-1356113187&config=2,39415,0,0
1776059565674,39416,HTTP Request 2,200,OK,config 2 1-466,text,true,,231,168,1000,1000,http://stload.se.ifmo.ru:8080/?token=518472196&&user=-1356113187&config=2,39416,0,0
1776059565677,39413,HTTP Request 2,200,OK,config 2 1-298,text,true,,231,168,1000,1000,http://stload.se.ifmo.ru:8080/?token=518472196&&user=-1356113187&config=2,39413,0,0
1776059565319,39771,HTTP Request 2,200,OK,config 2 1-748,text,true,,231,168,1000,1000,http://stload.se.ifmo.ru:8080/?token=518472196&&user=-1356113187&config=2,39771,0,361
1776059565682,39408,HTTP Request 2,200,OK,config 2 1-207,text,true,,231,168,1000,1000,http://stload.se.ifmo.ru:8080/?token=518472196&&user=-1356113187&config=2,39408,0,0
1776059565674,39416,HTTP Request 2,200,OK,config 2 1-295,text,true,,231,168,1000,1000,http://stload.se.ifmo.ru:8080/?token=518472196&&user=-1356113187&config=2,39416,0,0
1776059565675,39416,HTTP Request 2,200,OK,config 2 1-464,text,true,,231,168,1000,1000,http://stload.se.ifmo.ru:8080/?token=518472196&&user=-1356113187&config=2,39416,0,0
1776059565674,39417,HTTP Request 2,200,OK,config 2 1-181,text,true,,231,168,1000,1000,http://stload.se.ifmo.ru:8080/?token=518472196&&user=-1356113187&config=2,39417,0,0
1776059565675,39434,HTTP Request 2,200,OK,config 2 1-77,text,true,,231,168,1000,1000,http://stload.se.ifmo.ru:8080/?token=518472196&&user=-1356113187&config=2,39434,0,12
1776059565499,39610,HTTP Request 2,200,OK,config 2 1-750,text,true,,231,168,1000,1000,http://stload.se.ifmo.ru:8080/?token=518472196&&user=-1356113187&config=2,39610,0,181
1776059565675,39434,HTTP Request 2,200,OK,config 2 1-59,text,true,,231,168,1000,1000,http://stload.se.ifmo.ru:8080/?token=518472196&&user=-1356113187&config=2,39434,0,12
1776059565677,39432,HTTP Request 2,200,OK,config 2 1-709,text,true,,231,168,1000,1000,http://stload.se.ifmo.ru:8080/?token=518472196&&user=-1356113187&config=2,39432,0,0
1776059565677,39432,HTTP Request 2,200,OK,config 2 1-707,text,true,,231,168,1000,1000,http://stload.se.ifmo.ru:8080/?token=518472196&&user=-1356113187&config=2,39432,0,0
1776059565677,39432,HTTP Request 2,200,OK,config 2 1-714,text,true,,231,168,1000,1000,http://stload.se.ifmo.ru:8080/?token=518472196&&user=-1356113187&config=2,39432,0,0
1776059565677,39432,HTTP Request 2,200,OK,config 2 1-711,text,true,,231,168,1000,1000,http://stload.se.ifmo.ru:8080/?token=518472196&&user=-1356113187&config=2,39432,0,0
1776059565677,39432,HTTP Request 2,200,OK,config 2 1-710,text,true,,231,168,1000,1000,http://stload.se.ifmo.ru:8080/?token=518472196&&user=-1356113187&config=2,39432,0,0
1776059565675,39434,HTTP Request 2,200,OK,config 2 1-60,text,true,,231,168,1000,1000,http://stload.se.ifmo.ru:8080/?token=518472196&&user=-1356113187&config=2,39434,0,12
1776059565408,39701,HTTP Request 2,200,OK,config 2 1-749,text,true,,231,168,1000,1000,http://stload.se.ifmo.ru:8080/?token=518472196&&user=-1356113187&config=2,39701,0,272
1776059565675,39435,HTTP Request 2,200,OK,config 2 1-54,text,true,,231,168,1000,1000,http://stload.se.ifmo.ru:8080/?token=518472196&&user=-1356113187&config=2,39435,0,12
1776059565676,39434,HTTP Request 2,200,OK,config 2 1-84,text,true,,231,168,1000,1000,http://stload.se.ifmo.ru:8080/?token=518472196&&user=-1356113187&config=2,39434,0,13
1776059565675,39435,HTTP Request 2,200,OK,config 2 1-58,text,true,,231,168,1000,1000,http://stload.se.ifmo.ru:8080/?token=518472196&&user=-1356113187&config=2,39435,0,12
1776059565683,39427,HTTP Request 2,200,OK,config 2 1-44,text,true,,231,168,1000,1000,http://stload.se.ifmo.ru:8080/?token=518472196&&user=-1356113187&config=2,39427,0,10
1776059565679,39431,HTTP Request 2,200,OK,config 2 1-752,text,true,,231,168,1000,1000,http://stload.se.ifmo.ru:8080/?token=518472196&&user=-1356113187&config=2,39431,0,12
1776059565683,39427,HTTP Request 2,200,OK,config 2 1-43,text,true,,231,168,1000,1000,http://stload.se.ifmo.ru:8080/?token=518472196&&user=-1356113187&config=2,39427,0,10
1776059565677,39433,HTTP Request 2,200,OK,config 2 1-713,text,true,,231,168,1000,1000,http://stload.se.ifmo.ru:8080/?token=518472196&&user=-1356113187&config=2,39433,0,0
1776059565680,39430,HTTP Request 2,200,OK,config 2 1-206,text,true,,231,168,1000,1000,http://stload.se.ifmo.ru:8080/?token=518472196&&user=-1356113187&config=2,39430,0,0
1776059565675,39435,HTTP Request 2,200,OK,config 2 1-75,text,true,,231,168,1000,1000,http://stload.se.ifmo.ru:8080/?token=518472196&&user=-1356113187&config=2,39435,0,12
1776059565683,39427,HTTP Request 2,200,OK,config 2 1-208,text,true,,231,168,1000,1000,http://stload.se.ifmo.ru:8080/?token=518472196&&user=-1356113187&config=2,39427,0,0
1776059565675,39435,HTTP Request 2,200,OK,config 2 1-76,text,true,,231,168,1000,1000,http://stload.se.ifmo.ru:8080/?token=518472196&&user=-1356113187&config=2,39435,0,12
1776059565589,39521,HTTP Request 2,200,OK,config 2 1-751,text,true,,231,168,1000,1000,http://stload.se.ifmo.ru:8080/?token=518472196&&user=-1356113187&config=2,39521,0,93
1776059565679,39431,HTTP Request 2,200,OK,config 2 1-55,text,true,,231,168,1000,1000,http://stload.se.ifmo.ru:8080/?token=518472196&&user=-1356113187&config=2,39431,0,12
1776059565676,39434,HTTP Request 2,200,OK,config 2 1-61,text,true,,231,168,1000,1000,http://stload.se.ifmo.ru:8080/?token=518472196&&user=-1356113187&config=2,39434,0,13
1776059565682,39428,HTTP Request 2,200,OK,config 2 1-41,text,true,,231,168,1000,1000,http://stload.se.ifmo.ru:8080/?token=518472196&&user=-1356113187&config=2,39428,0,11
1776059565768,39342,HTTP Request 2,200,OK,config 2 1-753,text,true,,231,168,1000,1000,http://stload.se.ifmo.ru:8080/?token=518472196&&user=-1356113187&config=2,39342,0,6
1776059565678,39432,HTTP Request 2,200,OK,config 2 1-712,text,true,,231,168,1000,1000,http://stload.se.ifmo.ru:8080/?token=518472196&&user=-1356113187&config=2,39432,0,0
1776059565858,39252,HTTP Request 2,200,OK,config 2 1-754,text,true,,231,168,1000,1000,http://stload.se.ifmo.ru:8080/?token=518472196&&user=-1356113187&config=2,39252,0,8
1776059566309,38802,HTTP Request 2,200,OK,config 2 1-759,text,true,,231,168,1000,1000,http://stload.se.ifmo.ru:8080/?token=518472196&&user=-1356113187&config=2,38802,0,4
1776059566219,38892,HTTP Request 2,200,OK,config 2 1-758,text,true,,231,168,1000,1000,http://stload.se.ifmo.ru:8080/?token=518472196&&user=-1356113187&config=2,38892,0,8
1776059566128,38983,HTTP Request 2,200,OK,config 2 1-757,text,true,,231,168,1000,1000,http://stload.se.ifmo.ru:8080/?token=518472196&&user=-1356113187&config=2,38983,0,3
1776059566488,38623,HTTP Request 2,200,OK,config 2 1-761,text,true,,231,168,1000,1000,http://stload.se.ifmo.ru:8080/?token=518472196&&user=-1356113187&config=2,38623,0,6
1776059566576,38535,HTTP Request 2,200,OK,config 2 1-717,text,true,,231,168,1000,1000,http://stload.se.ifmo.ru:8080/?token=518472196&&user=-1356113187&config=2,38535,0,0
1776059566038,39073,HTTP Request 2,200,OK,config 2 1-756,text,true,,231,168,1000,1000,http://stload.se.ifmo.ru:8080/?token=518472196&&user=-1356113187&config=2,39073,0,3
1776059566574,38537,HTTP Request 2,200,OK,config 2 1-715,text,true,,231,168,1000,1000,http://stload.se.ifmo.ru:8080/?token=518472196&&user=-1356113187&config=2,38537,0,0
1776059565948,39163,HTTP Request 2,200,OK,config 2 1-755,text,true,,231,168,1000,1000,http://stload.se.ifmo.ru:8080/?token=518472196&&user=-1356113187&config=2,39163,0,8
1776059566576,38535,HTTP Request 2,200,OK,config 2 1-718,text,true,,231,168,1000,1000,http://stload.se.ifmo.ru:8080/?token=518472196&&user=-1356113187&config=2,38535,0,0
1776059566578,38533,HTTP Request 2,200,OK,config 2 1-762,text,true,,231,168,1000,1000,http://stload.se.ifmo.ru:8080/?token=518472196&&user=-1356113187&config=2,38533,0,47
1776059566576,38535,HTTP Request 2,200,OK,config 2 1-716,text,true,,231,168,1000,1000,http://stload.se.ifmo.ru:8080/?token=518472196&&user=-1356113187&config=2,38535,0,0
1776059566399,38713,HTTP Request 2,200,OK,config 2 1-760,text,true,,231,168,1000,1000,http://stload.se.ifmo.ru:8080/?token=518472196&&user=-1356113187&config=2,38713,0,4
1776059566683,38480,HTTP Request 2,200,OK,config 2 1-192,text,true,,231,168,1000,1000,http://stload.se.ifmo.ru:8080/?token=518472196&&user=-1356113187&config=2,38480,0,0
1776059566684,38502,HTTP Request 2,200,OK,config 2 1-198,text,true,,231,168,1000,1000,http://stload.se.ifmo.ru:8080/?token=518472196&&user=-1356113187&config=2,38502,0,0
1776059566683,38503,HTTP Request 2,200,OK,config 2 1-719,text,true,,231,168,1000,1000,http://stload.se.ifmo.ru:8080/?token=518472196&&user=-1356113187&config=2,38503,0,0
1776059566684,38502,HTTP Request 2,200,OK,config 2 1-211,text,true,,231,168,1000,1000,http://stload.se.ifmo.ru:8080/?token=518472196&&user=-1356113187&config=2,38502,0,0
1776059566683,38503,HTTP Request 2,200,OK,config 2 1-105,text,true,,231,168,1000,1000,http://stload.se.ifmo.ru:8080/?token=518472196&&user=-1356113187&config=2,38503,0,0
1776059566683,38503,HTTP Request 2,200,OK,config 2 1-158,text,true,,231,168,1000,1000,http://stload.se.ifmo.ru:8080/?token=518472196&&user=-1356113187&config=2,38503,0,0
1776059566683,38503,HTTP Request 2,200,OK,config 2 1-155,text,true,,231,168,1000,1000,http://stload.se.ifmo.ru:8080/?token=518472196&&user=-1356113187&config=2,38503,0,0
1776059566684,38503,HTTP Request 2,200,OK,config 2 1-193,text,true,,231,168,1000,1000,http://stload.se.ifmo.ru:8080/?token=518472196&&user=-1356113187&config=2,38503,0,0
1776059566683,38504,HTTP Request 2,200,OK,config 2 1-300,text,true,,231,168,1000,1000,http://stload.se.ifmo.ru:8080/?token=518472196&&user=-1356113187&config=2,38504,0,0
1776059566684,38503,HTTP Request 2,200,OK,config 2 1-200,text,true,,231,168,1000,1000,http://stload.se.ifmo.ru:8080/?token=518472196&&user=-1356113187&config=2,38503,0,0
1776059566684,38503,HTTP Request 2,200,OK,config 2 1-191,text,true,,231,168,1000,1000,http://stload.se.ifmo.ru:8080/?token=518472196&&user=-1356113187&config=2,38503,0,0
1776059566668,38520,HTTP Request 2,200,OK,config 2 1-763,text,true,,231,168,1000,1000,http://stload.se.ifmo.ru:8080/?token=518472196&&user=-1356113187&config=2,38520,0,14
1776059566685,38503,HTTP Request 2,200,OK,config 2 1-163,text,true,,231,168,1000,1000,http://stload.se.ifmo.ru:8080/?token=518472196&&user=-1356113187&config=2,38503,0,0
1776059566685,38503,HTTP Request 2,200,OK,config 2 1-189,text,true,,231,168,1000,1000,http://stload.se.ifmo.ru:8080/?token=518472196&&user=-1356113187&config=2,38503,0,0
1776059566685,38503,HTTP Request 2,200,OK,config 2 1-188,text,true,,231,168,1000,1000,http://stload.se.ifmo.ru:8080/?token=518472196&&user=-1356113187&config=2,38503,0,0
1776059566685,38503,HTTP Request 2,200,OK,config 2 1-469,text,true,,231,168,1000,1000,http://stload.se.ifmo.ru:8080/?token=518472196&&user=-1356113187&config=2,38503,0,0
1776059566685,38503,HTTP Request 2,200,OK,config 2 1-106,text,true,,231,168,1000,1000,http://stload.se.ifmo.ru:8080/?token=518472196&&user=-1356113187&config=2,38503,0,0
1776059566685,38503,HTTP Request 2,200,OK,config 2 1-197,text,true,,231,168,1000,1000,http://stload.se.ifmo.ru:8080/?token=518472196&&user=-1356113187&config=2,38503,0,0
1776059566685,38503,HTTP Request 2,200,OK,config 2 1-114,text,true,,231,168,1000,1000,http://stload.se.ifmo.ru:8080/?token=518472196&&user=-1356113187&config=2,38503,0,0
1776059566684,38505,HTTP Request 2,200,OK,config 2 1-109,text,true,,231,168,1000,1000,http://stload.se.ifmo.ru:8080/?token=518472196&&user=-1356113187&config=2,38505,0,0
1776059566685,38504,HTTP Request 2,200,OK,config 2 1-196,text,true,,231,168,1000,1000,http://stload.se.ifmo.ru:8080/?token=518472196&&user=-1356113187&config=2,38504,0,0
1776059566685,38504,HTTP Request 2,200,OK,config 2 1-148,text,true,,231,168,1000,1000,http://stload.se.ifmo.ru:8080/?token=518472196&&user=-1356113187&config=2,38504,0,0
1776059566685,38505,HTTP Request 2,200,OK,config 2 1-113,text,true,,231,168,1000,1000,http://stload.se.ifmo.ru:8080/?token=518472196&&user=-1356113187&config=2,38505,0,0
1776059566685,38505,HTTP Request 2,200,OK,config 2 1-152,text,true,,231,168,1000,1000,http://stload.se.ifmo.ru:8080/?token=518472196&&user=-1356113187&config=2,38505,0,0
1776059566685,38506,HTTP Request 2,200,OK,config 2 1-108,text,true,,231,168,1000,1000,http://stload.se.ifmo.ru:8080/?token=518472196&&user=-1356113187&config=2,38506,0,0
1776059566685,38508,HTTP Request 2,200,OK,config 2 1-107,text,true,,231,168,1000,1000,http://stload.se.ifmo.ru:8080/?token=518472196&&user=-1356113187&config=2,38508,0,0
1776059566687,38557,HTTP Request 2,200,OK,config 2 1-160,text,true,,231,168,1000,1000,http://stload.se.ifmo.ru:8080/?token=518472196&&user=-1356113187&config=2,38557,0,0
1776059566687,38557,HTTP Request 2,200,OK,config 2 1-194,text,true,,231,168,1000,1000,http://stload.se.ifmo.ru:8080/?token=518472196&&user=-1356113187&config=2,38557,0,0
1776059566687,38557,HTTP Request 2,200,OK,config 2 1-209,text,true,,231,168,1000,1000,http://stload.se.ifmo.ru:8080/?token=518472196&&user=-1356113187&config=2,38557,0,0
1776059566687,38557,HTTP Request 2,200,OK,config 2 1-137,text,true,,231,168,1000,1000,http://stload.se.ifmo.ru:8080/?token=518472196&&user=-1356113187&config=2,38557,0,0
1776059566689,38562,HTTP Request 2,200,OK,config 2 1-150,text,true,,231,168,1000,1000,http://stload.se.ifmo.ru:8080/?token=518472196&&user=-1356113187&config=2,38562,0,0
1776059566688,38691,HTTP Request 2,200,OK,config 2 1-151,text,true,,231,168,1000,1000,http://stload.se.ifmo.ru:8080/?token=518472196&&user=-1356113187&config=2,38691,0,0
1776059566689,38690,HTTP Request 2,200,OK,config 2 1-195,text,true,,231,168,1000,1000,http://stload.se.ifmo.ru:8080/?token=518472196&&user=-1356113187&config=2,38690,0,0
1776059566688,38691,HTTP Request 2,200,OK,config 2 1-201,text,true,,231,168,1000,1000,http://stload.se.ifmo.ru:8080/?token=518472196&&user=-1356113187&config=2,38691,0,0
1776059566688,38691,HTTP Request 2,200,OK,config 2 1-147,text,true,,231,168,1000,1000,http://stload.se.ifmo.ru:8080/?token=518472196&&user=-1356113187&config=2,38691,0,0
1776059566688,38691,HTTP Request 2,200,OK,config 2 1-199,text,true,,231,168,1000,1000,http://stload.se.ifmo.ru:8080/?token=518472196&&user=-1356113187&config=2,38691,0,0
1776059566692,38687,HTTP Request 2,200,OK,config 2 1-102,text,true,,231,168,1000,1000,http://stload.se.ifmo.ru:8080/?token=518472196&&user=-1356113187&config=2,38687,0,0
1776059566692,38687,HTTP Request 2,200,OK,config 2 1-237,text,true,,231,168,1000,1000,http://stload.se.ifmo.ru:8080/?token=518472196&&user=-1356113187&config=2,38687,0,0
1776059566689,38690,HTTP Request 2,200,OK,config 2 1-111,text,true,,231,168,1000,1000,http://stload.se.ifmo.ru:8080/?token=518472196&&user=-1356113187&config=2,38690,0,0
1776059566689,38690,HTTP Request 2,200,OK,config 2 1-308,text,true,,231,168,1000,1000,http://stload.se.ifmo.ru:8080/?token=518472196&&user=-1356113187&config=2,38690,0,0
1776059566692,38688,HTTP Request 2,200,OK,config 2 1-470,text,true,,231,168,1000,1000,http://stload.se.ifmo.ru:8080/?token=518472196&&user=-1356113187&config=2,38688,0,0
1776059566688,38691,HTTP Request 2,200,OK,config 2 1-202,text,true,,231,168,1000,1000,http://stload.se.ifmo.ru:8080/?token=518472196&&user=-1356113187&config=2,38691,0,0
1776059566692,38688,HTTP Request 2,200,OK,config 2 1-99,text,true,,231,168,1000,1000,http://stload.se.ifmo.ru:8080/?token=518472196&&user=-1356113187&config=2,38688,0,0
1776059566689,38691,HTTP Request 2,200,OK,config 2 1-235,text,true,,231,168,1000,1000,http://stload.se.ifmo.ru:8080/?token=518472196&&user=-1356113187&config=2,38691,0,0
1776059566692,38688,HTTP Request 2,200,OK,config 2 1-68,text,true,,231,168,1000,1000,http://stload.se.ifmo.ru:8080/?token=518472196&&user=-1356113187&config=2,38688,0,0
1776059566689,38691,HTTP Request 2,200,OK,config 2 1-229,text,true,,231,168,1000,1000,http://stload.se.ifmo.ru:8080/?token=518472196&&user=-1356113187&config=2,38691,0,0
1776059566689,38691,HTTP Request 2,200,OK,config 2 1-236,text,true,,231,168,1000,1000,http://stload.se.ifmo.ru:8080/?token=518472196&&user=-1356113187&config=2,38691,0,0
1776059566691,38689,HTTP Request 2,200,OK,config 2 1-304,text,true,,231,168,1000,1000,http://stload.se.ifmo.ru:8080/?token=518472196&&user=-1356113187&config=2,38689,0,0
1776059566684,38696,HTTP Request 2,200,OK,config 2 1-78,text,true,,231,168,1000,1000,http://stload.se.ifmo.ru:8080/?token=518472196&&user=-1356113187&config=2,38696,0,5
1776059566692,38688,HTTP Request 2,200,OK,config 2 1-471,text,true,,231,168,1000,1000,http://stload.se.ifmo.ru:8080/?token=518472196&&user=-1356113187&config=2,38688,0,0
1776059566688,38691,HTTP Request 2,200,OK,config 2 1-210,text,true,,231,168,1000,1000,http://stload.se.ifmo.ru:8080/?token=518472196&&user=-1356113187&config=2,38691,0,0
1776059566688,38691,HTTP Request 2,200,OK,config 2 1-187,text,true,,231,168,1000,1000,http://stload.se.ifmo.ru:8080/?token=518472196&&user=-1356113187&config=2,38691,0,0
1776059566689,38692,HTTP Request 2,200,OK,config 2 1-110,text,true,,231,168,1000,1000,http://stload.se.ifmo.ru:8080/?token=518472196&&user=-1356113187&config=2,38692,0,0
1776059566690,38691,HTTP Request 2,200,OK,config 2 1-190,text,true,,231,168,1000,1000,http://stload.se.ifmo.ru:8080/?token=518472196&&user=-1356113187&config=2,38691,0,0
1776059566691,38690,HTTP Request 2,200,OK,config 2 1-112,text,true,,231,168,1000,1000,http://stload.se.ifmo.ru:8080/?token=518472196&&user=-1356113187&config=2,38690,0,0
1776059566691,38690,HTTP Request 2,200,OK,config 2 1-230,text,true,,231,168,1000,1000,http://stload.se.ifmo.ru:8080/?token=518472196&&user=-1356113187&config=2,38690,0,0
1776059566685,38696,HTTP Request 2,200,OK,config 2 1-71,text,true,,231,168,1000,1000,http://stload.se.ifmo.ru:8080/?token=518472196&&user=-1356113187&config=2,38696,0,5
1776059566691,38690,HTTP Request 2,200,OK,config 2 1-238,text,true,,231,168,1000,1000,http://stload.se.ifmo.ru:8080/?token=518472196&&user=-1356113187&config=2,38690,0,0
1776059566692,38689,HTTP Request 2,200,OK,config 2 1-240,text,true,,231,168,1000,1000,http://stload.se.ifmo.ru:8080/?token=518472196&&user=-1356113187&config=2,38689,0,0
1776059566692,38689,HTTP Request 2,200,OK,config 2 1-234,text,true,,231,168,1000,1000,http://stload.se.ifmo.ru:8080/?token=518472196&&user=-1356113187&config=2,38689,0,0
1776059566697,38684,HTTP Request 2,200,OK,config 2 1-20,text,true,,231,168,1000,1000,http://stload.se.ifmo.ru:8080/?token=518472196&&user=-1356113187&config=2,38684,0,0
1776059566697,38684,HTTP Request 2,200,OK,config 2 1-326,text,true,,231,168,1000,1000,http://stload.se.ifmo.ru:8080/?token=518472196&&user=-1356113187&config=2,38684,0,0
1776059566697,38684,HTTP Request 2,200,OK,config 2 1-320,text,true,,231,168,1000,1000,http://stload.se.ifmo.ru:8080/?token=518472196&&user=-1356113187&config=2,38684,0,0
1776059566696,38685,HTTP Request 2,200,OK,config 2 1-307,text,true,,231,168,1000,1000,http://stload.se.ifmo.ru:8080/?token=518472196&&user=-1356113187&config=2,38685,0,0
1776059566697,38685,HTTP Request 2,200,OK,config 2 1-231,text,true,,231,168,1000,1000,http://stload.se.ifmo.ru:8080/?token=518472196&&user=-1356113187&config=2,38685,0,0
1776059566696,38686,HTTP Request 2,200,OK,config 2 1-319,text,true,,231,168,1000,1000,http://stload.se.ifmo.ru:8080/?token=518472196&&user=-1356113187&config=2,38686,0,0
1776059566696,38686,HTTP Request 2,200,OK,config 2 1-32,text,true,,231,168,1000,1000,http://stload.se.ifmo.ru:8080/?token=518472196&&user=-1356113187&config=2,38686,0,0
1776059566696,38686,HTTP Request 2,200,OK,config 2 1-312,text,true,,231,168,1000,1000,http://stload.se.ifmo.ru:8080/?token=518472196&&user=-1356113187&config=2,38686,0,0
1776059566696,38686,HTTP Request 2,200,OK,config 2 1-322,text,true,,231,168,1000,1000,http://stload.se.ifmo.ru:8080/?token=518472196&&user=-1356113187&config=2,38686,0,0
1776059566692,38690,HTTP Request 2,200,OK,config 2 1-97,text,true,,231,168,1000,1000,http://stload.se.ifmo.ru:8080/?token=518472196&&user=-1356113187&config=2,38690,0,0
1776059566696,38686,HTTP Request 2,200,OK,config 2 1-30,text,true,,231,168,1000,1000,http://stload.se.ifmo.ru:8080/?token=518472196&&user=-1356113187&config=2,38686,0,0
1776059566695,38687,HTTP Request 2,200,OK,config 2 1-310,text,true,,231,168,1000,1000,http://stload.se.ifmo.ru:8080/?token=518472196&&user=-1356113187&config=2,38687,0,0
1776059566696,38686,HTTP Request 2,200,OK,config 2 1-313,text,true,,231,168,1000,1000,http://stload.se.ifmo.ru:8080/?token=518472196&&user=-1356113187&config=2,38686,0,0
1776059566696,38686,HTTP Request 2,200,OK,config 2 1-203,text,true,,231,168,1000,1000,http://stload.se.ifmo.ru:8080/?token=518472196&&user=-1356113187&config=2,38686,0,0
1776059566697,38685,HTTP Request 2,200,OK,config 2 1-475,text,true,,231,168,1000,1000,http://stload.se.ifmo.ru:8080/?token=518472196&&user=-1356113187&config=2,38685,0,0
1776059566697,38685,HTTP Request 2,200,OK,config 2 1-325,text,true,,231,168,1000,1000,http://stload.se.ifmo.ru:8080/?token=518472196&&user=-1356113187&config=2,38685,0,0
1776059566697,38685,HTTP Request 2,200,OK,config 2 1-478,text,true,,231,168,1000,1000,http://stload.se.ifmo.ru:8080/?token=518472196&&user=-1356113187&config=2,38685,0,0
1776059566696,38686,HTTP Request 2,200,OK,config 2 1-303,text,true,,231,168,1000,1000,http://stload.se.ifmo.ru:8080/?token=518472196&&user=-1356113187&config=2,38686,0,0
1776059566696,38686,HTTP Request 2,200,OK,config 2 1-311,text,true,,231,168,1000,1000,http://stload.se.ifmo.ru:8080/?token=518472196&&user=-1356113187&config=2,38686,0,0
1776059566696,38686,HTTP Request 2,200,OK,config 2 1-314,text,true,,231,168,1000,1000,http://stload.se.ifmo.ru:8080/?token=518472196&&user=-1356113187&config=2,38686,0,0
1776059566697,38685,HTTP Request 2,200,OK,config 2 1-327,text,true,,231,168,1000,1000,http://stload.se.ifmo.ru:8080/?token=518472196&&user=-1356113187&config=2,38685,0,0
1776059566696,38686,HTTP Request 2,200,OK,config 2 1-328,text,true,,231,168,1000,1000,http://stload.se.ifmo.ru:8080/?token=518472196&&user=-1356113187&config=2,38686,0,0
1776059566696,38686,HTTP Request 2,200,OK,config 2 1-241,text,true,,231,168,1000,1000,http://stload.se.ifmo.ru:8080/?token=518472196&&user=-1356113187&config=2,38686,0,0
1776059566692,38690,HTTP Request 2,200,OK,config 2 1-204,text,true,,231,168,1000,1000,http://stload.se.ifmo.ru:8080/?token=518472196&&user=-1356113187&config=2,38690,0,0
1776059566696,38686,HTTP Request 2,200,OK,config 2 1-315,text,true,,231,168,1000,1000,http://stload.se.ifmo.ru:8080/?token=518472196&&user=-1356113187&config=2,38686,0,0
1776059566696,38687,HTTP Request 2,200,OK,config 2 1-47,text,true,,231,168,1000,1000,http://stload.se.ifmo.ru:8080/?token=518472196&&user=-1356113187&config=2,38687,0,0
1776059566697,38686,HTTP Request 2,200,OK,config 2 1-474,text,true,,231,168,1000,1000,http://stload.se.ifmo.ru:8080/?token=518472196&&user=-1356113187&config=2,38686,0,0
1776059566698,38685,HTTP Request 2,200,OK,config 2 1-481,text,true,,231,168,1000,1000,http://stload.se.ifmo.ru:8080/?token=518472196&&user=-1356113187&config=2,38685,0,0
1776059566697,38686,HTTP Request 2,200,OK,config 2 1-306,text,true,,231,168,1000,1000,http://stload.se.ifmo.ru:8080/?token=518472196&&user=-1356113187&config=2,38686,0,0
1776059566697,38686,HTTP Request 2,200,OK,config 2 1-323,text,true,,231,168,1000,1000,http://stload.se.ifmo.ru:8080/?token=518472196&&user=-1356113187&config=2,38686,0,0
1776059566697,38686,HTTP Request 2,200,OK,config 2 1-239,text,true,,231,168,1000,1000,http://stload.se.ifmo.ru:8080/?token=518472196&&user=-1356113187&config=2,38686,0,0
1776059566698,38685,HTTP Request 2,200,OK,config 2 1-476,text,true,,231,168,1000,1000,http://stload.se.ifmo.ru:8080/?token=518472196&&user=-1356113187&config=2,38685,0,0
1776059566697,38686,HTTP Request 2,200,OK,config 2 1-472,text,true,,231,168,1000,1000,http://stload.se.ifmo.ru:8080/?token=518472196&&user=-1356113187&config=2,38686,0,0
1776059566698,38685,HTTP Request 2,200,OK,config 2 1-479,text,true,,231,168,1000,1000,http://stload.se.ifmo.ru:8080/?token=518472196&&user=-1356113187&config=2,38685,0,0
1776059566696,38687,HTTP Request 2,200,OK,config 2 1-45,text,true,,231,168,1000,1000,http://stload.se.ifmo.ru:8080/?token=518472196&&user=-1356113187&config=2,38687,0,0
1776059566698,38685,HTTP Request 2,200,OK,config 2 1-324,text,true,,231,168,1000,1000,http://stload.se.ifmo.ru:8080/?token=518472196&&user=-1356113187&config=2,38685,0,0
1776059566692,38691,HTTP Request 2,200,OK,config 2 1-89,text,true,,231,168,1000,1000,http://stload.se.ifmo.ru:8080/?token=518472196&&user=-1356113187&config=2,38691,0,9
1776059567929,37454,HTTP Request 2,200,OK,config 2 1-777,text,true,,231,168,1000,1000,http://stload.se.ifmo.ru:8080/?token=518472196&&user=-1356113187&config=2,37454,0,3
1776059568380,37003,HTTP Request 2,200,OK,config 2 1-782,text,true,,231,168,1000,1000,http://stload.se.ifmo.ru:8080/?token=518472196&&user=-1356113187&config=2,37003,0,4
1776059566697,38686,HTTP Request 2,200,OK,config 2 1-309,text,true,,231,168,1000,1000,http://stload.se.ifmo.ru:8080/?token=518472196&&user=-1356113187&config=2,38686,0,0
1776059568109,37274,HTTP Request 2,200,OK,config 2 1-779,text,true,,231,168,1000,1000,http://stload.se.ifmo.ru:8080/?token=518472196&&user=-1356113187&config=2,37274,0,6
1776059566697,38686,HTTP Request 2,200,OK,config 2 1-317,text,true,,231,168,1000,1000,http://stload.se.ifmo.ru:8080/?token=518472196&&user=-1356113187&config=2,38686,0,0
1776059566698,38685,HTTP Request 2,200,OK,config 2 1-477,text,true,,231,168,1000,1000,http://stload.se.ifmo.ru:8080/?token=518472196&&user=-1356113187&config=2,38685,0,0
1776059566698,38686,HTTP Request 2,200,OK,config 2 1-316,text,true,,231,168,1000,1000,http://stload.se.ifmo.ru:8080/?token=518472196&&user=-1356113187&config=2,38686,0,0
1776059566698,38686,HTTP Request 2,200,OK,config 2 1-329,text,true,,231,168,1000,1000,http://stload.se.ifmo.ru:8080/?token=518472196&&user=-1356113187&config=2,38686,0,0
1776059566698,38686,HTTP Request 2,200,OK,config 2 1-213,text,true,,231,168,1000,1000,http://stload.se.ifmo.ru:8080/?token=518472196&&user=-1356113187&config=2,38686,0,0
1776059567841,37543,HTTP Request 2,200,OK,config 2 1-776,text,true,,231,168,1000,1000,http://stload.se.ifmo.ru:8080/?token=518472196&&user=-1356113187&config=2,37543,0,4
1776059568559,36825,HTTP Request 2,200,OK,config 2 1-784,text,true,,231,168,1000,1000,http://stload.se.ifmo.ru:8080/?token=518472196&&user=-1356113187&config=2,36825,0,4
1776059566760,38624,HTTP Request 2,200,OK,config 2 1-764,text,true,,231,168,1000,1000,http://stload.se.ifmo.ru:8080/?token=518472196&&user=-1356113187&config=2,38624,0,3
1776059566939,38445,HTTP Request 2,200,OK,config 2 1-766,text,true,,231,168,1000,1000,http://stload.se.ifmo.ru:8080/?token=518472196&&user=-1356113187&config=2,38445,0,5
1776059567298,38086,HTTP Request 2,200,OK,config 2 1-770,text,true,,231,168,1000,1000,http://stload.se.ifmo.ru:8080/?token=518472196&&user=-1356113187&config=2,38086,0,6
1776059567120,38264,HTTP Request 2,200,OK,config 2 1-768,text,true,,231,168,1000,1000,http://stload.se.ifmo.ru:8080/?token=518472196&&user=-1356113187&config=2,38264,0,3
1776059566850,38534,HTTP Request 2,200,OK,config 2 1-765,text,true,,231,168,1000,1000,http://stload.se.ifmo.ru:8080/?token=518472196&&user=-1356113187&config=2,38534,0,54
1776059568198,37186,HTTP Request 2,200,OK,config 2 1-780,text,true,,231,168,1000,1000,http://stload.se.ifmo.ru:8080/?token=518472196&&user=-1356113187&config=2,37186,0,4
1776059567389,37995,HTTP Request 2,200,OK,config 2 1-771,text,true,,231,168,1000,1000,http://stload.se.ifmo.ru:8080/?token=518472196&&user=-1356113187&config=2,37995,0,3
1776059567479,37905,HTTP Request 2,200,OK,config 2 1-772,text,true,,231,168,1000,1000,http://stload.se.ifmo.ru:8080/?token=518472196&&user=-1356113187&config=2,37905,0,3
1776059568288,37096,HTTP Request 2,200,OK,config 2 1-781,text,true,,231,168,1000,1000,http://stload.se.ifmo.ru:8080/?token=518472196&&user=-1356113187&config=2,37096,0,4
1776059568019,37365,HTTP Request 2,200,OK,config 2 1-778,text,true,,231,168,1000,1000,http://stload.se.ifmo.ru:8080/?token=518472196&&user=-1356113187&config=2,37365,0,15
1776059568648,36736,HTTP Request 2,200,OK,config 2 1-785,text,true,,231,168,1000,1000,http://stload.se.ifmo.ru:8080/?token=518472196&&user=-1356113187&config=2,36736,0,4
1776059569009,36375,HTTP Request 2,200,OK,config 2 1-789,text,true,,231,168,1000,1000,http://stload.se.ifmo.ru:8080/?token=518472196&&user=-1356113187&config=2,36375,0,3
1776059568469,36915,HTTP Request 2,200,OK,config 2 1-783,text,true,,231,168,1000,1000,http://stload.se.ifmo.ru:8080/?token=518472196&&user=-1356113187&config=2,36915,0,9
1776059569189,36195,HTTP Request 2,200,OK,config 2 1-791,text,true,,231,168,1000,1000,http://stload.se.ifmo.ru:8080/?token=518472196&&user=-1356113187&config=2,36195,0,5
1776059568829,36555,HTTP Request 2,200,OK,config 2 1-787,text,true,,231,168,1000,1000,http://stload.se.ifmo.ru:8080/?token=518472196&&user=-1356113187&config=2,36555,0,7
1776059568918,36466,HTTP Request 2,200,OK,config 2 1-788,text,true,,231,168,1000,1000,http://stload.se.ifmo.ru:8080/?token=518472196&&user=-1356113187&config=2,36466,0,4
1776059569279,36105,HTTP Request 2,200,OK,config 2 1-792,text,true,,231,168,1000,1000,http://stload.se.ifmo.ru:8080/?token=518472196&&user=-1356113187&config=2,36105,0,7
1776059569730,35654,HTTP Request 2,200,OK,config 2 1-797,text,true,,231,168,1000,1000,http://stload.se.ifmo.ru:8080/?token=518472196&&user=-1356113187&config=2,35654,0,4
1776059569548,35836,HTTP Request 2,200,OK,config 2 1-795,text,true,,231,168,1000,1000,http://stload.se.ifmo.ru:8080/?token=518472196&&user=-1356113187&config=2,35836,0,3
1776059566689,38696,HTTP Request 2,200,OK,config 2 1-159,text,true,,231,168,1000,1000,http://stload.se.ifmo.ru:8080/?token=518472196&&user=-1356113187&config=2,38696,0,0
1776059566692,38693,HTTP Request 2,200,OK,config 2 1-318,text,true,,231,168,1000,1000,http://stload.se.ifmo.ru:8080/?token=518472196&&user=-1356113187&config=2,38693,0,0
1776059566696,38689,HTTP Request 2,200,OK,config 2 1-473,text,true,,231,168,1000,1000,http://stload.se.ifmo.ru:8080/?token=518472196&&user=-1356113187&config=2,38689,0,0
1776059569369,36016,HTTP Request 2,200,OK,config 2 1-793,text,true,,231,168,1000,1000,http://stload.se.ifmo.ru:8080/?token=518472196&&user=-1356113187&config=2,36016,0,13
1776059569458,35927,HTTP Request 2,200,OK,config 2 1-794,text,true,,231,168,1000,1000,http://stload.se.ifmo.ru:8080/?token=518472196&&user=-1356113187&config=2,35927,0,4
1776059568740,36645,HTTP Request 2,200,OK,config 2 1-786,text,true,,231,168,1000,1000,http://stload.se.ifmo.ru:8080/?token=518472196&&user=-1356113187&config=2,36645,0,4
1776059569820,35565,HTTP Request 2,200,OK,config 2 1-798,text,true,,231,168,1000,1000,http://stload.se.ifmo.ru:8080/?token=518472196&&user=-1356113187&config=2,35565,0,3
1776059569099,36286,HTTP Request 2,200,OK,config 2 1-790,text,true,,231,168,1000,1000,http://stload.se.ifmo.ru:8080/?token=518472196&&user=-1356113187&config=2,36286,0,3
1776059569638,35747,HTTP Request 2,200,OK,config 2 1-796,text,true,,231,168,1000,1000,http://stload.se.ifmo.ru:8080/?token=518472196&&user=-1356113187&config=2,35747,0,46
1776059569908,35477,HTTP Request 2,200,OK,config 2 1-799,text,true,,231,168,1000,1000,http://stload.se.ifmo.ru:8080/?token=518472196&&user=-1356113187&config=2,35477,0,3
1776059570179,35206,HTTP Request 2,200,OK,config 2 1-802,text,true,,231,168,1000,1000,http://stload.se.ifmo.ru:8080/?token=518472196&&user=-1356113187&config=2,35206,0,4
1776059569999,35386,HTTP Request 2,200,OK,config 2 1-800,text,true,,231,168,1000,1000,http://stload.se.ifmo.ru:8080/?token=518472196&&user=-1356113187&config=2,35386,0,3
1776059570360,35025,HTTP Request 2,200,OK,config 2 1-804,text,true,,231,168,1000,1000,http://stload.se.ifmo.ru:8080/?token=518472196&&user=-1356113187&config=2,35025,0,3
1776059570088,35298,HTTP Request 2,200,OK,config 2 1-801,text,true,,231,168,1000,1000,http://stload.se.ifmo.ru:8080/?token=518472196&&user=-1356113187&config=2,35298,0,5
1776059570629,34756,HTTP Request 2,200,OK,config 2 1-807,text,true,,231,168,1000,1000,http://stload.se.ifmo.ru:8080/?token=518472196&&user=-1356113187&config=2,34756,0,3
1776059566696,38690,HTTP Request 2,200,OK,config 2 1-242,text,true,,231,168,1000,1000,http://stload.se.ifmo.ru:8080/?token=518472196&&user=-1356113187&config=2,38690,0,0
1776059571079,34307,HTTP Request 2,200,OK,config 2 1-812,text,true,,231,168,1000,1000,http://stload.se.ifmo.ru:8080/?token=518472196&&user=-1356113187&config=2,34307,0,6
1776059571692,33694,HTTP Request 2,200,OK,config 2 1-374,text,true,,231,168,1000,1000,http://stload.se.ifmo.ru:8080/?token=518472196&&user=-1356113187&config=2,33694,0,0
1776059571529,33857,HTTP Request 2,200,OK,config 2 1-817,text,true,,231,168,1000,1000,http://stload.se.ifmo.ru:8080/?token=518472196&&user=-1356113187&config=2,33857,0,4
1776059571692,33694,HTTP Request 2,200,OK,config 2 1-371,text,true,,231,168,1000,1000,http://stload.se.ifmo.ru:8080/?token=518472196&&user=-1356113187&config=2,33694,0,0
1776059570268,35118,HTTP Request 2,200,OK,config 2 1-803,text,true,,231,168,1000,1000,http://stload.se.ifmo.ru:8080/?token=518472196&&user=-1356113187&config=2,35118,0,5
1776059571438,33948,HTTP Request 2,200,OK,config 2 1-816,text,true,,231,168,1000,1000,http://stload.se.ifmo.ru:8080/?token=518472196&&user=-1356113187&config=2,33948,0,6
1776059570809,34577,HTTP Request 2,200,OK,config 2 1-809,text,true,,231,168,1000,1000,http://stload.se.ifmo.ru:8080/?token=518472196&&user=-1356113187&config=2,34577,0,5
1776059570539,34847,HTTP Request 2,200,OK,config 2 1-806,text,true,,231,168,1000,1000,http://stload.se.ifmo.ru:8080/?token=518472196&&user=-1356113187&config=2,34847,0,3
1776059570450,34936,HTTP Request 2,200,OK,config 2 1-805,text,true,,231,168,1000,1000,http://stload.se.ifmo.ru:8080/?token=518472196&&user=-1356113187&config=2,34936,0,9
1776059570990,34396,HTTP Request 2,200,OK,config 2 1-811,text,true,,231,168,1000,1000,http://stload.se.ifmo.ru:8080/?token=518472196&&user=-1356113187&config=2,34396,0,13
1776059571619,33767,HTTP Request 2,200,OK,config 2 1-818,text,true,,231,168,1000,1000,http://stload.se.ifmo.ru:8080/?token=518472196&&user=-1356113187&config=2,33767,0,11
1776059571692,33695,HTTP Request 2,200,OK,config 2 1-370,text,true,,231,168,1000,1000,http://stload.se.ifmo.ru:8080/?token=518472196&&user=-1356113187&config=2,33695,0,0
1776059570899,34488,HTTP Request 2,200,OK,config 2 1-810,text,true,,231,168,1000,1000,http://stload.se.ifmo.ru:8080/?token=518472196&&user=-1356113187&config=2,34488,0,5
1776059571169,34218,HTTP Request 2,200,OK,config 2 1-813,text,true,,231,168,1000,1000,http://stload.se.ifmo.ru:8080/?token=518472196&&user=-1356113187&config=2,34218,0,3
1776059571258,34129,HTTP Request 2,200,OK,config 2 1-814,text,true,,231,168,1000,1000,http://stload.se.ifmo.ru:8080/?token=518472196&&user=-1356113187&config=2,34129,0,4
1776059571349,34038,HTTP Request 2,200,OK,config 2 1-815,text,true,,231,168,1000,1000,http://stload.se.ifmo.ru:8080/?token=518472196&&user=-1356113187&config=2,34038,0,3
1776059571692,33695,HTTP Request 2,200,OK,config 2 1-372,text,true,,231,168,1000,1000,http://stload.se.ifmo.ru:8080/?token=518472196&&user=-1356113187&config=2,33695,0,0
1776059571693,33694,HTTP Request 2,200,OK,config 2 1-522,text,true,,231,168,1000,1000,http://stload.se.ifmo.ru:8080/?token=518472196&&user=-1356113187&config=2,33694,0,0
1776059571693,33694,HTTP Request 2,200,OK,config 2 1-525,text,true,,231,168,1000,1000,http://stload.se.ifmo.ru:8080/?token=518472196&&user=-1356113187&config=2,33694,0,0
1776059571692,33695,HTTP Request 2,200,OK,config 2 1-367,text,true,,231,168,1000,1000,http://stload.se.ifmo.ru:8080/?token=518472196&&user=-1356113187&config=2,33695,0,0
1776059571693,33694,HTTP Request 2,200,OK,config 2 1-528,text,true,,231,168,1000,1000,http://stload.se.ifmo.ru:8080/?token=518472196&&user=-1356113187&config=2,33694,0,0
1776059571693,33694,HTTP Request 2,200,OK,config 2 1-529,text,true,,231,168,1000,1000,http://stload.se.ifmo.ru:8080/?token=518472196&&user=-1356113187&config=2,33694,0,0
1776059571693,33694,HTTP Request 2,200,OK,config 2 1-523,text,true,,231,168,1000,1000,http://stload.se.ifmo.ru:8080/?token=518472196&&user=-1356113187&config=2,33694,0,0
1776059571693,33694,HTTP Request 2,200,OK,config 2 1-526,text,true,,231,168,1000,1000,http://stload.se.ifmo.ru:8080/?token=518472196&&user=-1356113187&config=2,33694,0,0
1776059571692,33695,HTTP Request 2,200,OK,config 2 1-368,text,true,,231,168,1000,1000,http://stload.se.ifmo.ru:8080/?token=518472196&&user=-1356113187&config=2,33695,0,0
1776059571696,33691,HTTP Request 2,200,OK,config 2 1-350,text,true,,231,168,1000,1000,http://stload.se.ifmo.ru:8080/?token=518472196&&user=-1356113187&config=2,33691,0,0
1776059571693,33694,HTTP Request 2,200,OK,config 2 1-527,text,true,,231,168,1000,1000,http://stload.se.ifmo.ru:8080/?token=518472196&&user=-1356113187&config=2,33694,0,0
1776059571693,33694,HTTP Request 2,200,OK,config 2 1-524,text,true,,231,168,1000,1000,http://stload.se.ifmo.ru:8080/?token=518472196&&user=-1356113187&config=2,33694,0,0
1776059571692,33695,HTTP Request 2,200,OK,config 2 1-520,text,true,,231,168,1000,1000,http://stload.se.ifmo.ru:8080/?token=518472196&&user=-1356113187&config=2,33695,0,0
1776059571692,33695,HTTP Request 2,200,OK,config 2 1-369,text,true,,231,168,1000,1000,http://stload.se.ifmo.ru:8080/?token=518472196&&user=-1356113187&config=2,33695,0,0
1776059571694,33693,HTTP Request 2,200,OK,config 2 1-530,text,true,,231,168,1000,1000,http://stload.se.ifmo.ru:8080/?token=518472196&&user=-1356113187&config=2,33693,0,0
1776059571695,33692,HTTP Request 2,200,OK,config 2 1-357,text,true,,231,168,1000,1000,http://stload.se.ifmo.ru:8080/?token=518472196&&user=-1356113187&config=2,33692,0,0
1776059571693,33694,HTTP Request 2,200,OK,config 2 1-521,text,true,,231,168,1000,1000,http://stload.se.ifmo.ru:8080/?token=518472196&&user=-1356113187&config=2,33694,0,0
1776059571695,33692,HTTP Request 2,200,OK,config 2 1-362,text,true,,231,168,1000,1000,http://stload.se.ifmo.ru:8080/?token=518472196&&user=-1356113187&config=2,33692,0,0
1776059571694,33693,HTTP Request 2,200,OK,config 2 1-349,text,true,,231,168,1000,1000,http://stload.se.ifmo.ru:8080/?token=518472196&&user=-1356113187&config=2,33693,0,0
1776059571695,33693,HTTP Request 2,200,OK,config 2 1-356,text,true,,231,168,1000,1000,http://stload.se.ifmo.ru:8080/?token=518472196&&user=-1356113187&config=2,33693,0,0
1776059571695,33693,HTTP Request 2,200,OK,config 2 1-354,text,true,,231,168,1000,1000,http://stload.se.ifmo.ru:8080/?token=518472196&&user=-1356113187&config=2,33693,0,0
1776059571693,33695,HTTP Request 2,200,OK,config 2 1-373,text,true,,231,168,1000,1000,http://stload.se.ifmo.ru:8080/?token=518472196&&user=-1356113187&config=2,33695,0,0
1776059571694,33694,HTTP Request 2,200,OK,config 2 1-82,text,true,,231,168,1000,1000,http://stload.se.ifmo.ru:8080/?token=518472196&&user=-1356113187&config=2,33694,0,13
1776059571695,33693,HTTP Request 2,200,OK,config 2 1-12,text,true,,231,168,1000,1000,http://stload.se.ifmo.ru:8080/?token=518472196&&user=-1356113187&config=2,33693,0,14
1776059571696,33692,HTTP Request 2,200,OK,config 2 1-361,text,true,,231,168,1000,1000,http://stload.se.ifmo.ru:8080/?token=518472196&&user=-1356113187&config=2,33692,0,0
1776059571694,33694,HTTP Request 2,200,OK,config 2 1-38,text,true,,231,168,1000,1000,http://stload.se.ifmo.ru:8080/?token=518472196&&user=-1356113187&config=2,33694,0,13
1776059571889,33499,HTTP Request 2,200,OK,config 2 1-821,text,true,,231,168,1000,1000,http://stload.se.ifmo.ru:8080/?token=518472196&&user=-1356113187&config=2,33499,0,3
1776059571696,33692,HTTP Request 2,200,OK,config 2 1-355,text,true,,231,168,1000,1000,http://stload.se.ifmo.ru:8080/?token=518472196&&user=-1356113187&config=2,33692,0,0
1776059572339,33049,HTTP Request 2,200,OK,config 2 1-826,text,true,,231,168,1000,1000,http://stload.se.ifmo.ru:8080/?token=518472196&&user=-1356113187&config=2,33049,0,46
1776059572070,33318,HTTP Request 2,200,OK,config 2 1-823,text,true,,231,168,1000,1000,http://stload.se.ifmo.ru:8080/?token=518472196&&user=-1356113187&config=2,33318,0,5
1776059571695,33693,HTTP Request 2,200,OK,config 2 1-353,text,true,,231,168,1000,1000,http://stload.se.ifmo.ru:8080/?token=518472196&&user=-1356113187&config=2,33693,0,0
1776059571696,33692,HTTP Request 2,200,OK,config 2 1-169,text,true,,231,168,1000,1000,http://stload.se.ifmo.ru:8080/?token=518472196&&user=-1356113187&config=2,33692,0,0
1776059571696,33692,HTTP Request 2,200,OK,config 2 1-360,text,true,,231,168,1000,1000,http://stload.se.ifmo.ru:8080/?token=518472196&&user=-1356113187&config=2,33692,0,0
1776059571696,33692,HTTP Request 2,200,OK,config 2 1-352,text,true,,231,168,1000,1000,http://stload.se.ifmo.ru:8080/?token=518472196&&user=-1356113187&config=2,33692,0,0
1776059571696,33692,HTTP Request 2,200,OK,config 2 1-363,text,true,,231,168,1000,1000,http://stload.se.ifmo.ru:8080/?token=518472196&&user=-1356113187&config=2,33692,0,0
1776059571694,33694,HTTP Request 2,200,OK,config 2 1-2,text,true,,231,168,1000,1000,http://stload.se.ifmo.ru:8080/?token=518472196&&user=-1356113187&config=2,33694,0,13
1776059571699,33689,HTTP Request 2,200,OK,config 2 1-364,text,true,,231,168,1000,1000,http://stload.se.ifmo.ru:8080/?token=518472196&&user=-1356113187&config=2,33689,0,0
1776059571695,33693,HTTP Request 2,200,OK,config 2 1-85,text,true,,231,168,1000,1000,http://stload.se.ifmo.ru:8080/?token=518472196&&user=-1356113187&config=2,33693,0,14
1776059573059,32329,HTTP Request 2,200,OK,config 2 1-834,text,true,,231,168,1000,1000,http://stload.se.ifmo.ru:8080/?token=518472196&&user=-1356113187&config=2,32329,0,3
1776059571696,33692,HTTP Request 2,200,OK,config 2 1-36,text,true,,231,168,1000,1000,http://stload.se.ifmo.ru:8080/?token=518472196&&user=-1356113187&config=2,33692,0,14
1776059571695,33693,HTTP Request 2,200,OK,config 2 1-87,text,true,,231,168,1000,1000,http://stload.se.ifmo.ru:8080/?token=518472196&&user=-1356113187&config=2,33693,0,14
1776059572700,32689,HTTP Request 2,200,OK,config 2 1-830,text,true,,231,168,1000,1000,http://stload.se.ifmo.ru:8080/?token=518472196&&user=-1356113187&config=2,32689,0,61
1776059571798,33591,HTTP Request 2,200,OK,config 2 1-820,text,true,,231,168,1000,1000,http://stload.se.ifmo.ru:8080/?token=518472196&&user=-1356113187&config=2,33591,0,6
1776059571695,33694,HTTP Request 2,200,OK,config 2 1-64,text,true,,231,168,1000,1000,http://stload.se.ifmo.ru:8080/?token=518472196&&user=-1356113187&config=2,33694,0,14
1776059571694,33695,HTTP Request 2,200,OK,config 2 1-79,text,true,,231,168,1000,1000,http://stload.se.ifmo.ru:8080/?token=518472196&&user=-1356113187&config=2,33695,0,12
1776059571694,33695,HTTP Request 2,200,OK,config 2 1-70,text,true,,231,168,1000,1000,http://stload.se.ifmo.ru:8080/?token=518472196&&user=-1356113187&config=2,33695,0,12
1776059571695,33694,HTTP Request 2,200,OK,config 2 1-46,text,true,,231,168,1000,1000,http://stload.se.ifmo.ru:8080/?token=518472196&&user=-1356113187&config=2,33694,0,14
1776059571696,33693,HTTP Request 2,200,OK,config 2 1-358,text,true,,231,168,1000,1000,http://stload.se.ifmo.ru:8080/?token=518472196&&user=-1356113187&config=2,33693,0,0
1776059571694,33695,HTTP Request 2,200,OK,config 2 1-35,text,true,,231,168,1000,1000,http://stload.se.ifmo.ru:8080/?token=518472196&&user=-1356113187&config=2,33695,0,13
1776059571695,33694,HTTP Request 2,200,OK,config 2 1-53,text,true,,231,168,1000,1000,http://stload.se.ifmo.ru:8080/?token=518472196&&user=-1356113187&config=2,33694,0,14
1776059572879,32510,HTTP Request 2,200,OK,config 2 1-832,text,true,,231,168,1000,1000,http://stload.se.ifmo.ru:8080/?token=518472196&&user=-1356113187&config=2,32510,0,92
1776059573149,32240,HTTP Request 2,200,OK,config 2 1-835,text,true,,231,168,1000,1000,http://stload.se.ifmo.ru:8080/?token=518472196&&user=-1356113187&config=2,32240,0,116
1776059571694,33695,HTTP Request 2,200,OK,config 2 1-104,text,true,,231,168,1000,1000,http://stload.se.ifmo.ru:8080/?token=518472196&&user=-1356113187&config=2,33695,0,13
1776059571696,33693,HTTP Request 2,200,OK,config 2 1-365,text,true,,231,168,1000,1000,http://stload.se.ifmo.ru:8080/?token=518472196&&user=-1356113187&config=2,33693,0,0
1776059572160,33229,HTTP Request 2,200,OK,config 2 1-824,text,true,,231,168,1000,1000,http://stload.se.ifmo.ru:8080/?token=518472196&&user=-1356113187&config=2,33229,0,67
1776059571708,33681,HTTP Request 2,200,OK,config 2 1-819,text,true,,231,168,1000,1000,http://stload.se.ifmo.ru:8080/?token=518472196&&user=-1356113187&config=2,33681,0,51
1776059571696,33693,HTTP Request 2,200,OK,config 2 1-86,text,true,,231,168,1000,1000,http://stload.se.ifmo.ru:8080/?token=518472196&&user=-1356113187&config=2,33693,0,18
1776059572249,33140,HTTP Request 2,200,OK,config 2 1-825,text,true,,231,168,1000,1000,http://stload.se.ifmo.ru:8080/?token=518472196&&user=-1356113187&config=2,33140,0,82
1776059572429,32960,HTTP Request 2,200,OK,config 2 1-827,text,true,,231,168,1000,1000,http://stload.se.ifmo.ru:8080/?token=518472196&&user=-1356113187&config=2,32960,0,3
1776059572610,32779,HTTP Request 2,200,OK,config 2 1-829,text,true,,231,168,1000,1000,http://stload.se.ifmo.ru:8080/?token=518472196&&user=-1356113187&config=2,32779,0,3
1776059572969,32420,HTTP Request 2,200,OK,config 2 1-833,text,true,,231,168,1000,1000,http://stload.se.ifmo.ru:8080/?token=518472196&&user=-1356113187&config=2,32420,0,3
1776059572519,32870,HTTP Request 2,200,OK,config 2 1-828,text,true,,231,168,1000,1000,http://stload.se.ifmo.ru:8080/?token=518472196&&user=-1356113187&config=2,32870,0,4
1776059573510,31880,HTTP Request 2,200,OK,config 2 1-839,text,true,,231,168,1000,1000,http://stload.se.ifmo.ru:8080/?token=518472196&&user=-1356113187&config=2,31880,0,4
1776059573420,31970,HTTP Request 2,200,OK,config 2 1-838,text,true,,231,168,1000,1000,http://stload.se.ifmo.ru:8080/?token=518472196&&user=-1356113187&config=2,31970,0,3
1776059572789,32600,HTTP Request 2,200,OK,config 2 1-831,text,true,,231,168,1000,1000,http://stload.se.ifmo.ru:8080/?token=518472196&&user=-1356113187&config=2,32600,0,67
1776059574230,31160,HTTP Request 2,200,OK,config 2 1-847,text,true,,231,168,1000,1000,http://stload.se.ifmo.ru:8080/?token=518472196&&user=-1356113187&config=2,31160,0,6
1776059574050,31340,HTTP Request 2,200,OK,config 2 1-845,text,true,,231,168,1000,1000,http://stload.se.ifmo.ru:8080/?token=518472196&&user=-1356113187&config=2,31340,0,57
1776059573600,31790,HTTP Request 2,200,OK,config 2 1-840,text,true,,231,168,1000,1000,http://stload.se.ifmo.ru:8080/?token=518472196&&user=-1356113187&config=2,31790,0,4
1776059574140,31250,HTTP Request 2,200,OK,config 2 1-846,text,true,,231,168,1000,1000,http://stload.se.ifmo.ru:8080/?token=518472196&&user=-1356113187&config=2,31250,0,24
1776059574501,30890,HTTP Request 2,200,OK,config 2 1-850,text,true,,231,168,1000,1000,http://stload.se.ifmo.ru:8080/?token=518472196&&user=-1356113187&config=2,30890,0,6
1776059574409,30982,HTTP Request 2,200,OK,config 2 1-849,text,true,,231,168,1000,1000,http://stload.se.ifmo.ru:8080/?token=518472196&&user=-1356113187&config=2,30982,0,6
1776059566692,38698,HTTP Request 2,200,OK,config 2 1-305,text,true,,231,168,1000,1000,http://stload.se.ifmo.ru:8080/?token=518472196&&user=-1356113187&config=2,38698,0,0
1776059571692,33698,HTTP Request 2,200,OK,config 2 1-375,text,true,,231,168,1000,1000,http://stload.se.ifmo.ru:8080/?token=518472196&&user=-1356113187&config=2,33698,0,0
1776059566696,38694,HTTP Request 2,200,OK,config 2 1-28,text,true,,231,168,1000,1000,http://stload.se.ifmo.ru:8080/?token=518472196&&user=-1356113187&config=2,38694,0,0
1776059571694,33696,HTTP Request 2,200,OK,config 2 1-531,text,true,,231,168,1000,1000,http://stload.se.ifmo.ru:8080/?token=518472196&&user=-1356113187&config=2,33696,0,0
1776059571696,33694,HTTP Request 2,200,OK,config 2 1-351,text,true,,231,168,1000,1000,http://stload.se.ifmo.ru:8080/?token=518472196&&user=-1356113187&config=2,33694,0,0
1776059573331,32060,HTTP Request 2,200,OK,config 2 1-837,text,true,,231,168,1000,1000,http://stload.se.ifmo.ru:8080/?token=518472196&&user=-1356113187&config=2,32060,0,4
1776059574320,31071,HTTP Request 2,200,OK,config 2 1-848,text,true,,231,168,1000,1000,http://stload.se.ifmo.ru:8080/?token=518472196&&user=-1356113187&config=2,31071,0,5
1776059573241,32150,HTTP Request 2,200,OK,config 2 1-836,text,true,,231,168,1000,1000,http://stload.se.ifmo.ru:8080/?token=518472196&&user=-1356113187&config=2,32150,0,27
1776059573690,31701,HTTP Request 2,200,OK,config 2 1-841,text,true,,231,168,1000,1000,http://stload.se.ifmo.ru:8080/?token=518472196&&user=-1356113187&config=2,31701,0,6
1776059573779,31612,HTTP Request 2,200,OK,config 2 1-842,text,true,,231,168,1000,1000,http://stload.se.ifmo.ru:8080/?token=518472196&&user=-1356113187&config=2,31612,0,3
1776059573870,31521,HTTP Request 2,200,OK,config 2 1-843,text,true,,231,168,1000,1000,http://stload.se.ifmo.ru:8080/?token=518472196&&user=-1356113187&config=2,31521,0,43
1776059573962,31429,HTTP Request 2,200,OK,config 2 1-844,text,true,,231,168,1000,1000,http://stload.se.ifmo.ru:8080/?token=518472196&&user=-1356113187&config=2,31429,0,51
1776059574679,30712,HTTP Request 2,200,OK,config 2 1-852,text,true,,231,168,1000,1000,http://stload.se.ifmo.ru:8080/?token=518472196&&user=-1356113187&config=2,30712,0,7
1776059574589,30802,HTTP Request 2,200,OK,config 2 1-851,text,true,,231,168,1000,1000,http://stload.se.ifmo.ru:8080/?token=518472196&&user=-1356113187&config=2,30802,0,3
1776059566697,38695,HTTP Request 2,200,OK,config 2 1-321,text,true,,231,168,1000,1000,http://stload.se.ifmo.ru:8080/?token=518472196&&user=-1356113187&config=2,38695,0,0
1776059567570,37822,HTTP Request 2,200,OK,config 2 1-773,text,true,,231,168,1000,1000,http://stload.se.ifmo.ru:8080/?token=518472196&&user=-1356113187&config=2,37822,0,4
1776059571979,33413,HTTP Request 2,200,OK,config 2 1-822,text,true,,231,168,1000,1000,http://stload.se.ifmo.ru:8080/?token=518472196&&user=-1356113187&config=2,33413,0,3
1776059567749,37643,HTTP Request 2,200,OK,config 2 1-775,text,true,,231,168,1000,1000,http://stload.se.ifmo.ru:8080/?token=518472196&&user=-1356113187&config=2,37643,0,2
1776059567659,37733,HTTP Request 2,200,OK,config 2 1-774,text,true,,231,168,1000,1000,http://stload.se.ifmo.ru:8080/?token=518472196&&user=-1356113187&config=2,37733,0,3
1776059571696,33696,HTTP Request 2,200,OK,config 2 1-366,text,true,,231,168,1000,1000,http://stload.se.ifmo.ru:8080/?token=518472196&&user=-1356113187&config=2,33696,0,0
1776059566698,38694,HTTP Request 2,200,OK,config 2 1-332,text,true,,231,168,1000,1000,http://stload.se.ifmo.ru:8080/?token=518472196&&user=-1356113187&config=2,38694,0,0
1776059567028,38365,HTTP Request 2,200,OK,config 2 1-767,text,true,,231,168,1000,1000,http://stload.se.ifmo.ru:8080/?token=518472196&&user=-1356113187&config=2,38365,0,3
1776059567209,38184,HTTP Request 2,200,OK,config 2 1-769,text,true,,231,168,1000,1000,http://stload.se.ifmo.ru:8080/?token=518472196&&user=-1356113187&config=2,38184,0,3
1776059570718,34675,HTTP Request 2,200,OK,config 2 1-808,text,true,,231,168,1000,1000,http://stload.se.ifmo.ru:8080/?token=518472196&&user=-1356113187&config=2,34675,0,8
1776059571694,33700,HTTP Request 2,200,OK,config 2 1-376,text,true,,231,168,1000,1000,http://stload.se.ifmo.ru:8080/?token=518472196&&user=-1356113187&config=2,33700,0,0
1776059571694,33700,HTTP Request 2,200,OK,config 2 1-166,text,true,,231,168,1000,1000,http://stload.se.ifmo.ru:8080/?token=518472196&&user=-1356113187&config=2,33700,0,0
1776059571696,33699,HTTP Request 2,200,OK,config 2 1-359,text,true,,231,168,1000,1000,http://stload.se.ifmo.ru:8080/?token=518472196&&user=-1356113187&config=2,33699,0,0
1776059574770,41226,HTTP Request 2,200,OK,config 2 1-853,text,true,,231,168,1000,1000,http://stload.se.ifmo.ru:8080/?token=518472196&&user=-1356113187&config=2,41226,0,30
1776059584078,32605,HTTP Request 2,500,Internal Server Error,config 2 1-266,text,false,,233,168,1000,1000,http://stload.se.ifmo.ru:8080/?token=518472196&&user=-1356113187&config=2,32605,0,18
1776059584078,32605,HTTP Request 2,500,Internal Server Error,config 2 1-288,text,false,,233,168,1000,1000,http://stload.se.ifmo.ru:8080/?token=518472196&&user=-1356113187&config=2,32605,0,18
1776059584078,32605,HTTP Request 2,500,Internal Server Error,config 2 1-274,text,false,,233,168,1000,1000,http://stload.se.ifmo.ru:8080/?token=518472196&&user=-1356113187&config=2,32605,0,17
1776059584078,32605,HTTP Request 2,500,Internal Server Error,config 2 1-267,text,false,,233,168,1000,1000,http://stload.se.ifmo.ru:8080/?token=518472196&&user=-1356113187&config=2,32605,0,18
1776059584078,32605,HTTP Request 2,500,Internal Server Error,config 2 1-275,text,false,,233,168,1000,1000,http://stload.se.ifmo.ru:8080/?token=518472196&&user=-1356113187&config=2,32605,0,18
1776059584078,32605,HTTP Request 2,500,Internal Server Error,config 2 1-279,text,false,,233,168,1000,1000,http://stload.se.ifmo.ru:8080/?token=518472196&&user=-1356113187&config=2,32605,0,18
1776059584078,32605,HTTP Request 2,500,Internal Server Error,config 2 1-276,text,false,,233,168,1000,1000,http://stload.se.ifmo.ru:8080/?token=518472196&&user=-1356113187&config=2,32605,0,18
1776059584077,32606,HTTP Request 2,500,Internal Server Error,config 2 1-256,text,false,,233,168,1000,1000,http://stload.se.ifmo.ru:8080/?token=518472196&&user=-1356113187&config=2,32606,0,18
1776059584078,32606,HTTP Request 2,500,Internal Server Error,config 2 1-280,text,false,,233,168,1000,1000,http://stload.se.ifmo.ru:8080/?token=518472196&&user=-1356113187&config=2,32606,0,17
1776059584077,32607,HTTP Request 2,500,Internal Server Error,config 2 1-260,text,false,,233,168,1000,1000,http://stload.se.ifmo.ru:8080/?token=518472196&&user=-1356113187&config=2,32607,0,18
1776059584078,32606,HTTP Request 2,500,Internal Server Error,config 2 1-273,text,false,,233,168,1000,1000,http://stload.se.ifmo.ru:8080/?token=518472196&&user=-1356113187&config=2,32606,0,17
1776059584078,32606,HTTP Request 2,500,Internal Server Error,config 2 1-263,text,false,,233,168,1000,1000,http://stload.se.ifmo.ru:8080/?token=518472196&&user=-1356113187&config=2,32606,0,18
1776059584079,32605,HTTP Request 2,500,Internal Server Error,config 2 1-265,text,false,,233,168,1000,1000,http://stload.se.ifmo.ru:8080/?token=518472196&&user=-1356113187&config=2,32605,0,18
1776059584079,32605,HTTP Request 2,500,Internal Server Error,config 2 1-268,text,false,,233,168,1000,1000,http://stload.se.ifmo.ru:8080/?token=518472196&&user=-1356113187&config=2,32605,0,18
1776059584079,32605,HTTP Request 2,500,Internal Server Error,config 2 1-262,text,false,,233,168,1000,1000,http://stload.se.ifmo.ru:8080/?token=518472196&&user=-1356113187&config=2,32605,0,18
1776059584079,32607,HTTP Request 2,500,Internal Server Error,config 2 1-264,text,false,,233,168,1000,1000,http://stload.se.ifmo.ru:8080/?token=518472196&&user=-1356113187&config=2,32607,0,18
1776059584079,32607,HTTP Request 2,500,Internal Server Error,config 2 1-171,text,false,,233,168,1000,1000,http://stload.se.ifmo.ru:8080/?token=518472196&&user=-1356113187&config=2,32607,0,18
1776059584079,32607,HTTP Request 2,500,Internal Server Error,config 2 1-175,text,false,,233,168,1000,1000,http://stload.se.ifmo.ru:8080/?token=518472196&&user=-1356113187&config=2,32607,0,18
1776059598236,18449,HTTP Request 2,Non HTTP response code: org.apache.http.NoHttpResponseException,Non HTTP response message: stload.se.ifmo.ru:8080 failed to respond,config 2 1-63,text,false,,2076,0,1000,1000,http://stload.se.ifmo.ru:8080/?token=518472196&&user=-1356113187&config=2,0,0,0
1776059598236,18449,HTTP Request 2,Non HTTP response code: org.apache.http.NoHttpResponseException,Non HTTP response message: stload.se.ifmo.ru:8080 failed to respond,config 2 1-16,text,false,,2076,0,1000,1000,http://stload.se.ifmo.ru:8080/?token=518472196&&user=-1356113187&config=2,0,0,0
1776059598237,18448,HTTP Request 2,Non HTTP response code: org.apache.http.NoHttpResponseException,Non HTTP response message: stload.se.ifmo.ru:8080 failed to respond,config 2 1-15,text,false,,2076,0,1000,1000,http://stload.se.ifmo.ru:8080/?token=518472196&&user=-1356113187&config=2,0,0,0
1776059598237,18448,HTTP Request 2,Non HTTP response code: org.apache.http.NoHttpResponseException,Non HTTP response message: stload.se.ifmo.ru:8080 failed to respond,config 2 1-514,text,false,,2076,0,1000,1000,http://stload.se.ifmo.ru:8080/?token=518472196&&user=-1356113187&config=2,0,0,0
1776059598237,18448,HTTP Request 2,Non HTTP response code: org.apache.http.NoHttpResponseException,Non HTTP response message: stload.se.ifmo.ru:8080 failed to respond,config 2 1-515,text,false,,2076,0,1000,1000,http://stload.se.ifmo.ru:8080/?token=518472196&&user=-1356113187&config=2,0,0,0
1776059598237,18448,HTTP Request 2,Non HTTP response code: org.apache.http.NoHttpResponseException,Non HTTP response message: stload.se.ifmo.ru:8080 failed to respond,config 2 1-243,text,false,,2076,0,1000,1000,http://stload.se.ifmo.ru:8080/?token=518472196&&user=-1356113187&config=2,0,0,0
1776059598237,18448,HTTP Request 2,Non HTTP response code: org.apache.http.NoHttpResponseException,Non HTTP response message: stload.se.ifmo.ru:8080 failed to respond,config 2 1-342,text,false,,2076,0,1000,1000,http://stload.se.ifmo.ru:8080/?token=518472196&&user=-1356113187&config=2,0,0,0
1776059598237,18458,HTTP Request 2,Non HTTP response code: org.apache.http.NoHttpResponseException,Non HTTP response message: stload.se.ifmo.ru:8080 failed to respond,config 2 1-516,text,false,,2076,0,1000,1000,http://stload.se.ifmo.ru:8080/?token=518472196&&user=-1356113187&config=2,0,0,0
1776059598237,18458,HTTP Request 2,Non HTTP response code: org.apache.http.NoHttpResponseException,Non HTTP response message: stload.se.ifmo.ru:8080 failed to respond,config 2 1-344,text,false,,2076,0,1000,1000,http://stload.se.ifmo.ru:8080/?token=518472196&&user=-1356113187&config=2,0,0,0
1776059598237,18458,HTTP Request 2,Non HTTP response code: org.apache.http.NoHttpResponseException,Non HTTP response message: stload.se.ifmo.ru:8080 failed to respond,config 2 1-517,text,false,,2076,0,1000,1000,http://stload.se.ifmo.ru:8080/?token=518472196&&user=-1356113187&config=2,0,0,0
1776059598237,18458,HTTP Request 2,Non HTTP response code: org.apache.http.NoHttpResponseException,Non HTTP response message: stload.se.ifmo.ru:8080 failed to respond,config 2 1-48,text,false,,2076,0,1000,1000,http://stload.se.ifmo.ru:8080/?token=518472196&&user=-1356113187&config=2,0,0,0
1776059598237,18458,HTTP Request 2,Non HTTP response code: org.apache.http.NoHttpResponseException,Non HTTP response message: stload.se.ifmo.ru:8080 failed to respond,config 2 1-348,text,false,,2076,0,1000,1000,http://stload.se.ifmo.ru:8080/?token=518472196&&user=-1356113187&config=2,0,0,0
1776059605387,11583,HTTP Request 2,503,Service Unavailable,config 2 1-242,text,false,,237,168,1000,1000,http://stload.se.ifmo.ru:8080/?token=518472196&&user=-1356113187&config=2,11583,0,24
1776059605387,11584,HTTP Request 2,503,Service Unavailable,config 2 1-371,text,false,,237,168,1000,1000,http://stload.se.ifmo.ru:8080/?token=518472196&&user=-1356113187&config=2,11584,0,26
1776059605388,11583,HTTP Request 2,503,Service Unavailable,config 2 1-370,text,false,,237,168,1000,1000,http://stload.se.ifmo.ru:8080/?token=518472196&&user=-1356113187&config=2,11583,0,25
1776059605387,11584,HTTP Request 2,503,Service Unavailable,config 2 1-374,text,false,,237,168,1000,1000,http://stload.se.ifmo.ru:8080/?token=518472196&&user=-1356113187&config=2,11584,0,25
1776059605388,11583,HTTP Request 2,503,Service Unavailable,config 2 1-522,text,false,,237,168,1000,1000,http://stload.se.ifmo.ru:8080/?token=518472196&&user=-1356113187&config=2,11583,0,26
1776059605388,11584,HTTP Request 2,503,Service Unavailable,config 2 1-525,text,false,,237,168,1000,1000,http://stload.se.ifmo.ru:8080/?token=518472196&&user=-1356113187&config=2,11584,0,26
1776059605388,11584,HTTP Request 2,503,Service Unavailable,config 2 1-368,text,false,,237,168,1000,1000,http://stload.se.ifmo.ru:8080/?token=518472196&&user=-1356113187&config=2,11584,0,27
1776059605388,11584,HTTP Request 2,503,Service Unavailable,config 2 1-372,text,false,,237,168,1000,1000,http://stload.se.ifmo.ru:8080/?token=518472196&&user=-1356113187&config=2,11584,0,26
1776059605388,11584,HTTP Request 2,503,Service Unavailable,config 2 1-526,text,false,,237,168,1000,1000,http://stload.se.ifmo.ru:8080/?token=518472196&&user=-1356113187&config=2,11584,0,27
1776059605388,11584,HTTP Request 2,503,Service Unavailable,config 2 1-367,text,false,,237,168,1000,1000,http://stload.se.ifmo.ru:8080/?token=518472196&&user=-1356113187&config=2,11584,0,27
1776059605388,11584,HTTP Request 2,503,Service Unavailable,config 2 1-523,text,false,,237,168,1000,1000,http://stload.se.ifmo.ru:8080/?token=518472196&&user=-1356113187&config=2,11584,0,27
1776059605389,11583,HTTP Request 2,503,Service Unavailable,config 2 1-349,text,false,,237,168,1000,1000,http://stload.se.ifmo.ru:8080/?token=518472196&&user=-1356113187&config=2,11583,0,28
1776059605389,11583,HTTP Request 2,503,Service Unavailable,config 2 1-521,text,false,,237,168,1000,1000,http://stload.se.ifmo.ru:8080/?token=518472196&&user=-1356113187&config=2,11583,0,28
1776059605388,11584,HTTP Request 2,503,Service Unavailable,config 2 1-357,text,false,,237,168,1000,1000,http://stload.se.ifmo.ru:8080/?token=518472196&&user=-1356113187&config=2,11584,0,29
1776059605388,11584,HTTP Request 2,503,Service Unavailable,config 2 1-369,text,false,,237,168,1000,1000,http://stload.se.ifmo.ru:8080/?token=518472196&&user=-1356113187&config=2,11584,0,29
1776059605388,11584,HTTP Request 2,503,Service Unavailable,config 2 1-520,text,false,,237,168,1000,1000,http://stload.se.ifmo.ru:8080/?token=518472196&&user=-1356113187&config=2,11584,0,27
1776059605389,11583,HTTP Request 2,503,Service Unavailable,config 2 1-356,text,false,,237,168,1000,1000,http://stload.se.ifmo.ru:8080/?token=518472196&&user=-1356113187&config=2,11583,0,28
1776059605389,11583,HTTP Request 2,503,Service Unavailable,config 2 1-362,text,false,,237,168,1000,1000,http://stload.se.ifmo.ru:8080/?token=518472196&&user=-1356113187&config=2,11583,0,28
1776059605388,11584,HTTP Request 2,503,Service Unavailable,config 2 1-524,text,false,,237,168,1000,1000,http://stload.se.ifmo.ru:8080/?token=518472196&&user=-1356113187&config=2,11584,0,27
1776059605388,11584,HTTP Request 2,503,Service Unavailable,config 2 1-350,text,false,,237,168,1000,1000,http://stload.se.ifmo.ru:8080/?token=518472196&&user=-1356113187&config=2,11584,0,27
1776059605389,11583,HTTP Request 2,503,Service Unavailable,config 2 1-354,text,false,,237,168,1000,1000,http://stload.se.ifmo.ru:8080/?token=518472196&&user=-1356113187&config=2,11583,0,28
1776059605389,11583,HTTP Request 2,503,Service Unavailable,config 2 1-373,text,false,,237,168,1000,1000,http://stload.se.ifmo.ru:8080/?token=518472196&&user=-1356113187&config=2,11583,0,28
1776059605389,11583,HTTP Request 2,503,Service Unavailable,config 2 1-169,text,false,,237,168,1000,1000,http://stload.se.ifmo.ru:8080/?token=518472196&&user=-1356113187&config=2,11583,0,28
1776059605389,11584,HTTP Request 2,503,Service Unavailable,config 2 1-360,text,false,,237,168,1000,1000,http://stload.se.ifmo.ru:8080/?token=518472196&&user=-1356113187&config=2,11584,0,28
1776059605389,11584,HTTP Request 2,503,Service Unavailable,config 2 1-361,text,false,,237,168,1000,1000,http://stload.se.ifmo.ru:8080/?token=518472196&&user=-1356113187&config=2,11584,0,28
1776059605389,11584,HTTP Request 2,503,Service Unavailable,config 2 1-355,text,false,,237,168,1000,1000,http://stload.se.ifmo.ru:8080/?token=518472196&&user=-1356113187&config=2,11584,0,28
1776059605389,11584,HTTP Request 2,503,Service Unavailable,config 2 1-353,text,false,,237,168,1000,1000,http://stload.se.ifmo.ru:8080/?token=518472196&&user=-1356113187&config=2,11584,0,29
1776059605389,11584,HTTP Request 2,503,Service Unavailable,config 2 1-364,text,false,,237,168,1000,1000,http://stload.se.ifmo.ru:8080/?token=518472196&&user=-1356113187&config=2,11584,0,29
1776059605389,11584,HTTP Request 2,503,Service Unavailable,config 2 1-352,text,false,,237,168,1000,1000,http://stload.se.ifmo.ru:8080/?token=518472196&&user=-1356113187&config=2,11584,0,31
1776059605389,11584,HTTP Request 2,503,Service Unavailable,config 2 1-363,text,false,,237,168,1000,1000,http://stload.se.ifmo.ru:8080/?token=518472196&&user=-1356113187&config=2,11584,0,32
1776059605390,11583,HTTP Request 2,503,Service Unavailable,config 2 1-365,text,false,,237,168,1000,1000,http://stload.se.ifmo.ru:8080/?token=518472196&&user=-1356113187&config=2,11583,0,32
1776059605390,11583,HTTP Request 2,503,Service Unavailable,config 2 1-358,text,false,,237,168,1000,1000,http://stload.se.ifmo.ru:8080/?token=518472196&&user=-1356113187&config=2,11583,0,31
1776059605391,11583,HTTP Request 2,503,Service Unavailable,config 2 1-305,text,false,,237,168,1000,1000,http://stload.se.ifmo.ru:8080/?token=518472196&&user=-1356113187&config=2,11583,0,33
1776059605391,11584,HTTP Request 2,503,Service Unavailable,config 2 1-28,text,false,,237,168,1000,1000,http://stload.se.ifmo.ru:8080/?token=518472196&&user=-1356113187&config=2,11584,0,33
1776059605391,11584,HTTP Request 2,503,Service Unavailable,config 2 1-375,text,false,,237,168,1000,1000,http://stload.se.ifmo.ru:8080/?token=518472196&&user=-1356113187&config=2,11584,0,33
1776059605391,11584,HTTP Request 2,503,Service Unavailable,config 2 1-351,text,false,,237,168,1000,1000,http://stload.se.ifmo.ru:8080/?token=518472196&&user=-1356113187&config=2,11584,0,33
1776059605395,11580,HTTP Request 2,503,Service Unavailable,config 2 1-376,text,false,,237,168,1000,1000,http://stload.se.ifmo.ru:8080/?token=518472196&&user=-1356113187&config=2,11580,0,30
1776059605393,11582,HTTP Request 2,503,Service Unavailable,config 2 1-332,text,false,,237,168,1000,1000,http://stload.se.ifmo.ru:8080/?token=518472196&&user=-1356113187&config=2,11582,0,32
1776059605393,11583,HTTP Request 2,503,Service Unavailable,config 2 1-321,text,false,,237,168,1000,1000,http://stload.se.ifmo.ru:8080/?token=518472196&&user=-1356113187&config=2,11582,0,32
1776059605393,11583,HTTP Request 2,503,Service Unavailable,config 2 1-366,text,false,,237,168,1000,1000,http://stload.se.ifmo.ru:8080/?token=518472196&&user=-1356113187&config=2,11583,0,32
1776059605395,11581,HTTP Request 2,503,Service Unavailable,config 2 1-166,text,false,,237,168,1000,1000,http://stload.se.ifmo.ru:8080/?token=518472196&&user=-1356113187&config=2,11581,0,30
1776059605396,11580,HTTP Request 2,503,Service Unavailable,config 2 1-359,text,false,,237,168,1000,1000,http://stload.se.ifmo.ru:8080/?token=518472196&&user=-1356113187&config=2,11580,0,30
1776059602541,14434,HTTP Request 2,Non HTTP response code: org.apache.http.NoHttpResponseException,Non HTTP response message: stload.se.ifmo.ru:8080 failed to respond,config 2 1-724,text,false,,2076,0,1000,1000,http://stload.se.ifmo.ru:8080/?token=518472196&&user=-1356113187&config=2,0,0,0
1776059602542,14437,HTTP Request 2,Non HTTP response code: org.apache.http.NoHttpResponseException,Non HTTP response message: stload.se.ifmo.ru:8080 failed to respond,config 2 1-725,text,false,,2076,0,1000,1000,http://stload.se.ifmo.ru:8080/?token=518472196&&user=-1356113187&config=2,0,0,0
1776059602541,14438,HTTP Request 2,Non HTTP response code: org.apache.http.NoHttpResponseException,Non HTTP response message: stload.se.ifmo.ru:8080 failed to respond,config 2 1-726,text,false,,2076,0,1000,1000,http://stload.se.ifmo.ru:8080/?token=518472196&&user=-1356113187&config=2,0,0,0
1776059602543,14436,HTTP Request 2,Non HTTP response code: org.apache.http.NoHttpResponseException,Non HTTP response message: stload.se.ifmo.ru:8080 failed to respond,config 2 1-499,text,false,,2076,0,1000,1000,http://stload.se.ifmo.ru:8080/?token=518472196&&user=-1356113187&config=2,0,0,0
1776059602543,14436,HTTP Request 2,Non HTTP response code: org.apache.http.NoHttpResponseException,Non HTTP response message: stload.se.ifmo.ru:8080 failed to respond,config 2 1-729,text,false,,2076,0,1000,1000,http://stload.se.ifmo.ru:8080/?token=518472196&&user=-1356113187&config=2,0,0,0
1776059602542,14437,HTTP Request 2,Non HTTP response code: org.apache.http.NoHttpResponseException,Non HTTP response message: stload.se.ifmo.ru:8080 failed to respond,config 2 1-552,text,false,,2076,0,1000,1000,http://stload.se.ifmo.ru:8080/?token=518472196&&user=-1356113187&config=2,0,0,0
1776059602543,14436,HTTP Request 2,Non HTTP response code: org.apache.http.NoHttpResponseException,Non HTTP response message: stload.se.ifmo.ru:8080 failed to respond,config 2 1-495,text,false,,2076,0,1000,1000,http://stload.se.ifmo.ru:8080/?token=518472196&&user=-1356113187&config=2,0,0,0
1776059602542,14437,HTTP Request 2,Non HTTP response code: org.apache.http.NoHttpResponseException,Non HTTP response message: stload.se.ifmo.ru:8080 failed to respond,config 2 1-727,text,false,,2076,0,1000,1000,http://stload.se.ifmo.ru:8080/?token=518472196&&user=-1356113187&config=2,0,0,0
1776059602543,14436,HTTP Request 2,Non HTTP response code: org.apache.http.NoHttpResponseException,Non HTTP response message: stload.se.ifmo.ru:8080 failed to respond,config 2 1-728,text,false,,2076,0,1000,1000,http://stload.se.ifmo.ru:8080/?token=518472196&&user=-1356113187&config=2,0,0,0
1776059615996,1039,HTTP Request 2,503,Service Unavailable,config 2 1-853,text,false,,237,168,1000,1000,http://stload.se.ifmo.ru:8080/?token=518472196&&user=-1356113187&config=2,1039,0,0
1776059579718,39399,HTTP Request 2,200,OK,config 2 1-700,text,true,,231,168,1000,1000,http://stload.se.ifmo.ru:8080/?token=518472196&&user=-1356113187&config=2,39399,0,5
1776059579718,39399,HTTP Request 2,200,OK,config 2 1-519,text,true,,231,168,1000,1000,http://stload.se.ifmo.ru:8080/?token=518472196&&user=-1356113187&config=2,39399,0,5
1776059579718,39400,HTTP Request 2,200,OK,config 2 1-518,text,true,,231,168,1000,1000,http://stload.se.ifmo.ru:8080/?token=518472196&&user=-1356113187&config=2,39400,0,5
1776059579718,39400,HTTP Request 2,200,OK,config 2 1-701,text,true,,231,168,1000,1000,http://stload.se.ifmo.ru:8080/?token=518472196&&user=-1356113187&config=2,39400,0,5
1776059579718,39400,HTTP Request 2,200,OK,config 2 1-698,text,true,,231,168,1000,1000,http://stload.se.ifmo.ru:8080/?token=518472196&&user=-1356113187&config=2,39400,0,5
1776059579719,39401,HTTP Request 2,200,OK,config 2 1-908,text,true,,231,168,996,996,http://stload.se.ifmo.ru:8080/?token=518472196&&user=-1356113187&config=2,39401,0,6
1776059579718,39402,HTTP Request 2,200,OK,config 2 1-699,text,true,,231,168,996,996,http://stload.se.ifmo.ru:8080/?token=518472196&&user=-1356113187&config=2,39402,0,5
1776059579723,39397,HTTP Request 2,200,OK,config 2 1-331,text,true,,231,168,994,994,http://stload.se.ifmo.ru:8080/?token=518472196&&user=-1356113187&config=2,39397,0,4
1776059579722,39398,HTTP Request 2,200,OK,config 2 1-154,text,true,,231,168,994,994,http://stload.se.ifmo.ru:8080/?token=518472196&&user=-1356113187&config=2,39398,0,5
1776059579723,39397,HTTP Request 2,200,OK,config 2 1-335,text,true,,231,168,992,992,http://stload.se.ifmo.ru:8080/?token=518472196&&user=-1356113187&config=2,39397,0,7
1776059579723,39397,HTTP Request 2,200,OK,config 2 1-333,text,true,,231,168,992,992,http://stload.se.ifmo.ru:8080/?token=518472196&&user=-1356113187&config=2,39397,0,7
1776059579898,39222,HTTP Request 2,200,OK,config 2 1-910,text,true,,231,168,991,991,http://stload.se.ifmo.ru:8080/?token=518472196&&user=-1356113187&config=2,39222,0,10
1776059579718,39403,HTTP Request 2,200,OK,config 2 1-703,text,true,,231,168,991,991,http://stload.se.ifmo.ru:8080/?token=518472196&&user=-1356113187&config=2,39403,0,5
1776059579723,39398,HTTP Request 2,200,OK,config 2 1-162,text,true,,231,168,991,991,http://stload.se.ifmo.ru:8080/?token=518472196&&user=-1356113187&config=2,39398,0,4
1776059579990,39131,HTTP Request 2,200,OK,config 2 1-911,text,true,,231,168,991,991,http://stload.se.ifmo.ru:8080/?token=518472196&&user=-1356113187&config=2,39131,0,7
1776059579722,39399,HTTP Request 2,200,OK,config 2 1-144,text,true,,231,168,991,991,http://stload.se.ifmo.ru:8080/?token=518472196&&user=-1356113187&config=2,39399,0,8
1776059579718,39403,HTTP Request 2,200,OK,config 2 1-347,text,true,,231,168,991,991,http://stload.se.ifmo.ru:8080/?token=518472196&&user=-1356113187&config=2,39403,0,5
1776059579723,39398,HTTP Request 2,200,OK,config 2 1-153,text,true,,231,168,991,991,http://stload.se.ifmo.ru:8080/?token=518472196&&user=-1356113187&config=2,39398,0,4
1776059579723,39398,HTTP Request 2,200,OK,config 2 1-720,text,true,,231,168,991,991,http://stload.se.ifmo.ru:8080/?token=518472196&&user=-1356113187&config=2,39398,0,7
1776059579808,39313,HTTP Request 2,200,OK,config 2 1-909,text,true,,231,168,990,990,http://stload.se.ifmo.ru:8080/?token=518472196&&user=-1356113187&config=2,39313,0,4
1776059580079,39042,HTTP Request 2,200,OK,config 2 1-912,text,true,,231,168,990,990,http://stload.se.ifmo.ru:8080/?token=518472196&&user=-1356113187&config=2,39042,0,4
1776059579722,39399,HTTP Request 2,200,OK,config 2 1-157,text,true,,231,168,989,989,http://stload.se.ifmo.ru:8080/?token=518472196&&user=-1356113187&config=2,39399,0,4
1776059579723,39398,HTTP Request 2,200,OK,config 2 1-330,text,true,,231,168,989,989,http://stload.se.ifmo.ru:8080/?token=518472196&&user=-1356113187&config=2,39398,0,6
1776059579722,39399,HTTP Request 2,200,OK,config 2 1-161,text,true,,231,168,989,989,http://stload.se.ifmo.ru:8080/?token=518472196&&user=-1356113187&config=2,39399,0,4
1776059579723,39398,HTTP Request 2,200,OK,config 2 1-480,text,true,,231,168,989,989,http://stload.se.ifmo.ru:8080/?token=518472196&&user=-1356113187&config=2,39398,0,7
1776059580708,38413,HTTP Request 2,200,OK,config 2 1-919,text,true,,231,168,987,987,http://stload.se.ifmo.ru:8080/?token=518472196&&user=-1356113187&config=2,38413,0,5
1776059579722,39399,HTTP Request 2,200,OK,config 2 1-145,text,true,,231,168,987,987,http://stload.se.ifmo.ru:8080/?token=518472196&&user=-1356113187&config=2,39399,0,4
1776059580349,38772,HTTP Request 2,200,OK,config 2 1-915,text,true,,231,168,987,987,http://stload.se.ifmo.ru:8080/?token=518472196&&user=-1356113187&config=2,38772,0,4
1776059580619,38502,HTTP Request 2,200,OK,config 2 1-918,text,true,,231,168,987,987,http://stload.se.ifmo.ru:8080/?token=518472196&&user=-1356113187&config=2,38502,0,3
1776059580978,38143,HTTP Request 2,200,OK,config 2 1-922,text,true,,231,168,987,987,http://stload.se.ifmo.ru:8080/?token=518472196&&user=-1356113187&config=2,38143,0,3
1776059581249,37872,HTTP Request 2,200,OK,config 2 1-925,text,true,,231,168,987,987,http://stload.se.ifmo.ru:8080/?token=518472196&&user=-1356113187&config=2,37872,0,4
1776059580439,38682,HTTP Request 2,200,OK,config 2 1-916,text,true,,231,168,987,987,http://stload.se.ifmo.ru:8080/?token=518472196&&user=-1356113187&config=2,38682,0,3
1776059580530,38591,HTTP Request 2,200,OK,config 2 1-917,text,true,,231,168,987,987,http://stload.se.ifmo.ru:8080/?token=518472196&&user=-1356113187&config=2,38591,0,4
1776059579722,39399,HTTP Request 2,200,OK,config 2 1-156,text,true,,231,168,987,987,http://stload.se.ifmo.ru:8080/?token=518472196&&user=-1356113187&config=2,39399,0,4
1776059580889,38233,HTTP Request 2,200,OK,config 2 1-921,text,true,,231,168,987,987,http://stload.se.ifmo.ru:8080/?token=518472196&&user=-1356113187&config=2,38233,0,2
1776059581070,38052,HTTP Request 2,200,OK,config 2 1-923,text,true,,231,168,987,987,http://stload.se.ifmo.ru:8080/?token=518472196&&user=-1356113187&config=2,38052,0,2
1776059581158,37964,HTTP Request 2,200,OK,config 2 1-924,text,true,,231,168,987,987,http://stload.se.ifmo.ru:8080/?token=518472196&&user=-1356113187&config=2,37964,0,3
1776059579722,39400,HTTP Request 2,200,OK,config 2 1-212,text,true,,231,168,984,984,http://stload.se.ifmo.ru:8080/?token=518472196&&user=-1356113187&config=2,39400,0,5
1776059579722,39400,HTTP Request 2,200,OK,config 2 1-146,text,true,,231,168,982,982,http://stload.se.ifmo.ru:8080/?token=518472196&&user=-1356113187&config=2,39400,0,5
1776059580169,38953,HTTP Request 2,200,OK,config 2 1-913,text,true,,231,168,982,982,http://stload.se.ifmo.ru:8080/?token=518472196&&user=-1356113187&config=2,38953,0,3
1776059579722,39400,HTTP Request 2,200,OK,config 2 1-334,text,true,,231,168,981,981,http://stload.se.ifmo.ru:8080/?token=518472196&&user=-1356113187&config=2,39400,0,5
1776059579722,39400,HTTP Request 2,200,OK,config 2 1-142,text,true,,231,168,979,979,http://stload.se.ifmo.ru:8080/?token=518472196&&user=-1356113187&config=2,39400,0,5
1776059579722,39401,HTTP Request 2,200,OK,config 2 1-149,text,true,,231,168,975,975,http://stload.se.ifmo.ru:8080/?token=518472196&&user=-1356113187&config=2,39401,0,4
1776059580260,38863,HTTP Request 2,200,OK,config 2 1-914,text,true,,231,168,979,979,http://stload.se.ifmo.ru:8080/?token=518472196&&user=-1356113187&config=2,38863,0,4
1776059581440,37684,HTTP Request 2,200,OK,config 2 1-582,text,true,,231,168,970,970,http://stload.se.ifmo.ru:8080/?token=518472196&&user=-1356113187&config=2,37684,0,0
1776059579718,39405,HTTP Request 2,200,OK,config 2 1-696,text,true,,231,168,978,978,http://stload.se.ifmo.ru:8080/?token=518472196&&user=-1356113187&config=2,39405,0,5
1776059580799,38325,HTTP Request 2,200,OK,config 2 1-920,text,true,,231,168,968,968,http://stload.se.ifmo.ru:8080/?token=518472196&&user=-1356113187&config=2,38325,0,4
1776059579718,39405,HTTP Request 2,200,OK,config 2 1-702,text,true,,231,168,978,978,http://stload.se.ifmo.ru:8080/?token=518472196&&user=-1356113187&config=2,39405,0,5
1776059581340,37785,HTTP Request 2,200,OK,config 2 1-926,text,true,,231,168,965,965,http://stload.se.ifmo.ru:8080/?token=518472196&&user=-1356113187&config=2,37785,0,6
1776059579718,39405,HTTP Request 2,200,OK,config 2 1-697,text,true,,231,168,978,978,http://stload.se.ifmo.ru:8080/?token=518472196&&user=-1356113187&config=2,39405,0,5
1776059581440,37685,HTTP Request 2,200,OK,config 2 1-584,text,true,,231,168,962,962,http://stload.se.ifmo.ru:8080/?token=518472196&&user=-1356113187&config=2,37685,0,0
1776059581441,37685,HTTP Request 2,200,OK,config 2 1-590,text,true,,231,168,961,961,http://stload.se.ifmo.ru:8080/?token=518472196&&user=-1356113187&config=2,37685,0,0
1776059581440,37686,HTTP Request 2,200,OK,config 2 1-580,text,true,,231,168,961,961,http://stload.se.ifmo.ru:8080/?token=518472196&&user=-1356113187&config=2,37686,0,0
1776059581442,37684,HTTP Request 2,200,OK,config 2 1-611,text,true,,231,168,961,961,http://stload.se.ifmo.ru:8080/?token=518472196&&user=-1356113187&config=2,37684,0,0
1776059581440,37686,HTTP Request 2,200,OK,config 2 1-575,text,true,,231,168,958,958,http://stload.se.ifmo.ru:8080/?token=518472196&&user=-1356113187&config=2,37686,0,0
1776059581441,37685,HTTP Request 2,200,OK,config 2 1-585,text,true,,231,168,957,957,http://stload.se.ifmo.ru:8080/?token=518472196&&user=-1356113187&config=2,37685,0,0
1776059581440,37687,HTTP Request 2,200,OK,config 2 1-577,text,true,,231,168,956,956,http://stload.se.ifmo.ru:8080/?token=518472196&&user=-1356113187&config=2,37687,0,0
1776059581441,37686,HTTP Request 2,200,OK,config 2 1-593,text,true,,231,168,954,954,http://stload.se.ifmo.ru:8080/?token=518472196&&user=-1356113187&config=2,37686,0,0
1776059581440,37687,HTTP Request 2,200,OK,config 2 1-588,text,true,,231,168,954,954,http://stload.se.ifmo.ru:8080/?token=518472196&&user=-1356113187&config=2,37687,0,0
1776059581441,37686,HTTP Request 2,200,OK,config 2 1-595,text,true,,231,168,954,954,http://stload.se.ifmo.ru:8080/?token=518472196&&user=-1356113187&config=2,37686,0,0
1776059581440,37687,HTTP Request 2,200,OK,config 2 1-581,text,true,,231,168,953,953,http://stload.se.ifmo.ru:8080/?token=518472196&&user=-1356113187&config=2,37687,0,0
1776059581441,37686,HTTP Request 2,200,OK,config 2 1-600,text,true,,231,168,952,952,http://stload.se.ifmo.ru:8080/?token=518472196&&user=-1356113187&config=2,37686,0,0
1776059581440,37687,HTTP Request 2,200,OK,config 2 1-594,text,true,,231,168,951,951,http://stload.se.ifmo.ru:8080/?token=518472196&&user=-1356113187&config=2,37687,0,0
1776059581441,37687,HTTP Request 2,200,OK,config 2 1-610,text,true,,231,168,950,950,http://stload.se.ifmo.ru:8080/?token=518472196&&user=-1356113187&config=2,37687,0,0
1776059581440,37688,HTTP Request 2,200,OK,config 2 1-596,text,true,,231,168,949,949,http://stload.se.ifmo.ru:8080/?token=518472196&&user=-1356113187&config=2,37688,0,0
1776059581443,37685,HTTP Request 2,200,OK,config 2 1-377,text,true,,231,168,948,948,http://stload.se.ifmo.ru:8080/?token=518472196&&user=-1356113187&config=2,37685,0,0
1776059581443,37685,HTTP Request 2,200,OK,config 2 1-397,text,true,,231,168,948,948,http://stload.se.ifmo.ru:8080/?token=518472196&&user=-1356113187&config=2,37685,0,0
1776059581440,37688,HTTP Request 2,200,OK,config 2 1-589,text,true,,231,168,948,948,http://stload.se.ifmo.ru:8080/?token=518472196&&user=-1356113187&config=2,37688,0,0
1776059581440,37688,HTTP Request 2,200,OK,config 2 1-587,text,true,,231,168,947,947,http://stload.se.ifmo.ru:8080/?token=518472196&&user=-1356113187&config=2,37688,0,0
1776059581441,37688,HTTP Request 2,200,OK,config 2 1-591,text,true,,231,168,945,945,http://stload.se.ifmo.ru:8080/?token=518472196&&user=-1356113187&config=2,37688,0,0
1776059581445,37684,HTTP Request 2,200,OK,config 2 1-402,text,true,,231,168,945,945,http://stload.se.ifmo.ru:8080/?token=518472196&&user=-1356113187&config=2,37684,0,0
1776059581440,37689,HTTP Request 2,200,OK,config 2 1-574,text,true,,231,168,944,944,http://stload.se.ifmo.ru:8080/?token=518472196&&user=-1356113187&config=2,37689,0,0
1776059581440,37689,HTTP Request 2,200,OK,config 2 1-586,text,true,,231,168,944,944,http://stload.se.ifmo.ru:8080/?token=518472196&&user=-1356113187&config=2,37689,0,0
1776059581446,37683,HTTP Request 2,200,OK,config 2 1-642,text,true,,231,168,944,944,http://stload.se.ifmo.ru:8080/?token=518472196&&user=-1356113187&config=2,37683,0,0
1776059581440,37689,HTTP Request 2,200,OK,config 2 1-583,text,true,,231,168,944,944,http://stload.se.ifmo.ru:8080/?token=518472196&&user=-1356113187&config=2,37689,0,0
1776059581441,37688,HTTP Request 2,200,OK,config 2 1-598,text,true,,231,168,942,942,http://stload.se.ifmo.ru:8080/?token=518472196&&user=-1356113187&config=2,37688,0,0
1776059581440,37689,HTTP Request 2,200,OK,config 2 1-571,text,true,,231,168,942,942,http://stload.se.ifmo.ru:8080/?token=518472196&&user=-1356113187&config=2,37689,0,0
1776059581442,37688,HTTP Request 2,200,OK,config 2 1-616,text,true,,231,168,942,942,http://stload.se.ifmo.ru:8080/?token=518472196&&user=-1356113187&config=2,37688,0,0
1776059581440,37690,HTTP Request 2,200,OK,config 2 1-573,text,true,,231,168,942,942,http://stload.se.ifmo.ru:8080/?token=518472196&&user=-1356113187&config=2,37690,0,0
1776059581440,37690,HTTP Request 2,200,OK,config 2 1-570,text,true,,231,168,941,941,http://stload.se.ifmo.ru:8080/?token=518472196&&user=-1356113187&config=2,37690,0,0
1776059581448,37682,HTTP Request 2,200,OK,config 2 1-649,text,true,,231,168,940,940,http://stload.se.ifmo.ru:8080/?token=518472196&&user=-1356113187&config=2,37682,0,0
1776059581441,37689,HTTP Request 2,200,OK,config 2 1-576,text,true,,231,168,939,939,http://stload.se.ifmo.ru:8080/?token=518472196&&user=-1356113187&config=2,37689,0,0
1776059581440,37690,HTTP Request 2,200,OK,config 2 1-572,text,true,,231,168,939,939,http://stload.se.ifmo.ru:8080/?token=518472196&&user=-1356113187&config=2,37690,0,0
1776059581446,37684,HTTP Request 2,200,OK,config 2 1-645,text,true,,231,168,937,937,http://stload.se.ifmo.ru:8080/?token=518472196&&user=-1356113187&config=2,37684,0,0
1776059581442,37688,HTTP Request 2,200,OK,config 2 1-603,text,true,,231,168,936,936,http://stload.se.ifmo.ru:8080/?token=518472196&&user=-1356113187&config=2,37688,0,0
1776059581440,37690,HTTP Request 2,200,OK,config 2 1-579,text,true,,231,168,935,935,http://stload.se.ifmo.ru:8080/?token=518472196&&user=-1356113187&config=2,37690,0,0
1776059581442,37688,HTTP Request 2,200,OK,config 2 1-606,text,true,,231,168,933,933,http://stload.se.ifmo.ru:8080/?token=518472196&&user=-1356113187&config=2,37688,0,0
1776059581445,37685,HTTP Request 2,200,OK,config 2 1-67,text,true,,231,168,933,933,http://stload.se.ifmo.ru:8080/?token=518472196&&user=-1356113187&config=2,37685,0,18
1776059581443,37687,HTTP Request 2,200,OK,config 2 1-51,text,true,,231,168,932,932,http://stload.se.ifmo.ru:8080/?token=518472196&&user=-1356113187&config=2,37687,0,17
1776059581442,37689,HTTP Request 2,200,OK,config 2 1-615,text,true,,231,168,931,931,http://stload.se.ifmo.ru:8080/?token=518472196&&user=-1356113187&config=2,37689,0,0
1776059581448,37683,HTTP Request 2,200,OK,config 2 1-644,text,true,,231,168,931,931,http://stload.se.ifmo.ru:8080/?token=518472196&&user=-1356113187&config=2,37683,0,0
1776059581442,37689,HTTP Request 2,200,OK,config 2 1-609,text,true,,231,168,930,930,http://stload.se.ifmo.ru:8080/?token=518472196&&user=-1356113187&config=2,37689,0,0
1776059581447,37684,HTTP Request 2,200,OK,config 2 1-648,text,true,,231,168,930,930,http://stload.se.ifmo.ru:8080/?token=518472196&&user=-1356113187&config=2,37684,0,0
1776059581448,37683,HTTP Request 2,200,OK,config 2 1-139,text,true,,231,168,930,930,http://stload.se.ifmo.ru:8080/?token=518472196&&user=-1356113187&config=2,37683,0,20
1776059581447,37684,HTTP Request 2,200,OK,config 2 1-643,text,true,,231,168,930,930,http://stload.se.ifmo.ru:8080/?token=518472196&&user=-1356113187&config=2,37684,0,0
1776059581442,37689,HTTP Request 2,200,OK,config 2 1-601,text,true,,231,168,930,930,http://stload.se.ifmo.ru:8080/?token=518472196&&user=-1356113187&config=2,37689,0,0
1776059581446,37685,HTTP Request 2,200,OK,config 2 1-638,text,true,,231,168,930,930,http://stload.se.ifmo.ru:8080/?token=518472196&&user=-1356113187&config=2,37685,0,0
1776059581444,37687,HTTP Request 2,200,OK,config 2 1-50,text,true,,231,168,930,930,http://stload.se.ifmo.ru:8080/?token=518472196&&user=-1356113187&config=2,37687,0,16
1776059581442,37689,HTTP Request 2,200,OK,config 2 1-604,text,true,,231,168,930,930,http://stload.se.ifmo.ru:8080/?token=518472196&&user=-1356113187&config=2,37689,0,0
1776059581788,37343,HTTP Request 2,200,OK,config 2 1-931,text,true,,231,168,930,930,http://stload.se.ifmo.ru:8080/?token=518472196&&user=-1356113187&config=2,37343,0,3
1776059581445,37686,HTTP Request 2,200,OK,config 2 1-17,text,true,,231,168,929,929,http://stload.se.ifmo.ru:8080/?token=518472196&&user=-1356113187&config=2,37686,0,18
1776059581442,37689,HTTP Request 2,200,OK,config 2 1-602,text,true,,231,168,927,927,http://stload.se.ifmo.ru:8080/?token=518472196&&user=-1356113187&config=2,37689,0,0
1776059581442,37689,HTTP Request 2,200,OK,config 2 1-612,text,true,,231,168,925,925,http://stload.se.ifmo.ru:8080/?token=518472196&&user=-1356113187&config=2,37689,0,0
1776059581442,37690,HTTP Request 2,200,OK,config 2 1-599,text,true,,231,168,924,924,http://stload.se.ifmo.ru:8080/?token=518472196&&user=-1356113187&config=2,37690,0,0
1776059581447,37685,HTTP Request 2,200,OK,config 2 1-641,text,true,,231,168,924,924,http://stload.se.ifmo.ru:8080/?token=518472196&&user=-1356113187&config=2,37685,0,0
1776059581442,37690,HTTP Request 2,200,OK,config 2 1-597,text,true,,231,168,923,923,http://stload.se.ifmo.ru:8080/?token=518472196&&user=-1356113187&config=2,37690,0,0
1776059581442,37690,HTTP Request 2,200,OK,config 2 1-605,text,true,,231,168,921,921,http://stload.se.ifmo.ru:8080/?token=518472196&&user=-1356113187&config=2,37690,0,0
1776059581443,37690,HTTP Request 2,200,OK,config 2 1-614,text,true,,231,168,921,921,http://stload.se.ifmo.ru:8080/?token=518472196&&user=-1356113187&config=2,37690,0,0
1776059581443,37690,HTTP Request 2,200,OK,config 2 1-607,text,true,,231,168,919,919,http://stload.se.ifmo.ru:8080/?token=518472196&&user=-1356113187&config=2,37690,0,0
1776059581443,37690,HTTP Request 2,200,OK,config 2 1-608,text,true,,231,168,917,917,http://stload.se.ifmo.ru:8080/?token=518472196&&user=-1356113187&config=2,37690,0,0
1776059581443,37690,HTTP Request 2,200,OK,config 2 1-613,text,true,,231,168,917,917,http://stload.se.ifmo.ru:8080/?token=518472196&&user=-1356113187&config=2,37690,0,0
1776059581440,37690,HTTP Request 2,200,OK,config 2 1-578,text,true,,231,168,933,933,http://stload.se.ifmo.ru:8080/?token=518472196&&user=-1356113187&config=2,37690,0,0
1776059581443,37691,HTTP Request 2,200,OK,config 2 1-617,text,true,,231,168,916,916,http://stload.se.ifmo.ru:8080/?token=518472196&&user=-1356113187&config=2,37691,0,0
1776059581429,37705,HTTP Request 2,200,OK,config 2 1-927,text,true,,231,168,915,915,http://stload.se.ifmo.ru:8080/?token=518472196&&user=-1356113187&config=2,37705,0,19
1776059581443,37691,HTTP Request 2,200,OK,config 2 1-392,text,true,,231,168,915,915,http://stload.se.ifmo.ru:8080/?token=518472196&&user=-1356113187&config=2,37691,0,0
1776059581443,37691,HTTP Request 2,200,OK,config 2 1-393,text,true,,231,168,914,914,http://stload.se.ifmo.ru:8080/?token=518472196&&user=-1356113187&config=2,37691,0,0
1776059581444,37690,HTTP Request 2,200,OK,config 2 1-381,text,true,,231,168,913,913,http://stload.se.ifmo.ru:8080/?token=518472196&&user=-1356113187&config=2,37690,0,0
1776059581444,37691,HTTP Request 2,200,OK,config 2 1-33,text,true,,231,168,911,911,http://stload.se.ifmo.ru:8080/?token=518472196&&user=-1356113187&config=2,37691,0,16
1776059581448,37687,HTTP Request 2,200,OK,config 2 1-646,text,true,,231,168,911,911,http://stload.se.ifmo.ru:8080/?token=518472196&&user=-1356113187&config=2,37687,0,0
1776059581443,37692,HTTP Request 2,200,OK,config 2 1-395,text,true,,231,168,910,910,http://stload.se.ifmo.ru:8080/?token=518472196&&user=-1356113187&config=2,37692,0,0
1776059581447,37688,HTTP Request 2,200,OK,config 2 1-640,text,true,,231,168,910,910,http://stload.se.ifmo.ru:8080/?token=518472196&&user=-1356113187&config=2,37688,0,0
1776059581443,37693,HTTP Request 2,200,OK,config 2 1-618,text,true,,231,168,908,908,http://stload.se.ifmo.ru:8080/?token=518472196&&user=-1356113187&config=2,37693,0,0
1776059581444,37692,HTTP Request 2,200,OK,config 2 1-383,text,true,,231,168,907,907,http://stload.se.ifmo.ru:8080/?token=518472196&&user=-1356113187&config=2,37692,0,0
1776059581445,37691,HTTP Request 2,200,OK,config 2 1-138,text,true,,231,168,907,907,http://stload.se.ifmo.ru:8080/?token=518472196&&user=-1356113187&config=2,37691,0,15
1776059581444,37692,HTTP Request 2,200,OK,config 2 1-387,text,true,,231,168,906,906,http://stload.se.ifmo.ru:8080/?token=518472196&&user=-1356113187&config=2,37692,0,0
1776059581519,37617,HTTP Request 2,200,OK,config 2 1-928,text,true,,231,168,906,906,http://stload.se.ifmo.ru:8080/?token=518472196&&user=-1356113187&config=2,37617,0,4
1776059581444,37692,HTTP Request 2,200,OK,config 2 1-394,text,true,,231,168,905,905,http://stload.se.ifmo.ru:8080/?token=518472196&&user=-1356113187&config=2,37692,0,0
1776059581444,37693,HTTP Request 2,200,OK,config 2 1-389,text,true,,231,168,905,905,http://stload.se.ifmo.ru:8080/?token=518472196&&user=-1356113187&config=2,37693,0,0
1776059581443,37694,HTTP Request 2,200,OK,config 2 1-379,text,true,,231,168,905,905,http://stload.se.ifmo.ru:8080/?token=518472196&&user=-1356113187&config=2,37694,0,0
1776059581444,37693,HTTP Request 2,200,OK,config 2 1-385,text,true,,231,168,905,905,http://stload.se.ifmo.ru:8080/?token=518472196&&user=-1356113187&config=2,37693,0,0
1776059581444,37693,HTTP Request 2,200,OK,config 2 1-390,text,true,,231,168,905,905,http://stload.se.ifmo.ru:8080/?token=518472196&&user=-1356113187&config=2,37693,0,0
1776059581443,37694,HTTP Request 2,200,OK,config 2 1-380,text,true,,231,168,905,905,http://stload.se.ifmo.ru:8080/?token=518472196&&user=-1356113187&config=2,37694,0,0
1776059581698,37439,HTTP Request 2,200,OK,config 2 1-930,text,true,,231,168,905,905,http://stload.se.ifmo.ru:8080/?token=518472196&&user=-1356113187&config=2,37439,0,4
1776059581444,37693,HTTP Request 2,200,OK,config 2 1-386,text,true,,231,168,905,905,http://stload.se.ifmo.ru:8080/?token=518472196&&user=-1356113187&config=2,37693,0,0
1776059581443,37694,HTTP Request 2,200,OK,config 2 1-83,text,true,,231,168,905,905,http://stload.se.ifmo.ru:8080/?token=518472196&&user=-1356113187&config=2,37694,0,17
1776059581446,37693,HTTP Request 2,200,OK,config 2 1-619,text,true,,231,168,904,904,http://stload.se.ifmo.ru:8080/?token=518472196&&user=-1356113187&config=2,37693,0,0
1776059582000,37139,HTTP Request 2,200,OK,config 2 1-877,text,true,,231,168,904,904,http://stload.se.ifmo.ru:8080/?token=518472196&&user=-1356113187&config=2,37139,0,0
1776059582000,37139,HTTP Request 2,200,OK,config 2 1-879,text,true,,231,168,904,904,http://stload.se.ifmo.ru:8080/?token=518472196&&user=-1356113187&config=2,37139,0,0
1776059581446,37693,HTTP Request 2,200,OK,config 2 1-620,text,true,,231,168,904,904,http://stload.se.ifmo.ru:8080/?token=518472196&&user=-1356113187&config=2,37693,0,0
1776059581987,37152,HTTP Request 2,200,OK,config 2 1-870,text,true,,231,168,904,904,http://stload.se.ifmo.ru:8080/?token=518472196&&user=-1356113187&config=2,37152,0,0
1776059581446,37693,HTTP Request 2,200,OK,config 2 1-632,text,true,,231,168,904,904,http://stload.se.ifmo.ru:8080/?token=518472196&&user=-1356113187&config=2,37693,0,0
1776059581983,37156,HTTP Request 2,200,OK,config 2 1-62,text,true,,231,168,904,904,http://stload.se.ifmo.ru:8080/?token=518472196&&user=-1356113187&config=2,37156,0,11
1776059581984,37155,HTTP Request 2,200,OK,config 2 1-252,text,true,,231,168,904,904,http://stload.se.ifmo.ru:8080/?token=518472196&&user=-1356113187&config=2,37155,0,13
1776059581446,37693,HTTP Request 2,200,OK,config 2 1-623,text,true,,231,168,904,904,http://stload.se.ifmo.ru:8080/?token=518472196&&user=-1356113187&config=2,37693,0,0
1776059581985,37155,HTTP Request 2,200,OK,config 2 1-248,text,true,,231,168,903,903,http://stload.se.ifmo.ru:8080/?token=518472196&&user=-1356113187&config=2,37155,0,16
1776059581982,37158,HTTP Request 2,200,OK,config 2 1-244,text,true,,231,168,903,903,http://stload.se.ifmo.ru:8080/?token=518472196&&user=-1356113187&config=2,37158,0,11
1776059581446,37694,HTTP Request 2,200,OK,config 2 1-625,text,true,,231,168,903,903,http://stload.se.ifmo.ru:8080/?token=518472196&&user=-1356113187&config=2,37694,0,0
1776059581996,37144,HTTP Request 2,200,OK,config 2 1-861,text,true,,231,168,903,903,http://stload.se.ifmo.ru:8080/?token=518472196&&user=-1356113187&config=2,37144,0,0
1776059581984,37156,HTTP Request 2,200,OK,config 2 1-249,text,true,,231,168,902,902,http://stload.se.ifmo.ru:8080/?token=518472196&&user=-1356113187&config=2,37156,0,14
1776059581987,37153,HTTP Request 2,200,OK,config 2 1-874,text,true,,231,168,902,902,http://stload.se.ifmo.ru:8080/?token=518472196&&user=-1356113187&config=2,37153,0,0
1776059581996,37144,HTTP Request 2,200,OK,config 2 1-862,text,true,,231,168,899,899,http://stload.se.ifmo.ru:8080/?token=518472196&&user=-1356113187&config=2,37144,0,0
1776059581446,37694,HTTP Request 2,200,OK,config 2 1-630,text,true,,231,168,898,898,http://stload.se.ifmo.ru:8080/?token=518472196&&user=-1356113187&config=2,37694,0,0
1776059582002,37138,HTTP Request 2,200,OK,config 2 1-884,text,true,,231,168,898,898,http://stload.se.ifmo.ru:8080/?token=518472196&&user=-1356113187&config=2,37138,0,0
1776059582003,37137,HTTP Request 2,200,OK,config 2 1-890,text,true,,231,168,898,898,http://stload.se.ifmo.ru:8080/?token=518472196&&user=-1356113187&config=2,37137,0,0
1776059581997,37143,HTTP Request 2,200,OK,config 2 1-869,text,true,,231,168,898,898,http://stload.se.ifmo.ru:8080/?token=518472196&&user=-1356113187&config=2,37143,0,0
1776059582003,37137,HTTP Request 2,200,OK,config 2 1-883,text,true,,231,168,896,896,http://stload.se.ifmo.ru:8080/?token=518472196&&user=-1356113187&config=2,37137,0,0
1776059581999,37141,HTTP Request 2,200,OK,config 2 1-736,text,true,,231,168,896,896,http://stload.se.ifmo.ru:8080/?token=518472196&&user=-1356113187&config=2,37141,0,11
1776059582004,37137,HTTP Request 2,200,OK,config 2 1-896,text,true,,231,168,895,895,http://stload.se.ifmo.ru:8080/?token=518472196&&user=-1356113187&config=2,37137,0,0
1776059581992,37149,HTTP Request 2,200,OK,config 2 1-735,text,true,,231,168,895,895,http://stload.se.ifmo.ru:8080/?token=518472196&&user=-1356113187&config=2,37149,0,14
1776059581446,37695,HTTP Request 2,200,OK,config 2 1-622,text,true,,231,168,895,895,http://stload.se.ifmo.ru:8080/?token=518472196&&user=-1356113187&config=2,37695,0,0
1776059582005,37136,HTTP Request 2,200,OK,config 2 1-733,text,true,,231,168,895,894,http://stload.se.ifmo.ru:8080/?token=518472196&&user=-1356113187&config=2,37136,0,8
1776059581991,37150,HTTP Request 2,200,OK,config 2 1-730,text,true,,231,168,893,893,http://stload.se.ifmo.ru:8080/?token=518472196&&user=-1356113187&config=2,37150,0,13
1776059581991,37150,HTTP Request 2,200,OK,config 2 1-731,text,true,,231,168,893,893,http://stload.se.ifmo.ru:8080/?token=518472196&&user=-1356113187&config=2,37150,0,15
1776059581446,37695,HTTP Request 2,200,OK,config 2 1-629,text,true,,231,168,893,893,http://stload.se.ifmo.ru:8080/?token=518472196&&user=-1356113187&config=2,37695,0,0
1776059581993,37148,HTTP Request 2,200,OK,config 2 1-739,text,true,,231,168,891,891,http://stload.se.ifmo.ru:8080/?token=518472196&&user=-1356113187&config=2,37148,0,13
1776059582006,37135,HTTP Request 2,200,OK,config 2 1-497,text,true,,231,168,891,891,http://stload.se.ifmo.ru:8080/?token=518472196&&user=-1356113187&config=2,37135,0,7
1776059581992,37149,HTTP Request 2,200,OK,config 2 1-740,text,true,,231,168,890,890,http://stload.se.ifmo.ru:8080/?token=518472196&&user=-1356113187&config=2,37149,0,12
1776059581982,37159,HTTP Request 2,200,OK,config 2 1-80,text,true,,231,168,890,890,http://stload.se.ifmo.ru:8080/?token=518472196&&user=-1356113187&config=2,37159,0,12
1776059581993,37148,HTTP Request 2,200,OK,config 2 1-745,text,true,,231,168,890,890,http://stload.se.ifmo.ru:8080/?token=518472196&&user=-1356113187&config=2,37148,0,13
1776059581446,37695,HTTP Request 2,200,OK,config 2 1-635,text,true,,231,168,890,890,http://stload.se.ifmo.ru:8080/?token=518472196&&user=-1356113187&config=2,37695,0,0
1776059581987,37154,HTTP Request 2,200,OK,config 2 1-500,text,true,,231,168,890,890,http://stload.se.ifmo.ru:8080/?token=518472196&&user=-1356113187&config=2,37154,0,16
1776059582007,37134,HTTP Request 2,200,OK,config 2 1-508,text,true,,231,168,890,890,http://stload.se.ifmo.ru:8080/?token=518472196&&user=-1356113187&config=2,37134,0,7
1776059582001,37140,HTTP Request 2,200,OK,config 2 1-744,text,true,,231,168,890,890,http://stload.se.ifmo.ru:8080/?token=518472196&&user=-1356113187&config=2,37140,0,12
1776059581446,37695,HTTP Request 2,200,OK,config 2 1-634,text,true,,231,168,890,890,http://stload.se.ifmo.ru:8080/?token=518472196&&user=-1356113187&config=2,37695,0,0
1776059582003,37138,HTTP Request 2,200,OK,config 2 1-509,text,true,,231,168,890,890,http://stload.se.ifmo.ru:8080/?token=518472196&&user=-1356113187&config=2,37138,0,10
1776059582005,37136,HTTP Request 2,200,OK,config 2 1-505,text,true,,231,168,890,890,http://stload.se.ifmo.ru:8080/?token=518472196&&user=-1356113187&config=2,37136,0,9
1776059581446,37696,HTTP Request 2,200,OK,config 2 1-624,text,true,,231,168,888,888,http://stload.se.ifmo.ru:8080/?token=518472196&&user=-1356113187&config=2,37696,0,0
1776059582508,36634,HTTP Request 2,200,OK,config 2 1-939,text,true,,231,168,888,888,http://stload.se.ifmo.ru:8080/?token=518472196&&user=-1356113187&config=2,36634,0,5
1776059582009,37133,HTTP Request 2,200,OK,config 2 1-504,text,true,,231,168,888,888,http://stload.se.ifmo.ru:8080/?token=518472196&&user=-1356113187&config=2,37133,0,5
1776059582008,37134,HTTP Request 2,200,OK,config 2 1-498,text,true,,231,168,888,888,http://stload.se.ifmo.ru:8080/?token=518472196&&user=-1356113187&config=2,37134,0,6
1776059582004,37138,HTTP Request 2,200,OK,config 2 1-502,text,true,,231,168,888,888,http://stload.se.ifmo.ru:8080/?token=518472196&&user=-1356113187&config=2,37138,0,9
1776059582003,37139,HTTP Request 2,200,OK,config 2 1-891,text,true,,231,168,888,887,http://stload.se.ifmo.ru:8080/?token=518472196&&user=-1356113187&config=2,37139,0,0
1776059582004,37138,HTTP Request 2,200,OK,config 2 1-506,text,true,,231,168,887,887,http://stload.se.ifmo.ru:8080/?token=518472196&&user=-1356113187&config=2,37138,0,10
1776059582598,36544,HTTP Request 2,200,OK,config 2 1-940,text,true,,231,168,887,887,http://stload.se.ifmo.ru:8080/?token=518472196&&user=-1356113187&config=2,36544,0,5
1776059581446,37696,HTTP Request 2,200,OK,config 2 1-637,text,true,,231,168,887,887,http://stload.se.ifmo.ru:8080/?token=518472196&&user=-1356113187&config=2,37696,0,0
1776059583978,35165,HTTP Request 2,200,OK,config 2 1-121,text,true,,231,168,887,887,http://stload.se.ifmo.ru:8080/?token=518472196&&user=-1356113187&config=2,35165,0,0
1776059583770,35373,HTTP Request 2,200,OK,config 2 1-953,text,true,,231,168,887,887,http://stload.se.ifmo.ru:8080/?token=518472196&&user=-1356113187&config=2,35373,0,3
1776059581879,37263,HTTP Request 2,200,OK,config 2 1-932,text,true,,231,168,887,887,http://stload.se.ifmo.ru:8080/?token=518472196&&user=-1356113187&config=2,37263,0,95
1776059581446,37696,HTTP Request 2,200,OK,config 2 1-639,text,true,,231,168,887,887,http://stload.se.ifmo.ru:8080/?token=518472196&&user=-1356113187&config=2,37696,0,0
1776059581446,37696,HTTP Request 2,200,OK,config 2 1-647,text,true,,231,168,887,887,http://stload.se.ifmo.ru:8080/?token=518472196&&user=-1356113187&config=2,37696,0,0
1776059583979,35164,HTTP Request 2,200,OK,config 2 1-216,text,true,,231,168,887,887,http://stload.se.ifmo.ru:8080/?token=518472196&&user=-1356113187&config=2,35164,0,0
1776059581446,37696,HTTP Request 2,200,OK,config 2 1-636,text,true,,231,168,887,887,http://stload.se.ifmo.ru:8080/?token=518472196&&user=-1356113187&config=2,37696,0,0
1776059581446,37697,HTTP Request 2,200,OK,config 2 1-631,text,true,,231,168,887,887,http://stload.se.ifmo.ru:8080/?token=518472196&&user=-1356113187&config=2,37697,0,0
1776059582960,36183,HTTP Request 2,200,OK,config 2 1-944,text,true,,231,168,887,887,http://stload.se.ifmo.ru:8080/?token=518472196&&user=-1356113187&config=2,36183,0,6
1776059583591,35553,HTTP Request 2,200,OK,config 2 1-951,text,true,,231,168,887,887,http://stload.se.ifmo.ru:8080/?token=518472196&&user=-1356113187&config=2,35553,0,4
1776059583979,35165,HTTP Request 2,200,OK,config 2 1-214,text,true,,231,168,887,887,http://stload.se.ifmo.ru:8080/?token=518472196&&user=-1356113187&config=2,35165,0,0
1776059581447,37696,HTTP Request 2,200,OK,config 2 1-404,text,true,,231,168,887,887,http://stload.se.ifmo.ru:8080/?token=518472196&&user=-1356113187&config=2,37696,0,0
1776059581446,37693,HTTP Request 2,200,OK,config 2 1-400,text,true,,231,168,904,904,http://stload.se.ifmo.ru:8080/?token=518472196&&user=-1356113187&config=2,37693,0,0
1776059583979,35165,HTTP Request 2,200,OK,config 2 1-215,text,true,,231,168,887,887,http://stload.se.ifmo.ru:8080/?token=518472196&&user=-1356113187&config=2,35165,0,0
1776059582868,36275,HTTP Request 2,200,OK,config 2 1-943,text,true,,231,168,887,887,http://stload.se.ifmo.ru:8080/?token=518472196&&user=-1356113187&config=2,36275,0,4
1776059583978,35166,HTTP Request 2,200,OK,config 2 1-658,text,true,,231,168,887,887,http://stload.se.ifmo.ru:8080/?token=518472196&&user=-1356113187&config=2,35166,0,0
1776059581981,37158,HTTP Request 2,200,OK,config 2 1-246,text,true,,231,168,904,904,http://stload.se.ifmo.ru:8080/?token=518472196&&user=-1356113187&config=2,37158,0,10
1776059581441,37702,HTTP Request 2,200,OK,config 2 1-592,text,true,,231,168,887,887,http://stload.se.ifmo.ru:8080/?token=518472196&&user=-1356113187&config=2,37702,0,0
1776059581997,37142,HTTP Request 2,200,OK,config 2 1-865,text,true,,231,168,904,904,http://stload.se.ifmo.ru:8080/?token=518472196&&user=-1356113187&config=2,37142,0,0
1776059581445,37694,HTTP Request 2,200,OK,config 2 1-626,text,true,,231,168,904,904,http://stload.se.ifmo.ru:8080/?token=518472196&&user=-1356113187&config=2,37694,0,0
1776059584076,35068,HTTP Request 2,200,OK,config 2 1-686,text,true,,231,168,887,887,http://stload.se.ifmo.ru:8080/?token=518472196&&user=-1356113187&config=2,35068,0,0
1776059584061,35083,HTTP Request 2,200,OK,config 2 1-665,text,true,,231,168,887,887,http://stload.se.ifmo.ru:8080/?token=518472196&&user=-1356113187&config=2,35083,0,0
1776059584039,35105,HTTP Request 2,200,OK,config 2 1-956,text,true,,231,168,887,887,http://stload.se.ifmo.ru:8080/?token=518472196&&user=-1356113187&config=2,35105,0,35
1776059583500,35645,HTTP Request 2,200,OK,config 2 1-950,text,true,,231,168,887,887,http://stload.se.ifmo.ru:8080/?token=518472196&&user=-1356113187&config=2,35645,0,4
1776059584074,35071,HTTP Request 2,200,OK,config 2 1-218,text,true,,231,168,887,887,http://stload.se.ifmo.ru:8080/?token=518472196&&user=-1356113187&config=2,35071,0,0
1776059584076,35069,HTTP Request 2,200,OK,config 2 1-450,text,true,,231,168,887,887,http://stload.se.ifmo.ru:8080/?token=518472196&&user=-1356113187&config=2,35069,0,0
1776059583978,35167,HTTP Request 2,200,OK,config 2 1-122,text,true,,231,168,887,887,http://stload.se.ifmo.ru:8080/?token=518472196&&user=-1356113187&config=2,35167,0,0
1776059581981,37163,HTTP Request 2,200,OK,config 2 1-650,text,true,,231,168,887,887,http://stload.se.ifmo.ru:8080/?token=518472196&&user=-1356113187&config=2,37163,0,0
1776059583978,35167,HTTP Request 2,200,OK,config 2 1-659,text,true,,231,168,886,886,http://stload.se.ifmo.ru:8080/?token=518472196&&user=-1356113187&config=2,35167,0,0
1776059584074,35071,HTTP Request 2,200,OK,config 2 1-430,text,true,,231,168,886,886,http://stload.se.ifmo.ru:8080/?token=518472196&&user=-1356113187&config=2,35071,0,0
1776059584039,35106,HTTP Request 2,200,OK,config 2 1-661,text,true,,231,168,882,882,http://stload.se.ifmo.ru:8080/?token=518472196&&user=-1356113187&config=2,35106,0,0
1776059584074,35071,HTTP Request 2,200,OK,config 2 1-692,text,true,,231,168,882,882,http://stload.se.ifmo.ru:8080/?token=518472196&&user=-1356113187&config=2,35071,0,0
1776059584076,35069,HTTP Request 2,200,OK,config 2 1-452,text,true,,231,168,882,882,http://stload.se.ifmo.ru:8080/?token=518472196&&user=-1356113187&config=2,35069,0,0
1776059584076,35069,HTTP Request 2,200,OK,config 2 1-427,text,true,,231,168,879,879,http://stload.se.ifmo.ru:8080/?token=518472196&&user=-1356113187&config=2,35069,0,0
1776059584079,35067,HTTP Request 2,200,OK,config 2 1-419,text,true,,231,168,878,878,http://stload.se.ifmo.ru:8080/?token=518472196&&user=-1356113187&config=2,35067,0,0
1776059584077,35069,HTTP Request 2,200,OK,config 2 1-340,text,true,,231,168,878,878,http://stload.se.ifmo.ru:8080/?token=518472196&&user=-1356113187&config=2,35069,0,0
1776059584079,35067,HTTP Request 2,200,OK,config 2 1-448,text,true,,231,168,878,878,http://stload.se.ifmo.ru:8080/?token=518472196&&user=-1356113187&config=2,35067,0,0
1776059584061,35085,HTTP Request 2,200,OK,config 2 1-662,text,true,,231,168,877,877,http://stload.se.ifmo.ru:8080/?token=518472196&&user=-1356113187&config=2,35085,0,0
1776059584078,35068,HTTP Request 2,200,OK,config 2 1-135,text,true,,231,168,875,875,http://stload.se.ifmo.ru:8080/?token=518472196&&user=-1356113187&config=2,35068,0,0
1776059584078,35068,HTTP Request 2,200,OK,config 2 1-447,text,true,,231,168,875,875,http://stload.se.ifmo.ru:8080/?token=518472196&&user=-1356113187&config=2,35068,0,0
1776059584076,35070,HTTP Request 2,200,OK,config 2 1-337,text,true,,231,168,875,875,http://stload.se.ifmo.ru:8080/?token=518472196&&user=-1356113187&config=2,35070,0,0
1776059584076,35070,HTTP Request 2,200,OK,config 2 1-128,text,true,,231,168,874,874,http://stload.se.ifmo.ru:8080/?token=518472196&&user=-1356113187&config=2,35070,0,0
1776059584078,35068,HTTP Request 2,200,OK,config 2 1-437,text,true,,231,168,873,873,http://stload.se.ifmo.ru:8080/?token=518472196&&user=-1356113187&config=2,35068,0,0
1776059584078,35068,HTTP Request 2,200,OK,config 2 1-438,text,true,,231,168,872,872,http://stload.se.ifmo.ru:8080/?token=518472196&&user=-1356113187&config=2,35068,0,0
1776059584079,35068,HTTP Request 2,200,OK,config 2 1-418,text,true,,231,168,872,872,http://stload.se.ifmo.ru:8080/?token=518472196&&user=-1356113187&config=2,35068,0,0
1776059584078,35069,HTTP Request 2,200,OK,config 2 1-130,text,true,,231,168,872,872,http://stload.se.ifmo.ru:8080/?token=518472196&&user=-1356113187&config=2,35069,0,0
1776059584079,35068,HTTP Request 2,200,OK,config 2 1-420,text,true,,231,168,872,872,http://stload.se.ifmo.ru:8080/?token=518472196&&user=-1356113187&config=2,35068,0,0
1776059584078,35069,HTTP Request 2,200,OK,config 2 1-432,text,true,,231,168,872,872,http://stload.se.ifmo.ru:8080/?token=518472196&&user=-1356113187&config=2,35069,0,0
1776059584080,35067,HTTP Request 2,200,OK,config 2 1-673,text,true,,231,168,872,872,http://stload.se.ifmo.ru:8080/?token=518472196&&user=-1356113187&config=2,35067,0,0
1776059584081,35066,HTTP Request 2,200,OK,config 2 1-687,text,true,,231,168,872,872,http://stload.se.ifmo.ru:8080/?token=518472196&&user=-1356113187&config=2,35066,0,0
1776059584078,35069,HTTP Request 2,200,OK,config 2 1-339,text,true,,231,168,872,872,http://stload.se.ifmo.ru:8080/?token=518472196&&user=-1356113187&config=2,35069,0,0
1776059584079,35068,HTTP Request 2,200,OK,config 2 1-428,text,true,,231,168,872,872,http://stload.se.ifmo.ru:8080/?token=518472196&&user=-1356113187&config=2,35068,0,0
1776059584081,35066,HTTP Request 2,200,OK,config 2 1-445,text,true,,231,168,872,872,http://stload.se.ifmo.ru:8080/?token=518472196&&user=-1356113187&config=2,35066,0,0
1776059584080,35067,HTTP Request 2,200,OK,config 2 1-669,text,true,,231,168,872,872,http://stload.se.ifmo.ru:8080/?token=518472196&&user=-1356113187&config=2,35067,0,0
1776059581981,37165,HTTP Request 2,200,OK,config 2 1-654,text,true,,231,168,872,872,http://stload.se.ifmo.ru:8080/?token=518472196&&user=-1356113187&config=2,37165,0,0
1776059584080,35067,HTTP Request 2,200,OK,config 2 1-676,text,true,,231,168,872,872,http://stload.se.ifmo.ru:8080/?token=518472196&&user=-1356113187&config=2,35067,0,0
1776059584080,35067,HTTP Request 2,200,OK,config 2 1-679,text,true,,231,168,872,872,http://stload.se.ifmo.ru:8080/?token=518472196&&user=-1356113187&config=2,35067,0,0
1776059584081,35066,HTTP Request 2,200,OK,config 2 1-690,text,true,,231,168,871,871,http://stload.se.ifmo.ru:8080/?token=518472196&&user=-1356113187&config=2,35066,0,0
1776059584081,35066,HTTP Request 2,200,OK,config 2 1-688,text,true,,231,168,871,871,http://stload.se.ifmo.ru:8080/?token=518472196&&user=-1356113187&config=2,35066,0,0
1776059584081,35066,HTTP Request 2,200,OK,config 2 1-691,text,true,,231,168,871,871,http://stload.se.ifmo.ru:8080/?token=518472196&&user=-1356113187&config=2,35066,0,0
1776059584062,35085,HTTP Request 2,200,OK,config 2 1-4,text,true,,231,168,871,871,http://stload.se.ifmo.ru:8080/?token=518472196&&user=-1356113187&config=2,35085,0,18
1776059584080,35067,HTTP Request 2,200,OK,config 2 1-441,text,true,,231,168,870,870,http://stload.se.ifmo.ru:8080/?token=518472196&&user=-1356113187&config=2,35067,0,0
1776059584080,35067,HTTP Request 2,200,OK,config 2 1-681,text,true,,231,168,869,869,http://stload.se.ifmo.ru:8080/?token=518472196&&user=-1356113187&config=2,35067,0,0
1776059584081,35066,HTTP Request 2,200,OK,config 2 1-129,text,true,,231,168,866,866,http://stload.se.ifmo.ru:8080/?token=518472196&&user=-1356113187&config=2,35066,0,0
1776059584061,35086,HTTP Request 2,200,OK,config 2 1-88,text,true,,231,168,866,866,http://stload.se.ifmo.ru:8080/?token=518472196&&user=-1356113187&config=2,35086,0,23
1776059584061,35086,HTTP Request 2,200,OK,config 2 1-25,text,true,,231,168,866,866,http://stload.se.ifmo.ru:8080/?token=518472196&&user=-1356113187&config=2,35086,0,24
1776059584074,35074,HTTP Request 2,200,OK,config 2 1-21,text,true,,231,168,866,866,http://stload.se.ifmo.ru:8080/?token=518472196&&user=-1356113187&config=2,35074,0,11
1776059581444,37693,HTTP Request 2,200,OK,config 2 1-140,text,true,,231,168,904,904,http://stload.se.ifmo.ru:8080/?token=518472196&&user=-1356113187&config=2,37693,0,16
1776059583978,35170,HTTP Request 2,200,OK,config 2 1-217,text,true,,231,168,866,866,http://stload.se.ifmo.ru:8080/?token=518472196&&user=-1356113187&config=2,35170,0,0
1776059584081,35067,HTTP Request 2,200,OK,config 2 1-693,text,true,,231,168,866,866,http://stload.se.ifmo.ru:8080/?token=518472196&&user=-1356113187&config=2,35067,0,0
1776059584077,35071,HTTP Request 2,200,OK,config 2 1-269,text,true,,231,168,866,866,http://stload.se.ifmo.ru:8080/?token=518472196&&user=-1356113187&config=2,35071,0,18
1776059584077,35071,HTTP Request 2,200,OK,config 2 1-270,text,true,,231,168,866,866,http://stload.se.ifmo.ru:8080/?token=518472196&&user=-1356113187&config=2,35071,0,17
1776059584076,35072,HTTP Request 2,200,OK,config 2 1-174,text,true,,231,168,866,866,http://stload.se.ifmo.ru:8080/?token=518472196&&user=-1356113187&config=2,35072,0,11
1776059584074,35074,HTTP Request 2,200,OK,config 2 1-667,text,true,,231,168,866,866,http://stload.se.ifmo.ru:8080/?token=518472196&&user=-1356113187&config=2,35074,0,0
1776059581986,37153,HTTP Request 2,200,OK,config 2 1-407,text,true,,231,168,904,904,http://stload.se.ifmo.ru:8080/?token=518472196&&user=-1356113187&config=2,37153,0,0
1776059584075,35073,HTTP Request 2,200,OK,config 2 1-170,text,true,,231,168,866,866,http://stload.se.ifmo.ru:8080/?token=518472196&&user=-1356113187&config=2,35073,0,10
1776059581446,37693,HTTP Request 2,200,OK,config 2 1-633,text,true,,231,168,904,904,http://stload.se.ifmo.ru:8080/?token=518472196&&user=-1356113187&config=2,37693,0,0
1776059584076,35072,HTTP Request 2,200,OK,config 2 1-283,text,true,,231,168,866,866,http://stload.se.ifmo.ru:8080/?token=518472196&&user=-1356113187&config=2,35072,0,10
1776059584077,35071,HTTP Request 2,200,OK,config 2 1-7,text,true,,231,168,866,866,http://stload.se.ifmo.ru:8080/?token=518472196&&user=-1356113187&config=2,35071,0,17
1776059584077,35071,HTTP Request 2,200,OK,config 2 1-285,text,true,,231,168,866,866,http://stload.se.ifmo.ru:8080/?token=518472196&&user=-1356113187&config=2,35071,0,17
1776059584076,35072,HTTP Request 2,200,OK,config 2 1-694,text,true,,231,168,866,866,http://stload.se.ifmo.ru:8080/?token=518472196&&user=-1356113187&config=2,35072,0,0
1776059584077,35071,HTTP Request 2,200,OK,config 2 1-271,text,true,,231,168,866,866,http://stload.se.ifmo.ru:8080/?token=518472196&&user=-1356113187&config=2,35071,0,18
1776059584077,35071,HTTP Request 2,200,OK,config 2 1-125,text,true,,231,168,866,866,http://stload.se.ifmo.ru:8080/?token=518472196&&user=-1356113187&config=2,35071,0,0
1776059581997,37142,HTTP Request 2,200,OK,config 2 1-863,text,true,,231,168,904,904,http://stload.se.ifmo.ru:8080/?token=518472196&&user=-1356113187&config=2,37142,0,0
1776059581983,37156,HTTP Request 2,200,OK,config 2 1-651,text,true,,231,168,904,904,http://stload.se.ifmo.ru:8080/?token=518472196&&user=-1356113187&config=2,37156,0,0
1776059584074,35074,HTTP Request 2,200,OK,config 2 1-42,text,true,,231,168,866,866,http://stload.se.ifmo.ru:8080/?token=518472196&&user=-1356113187&config=2,35074,0,13
1776059584076,35072,HTTP Request 2,200,OK,config 2 1-172,text,true,,231,168,866,866,http://stload.se.ifmo.ru:8080/?token=518472196&&user=-1356113187&config=2,35072,0,11
1776059584076,35072,HTTP Request 2,200,OK,config 2 1-287,text,true,,231,168,863,863,http://stload.se.ifmo.ru:8080/?token=518472196&&user=-1356113187&config=2,35072,0,10
1776059616682,2465,HTTP Request 2,503,Service Unavailable,config 2 1-267,text,false,,237,168,863,863,http://stload.se.ifmo.ru:8080/?token=518472196&&user=-1356113187&config=2,2465,0,16
1776059581982,37165,HTTP Request 2,200,OK,config 2 1-411,text,true,,231,168,863,863,http://stload.se.ifmo.ru:8080/?token=518472196&&user=-1356113187&config=2,37165,0,0
1776059581445,37694,HTTP Request 2,200,OK,config 2 1-405,text,true,,231,168,904,904,http://stload.se.ifmo.ru:8080/?token=518472196&&user=-1356113187&config=2,37694,0,0
1776059581985,37154,HTTP Request 2,200,OK,config 2 1-414,text,true,,231,168,904,904,http://stload.se.ifmo.ru:8080/?token=518472196&&user=-1356113187&config=2,37154,0,0
1776059581445,37694,HTTP Request 2,200,OK,config 2 1-401,text,true,,231,168,904,904,http://stload.se.ifmo.ru:8080/?token=518472196&&user=-1356113187&config=2,37694,0,0
1776059584061,35088,HTTP Request 2,200,OK,config 2 1-37,text,true,,231,168,861,861,http://stload.se.ifmo.ru:8080/?token=518472196&&user=-1356113187&config=2,35088,0,33
1776059584061,35088,HTTP Request 2,200,OK,config 2 1-3,text,true,,231,168,861,861,http://stload.se.ifmo.ru:8080/?token=518472196&&user=-1356113187&config=2,35088,0,24
1776059584075,35074,HTTP Request 2,200,OK,config 2 1-56,text,true,,231,168,861,861,http://stload.se.ifmo.ru:8080/?token=518472196&&user=-1356113187&config=2,35074,0,10
1776059616682,2466,HTTP Request 2,503,Service Unavailable,config 2 1-279,text,false,,237,168,860,860,http://stload.se.ifmo.ru:8080/?token=518472196&&user=-1356113187&config=2,2466,0,16
1776059581983,37156,HTTP Request 2,200,OK,config 2 1-250,text,true,,231,168,904,904,http://stload.se.ifmo.ru:8080/?token=518472196&&user=-1356113187&config=2,37156,0,14
1776059616682,2466,HTTP Request 2,503,Service Unavailable,config 2 1-275,text,false,,237,168,859,858,http://stload.se.ifmo.ru:8080/?token=518472196&&user=-1356113187&config=2,2466,0,16
1776059616683,2465,HTTP Request 2,503,Service Unavailable,config 2 1-263,text,false,,237,168,858,858,http://stload.se.ifmo.ru:8080/?token=518472196&&user=-1356113187&config=2,2465,0,16
1776059616685,2463,HTTP Request 2,503,Service Unavailable,config 2 1-264,text,false,,237,168,858,858,http://stload.se.ifmo.ru:8080/?token=518472196&&user=-1356113187&config=2,2463,0,15
1776059584078,35071,HTTP Request 2,200,OK,config 2 1-282,text,true,,231,168,858,858,http://stload.se.ifmo.ru:8080/?token=518472196&&user=-1356113187&config=2,35071,0,17
1776059616683,2465,HTTP Request 2,503,Service Unavailable,config 2 1-280,text,false,,237,168,857,857,http://stload.se.ifmo.ru:8080/?token=518472196&&user=-1356113187&config=2,2465,0,16
1776059581983,37155,HTTP Request 2,200,OK,config 2 1-245,text,true,,231,168,904,904,http://stload.se.ifmo.ru:8080/?token=518472196&&user=-1356113187&config=2,37155,0,13
1776059581981,37167,HTTP Request 2,200,OK,config 2 1-652,text,true,,231,168,856,856,http://stload.se.ifmo.ru:8080/?token=518472196&&user=-1356113187&config=2,37167,0,0
1776059581985,37153,HTTP Request 2,200,OK,config 2 1-867,text,true,,231,168,904,904,http://stload.se.ifmo.ru:8080/?token=518472196&&user=-1356113187&config=2,37153,0,0
1776059581981,37157,HTTP Request 2,200,OK,config 2 1-409,text,true,,231,168,904,904,http://stload.se.ifmo.ru:8080/?token=518472196&&user=-1356113187&config=2,37157,0,0
1776059581445,37693,HTTP Request 2,200,OK,config 2 1-396,text,true,,231,168,904,904,http://stload.se.ifmo.ru:8080/?token=518472196&&user=-1356113187&config=2,37693,0,0
1776059616686,2462,HTTP Request 2,503,Service Unavailable,config 2 1-15,text,false,,237,168,856,856,http://stload.se.ifmo.ru:8080/?token=518472196&&user=-1356113187&config=2,2462,0,23
1776059616686,2462,HTTP Request 2,503,Service Unavailable,config 2 1-63,text,false,,237,168,854,854,http://stload.se.ifmo.ru:8080/?token=518472196&&user=-1356113187&config=2,2462,0,23
1776059616686,2462,HTTP Request 2,503,Service Unavailable,config 2 1-16,text,false,,237,168,854,854,http://stload.se.ifmo.ru:8080/?token=518472196&&user=-1356113187&config=2,2462,0,23
1776059616686,2462,HTTP Request 2,503,Service Unavailable,config 2 1-342,text,false,,237,168,854,854,http://stload.se.ifmo.ru:8080/?token=518472196&&user=-1356113187&config=2,2462,0,23
1776059616696,2452,HTTP Request 2,503,Service Unavailable,config 2 1-48,text,false,,237,168,854,854,http://stload.se.ifmo.ru:8080/?token=518472196&&user=-1356113187&config=2,2452,0,13
1776059584061,35088,HTTP Request 2,200,OK,config 2 1-39,text,true,,231,168,854,854,http://stload.se.ifmo.ru:8080/?token=518472196&&user=-1356113187&config=2,35088,0,24
1776059616686,2463,HTTP Request 2,503,Service Unavailable,config 2 1-515,text,false,,237,168,854,854,http://stload.se.ifmo.ru:8080/?token=518472196&&user=-1356113187&config=2,2463,0,23
1776059616696,2453,HTTP Request 2,503,Service Unavailable,config 2 1-344,text,false,,237,168,854,854,http://stload.se.ifmo.ru:8080/?token=518472196&&user=-1356113187&config=2,2453,0,13
1776059581981,37168,HTTP Request 2,200,OK,config 2 1-410,text,true,,231,168,851,851,http://stload.se.ifmo.ru:8080/?token=518472196&&user=-1356113187&config=2,37168,0,0
1776059616682,2467,HTTP Request 2,503,Service Unavailable,config 2 1-266,text,false,,237,168,851,851,http://stload.se.ifmo.ru:8080/?token=518472196&&user=-1356113187&config=2,2467,0,16
1776059582005,37144,HTTP Request 2,200,OK,config 2 1-507,text,true,,231,168,850,850,http://stload.se.ifmo.ru:8080/?token=518472196&&user=-1356113187&config=2,37144,0,8
1776059581987,37162,HTTP Request 2,200,OK,config 2 1-872,text,true,,231,168,849,849,http://stload.se.ifmo.ru:8080/?token=518472196&&user=-1356113187&config=2,37162,0,0
1776059616682,2467,HTTP Request 2,503,Service Unavailable,config 2 1-256,text,false,,237,168,849,849,http://stload.se.ifmo.ru:8080/?token=518472196&&user=-1356113187&config=2,2467,0,16
1776059616683,2466,HTTP Request 2,503,Service Unavailable,config 2 1-260,text,false,,237,168,845,845,http://stload.se.ifmo.ru:8080/?token=518472196&&user=-1356113187&config=2,2466,0,16
1776059582003,37146,HTTP Request 2,200,OK,config 2 1-889,text,true,,231,168,845,845,http://stload.se.ifmo.ru:8080/?token=518472196&&user=-1356113187&config=2,37146,0,0
1776059581994,37155,HTTP Request 2,200,OK,config 2 1-892,text,true,,231,168,845,845,http://stload.se.ifmo.ru:8080/?token=518472196&&user=-1356113187&config=2,37155,0,0
1776059581984,37154,HTTP Request 2,200,OK,config 2 1-864,text,true,,231,168,904,904,http://stload.se.ifmo.ru:8080/?token=518472196&&user=-1356113187&config=2,37154,0,0
1776059581987,37163,HTTP Request 2,200,OK,config 2 1-412,text,true,,231,168,845,845,http://stload.se.ifmo.ru:8080/?token=518472196&&user=-1356113187&config=2,37163,0,0
1776059584075,35076,HTTP Request 2,200,OK,config 2 1-120,text,true,,231,168,845,845,http://stload.se.ifmo.ru:8080/?token=518472196&&user=-1356113187&config=2,35076,0,0
1776059583979,35172,HTTP Request 2,200,OK,config 2 1-118,text,true,,231,168,843,843,http://stload.se.ifmo.ru:8080/?token=518472196&&user=-1356113187&config=2,35172,0,0
1776059582000,37150,HTTP Request 2,200,OK,config 2 1-878,text,true,,231,168,842,842,http://stload.se.ifmo.ru:8080/?token=518472196&&user=-1356113187&config=2,37150,0,0
1776059581985,37165,HTTP Request 2,200,OK,config 2 1-408,text,true,,231,168,842,842,http://stload.se.ifmo.ru:8080/?token=518472196&&user=-1356113187&config=2,37165,0,0
1776059581995,37155,HTTP Request 2,200,OK,config 2 1-893,text,true,,231,168,840,840,http://stload.se.ifmo.ru:8080/?token=518472196&&user=-1356113187&config=2,37155,0,0
1776059582002,37148,HTTP Request 2,200,OK,config 2 1-886,text,true,,231,168,838,838,http://stload.se.ifmo.ru:8080/?token=518472196&&user=-1356113187&config=2,37148,0,0
1776059581986,37164,HTTP Request 2,200,OK,config 2 1-882,text,true,,231,168,838,838,http://stload.se.ifmo.ru:8080/?token=518472196&&user=-1356113187&config=2,37164,0,0
1776059581990,37161,HTTP Request 2,200,OK,config 2 1-503,text,true,,231,168,836,836,http://stload.se.ifmo.ru:8080/?token=518472196&&user=-1356113187&config=2,37161,0,16
1776059581984,37167,HTTP Request 2,200,OK,config 2 1-656,text,true,,231,168,836,836,http://stload.se.ifmo.ru:8080/?token=518472196&&user=-1356113187&config=2,37167,0,0
1776059581998,37153,HTTP Request 2,200,OK,config 2 1-732,text,true,,231,168,834,834,http://stload.se.ifmo.ru:8080/?token=518472196&&user=-1356113187&config=2,37153,0,12
1776059581999,37152,HTTP Request 2,200,OK,config 2 1-737,text,true,,231,168,834,834,http://stload.se.ifmo.ru:8080/?token=518472196&&user=-1356113187&config=2,37152,0,11
1776059581984,37167,HTTP Request 2,200,OK,config 2 1-866,text,true,,231,168,833,833,http://stload.se.ifmo.ru:8080/?token=518472196&&user=-1356113187&config=2,37167,0,0
1776059581445,37693,HTTP Request 2,200,OK,config 2 1-398,text,true,,231,168,904,904,http://stload.se.ifmo.ru:8080/?token=518472196&&user=-1356113187&config=2,37693,0,0
1776059581986,37165,HTTP Request 2,200,OK,config 2 1-875,text,true,,231,168,833,833,http://stload.se.ifmo.ru:8080/?token=518472196&&user=-1356113187&config=2,37165,0,0
1776059581446,37692,HTTP Request 2,200,OK,config 2 1-627,text,true,,231,168,904,904,http://stload.se.ifmo.ru:8080/?token=518472196&&user=-1356113187&config=2,37692,0,0
1776059581995,37156,HTTP Request 2,200,OK,config 2 1-738,text,true,,231,168,832,832,http://stload.se.ifmo.ru:8080/?token=518472196&&user=-1356113187&config=2,37156,0,15
1776059581445,37693,HTTP Request 2,200,OK,config 2 1-406,text,true,,231,168,904,904,http://stload.se.ifmo.ru:8080/?token=518472196&&user=-1356113187&config=2,37693,0,0
1776059581445,37693,HTTP Request 2,200,OK,config 2 1-399,text,true,,231,168,904,904,http://stload.se.ifmo.ru:8080/?token=518472196&&user=-1356113187&config=2,37693,0,0
1776059581986,37166,HTTP Request 2,200,OK,config 2 1-876,text,true,,231,168,831,831,http://stload.se.ifmo.ru:8080/?token=518472196&&user=-1356113187&config=2,37166,0,0
1776059581987,37165,HTTP Request 2,200,OK,config 2 1-887,text,true,,231,168,830,830,http://stload.se.ifmo.ru:8080/?token=518472196&&user=-1356113187&config=2,37165,0,0
1776059581989,37163,HTTP Request 2,200,OK,config 2 1-510,text,true,,231,168,829,829,http://stload.se.ifmo.ru:8080/?token=518472196&&user=-1356113187&config=2,37163,0,16
1776059581445,37693,HTTP Request 2,200,OK,config 2 1-403,text,true,,231,168,904,904,http://stload.se.ifmo.ru:8080/?token=518472196&&user=-1356113187&config=2,37693,0,0
1776059581986,37166,HTTP Request 2,200,OK,config 2 1-868,text,true,,231,168,825,825,http://stload.se.ifmo.ru:8080/?token=518472196&&user=-1356113187&config=2,37166,0,0
1776059581445,37693,HTTP Request 2,200,OK,config 2 1-388,text,true,,231,168,904,904,http://stload.se.ifmo.ru:8080/?token=518472196&&user=-1356113187&config=2,37693,0,0
1776059581445,37693,HTTP Request 2,200,OK,config 2 1-621,text,true,,231,168,904,904,http://stload.se.ifmo.ru:8080/?token=518472196&&user=-1356113187&config=2,37693,0,0
1776059581984,37154,HTTP Request 2,200,OK,config 2 1-657,text,true,,231,168,904,904,http://stload.se.ifmo.ru:8080/?token=518472196&&user=-1356113187&config=2,37154,0,0
1776059581444,37694,HTTP Request 2,200,OK,config 2 1-391,text,true,,231,168,904,904,http://stload.se.ifmo.ru:8080/?token=518472196&&user=-1356113187&config=2,37694,0,0
1776059582004,37148,HTTP Request 2,200,OK,config 2 1-894,text,true,,231,168,825,825,http://stload.se.ifmo.ru:8080/?token=518472196&&user=-1356113187&config=2,37148,0,0
1776059581984,37168,HTTP Request 2,200,OK,config 2 1-69,text,true,,231,168,825,825,http://stload.se.ifmo.ru:8080/?token=518472196&&user=-1356113187&config=2,37168,0,17
1776059581443,37695,HTTP Request 2,200,OK,config 2 1-382,text,true,,231,168,904,904,http://stload.se.ifmo.ru:8080/?token=518472196&&user=-1356113187&config=2,37695,0,0
1776059583978,35176,HTTP Request 2,200,OK,config 2 1-117,text,true,,231,168,824,824,http://stload.se.ifmo.ru:8080/?token=518472196&&user=-1356113187&config=2,35176,0,0
1776059581443,37695,HTTP Request 2,200,OK,config 2 1-384,text,true,,231,168,904,904,http://stload.se.ifmo.ru:8080/?token=518472196&&user=-1356113187&config=2,37695,0,0
1776059581983,37170,HTTP Request 2,200,OK,config 2 1-653,text,true,,231,168,824,824,http://stload.se.ifmo.ru:8080/?token=518472196&&user=-1356113187&config=2,37170,0,0
1776059581610,37527,HTTP Request 2,200,OK,config 2 1-929,text,true,,231,168,904,904,http://stload.se.ifmo.ru:8080/?token=518472196&&user=-1356113187&config=2,37527,0,2
1776059581443,37694,HTTP Request 2,200,OK,config 2 1-378,text,true,,231,168,904,904,http://stload.se.ifmo.ru:8080/?token=518472196&&user=-1356113187&config=2,37694,0,0
1776059581445,37692,HTTP Request 2,200,OK,config 2 1-141,text,true,,231,168,904,904,http://stload.se.ifmo.ru:8080/?token=518472196&&user=-1356113187&config=2,37692,0,18
1776059581983,37170,HTTP Request 2,200,OK,config 2 1-413,text,true,,231,168,823,823,http://stload.se.ifmo.ru:8080/?token=518472196&&user=-1356113187&config=2,37170,0,0
1776059581990,37163,HTTP Request 2,200,OK,config 2 1-496,text,true,,231,168,822,822,http://stload.se.ifmo.ru:8080/?token=518472196&&user=-1356113187&config=2,37163,0,13
1776059581983,37170,HTTP Request 2,200,OK,config 2 1-655,text,true,,231,168,821,821,http://stload.se.ifmo.ru:8080/?token=518472196&&user=-1356113187&config=2,37170,0,0
1776059583981,35173,HTTP Request 2,200,OK,config 2 1-484,text,true,,231,168,821,821,http://stload.se.ifmo.ru:8080/?token=518472196&&user=-1356113187&config=2,35173,0,0
1776059581995,37158,HTTP Request 2,200,OK,config 2 1-251,text,true,,231,168,820,820,http://stload.se.ifmo.ru:8080/?token=518472196&&user=-1356113187&config=2,37158,0,10
1776059581999,37154,HTTP Request 2,200,OK,config 2 1-734,text,true,,231,168,817,817,http://stload.se.ifmo.ru:8080/?token=518472196&&user=-1356113187&config=2,37154,0,10
1776059581982,37155,HTTP Request 2,200,OK,config 2 1-415,text,true,,231,168,904,904,http://stload.se.ifmo.ru:8080/?token=518472196&&user=-1356113187&config=2,37155,0,0
1776059616683,2468,HTTP Request 2,503,Service Unavailable,config 2 1-265,text,false,,237,168,836,836,http://stload.se.ifmo.ru:8080/?token=518472196&&user=-1356113187&config=2,2468,0,16
1776059582000,37154,HTTP Request 2,200,OK,config 2 1-873,text,true,,231,168,817,817,http://stload.se.ifmo.ru:8080/?token=518472196&&user=-1356113187&config=2,37154,0,0
1776059583321,35834,HTTP Request 2,200,OK,config 2 1-948,text,true,,231,168,816,816,http://stload.se.ifmo.ru:8080/?token=518472196&&user=-1356113187&config=2,35834,0,3
1776059581983,37171,HTTP Request 2,200,OK,config 2 1-247,text,true,,231,168,814,814,http://stload.se.ifmo.ru:8080/?token=518472196&&user=-1356113187&config=2,37171,0,25
1776059582001,37153,HTTP Request 2,200,OK,config 2 1-880,text,true,,231,168,813,813,http://stload.se.ifmo.ru:8080/?token=518472196&&user=-1356113187&config=2,37153,0,0
1776059583411,35744,HTTP Request 2,200,OK,config 2 1-949,text,true,,231,168,813,813,http://stload.se.ifmo.ru:8080/?token=518472196&&user=-1356113187&config=2,35744,0,3
1776059582000,37154,HTTP Request 2,200,OK,config 2 1-743,text,true,,231,168,810,810,http://stload.se.ifmo.ru:8080/?token=518472196&&user=-1356113187&config=2,37154,0,13
1776059583680,35475,HTTP Request 2,200,OK,config 2 1-952,text,true,,231,168,810,810,http://stload.se.ifmo.ru:8080/?token=518472196&&user=-1356113187&config=2,35475,0,4
1776059582001,37153,HTTP Request 2,200,OK,config 2 1-562,text,true,,231,168,810,810,http://stload.se.ifmo.ru:8080/?token=518472196&&user=-1356113187&config=2,37153,0,0
1776059582002,37152,HTTP Request 2,200,OK,config 2 1-746,text,true,,231,168,810,810,http://stload.se.ifmo.ru:8080/?token=518472196&&user=-1356113187&config=2,37152,0,8
1776059584076,35072,HTTP Request 2,200,OK,config 2 1-281,text,true,,231,168,863,863,http://stload.se.ifmo.ru:8080/?token=518472196&&user=-1356113187&config=2,35072,0,10
1776059583978,35178,HTTP Request 2,200,OK,config 2 1-227,text,true,,231,168,809,809,http://stload.se.ifmo.ru:8080/?token=518472196&&user=-1356113187&config=2,35178,0,0
1776059581987,37168,HTTP Request 2,200,OK,config 2 1-103,text,true,,231,168,808,808,http://stload.se.ifmo.ru:8080/?token=518472196&&user=-1356113187&config=2,37168,0,18
1776059582329,36826,HTTP Request 2,200,OK,config 2 1-937,text,true,,231,168,806,806,http://stload.se.ifmo.ru:8080/?token=518472196&&user=-1356113187&config=2,36826,0,3
1776059582002,37153,HTTP Request 2,200,OK,config 2 1-885,text,true,,231,168,806,806,http://stload.se.ifmo.ru:8080/?token=518472196&&user=-1356113187&config=2,37153,0,0
1776059583950,35206,HTTP Request 2,200,OK,config 2 1-955,text,true,,231,168,806,806,http://stload.se.ifmo.ru:8080/?token=518472196&&user=-1356113187&config=2,35206,0,3
1776059581982,37173,HTTP Request 2,200,OK,config 2 1-115,text,true,,231,168,806,806,http://stload.se.ifmo.ru:8080/?token=518472196&&user=-1356113187&config=2,37173,0,10
1776059583978,35178,HTTP Request 2,200,OK,config 2 1-221,text,true,,231,168,804,804,http://stload.se.ifmo.ru:8080/?token=518472196&&user=-1356113187&config=2,35178,0,0
1776059582688,36467,HTTP Request 2,200,OK,config 2 1-941,text,true,,231,168,804,804,http://stload.se.ifmo.ru:8080/?token=518472196&&user=-1356113187&config=2,36467,0,3
1776059582148,37007,HTTP Request 2,200,OK,config 2 1-935,text,true,,231,168,803,803,http://stload.se.ifmo.ru:8080/?token=518472196&&user=-1356113187&config=2,37007,0,3
1776059581984,37171,HTTP Request 2,200,OK,config 2 1-253,text,true,,231,168,802,802,http://stload.se.ifmo.ru:8080/?token=518472196&&user=-1356113187&config=2,37171,0,17
1776059583980,35177,HTTP Request 2,200,OK,config 2 1-143,text,true,,231,168,802,802,http://stload.se.ifmo.ru:8080/?token=518472196&&user=-1356113187&config=2,35176,0,0
1776059583980,35177,HTTP Request 2,200,OK,config 2 1-164,text,true,,231,168,802,802,http://stload.se.ifmo.ru:8080/?token=518472196&&user=-1356113187&config=2,35177,0,0
1776059582238,36918,HTTP Request 2,200,OK,config 2 1-936,text,true,,231,168,801,801,http://stload.se.ifmo.ru:8080/?token=518472196&&user=-1356113187&config=2,36918,0,3
1776059582418,36738,HTTP Request 2,200,OK,config 2 1-938,text,true,,231,168,801,801,http://stload.se.ifmo.ru:8080/?token=518472196&&user=-1356113187&config=2,36738,0,3
1776059581986,37170,HTTP Request 2,200,OK,config 2 1-19,text,true,,231,168,800,800,http://stload.se.ifmo.ru:8080/?token=518472196&&user=-1356113187&config=2,37170,0,15
1776059583861,35296,HTTP Request 2,200,OK,config 2 1-954,text,true,,231,168,800,800,http://stload.se.ifmo.ru:8080/?token=518472196&&user=-1356113187&config=2,35296,0,2
1776059583978,35179,HTTP Request 2,200,OK,config 2 1-165,text,true,,231,168,800,800,http://stload.se.ifmo.ru:8080/?token=518472196&&user=-1356113187&config=2,35179,0,0
1776059581983,37173,HTTP Request 2,200,OK,config 2 1-13,text,true,,231,168,799,799,http://stload.se.ifmo.ru:8080/?token=518472196&&user=-1356113187&config=2,37173,0,11
1776059582058,37098,HTTP Request 2,200,OK,config 2 1-934,text,true,,231,168,798,798,http://stload.se.ifmo.ru:8080/?token=518472196&&user=-1356113187&config=2,37098,0,7
1776059583981,35176,HTTP Request 2,200,OK,config 2 1-226,text,true,,231,168,797,797,http://stload.se.ifmo.ru:8080/?token=518472196&&user=-1356113187&config=2,35176,0,0
1776059581995,37162,HTTP Request 2,200,OK,config 2 1-895,text,true,,231,168,795,795,http://stload.se.ifmo.ru:8080/?token=518472196&&user=-1356113187&config=2,37161,0,0
1776059583978,35180,HTTP Request 2,200,OK,config 2 1-220,text,true,,231,168,795,795,http://stload.se.ifmo.ru:8080/?token=518472196&&user=-1356113187&config=2,35180,0,0
1776059584077,35081,HTTP Request 2,200,OK,config 2 1-421,text,true,,231,168,795,795,http://stload.se.ifmo.ru:8080/?token=518472196&&user=-1356113187&config=2,35081,0,0
1776059584061,35097,HTTP Request 2,200,OK,config 2 1-666,text,true,,231,168,795,795,http://stload.se.ifmo.ru:8080/?token=518472196&&user=-1356113187&config=2,35097,0,0
1776059582778,36379,HTTP Request 2,200,OK,config 2 1-942,text,true,,231,168,795,795,http://stload.se.ifmo.ru:8080/?token=518472196&&user=-1356113187&config=2,36379,0,3
1776059584076,35082,HTTP Request 2,200,OK,config 2 1-338,text,true,,231,168,795,795,http://stload.se.ifmo.ru:8080/?token=518472196&&user=-1356113187&config=2,35082,0,0
1776059583139,36018,HTTP Request 2,200,OK,config 2 1-946,text,true,,231,168,795,795,http://stload.se.ifmo.ru:8080/?token=518472196&&user=-1356113187&config=2,36018,0,3
1776059584078,35080,HTTP Request 2,200,OK,config 2 1-435,text,true,,231,168,793,793,http://stload.se.ifmo.ru:8080/?token=518472196&&user=-1356113187&config=2,35080,0,0
1776059584075,35083,HTTP Request 2,200,OK,config 2 1-680,text,true,,231,168,793,793,http://stload.se.ifmo.ru:8080/?token=518472196&&user=-1356113187&config=2,35083,0,0
1776059582002,37155,HTTP Request 2,200,OK,config 2 1-888,text,true,,231,168,793,793,http://stload.se.ifmo.ru:8080/?token=518472196&&user=-1356113187&config=2,37155,0,0
1776059584076,35082,HTTP Request 2,200,OK,config 2 1-133,text,true,,231,168,793,793,http://stload.se.ifmo.ru:8080/?token=518472196&&user=-1356113187&config=2,35082,0,0
1776059583049,36108,HTTP Request 2,200,OK,config 2 1-945,text,true,,231,168,793,793,http://stload.se.ifmo.ru:8080/?token=518472196&&user=-1356113187&config=2,36108,0,4
1776059581985,37172,HTTP Request 2,200,OK,config 2 1-14,text,true,,231,168,791,791,http://stload.se.ifmo.ru:8080/?token=518472196&&user=-1356113187&config=2,37172,0,14
1776059583981,35177,HTTP Request 2,200,OK,config 2 1-483,text,true,,231,168,791,791,http://stload.se.ifmo.ru:8080/?token=518472196&&user=-1356113187&config=2,35177,0,0
1776059582001,37156,HTTP Request 2,200,OK,config 2 1-881,text,true,,231,168,790,790,http://stload.se.ifmo.ru:8080/?token=518472196&&user=-1356113187&config=2,37156,0,0
1776059584074,35084,HTTP Request 2,200,OK,config 2 1-127,text,true,,231,168,789,789,http://stload.se.ifmo.ru:8080/?token=518472196&&user=-1356113187&config=2,35084,0,0
1776059583978,35181,HTTP Request 2,200,OK,config 2 1-336,text,true,,231,168,789,789,http://stload.se.ifmo.ru:8080/?token=518472196&&user=-1356113187&config=2,35181,0,0
1776059584076,35083,HTTP Request 2,200,OK,config 2 1-124,text,true,,231,168,788,788,http://stload.se.ifmo.ru:8080/?token=518472196&&user=-1356113187&config=2,35083,0,0
1776059583979,35180,HTTP Request 2,200,OK,config 2 1-116,text,true,,231,168,787,787,http://stload.se.ifmo.ru:8080/?token=518472196&&user=-1356113187&config=2,35180,0,0
1776059584076,35083,HTTP Request 2,200,OK,config 2 1-677,text,true,,231,168,787,787,http://stload.se.ifmo.ru:8080/?token=518472196&&user=-1356113187&config=2,35083,0,0
1776059584075,35084,HTTP Request 2,200,OK,config 2 1-233,text,true,,231,168,785,785,http://stload.se.ifmo.ru:8080/?token=518472196&&user=-1356113187&config=2,35084,0,0
1776059584076,35083,HTTP Request 2,200,OK,config 2 1-222,text,true,,231,168,784,784,http://stload.se.ifmo.ru:8080/?token=518472196&&user=-1356113187&config=2,35083,0,0
1776059584076,35084,HTTP Request 2,200,OK,config 2 1-446,text,true,,231,168,783,783,http://stload.se.ifmo.ru:8080/?token=518472196&&user=-1356113187&config=2,35084,0,0
1776059584061,35099,HTTP Request 2,200,OK,config 2 1-663,text,true,,231,168,783,783,http://stload.se.ifmo.ru:8080/?token=518472196&&user=-1356113187&config=2,35099,0,0
1776059583981,35179,HTTP Request 2,200,OK,config 2 1-482,text,true,,231,168,783,783,http://stload.se.ifmo.ru:8080/?token=518472196&&user=-1356113187&config=2,35179,0,0
1776059584076,35084,HTTP Request 2,200,OK,config 2 1-689,text,true,,231,168,783,783,http://stload.se.ifmo.ru:8080/?token=518472196&&user=-1356113187&config=2,35084,0,0
1776059584074,35086,HTTP Request 2,200,OK,config 2 1-123,text,true,,231,168,783,783,http://stload.se.ifmo.ru:8080/?token=518472196&&user=-1356113187&config=2,35086,0,0
1776059583981,35179,HTTP Request 2,200,OK,config 2 1-74,text,true,,231,168,782,782,http://stload.se.ifmo.ru:8080/?token=518472196&&user=-1356113187&config=2,35179,0,0
1776059584075,35085,HTTP Request 2,200,OK,config 2 1-132,text,true,,231,168,781,781,http://stload.se.ifmo.ru:8080/?token=518472196&&user=-1356113187&config=2,35085,0,0
1776059584076,35084,HTTP Request 2,200,OK,config 2 1-683,text,true,,231,168,780,780,http://stload.se.ifmo.ru:8080/?token=518472196&&user=-1356113187&config=2,35084,0,0
1776059584076,35084,HTTP Request 2,200,OK,config 2 1-224,text,true,,231,168,780,780,http://stload.se.ifmo.ru:8080/?token=518472196&&user=-1356113187&config=2,35084,0,0
1776059584078,35068,HTTP Request 2,200,OK,config 2 1-40,text,true,,231,168,873,873,http://stload.se.ifmo.ru:8080/?token=518472196&&user=-1356113187&config=2,35068,0,0
1776059582006,37136,HTTP Request 2,200,OK,config 2 1-501,text,true,,231,168,888,888,http://stload.se.ifmo.ru:8080/?token=518472196&&user=-1356113187&config=2,37136,0,8
1776059582001,37154,HTTP Request 2,200,OK,config 2 1-742,text,true,,231,168,809,809,http://stload.se.ifmo.ru:8080/?token=518472196&&user=-1356113187&config=2,37154,0,9
1776059584081,35080,HTTP Request 2,200,OK,config 2 1-223,text,true,,231,168,778,778,http://stload.se.ifmo.ru:8080/?token=518472196&&user=-1356113187&config=2,35080,0,0
1776059584080,35081,HTTP Request 2,200,OK,config 2 1-674,text,true,,231,168,778,778,http://stload.se.ifmo.ru:8080/?token=518472196&&user=-1356113187&config=2,35081,0,0
1776059584076,35085,HTTP Request 2,200,OK,config 2 1-434,text,true,,231,168,777,777,http://stload.se.ifmo.ru:8080/?token=518472196&&user=-1356113187&config=2,35085,0,0
1776059584081,35080,HTTP Request 2,200,OK,config 2 1-671,text,true,,231,168,777,777,http://stload.se.ifmo.ru:8080/?token=518472196&&user=-1356113187&config=2,35080,0,0
1776059584076,35085,HTTP Request 2,200,OK,config 2 1-664,text,true,,231,168,775,775,http://stload.se.ifmo.ru:8080/?token=518472196&&user=-1356113187&config=2,35085,0,0
1776059584079,35083,HTTP Request 2,200,OK,config 2 1-429,text,true,,231,168,775,775,http://stload.se.ifmo.ru:8080/?token=518472196&&user=-1356113187&config=2,35083,0,0
1776059584076,35086,HTTP Request 2,200,OK,config 2 1-134,text,true,,231,168,773,773,http://stload.se.ifmo.ru:8080/?token=518472196&&user=-1356113187&config=2,35086,0,0
1776059584080,35082,HTTP Request 2,200,OK,config 2 1-444,text,true,,231,168,773,773,http://stload.se.ifmo.ru:8080/?token=518472196&&user=-1356113187&config=2,35082,0,0
1776059584080,35082,HTTP Request 2,200,OK,config 2 1-668,text,true,,231,168,772,772,http://stload.se.ifmo.ru:8080/?token=518472196&&user=-1356113187&config=2,35082,0,0
1776059584076,35086,HTTP Request 2,200,OK,config 2 1-453,text,true,,231,168,772,772,http://stload.se.ifmo.ru:8080/?token=518472196&&user=-1356113187&config=2,35086,0,0
1776059584076,35087,HTTP Request 2,200,OK,config 2 1-119,text,true,,231,168,770,770,http://stload.se.ifmo.ru:8080/?token=518472196&&user=-1356113187&config=2,35087,0,0
1776059584080,35083,HTTP Request 2,200,OK,config 2 1-443,text,true,,231,168,770,770,http://stload.se.ifmo.ru:8080/?token=518472196&&user=-1356113187&config=2,35083,0,0
1776059584080,35083,HTTP Request 2,200,OK,config 2 1-684,text,true,,231,168,769,769,http://stload.se.ifmo.ru:8080/?token=518472196&&user=-1356113187&config=2,35083,0,0
1776059584077,35086,HTTP Request 2,200,OK,config 2 1-454,text,true,,231,168,768,768,http://stload.se.ifmo.ru:8080/?token=518472196&&user=-1356113187&config=2,35086,0,0
1776059584081,35082,HTTP Request 2,200,OK,config 2 1-225,text,true,,231,168,767,767,http://stload.se.ifmo.ru:8080/?token=518472196&&user=-1356113187&config=2,35082,0,0
1776059584081,35082,HTTP Request 2,200,OK,config 2 1-6,text,true,,231,168,766,766,http://stload.se.ifmo.ru:8080/?token=518472196&&user=-1356113187&config=2,35082,0,0
1776059584077,35086,HTTP Request 2,200,OK,config 2 1-136,text,true,,231,168,766,766,http://stload.se.ifmo.ru:8080/?token=518472196&&user=-1356113187&config=2,35086,0,0
1776059584081,35082,HTTP Request 2,200,OK,config 2 1-219,text,true,,231,168,764,764,http://stload.se.ifmo.ru:8080/?token=518472196&&user=-1356113187&config=2,35082,0,0
1776059584074,35090,HTTP Request 2,200,OK,config 2 1-286,text,true,,231,168,763,763,http://stload.se.ifmo.ru:8080/?token=518472196&&user=-1356113187&config=2,35090,0,12
1776059584077,35087,HTTP Request 2,200,OK,config 2 1-131,text,true,,231,168,763,763,http://stload.se.ifmo.ru:8080/?token=518472196&&user=-1356113187&config=2,35087,0,0
1776059584079,35085,HTTP Request 2,200,OK,config 2 1-422,text,true,,231,168,761,761,http://stload.se.ifmo.ru:8080/?token=518472196&&user=-1356113187&config=2,35085,0,0
1776059584080,35084,HTTP Request 2,200,OK,config 2 1-678,text,true,,231,168,761,761,http://stload.se.ifmo.ru:8080/?token=518472196&&user=-1356113187&config=2,35084,0,0
1776059584077,35087,HTTP Request 2,200,OK,config 2 1-259,text,true,,231,168,759,759,http://stload.se.ifmo.ru:8080/?token=518472196&&user=-1356113187&config=2,35087,0,17
1776059584079,35085,HTTP Request 2,200,OK,config 2 1-425,text,true,,231,168,758,758,http://stload.se.ifmo.ru:8080/?token=518472196&&user=-1356113187&config=2,35085,0,0
1776059584077,35088,HTTP Request 2,200,OK,config 2 1-126,text,true,,231,168,756,756,http://stload.se.ifmo.ru:8080/?token=518472196&&user=-1356113187&config=2,35087,0,0
1776059584074,35091,HTTP Request 2,200,OK,config 2 1-272,text,true,,231,168,755,755,http://stload.se.ifmo.ru:8080/?token=518472196&&user=-1356113187&config=2,35091,0,12
1776059584079,35086,HTTP Request 2,200,OK,config 2 1-436,text,true,,231,168,753,753,http://stload.se.ifmo.ru:8080/?token=518472196&&user=-1356113187&config=2,35086,0,0
1776059584080,35082,HTTP Request 2,200,OK,config 2 1-682,text,true,,231,168,753,753,http://stload.se.ifmo.ru:8080/?token=518472196&&user=-1356113187&config=2,35082,0,0
1776059584080,35085,HTTP Request 2,200,OK,config 2 1-670,text,true,,231,168,753,753,http://stload.se.ifmo.ru:8080/?token=518472196&&user=-1356113187&config=2,35085,0,0
1776059584078,35087,HTTP Request 2,200,OK,config 2 1-451,text,true,,231,168,752,752,http://stload.se.ifmo.ru:8080/?token=518472196&&user=-1356113187&config=2,35087,0,0
1776059584081,35085,HTTP Request 2,200,OK,config 2 1-685,text,true,,231,168,751,751,http://stload.se.ifmo.ru:8080/?token=518472196&&user=-1356113187&config=2,35085,0,0
1776059584078,35088,HTTP Request 2,200,OK,config 2 1-417,text,true,,231,168,750,750,http://stload.se.ifmo.ru:8080/?token=518472196&&user=-1356113187&config=2,35088,0,0
1776059584077,35089,HTTP Request 2,200,OK,config 2 1-289,text,true,,231,168,748,748,http://stload.se.ifmo.ru:8080/?token=518472196&&user=-1356113187&config=2,35089,0,18
1776059584079,35087,HTTP Request 2,200,OK,config 2 1-424,text,true,,231,168,748,748,http://stload.se.ifmo.ru:8080/?token=518472196&&user=-1356113187&config=2,35087,0,0
1776059584077,35089,HTTP Request 2,200,OK,config 2 1-277,text,true,,231,168,746,746,http://stload.se.ifmo.ru:8080/?token=518472196&&user=-1356113187&config=2,35089,0,17
1776059584077,35089,HTTP Request 2,200,OK,config 2 1-426,text,true,,231,168,746,746,http://stload.se.ifmo.ru:8080/?token=518472196&&user=-1356113187&config=2,35089,0,0
1776059584076,35091,HTTP Request 2,200,OK,config 2 1-455,text,true,,231,168,746,746,http://stload.se.ifmo.ru:8080/?token=518472196&&user=-1356113187&config=2,35091,0,0
1776059584077,35090,HTTP Request 2,200,OK,config 2 1-258,text,true,,231,168,744,744,http://stload.se.ifmo.ru:8080/?token=518472196&&user=-1356113187&config=2,35090,0,17
1776059584078,35089,HTTP Request 2,200,OK,config 2 1-449,text,true,,231,168,744,744,http://stload.se.ifmo.ru:8080/?token=518472196&&user=-1356113187&config=2,35089,0,0
1776059584077,35090,HTTP Request 2,200,OK,config 2 1-232,text,true,,231,168,744,744,http://stload.se.ifmo.ru:8080/?token=518472196&&user=-1356113187&config=2,35090,0,0
1776059584077,35090,HTTP Request 2,200,OK,config 2 1-261,text,true,,231,168,743,743,http://stload.se.ifmo.ru:8080/?token=518472196&&user=-1356113187&config=2,35090,0,17
1776059584079,35089,HTTP Request 2,200,OK,config 2 1-433,text,true,,231,168,741,741,http://stload.se.ifmo.ru:8080/?token=518472196&&user=-1356113187&config=2,35089,0,0
1776059616682,2485,HTTP Request 2,503,Service Unavailable,config 2 1-276,text,false,,237,168,741,741,http://stload.se.ifmo.ru:8080/?token=518472196&&user=-1356113187&config=2,2485,0,16
1776059584078,35090,HTTP Request 2,200,OK,config 2 1-439,text,true,,231,168,739,739,http://stload.se.ifmo.ru:8080/?token=518472196&&user=-1356113187&config=2,35090,0,0
1776059616682,2485,HTTP Request 2,503,Service Unavailable,config 2 1-288,text,false,,237,168,739,739,http://stload.se.ifmo.ru:8080/?token=518472196&&user=-1356113187&config=2,2485,0,16
1776059616682,2485,HTTP Request 2,503,Service Unavailable,config 2 1-274,text,false,,237,168,739,739,http://stload.se.ifmo.ru:8080/?token=518472196&&user=-1356113187&config=2,2485,0,16
1776059616685,2483,HTTP Request 2,503,Service Unavailable,config 2 1-171,text,false,,237,168,737,737,http://stload.se.ifmo.ru:8080/?token=518472196&&user=-1356113187&config=2,2483,0,15
1776059616683,2485,HTTP Request 2,503,Service Unavailable,config 2 1-273,text,false,,237,168,737,737,http://stload.se.ifmo.ru:8080/?token=518472196&&user=-1356113187&config=2,2485,0,16
1776059584079,35090,HTTP Request 2,200,OK,config 2 1-423,text,true,,231,168,737,737,http://stload.se.ifmo.ru:8080/?token=518472196&&user=-1356113187&config=2,35090,0,0
1776059616683,2485,HTTP Request 2,503,Service Unavailable,config 2 1-262,text,false,,237,168,736,736,http://stload.se.ifmo.ru:8080/?token=518472196&&user=-1356113187&config=2,2485,0,16
1776059581998,37170,HTTP Request 2,200,OK,config 2 1-871,text,true,,231,168,735,735,http://stload.se.ifmo.ru:8080/?token=518472196&&user=-1356113187&config=2,37170,0,0
1776059583229,35940,HTTP Request 2,200,OK,config 2 1-947,text,true,,231,168,735,735,http://stload.se.ifmo.ru:8080/?token=518472196&&user=-1356113187&config=2,35940,0,4
1776059583978,35191,HTTP Request 2,200,OK,config 2 1-660,text,true,,231,168,735,735,http://stload.se.ifmo.ru:8080/?token=518472196&&user=-1356113187&config=2,35191,0,0
1776059584078,35091,HTTP Request 2,200,OK,config 2 1-442,text,true,,231,168,733,733,http://stload.se.ifmo.ru:8080/?token=518472196&&user=-1356113187&config=2,35091,0,0
1776059616683,2485,HTTP Request 2,503,Service Unavailable,config 2 1-268,text,false,,237,168,733,733,http://stload.se.ifmo.ru:8080/?token=518472196&&user=-1356113187&config=2,2485,0,16
1776059581971,37197,HTTP Request 2,200,OK,config 2 1-933,text,true,,231,168,730,730,http://stload.se.ifmo.ru:8080/?token=518472196&&user=-1356113187&config=2,37197,0,9
1776059582000,37169,HTTP Request 2,200,OK,config 2 1-741,text,true,,231,168,730,730,http://stload.se.ifmo.ru:8080/?token=518472196&&user=-1356113187&config=2,37169,0,10
1776059616686,2483,HTTP Request 2,503,Service Unavailable,config 2 1-243,text,false,,237,168,730,730,http://stload.se.ifmo.ru:8080/?token=518472196&&user=-1356113187&config=2,2483,0,23
1776059584079,35091,HTTP Request 2,200,OK,config 2 1-416,text,true,,231,168,730,730,http://stload.se.ifmo.ru:8080/?token=518472196&&user=-1356113187&config=2,35091,0,0
1776059584078,35092,HTTP Request 2,200,OK,config 2 1-228,text,true,,231,168,729,729,http://stload.se.ifmo.ru:8080/?token=518472196&&user=-1356113187&config=2,35092,0,0
1776059616696,2473,HTTP Request 2,503,Service Unavailable,config 2 1-516,text,false,,237,168,729,729,http://stload.se.ifmo.ru:8080/?token=518472196&&user=-1356113187&config=2,2473,0,13
1776059584079,35091,HTTP Request 2,200,OK,config 2 1-440,text,true,,231,168,729,729,http://stload.se.ifmo.ru:8080/?token=518472196&&user=-1356113187&config=2,35091,0,0
1776059584080,35090,HTTP Request 2,200,OK,config 2 1-296,text,true,,231,168,729,729,http://stload.se.ifmo.ru:8080/?token=518472196&&user=-1356113187&config=2,35090,0,0
1776059616686,2483,HTTP Request 2,503,Service Unavailable,config 2 1-514,text,false,,237,168,728,728,http://stload.se.ifmo.ru:8080/?token=518472196&&user=-1356113187&config=2,2483,0,23
1776059616696,2473,HTTP Request 2,503,Service Unavailable,config 2 1-348,text,false,,237,168,727,727,http://stload.se.ifmo.ru:8080/?token=518472196&&user=-1356113187&config=2,2473,0,13
1776059584080,35091,HTTP Request 2,200,OK,config 2 1-672,text,true,,231,168,727,727,http://stload.se.ifmo.ru:8080/?token=518472196&&user=-1356113187&config=2,35091,0,0
1776059616696,2474,HTTP Request 2,503,Service Unavailable,config 2 1-517,text,false,,237,168,725,725,http://stload.se.ifmo.ru:8080/?token=518472196&&user=-1356113187&config=2,2474,0,13
1776059584080,35091,HTTP Request 2,200,OK,config 2 1-675,text,true,,231,168,725,725,http://stload.se.ifmo.ru:8080/?token=518472196&&user=-1356113187&config=2,35091,0,0
1776059584079,35092,HTTP Request 2,200,OK,config 2 1-431,text,true,,231,168,723,723,http://stload.se.ifmo.ru:8080/?token=518472196&&user=-1356113187&config=2,35092,0,0
1776059616685,2485,HTTP Request 2,503,Service Unavailable,config 2 1-175,text,false,,237,168,723,723,http://stload.se.ifmo.ru:8080/?token=518472196&&user=-1356113187&config=2,2485,0,15
1776059581446,37892,HTTP Request 2,200,OK,config 2 1-628,text,true,,231,168,511,511,http://stload.se.ifmo.ru:8080/?token=518472196&&user=-1356113187&config=2,37892,0,0
1776059598125,36054,HTTP Request 2,200,OK,config 2 1-5,text,true,,231,168,510,510,http://stload.se.ifmo.ru:8080/?token=518472196&&user=-1356113187&config=2,36054,0,0
1776059598125,36054,HTTP Request 2,200,OK,config 2 1-73,text,true,,231,168,510,510,http://stload.se.ifmo.ru:8080/?token=518472196&&user=-1356113187&config=2,36054,0,0
1776059598125,36054,HTTP Request 2,200,OK,config 2 1-93,text,true,,231,168,510,510,http://stload.se.ifmo.ru:8080/?token=518472196&&user=-1356113187&config=2,36054,0,0
1776059598126,36064,HTTP Request 2,200,OK,config 2 1-958,text,true,,231,168,510,510,http://stload.se.ifmo.ru:8080/?token=518472196&&user=-1356113187&config=2,36064,0,0
1776059598126,36064,HTTP Request 2,200,OK,config 2 1-959,text,true,,231,168,510,510,http://stload.se.ifmo.ru:8080/?token=518472196&&user=-1356113187&config=2,36064,0,0
1776059598154,36036,HTTP Request 2,200,OK,config 2 1-960,text,true,,231,168,510,510,http://stload.se.ifmo.ru:8080/?token=518472196&&user=-1356113187&config=2,36036,0,0
1776059598154,36036,HTTP Request 2,200,OK,config 2 1-962,text,true,,231,168,510,510,http://stload.se.ifmo.ru:8080/?token=518472196&&user=-1356113187&config=2,36036,0,0
1776059598125,36065,HTTP Request 2,200,OK,config 2 1-957,text,true,,231,168,510,510,http://stload.se.ifmo.ru:8080/?token=518472196&&user=-1356113187&config=2,36065,0,0
1776059598171,36019,HTTP Request 2,200,OK,config 2 1-72,text,true,,231,168,510,510,http://stload.se.ifmo.ru:8080/?token=518472196&&user=-1356113187&config=2,36019,0,6
1776059598156,36034,HTTP Request 2,200,OK,config 2 1-966,text,true,,231,168,510,510,http://stload.se.ifmo.ru:8080/?token=518472196&&user=-1356113187&config=2,36034,0,0
1776059598226,35964,HTTP Request 2,200,OK,config 2 1-973,text,true,,231,168,510,510,http://stload.se.ifmo.ru:8080/?token=518472196&&user=-1356113187&config=2,35964,0,0
1776059598156,36034,HTTP Request 2,200,OK,config 2 1-965,text,true,,231,168,510,510,http://stload.se.ifmo.ru:8080/?token=518472196&&user=-1356113187&config=2,36034,0,0
1776059598156,36034,HTTP Request 2,200,OK,config 2 1-963,text,true,,231,168,510,510,http://stload.se.ifmo.ru:8080/?token=518472196&&user=-1356113187&config=2,36034,0,0
1776059598164,36027,HTTP Request 2,200,OK,config 2 1-564,text,true,,231,168,510,510,http://stload.se.ifmo.ru:8080/?token=518472196&&user=-1356113187&config=2,36027,0,9
1776059598154,36036,HTTP Request 2,200,OK,config 2 1-961,text,true,,231,168,510,510,http://stload.se.ifmo.ru:8080/?token=518472196&&user=-1356113187&config=2,36036,0,0
1776059598235,35956,HTTP Request 2,200,OK,config 2 1-34,text,true,,231,168,510,510,http://stload.se.ifmo.ru:8080/?token=518472196&&user=-1356113187&config=2,35956,0,0
1776059598154,36036,HTTP Request 2,200,OK,config 2 1-899,text,true,,231,168,510,510,http://stload.se.ifmo.ru:8080/?token=518472196&&user=-1356113187&config=2,36036,0,0
1776059598171,36020,HTTP Request 2,200,OK,config 2 1-22,text,true,,231,168,510,510,http://stload.se.ifmo.ru:8080/?token=518472196&&user=-1356113187&config=2,36020,0,6
1776059598165,36026,HTTP Request 2,200,OK,config 2 1-556,text,true,,231,168,510,510,http://stload.se.ifmo.ru:8080/?token=518472196&&user=-1356113187&config=2,36026,0,8
1776059598165,36026,HTTP Request 2,200,OK,config 2 1-566,text,true,,231,168,510,510,http://stload.se.ifmo.ru:8080/?token=518472196&&user=-1356113187&config=2,36026,0,8
1776059598231,35959,HTTP Request 2,200,OK,config 2 1-998,text,true,,231,168,510,510,http://stload.se.ifmo.ru:8080/?token=518472196&&user=-1356113187&config=2,35959,0,0
1776059598165,36026,HTTP Request 2,200,OK,config 2 1-558,text,true,,231,168,510,510,http://stload.se.ifmo.ru:8080/?token=518472196&&user=-1356113187&config=2,36026,0,8
1776059598165,36026,HTTP Request 2,200,OK,config 2 1-567,text,true,,231,168,510,510,http://stload.se.ifmo.ru:8080/?token=518472196&&user=-1356113187&config=2,36026,0,8
1776059598165,36026,HTTP Request 2,200,OK,config 2 1-569,text,true,,231,168,510,510,http://stload.se.ifmo.ru:8080/?token=518472196&&user=-1356113187&config=2,36026,0,8
1776059598165,36026,HTTP Request 2,200,OK,config 2 1-557,text,true,,231,168,510,510,http://stload.se.ifmo.ru:8080/?token=518472196&&user=-1356113187&config=2,36026,0,10
1776059598165,36026,HTTP Request 2,200,OK,config 2 1-559,text,true,,231,168,510,510,http://stload.se.ifmo.ru:8080/?token=518472196&&user=-1356113187&config=2,36026,0,10
1776059598171,36020,HTTP Request 2,200,OK,config 2 1-561,text,true,,231,168,510,510,http://stload.se.ifmo.ru:8080/?token=518472196&&user=-1356113187&config=2,36020,0,6
1776059598171,36020,HTTP Request 2,200,OK,config 2 1-24,text,true,,231,168,509,509,http://stload.se.ifmo.ru:8080/?token=518472196&&user=-1356113187&config=2,36020,0,6
1776059598171,36020,HTTP Request 2,200,OK,config 2 1-568,text,true,,231,168,508,508,http://stload.se.ifmo.ru:8080/?token=518472196&&user=-1356113187&config=2,36020,0,6
1776059598164,36028,HTTP Request 2,200,OK,config 2 1-565,text,true,,231,168,506,506,http://stload.se.ifmo.ru:8080/?token=518472196&&user=-1356113187&config=2,36028,0,9
1776059598171,36021,HTTP Request 2,200,OK,config 2 1-57,text,true,,231,168,506,506,http://stload.se.ifmo.ru:8080/?token=518472196&&user=-1356113187&config=2,36021,0,6
1776059598171,36021,HTTP Request 2,200,OK,config 2 1-560,text,true,,231,168,506,506,http://stload.se.ifmo.ru:8080/?token=518472196&&user=-1356113187&config=2,36021,0,6
1776059598156,36035,HTTP Request 2,200,OK,config 2 1-964,text,true,,231,168,510,510,http://stload.se.ifmo.ru:8080/?token=518472196&&user=-1356113187&config=2,36035,0,0
1776059598231,35960,HTTP Request 2,200,OK,config 2 1-997,text,true,,231,168,510,510,http://stload.se.ifmo.ru:8080/?token=518472196&&user=-1356113187&config=2,35960,0,0
1776059598172,36019,HTTP Request 2,200,OK,config 2 1-856,text,true,,231,168,510,510,http://stload.se.ifmo.ru:8080/?token=518472196&&user=-1356113187&config=2,36019,0,6
1776059598235,35956,HTTP Request 2,200,OK,config 2 1-513,text,true,,231,168,510,510,http://stload.se.ifmo.ru:8080/?token=518472196&&user=-1356113187&config=2,35956,0,0
1776059598172,36019,HTTP Request 2,200,OK,config 2 1-967,text,true,,231,168,510,510,http://stload.se.ifmo.ru:8080/?token=518472196&&user=-1356113187&config=2,36019,0,0
1776059598229,35962,HTTP Request 2,200,OK,config 2 1-985,text,true,,231,168,510,510,http://stload.se.ifmo.ru:8080/?token=518472196&&user=-1356113187&config=2,35962,0,0
1776059598227,35964,HTTP Request 2,200,OK,config 2 1-977,text,true,,231,168,510,510,http://stload.se.ifmo.ru:8080/?token=518472196&&user=-1356113187&config=2,35964,0,0
1776059598229,35962,HTTP Request 2,200,OK,config 2 1-993,text,true,,231,168,510,510,http://stload.se.ifmo.ru:8080/?token=518472196&&user=-1356113187&config=2,35962,0,0
1776059598172,36020,HTTP Request 2,200,OK,config 2 1-854,text,true,,231,168,503,503,http://stload.se.ifmo.ru:8080/?token=518472196&&user=-1356113187&config=2,36020,0,6
1776059598172,36020,HTTP Request 2,200,OK,config 2 1-857,text,true,,231,168,502,502,http://stload.se.ifmo.ru:8080/?token=518472196&&user=-1356113187&config=2,36020,0,6
1776059598172,36021,HTTP Request 2,200,OK,config 2 1-859,text,true,,231,168,501,501,http://stload.se.ifmo.ru:8080/?token=518472196&&user=-1356113187&config=2,36021,0,6
1776059598226,35967,HTTP Request 2,200,OK,config 2 1-968,text,true,,231,168,499,499,http://stload.se.ifmo.ru:8080/?token=518472196&&user=-1356113187&config=2,35967,0,0
1776059598173,36020,HTTP Request 2,200,OK,config 2 1-897,text,true,,231,168,498,498,http://stload.se.ifmo.ru:8080/?token=518472196&&user=-1356113187&config=2,36020,0,7
1776059598125,36069,HTTP Request 2,200,OK,config 2 1-257,text,true,,231,168,496,496,http://stload.se.ifmo.ru:8080/?token=518472196&&user=-1356113187&config=2,36069,0,0
1776059598125,36069,HTTP Request 2,200,OK,config 2 1-255,text,true,,231,168,496,496,http://stload.se.ifmo.ru:8080/?token=518472196&&user=-1356113187&config=2,36069,0,0
1776059598125,36069,HTTP Request 2,200,OK,config 2 1-284,text,true,,231,168,496,496,http://stload.se.ifmo.ru:8080/?token=518472196&&user=-1356113187&config=2,36069,0,0
1776059598125,36069,HTTP Request 2,200,OK,config 2 1-278,text,true,,231,168,496,496,http://stload.se.ifmo.ru:8080/?token=518472196&&user=-1356113187&config=2,36069,0,0
1776059598229,35965,HTTP Request 2,200,OK,config 2 1-990,text,true,,231,168,496,496,http://stload.se.ifmo.ru:8080/?token=518472196&&user=-1356113187&config=2,35965,0,0
1776059598126,36068,HTTP Request 2,200,OK,config 2 1-898,text,true,,231,168,496,496,http://stload.se.ifmo.ru:8080/?token=518472196&&user=-1356113187&config=2,36068,0,0
1776059598125,36069,HTTP Request 2,200,OK,config 2 1-254,text,true,,231,168,496,496,http://stload.se.ifmo.ru:8080/?token=518472196&&user=-1356113187&config=2,36069,0,0
1776059598164,36030,HTTP Request 2,200,OK,config 2 1-563,text,true,,231,168,496,496,http://stload.se.ifmo.ru:8080/?token=518472196&&user=-1356113187&config=2,36030,0,9
1776059598172,36022,HTTP Request 2,200,OK,config 2 1-858,text,true,,231,168,496,496,http://stload.se.ifmo.ru:8080/?token=518472196&&user=-1356113187&config=2,36022,0,8
1776059598226,35968,HTTP Request 2,200,OK,config 2 1-970,text,true,,231,168,496,496,http://stload.se.ifmo.ru:8080/?token=518472196&&user=-1356113187&config=2,35968,0,0
1776059598233,35961,HTTP Request 2,200,OK,config 2 1-695,text,true,,231,168,496,496,http://stload.se.ifmo.ru:8080/?token=518472196&&user=-1356113187&config=2,35961,0,0
1776059598226,35968,HTTP Request 2,200,OK,config 2 1-974,text,true,,231,168,495,495,http://stload.se.ifmo.ru:8080/?token=518472196&&user=-1356113187&config=2,35968,0,0
1776059598226,35968,HTTP Request 2,200,OK,config 2 1-972,text,true,,231,168,495,495,http://stload.se.ifmo.ru:8080/?token=518472196&&user=-1356113187&config=2,35968,0,0
1776059598226,35968,HTTP Request 2,200,OK,config 2 1-976,text,true,,231,168,495,495,http://stload.se.ifmo.ru:8080/?token=518472196&&user=-1356113187&config=2,35968,0,0
1776059598172,36022,HTTP Request 2,200,OK,config 2 1-855,text,true,,231,168,495,495,http://stload.se.ifmo.ru:8080/?token=518472196&&user=-1356113187&config=2,36022,0,8
1776059598172,36022,HTTP Request 2,200,OK,config 2 1-860,text,true,,231,168,495,495,http://stload.se.ifmo.ru:8080/?token=518472196&&user=-1356113187&config=2,36022,0,8
1776059598226,35968,HTTP Request 2,200,OK,config 2 1-975,text,true,,231,168,494,494,http://stload.se.ifmo.ru:8080/?token=518472196&&user=-1356113187&config=2,35968,0,0
1776059598229,35965,HTTP Request 2,200,OK,config 2 1-989,text,true,,231,168,494,494,http://stload.se.ifmo.ru:8080/?token=518472196&&user=-1356113187&config=2,35965,0,0
1776059598226,35968,HTTP Request 2,200,OK,config 2 1-969,text,true,,231,168,494,494,http://stload.se.ifmo.ru:8080/?token=518472196&&user=-1356113187&config=2,35968,0,0
1776059598227,35967,HTTP Request 2,200,OK,config 2 1-978,text,true,,231,168,494,494,http://stload.se.ifmo.ru:8080/?token=518472196&&user=-1356113187&config=2,35967,0,0
1776059598227,35967,HTTP Request 2,200,OK,config 2 1-979,text,true,,231,168,494,494,http://stload.se.ifmo.ru:8080/?token=518472196&&user=-1356113187&config=2,35967,0,0
1776059598228,35966,HTTP Request 2,200,OK,config 2 1-981,text,true,,231,168,494,494,http://stload.se.ifmo.ru:8080/?token=518472196&&user=-1356113187&config=2,35966,0,0
1776059598228,35966,HTTP Request 2,200,OK,config 2 1-980,text,true,,231,168,494,494,http://stload.se.ifmo.ru:8080/?token=518472196&&user=-1356113187&config=2,35966,0,0
1776059598228,35966,HTTP Request 2,200,OK,config 2 1-983,text,true,,231,168,493,493,http://stload.se.ifmo.ru:8080/?token=518472196&&user=-1356113187&config=2,35966,0,0
1776059598228,35966,HTTP Request 2,200,OK,config 2 1-984,text,true,,231,168,493,493,http://stload.se.ifmo.ru:8080/?token=518472196&&user=-1356113187&config=2,35966,0,0
1776059598229,35965,HTTP Request 2,200,OK,config 2 1-994,text,true,,231,168,493,493,http://stload.se.ifmo.ru:8080/?token=518472196&&user=-1356113187&config=2,35965,0,0
1776059598226,35968,HTTP Request 2,200,OK,config 2 1-971,text,true,,231,168,493,493,http://stload.se.ifmo.ru:8080/?token=518472196&&user=-1356113187&config=2,35968,0,0
1776059598231,35963,HTTP Request 2,200,OK,config 2 1-995,text,true,,231,168,491,491,http://stload.se.ifmo.ru:8080/?token=518472196&&user=-1356113187&config=2,35963,0,0
1776059598228,35967,HTTP Request 2,200,OK,config 2 1-982,text,true,,231,168,491,491,http://stload.se.ifmo.ru:8080/?token=518472196&&user=-1356113187&config=2,35967,0,0
1776059598231,35964,HTTP Request 2,200,OK,config 2 1-1000,text,true,,231,168,489,489,http://stload.se.ifmo.ru:8080/?token=518472196&&user=-1356113187&config=2,35964,0,0
1776059598234,35961,HTTP Request 2,200,OK,config 2 1-81,text,true,,231,168,488,488,http://stload.se.ifmo.ru:8080/?token=518472196&&user=-1356113187&config=2,35961,0,0
1776059598234,35961,HTTP Request 2,200,OK,config 2 1-52,text,true,,231,168,488,488,http://stload.se.ifmo.ru:8080/?token=518472196&&user=-1356113187&config=2,35961,0,0
1776059598234,35961,HTTP Request 2,200,OK,config 2 1-168,text,true,,231,168,488,488,http://stload.se.ifmo.ru:8080/?token=518472196&&user=-1356113187&config=2,35961,0,0
1776059598233,35962,HTTP Request 2,200,OK,config 2 1-511,text,true,,231,168,488,488,http://stload.se.ifmo.ru:8080/?token=518472196&&user=-1356113187&config=2,35962,0,0
1776059598229,35966,HTTP Request 2,200,OK,config 2 1-987,text,true,,231,168,488,488,http://stload.se.ifmo.ru:8080/?token=518472196&&user=-1356113187&config=2,35966,0,0
1776059598229,35966,HTTP Request 2,200,OK,config 2 1-991,text,true,,231,168,488,488,http://stload.se.ifmo.ru:8080/?token=518472196&&user=-1356113187&config=2,35966,0,0
1776059598229,35966,HTTP Request 2,200,OK,config 2 1-986,text,true,,231,168,487,487,http://stload.se.ifmo.ru:8080/?token=518472196&&user=-1356113187&config=2,35966,0,0
1776059598231,35964,HTTP Request 2,200,OK,config 2 1-999,text,true,,231,168,487,487,http://stload.se.ifmo.ru:8080/?token=518472196&&user=-1356113187&config=2,35964,0,0
1776059598231,35964,HTTP Request 2,200,OK,config 2 1-996,text,true,,231,168,486,486,http://stload.se.ifmo.ru:8080/?token=518472196&&user=-1356113187&config=2,35964,0,0
1776059598229,35966,HTTP Request 2,200,OK,config 2 1-988,text,true,,231,168,482,482,http://stload.se.ifmo.ru:8080/?token=518472196&&user=-1356113187&config=2,35966,0,0
1776059598229,35966,HTTP Request 2,200,OK,config 2 1-992,text,true,,231,168,482,482,http://stload.se.ifmo.ru:8080/?token=518472196&&user=-1356113187&config=2,35966,0,0
1776059598125,36070,HTTP Request 2,200,OK,config 2 1-173,text,true,,231,168,482,482,http://stload.se.ifmo.ru:8080/?token=518472196&&user=-1356113187&config=2,36070,0,0
1776059598234,36107,HTTP Request 2,200,OK,config 2 1-345,text,true,,231,168,423,423,http://stload.se.ifmo.ru:8080/?token=518472196&&user=-1356113187&config=2,36107,0,0
1776059598231,36199,HTTP Request 2,200,OK,config 2 1-903,text,true,,231,168,422,422,http://stload.se.ifmo.ru:8080/?token=518472196&&user=-1356113187&config=2,36199,0,6
1776059598235,36195,HTTP Request 2,200,OK,config 2 1-512,text,true,,231,168,422,422,http://stload.se.ifmo.ru:8080/?token=518472196&&user=-1356113187&config=2,36195,0,0
1776059598236,36194,HTTP Request 2,200,OK,config 2 1-31,text,true,,231,168,422,422,http://stload.se.ifmo.ru:8080/?token=518472196&&user=-1356113187&config=2,36194,0,0
1776059598236,36194,HTTP Request 2,200,OK,config 2 1-346,text,true,,231,168,422,422,http://stload.se.ifmo.ru:8080/?token=518472196&&user=-1356113187&config=2,36194,0,0
1776059598235,36195,HTTP Request 2,200,OK,config 2 1-65,text,true,,231,168,422,422,http://stload.se.ifmo.ru:8080/?token=518472196&&user=-1356113187&config=2,36195,0,0
1776059598232,36198,HTTP Request 2,200,OK,config 2 1-904,text,true,,231,168,422,422,http://stload.se.ifmo.ru:8080/?token=518472196&&user=-1356113187&config=2,36198,0,5
1776059598232,36198,HTTP Request 2,200,OK,config 2 1-905,text,true,,231,168,422,422,http://stload.se.ifmo.ru:8080/?token=518472196&&user=-1356113187&config=2,36198,0,6
1776059598233,36197,HTTP Request 2,200,OK,config 2 1-907,text,true,,231,168,422,422,http://stload.se.ifmo.ru:8080/?token=518472196&&user=-1356113187&config=2,36197,0,5
1776059598232,36198,HTTP Request 2,200,OK,config 2 1-906,text,true,,231,168,422,422,http://stload.se.ifmo.ru:8080/?token=518472196&&user=-1356113187&config=2,36198,0,6
1776059599654,34776,HTTP Request 2,200,OK,config 2 1-901,text,true,,231,168,422,422,http://stload.se.ifmo.ru:8080/?token=518472196&&user=-1356113187&config=2,34776,0,5
1776059599654,34776,HTTP Request 2,200,OK,config 2 1-900,text,true,,231,168,422,422,http://stload.se.ifmo.ru:8080/?token=518472196&&user=-1356113187&config=2,34776,0,18
1776059599654,34776,HTTP Request 2,200,OK,config 2 1-902,text,true,,231,168,422,422,http://stload.se.ifmo.ru:8080/?token=518472196&&user=-1356113187&config=2,34776,0,33
1776059602537,31893,HTTP Request 2,200,OK,config 2 1-539,text,true,,231,168,422,422,http://stload.se.ifmo.ru:8080/?token=518472196&&user=-1356113187&config=2,31893,0,0
1776059602537,31893,HTTP Request 2,200,OK,config 2 1-535,text,true,,231,168,422,422,http://stload.se.ifmo.ru:8080/?token=518472196&&user=-1356113187&config=2,31893,0,0
1776059602537,31893,HTTP Request 2,200,OK,config 2 1-541,text,true,,231,168,422,422,http://stload.se.ifmo.ru:8080/?token=518472196&&user=-1356113187&config=2,31893,0,0
1776059602537,31893,HTTP Request 2,200,OK,config 2 1-548,text,true,,231,168,422,422,http://stload.se.ifmo.ru:8080/?token=518472196&&user=-1356113187&config=2,31893,0,0
1776059602537,31893,HTTP Request 2,200,OK,config 2 1-533,text,true,,231,168,422,422,http://stload.se.ifmo.ru:8080/?token=518472196&&user=-1356113187&config=2,31893,0,0
1776059602537,31893,HTTP Request 2,200,OK,config 2 1-532,text,true,,231,168,422,422,http://stload.se.ifmo.ru:8080/?token=518472196&&user=-1356113187&config=2,31893,0,0
1776059602538,31892,HTTP Request 2,200,OK,config 2 1-540,text,true,,231,168,422,422,http://stload.se.ifmo.ru:8080/?token=518472196&&user=-1356113187&config=2,31892,0,0
1776059598235,36195,HTTP Request 2,200,OK,config 2 1-66,text,true,,231,168,422,422,http://stload.se.ifmo.ru:8080/?token=518472196&&user=-1356113187&config=2,36195,0,0
1776059598235,36195,HTTP Request 2,200,OK,config 2 1-341,text,true,,231,168,422,422,http://stload.se.ifmo.ru:8080/?token=518472196&&user=-1356113187&config=2,36195,0,0
1776059598236,36194,HTTP Request 2,200,OK,config 2 1-49,text,true,,231,168,422,422,http://stload.se.ifmo.ru:8080/?token=518472196&&user=-1356113187&config=2,36194,0,0
1776059598236,36194,HTTP Request 2,200,OK,config 2 1-167,text,true,,231,168,422,422,http://stload.se.ifmo.ru:8080/?token=518472196&&user=-1356113187&config=2,36194,0,0
1776059598236,36194,HTTP Request 2,200,OK,config 2 1-343,text,true,,231,168,422,422,http://stload.se.ifmo.ru:8080/?token=518472196&&user=-1356113187&config=2,36194,0,0
1776059602537,31894,HTTP Request 2,200,OK,config 2 1-721,text,true,,231,168,418,418,http://stload.se.ifmo.ru:8080/?token=518472196&&user=-1356113187&config=2,31894,0,0
1776059602537,31894,HTTP Request 2,200,OK,config 2 1-536,text,true,,231,168,418,418,http://stload.se.ifmo.ru:8080/?token=518472196&&user=-1356113187&config=2,31894,0,0
1776059602537,31894,HTTP Request 2,200,OK,config 2 1-545,text,true,,231,168,418,418,http://stload.se.ifmo.ru:8080/?token=518472196&&user=-1356113187&config=2,31894,0,0
1776059602538,31893,HTTP Request 2,200,OK,config 2 1-537,text,true,,231,168,418,418,http://stload.se.ifmo.ru:8080/?token=518472196&&user=-1356113187&config=2,31893,0,0
1776059602537,31894,HTTP Request 2,200,OK,config 2 1-549,text,true,,231,168,418,418,http://stload.se.ifmo.ru:8080/?token=518472196&&user=-1356113187&config=2,31894,0,0
1776059602537,31894,HTTP Request 2,200,OK,config 2 1-543,text,true,,231,168,418,418,http://stload.se.ifmo.ru:8080/?token=518472196&&user=-1356113187&config=2,31894,0,0
1776059602538,31893,HTTP Request 2,200,OK,config 2 1-542,text,true,,231,168,418,418,http://stload.se.ifmo.ru:8080/?token=518472196&&user=-1356113187&config=2,31893,0,0
1776059602538,31893,HTTP Request 2,200,OK,config 2 1-534,text,true,,231,168,418,418,http://stload.se.ifmo.ru:8080/?token=518472196&&user=-1356113187&config=2,31893,0,0
1776059602538,31893,HTTP Request 2,200,OK,config 2 1-544,text,true,,231,168,418,418,http://stload.se.ifmo.ru:8080/?token=518472196&&user=-1356113187&config=2,31893,0,0
1776059602538,31895,HTTP Request 2,200,OK,config 2 1-551,text,true,,231,168,389,389,http://stload.se.ifmo.ru:8080/?token=518472196&&user=-1356113187&config=2,31895,0,0
1776059602540,31893,HTTP Request 2,200,OK,config 2 1-550,text,true,,231,168,389,389,http://stload.se.ifmo.ru:8080/?token=518472196&&user=-1356113187&config=2,31893,0,0
1776059602540,31893,HTTP Request 2,200,OK,config 2 1-554,text,true,,231,168,389,389,http://stload.se.ifmo.ru:8080/?token=518472196&&user=-1356113187&config=2,31893,0,0
1776059605384,29050,HTTP Request 2,500,Internal Server Error,config 2 1-239,text,false,,233,168,389,389,http://stload.se.ifmo.ru:8080/?token=518472196&&user=-1356113187&config=2,29050,0,20
1776059605384,29051,HTTP Request 2,500,Internal Server Error,config 2 1-323,text,false,,233,168,389,389,http://stload.se.ifmo.ru:8080/?token=518472196&&user=-1356113187&config=2,29050,0,20
1776059605384,29051,HTTP Request 2,500,Internal Server Error,config 2 1-476,text,false,,233,168,388,388,http://stload.se.ifmo.ru:8080/?token=518472196&&user=-1356113187&config=2,29051,0,21
1776059605384,29052,HTTP Request 2,500,Internal Server Error,config 2 1-479,text,false,,233,168,383,383,http://stload.se.ifmo.ru:8080/?token=518472196&&user=-1356113187&config=2,29052,0,22
1776059605384,29052,HTTP Request 2,500,Internal Server Error,config 2 1-309,text,false,,233,168,383,383,http://stload.se.ifmo.ru:8080/?token=518472196&&user=-1356113187&config=2,29052,0,22
1776059605385,29051,HTTP Request 2,500,Internal Server Error,config 2 1-316,text,false,,233,168,383,383,http://stload.se.ifmo.ru:8080/?token=518472196&&user=-1356113187&config=2,29051,0,22
1776059605384,29052,HTTP Request 2,500,Internal Server Error,config 2 1-47,text,false,,233,168,383,383,http://stload.se.ifmo.ru:8080/?token=518472196&&user=-1356113187&config=2,29052,0,20
1776059605384,29053,HTTP Request 2,500,Internal Server Error,config 2 1-324,text,false,,233,168,379,379,http://stload.se.ifmo.ru:8080/?token=518472196&&user=-1356113187&config=2,29053,0,22
1776059605385,29052,HTTP Request 2,500,Internal Server Error,config 2 1-317,text,false,,233,168,379,379,http://stload.se.ifmo.ru:8080/?token=518472196&&user=-1356113187&config=2,29052,0,22
1776059605384,29053,HTTP Request 2,500,Internal Server Error,config 2 1-481,text,false,,233,168,379,379,http://stload.se.ifmo.ru:8080/?token=518472196&&user=-1356113187&config=2,29053,0,20
1776059605384,29053,HTTP Request 2,500,Internal Server Error,config 2 1-474,text,false,,233,168,379,379,http://stload.se.ifmo.ru:8080/?token=518472196&&user=-1356113187&config=2,29053,0,20
1776059605385,29052,HTTP Request 2,500,Internal Server Error,config 2 1-477,text,false,,233,168,379,379,http://stload.se.ifmo.ru:8080/?token=518472196&&user=-1356113187&config=2,29052,0,21
1776059605386,29052,HTTP Request 2,500,Internal Server Error,config 2 1-159,text,false,,233,168,374,374,http://stload.se.ifmo.ru:8080/?token=518472196&&user=-1356113187&config=2,29052,0,23
1776059605384,29054,HTTP Request 2,500,Internal Server Error,config 2 1-315,text,false,,233,168,374,374,http://stload.se.ifmo.ru:8080/?token=518472196&&user=-1356113187&config=2,29054,0,20
1776059605384,29056,HTTP Request 2,500,Internal Server Error,config 2 1-306,text,false,,233,168,372,372,http://stload.se.ifmo.ru:8080/?token=518472196&&user=-1356113187&config=2,29056,0,20
1776059605384,29056,HTTP Request 2,500,Internal Server Error,config 2 1-472,text,false,,233,168,371,371,http://stload.se.ifmo.ru:8080/?token=518472196&&user=-1356113187&config=2,29056,0,21
1776059605385,29056,HTTP Request 2,500,Internal Server Error,config 2 1-329,text,false,,233,168,371,371,http://stload.se.ifmo.ru:8080/?token=518472196&&user=-1356113187&config=2,29056,0,22
1776059605385,29056,HTTP Request 2,500,Internal Server Error,config 2 1-213,text,false,,233,168,370,370,http://stload.se.ifmo.ru:8080/?token=518472196&&user=-1356113187&config=2,29056,0,22
1776059605386,29055,HTTP Request 2,500,Internal Server Error,config 2 1-318,text,false,,233,168,369,369,http://stload.se.ifmo.ru:8080/?token=518472196&&user=-1356113187&config=2,29055,0,23
1776059605386,29055,HTTP Request 2,500,Internal Server Error,config 2 1-473,text,false,,233,168,367,367,http://stload.se.ifmo.ru:8080/?token=518472196&&user=-1356113187&config=2,29055,0,24
1776059602541,33030,HTTP Request 2,200,OK,config 2 1-555,text,true,,231,168,366,366,http://stload.se.ifmo.ru:8080/?token=518472196&&user=-1356113187&config=2,33029,0,0
1776059602541,33030,HTTP Request 2,200,OK,config 2 1-723,text,true,,231,168,366,366,http://stload.se.ifmo.ru:8080/?token=518472196&&user=-1356113187&config=2,33030,0,0
1776059602540,33031,HTTP Request 2,200,OK,config 2 1-538,text,true,,231,168,366,366,http://stload.se.ifmo.ru:8080/?token=518472196&&user=-1356113187&config=2,33031,0,0
1776059602540,33031,HTTP Request 2,200,OK,config 2 1-547,text,true,,231,168,366,366,http://stload.se.ifmo.ru:8080/?token=518472196&&user=-1356113187&config=2,33031,0,0
1776059602540,33031,HTTP Request 2,200,OK,config 2 1-553,text,true,,231,168,366,366,http://stload.se.ifmo.ru:8080/?token=518472196&&user=-1356113187&config=2,33031,0,0
1776059602540,33031,HTTP Request 2,200,OK,config 2 1-722,text,true,,231,168,364,364,http://stload.se.ifmo.ru:8080/?token=518472196&&user=-1356113187&config=2,33031,0,0
1776059602540,33031,HTTP Request 2,200,OK,config 2 1-546,text,true,,231,168,364,364,http://stload.se.ifmo.ru:8080/?token=518472196&&user=-1356113187&config=2,33031,0,0
1776059602540,33031,HTTP Request 2,200,OK,config 2 1-486,text,true,,231,168,363,363,http://stload.se.ifmo.ru:8080/?token=518472196&&user=-1356113187&config=2,33031,0,3
1776059605071,30502,HTTP Request 2,200,OK,config 2 1-205,text,true,,231,168,361,361,http://stload.se.ifmo.ru:8080/?token=518472196&&user=-1356113187&config=2,30502,0,16
1776059605085,30488,HTTP Request 2,200,OK,config 2 1-460,text,true,,231,168,361,361,http://stload.se.ifmo.ru:8080/?token=518472196&&user=-1356113187&config=2,30488,0,4
1776059602537,33035,HTTP Request 2,200,OK,config 2 1-487,text,true,,231,168,361,361,http://stload.se.ifmo.ru:8080/?token=518472196&&user=-1356113187&config=2,33035,0,6
1776059602541,33031,HTTP Request 2,200,OK,config 2 1-491,text,true,,231,168,359,359,http://stload.se.ifmo.ru:8080/?token=518472196&&user=-1356113187&config=2,33031,0,4
1776059605071,30502,HTTP Request 2,200,OK,config 2 1-747,text,true,,231,168,359,359,http://stload.se.ifmo.ru:8080/?token=518472196&&user=-1356113187&config=2,30502,0,0
1776059602541,33030,HTTP Request 2,200,OK,config 2 1-492,text,true,,231,168,362,362,http://stload.se.ifmo.ru:8080/?token=518472196&&user=-1356113187&config=2,33030,0,7
1776059602541,33031,HTTP Request 2,200,OK,config 2 1-493,text,true,,231,168,358,358,http://stload.se.ifmo.ru:8080/?token=518472196&&user=-1356113187&config=2,33031,0,6
1776059602543,33029,HTTP Request 2,200,OK,config 2 1-494,text,true,,231,168,358,358,http://stload.se.ifmo.ru:8080/?token=518472196&&user=-1356113187&config=2,33029,0,5
1776059602541,33031,HTTP Request 2,200,OK,config 2 1-490,text,true,,231,168,358,358,http://stload.se.ifmo.ru:8080/?token=518472196&&user=-1356113187&config=2,33031,0,7
1776059602538,33034,HTTP Request 2,200,OK,config 2 1-485,text,true,,231,168,358,358,http://stload.se.ifmo.ru:8080/?token=518472196&&user=-1356113187&config=2,33034,0,5
1776059602541,33031,HTTP Request 2,200,OK,config 2 1-488,text,true,,231,168,357,357,http://stload.se.ifmo.ru:8080/?token=518472196&&user=-1356113187&config=2,33031,0,7
1776059602540,33033,HTTP Request 2,200,OK,config 2 1-489,text,true,,231,168,350,350,http://stload.se.ifmo.ru:8080/?token=518472196&&user=-1356113187&config=2,33033,0,3
1776059605086,30488,HTTP Request 2,200,OK,config 2 1-294,text,true,,231,168,349,349,http://stload.se.ifmo.ru:8080/?token=518472196&&user=-1356113187&config=2,30488,0,5
1776059605086,30488,HTTP Request 2,200,OK,config 2 1-186,text,true,,231,168,349,349,http://stload.se.ifmo.ru:8080/?token=518472196&&user=-1356113187&config=2,30488,0,5
1776059605087,30487,HTTP Request 2,200,OK,config 2 1-90,text,true,,231,168,349,349,http://stload.se.ifmo.ru:8080/?token=518472196&&user=-1356113187&config=2,30487,0,7
1776059605086,30488,HTTP Request 2,200,OK,config 2 1-459,text,true,,231,168,349,349,http://stload.se.ifmo.ru:8080/?token=518472196&&user=-1356113187&config=2,30488,0,5
1776059605088,30486,HTTP Request 2,200,OK,config 2 1-297,text,true,,231,168,349,349,http://stload.se.ifmo.ru:8080/?token=518472196&&user=-1356113187&config=2,30486,0,6
1776059605088,30486,HTTP Request 2,200,OK,config 2 1-92,text,true,,231,168,348,348,http://stload.se.ifmo.ru:8080/?token=518472196&&user=-1356113187&config=2,30486,0,6
1776059605090,30484,HTTP Request 2,200,OK,config 2 1-176,text,true,,231,168,347,347,http://stload.se.ifmo.ru:8080/?token=518472196&&user=-1356113187&config=2,30484,0,7
1776059605071,30503,HTTP Request 2,200,OK,config 2 1-704,text,true,,231,168,347,347,http://stload.se.ifmo.ru:8080/?token=518472196&&user=-1356113187&config=2,30503,0,0
1776059605089,30486,HTTP Request 2,200,OK,config 2 1-301,text,true,,231,168,341,341,http://stload.se.ifmo.ru:8080/?token=518472196&&user=-1356113187&config=2,30486,0,8
1776059605090,30485,HTTP Request 2,200,OK,config 2 1-184,text,true,,231,168,337,337,http://stload.se.ifmo.ru:8080/?token=518472196&&user=-1356113187&config=2,30485,0,7
1776059605091,30484,HTTP Request 2,200,OK,config 2 1-298,text,true,,231,168,337,337,http://stload.se.ifmo.ru:8080/?token=518472196&&user=-1356113187&config=2,30484,0,7
1776059605089,30486,HTTP Request 2,200,OK,config 2 1-706,text,true,,231,168,337,337,http://stload.se.ifmo.ru:8080/?token=518472196&&user=-1356113187&config=2,30486,0,0
1776059605087,30488,HTTP Request 2,200,OK,config 2 1-10,text,true,,231,168,337,337,http://stload.se.ifmo.ru:8080/?token=518472196&&user=-1356113187&config=2,30488,0,0
1776059605087,30488,HTTP Request 2,200,OK,config 2 1-27,text,true,,231,168,337,337,http://stload.se.ifmo.ru:8080/?token=518472196&&user=-1356113187&config=2,30488,0,0
1776059605072,30503,HTTP Request 2,200,OK,config 2 1-456,text,true,,231,168,337,337,http://stload.se.ifmo.ru:8080/?token=518472196&&user=-1356113187&config=2,30503,0,16
1776059605086,30490,HTTP Request 2,200,OK,config 2 1-185,text,true,,231,168,337,337,http://stload.se.ifmo.ru:8080/?token=518472196&&user=-1356113187&config=2,30489,0,5
1776059605086,30490,HTTP Request 2,200,OK,config 2 1-463,text,true,,231,168,337,337,http://stload.se.ifmo.ru:8080/?token=518472196&&user=-1356113187&config=2,30490,0,5
1776059605089,30487,HTTP Request 2,200,OK,config 2 1-302,text,true,,231,168,337,337,http://stload.se.ifmo.ru:8080/?token=518472196&&user=-1356113187&config=2,30487,0,8
1776059605087,30489,HTTP Request 2,200,OK,config 2 1-183,text,true,,231,168,337,337,http://stload.se.ifmo.ru:8080/?token=518472196&&user=-1356113187&config=2,30489,0,6
1776059605070,30506,HTTP Request 2,200,OK,config 2 1-458,text,true,,231,168,333,333,http://stload.se.ifmo.ru:8080/?token=518472196&&user=-1356113187&config=2,30506,0,17
1776059605086,30490,HTTP Request 2,200,OK,config 2 1-291,text,true,,231,168,332,332,http://stload.se.ifmo.ru:8080/?token=518472196&&user=-1356113187&config=2,30490,0,5
1776059605087,30489,HTTP Request 2,200,OK,config 2 1-180,text,true,,231,168,332,332,http://stload.se.ifmo.ru:8080/?token=518472196&&user=-1356113187&config=2,30489,0,6
1776059605071,30505,HTTP Request 2,200,OK,config 2 1-290,text,true,,231,168,328,328,http://stload.se.ifmo.ru:8080/?token=518472196&&user=-1356113187&config=2,30505,0,16
1776059605087,30490,HTTP Request 2,200,OK,config 2 1-94,text,true,,231,168,323,323,http://stload.se.ifmo.ru:8080/?token=518472196&&user=-1356113187&config=2,30490,0,7
1776059605088,30489,HTTP Request 2,200,OK,config 2 1-100,text,true,,231,168,323,323,http://stload.se.ifmo.ru:8080/?token=518472196&&user=-1356113187&config=2,30489,0,6
1776059605087,30491,HTTP Request 2,200,OK,config 2 1-467,text,true,,231,168,321,321,http://stload.se.ifmo.ru:8080/?token=518472196&&user=-1356113187&config=2,30491,0,7
1776059605088,30490,HTTP Request 2,200,OK,config 2 1-98,text,true,,231,168,321,321,http://stload.se.ifmo.ru:8080/?token=518472196&&user=-1356113187&config=2,30490,0,6
1776059605088,30490,HTTP Request 2,200,OK,config 2 1-96,text,true,,231,168,321,321,http://stload.se.ifmo.ru:8080/?token=518472196&&user=-1356113187&config=2,30490,0,6
1776059605088,30490,HTTP Request 2,200,OK,config 2 1-462,text,true,,231,168,321,321,http://stload.se.ifmo.ru:8080/?token=518472196&&user=-1356113187&config=2,30490,0,6
1776059605088,30490,HTTP Request 2,200,OK,config 2 1-95,text,true,,231,168,321,321,http://stload.se.ifmo.ru:8080/?token=518472196&&user=-1356113187&config=2,30490,0,6
1776059605089,30489,HTTP Request 2,200,OK,config 2 1-101,text,true,,231,168,320,320,http://stload.se.ifmo.ru:8080/?token=518472196&&user=-1356113187&config=2,30489,0,6
1776059605089,30489,HTTP Request 2,200,OK,config 2 1-292,text,true,,231,168,318,318,http://stload.se.ifmo.ru:8080/?token=518472196&&user=-1356113187&config=2,30489,0,6
1776059605090,30488,HTTP Request 2,200,OK,config 2 1-468,text,true,,231,168,314,314,http://stload.se.ifmo.ru:8080/?token=518472196&&user=-1356113187&config=2,30488,0,7
1776059605091,30488,HTTP Request 2,200,OK,config 2 1-207,text,true,,231,168,313,313,http://stload.se.ifmo.ru:8080/?token=518472196&&user=-1356113187&config=2,30488,0,7
1776059605089,30490,HTTP Request 2,200,OK,config 2 1-1,text,true,,231,168,313,313,http://stload.se.ifmo.ru:8080/?token=518472196&&user=-1356113187&config=2,30490,0,0
1776059605089,30490,HTTP Request 2,200,OK,config 2 1-708,text,true,,231,168,313,313,http://stload.se.ifmo.ru:8080/?token=518472196&&user=-1356113187&config=2,30490,0,0
1776059605088,30491,HTTP Request 2,200,OK,config 2 1-18,text,true,,231,168,313,313,http://stload.se.ifmo.ru:8080/?token=518472196&&user=-1356113187&config=2,30491,0,0
1776059605087,30492,HTTP Request 2,200,OK,config 2 1-9,text,true,,231,168,313,313,http://stload.se.ifmo.ru:8080/?token=518472196&&user=-1356113187&config=2,30492,0,0
1776059605085,30494,HTTP Request 2,200,OK,config 2 1-461,text,true,,231,168,313,313,http://stload.se.ifmo.ru:8080/?token=518472196&&user=-1356113187&config=2,30494,0,6
1776059605086,30493,HTTP Request 2,200,OK,config 2 1-457,text,true,,231,168,313,313,http://stload.se.ifmo.ru:8080/?token=518472196&&user=-1356113187&config=2,30493,0,5
1776059605086,30493,HTTP Request 2,200,OK,config 2 1-178,text,true,,231,168,313,313,http://stload.se.ifmo.ru:8080/?token=518472196&&user=-1356113187&config=2,30493,0,5
1776059605086,30493,HTTP Request 2,200,OK,config 2 1-177,text,true,,231,168,313,313,http://stload.se.ifmo.ru:8080/?token=518472196&&user=-1356113187&config=2,30493,0,5
1776059605086,30493,HTTP Request 2,200,OK,config 2 1-179,text,true,,231,168,312,312,http://stload.se.ifmo.ru:8080/?token=518472196&&user=-1356113187&config=2,30493,0,5
1776059605087,30492,HTTP Request 2,200,OK,config 2 1-293,text,true,,231,168,311,311,http://stload.se.ifmo.ru:8080/?token=518472196&&user=-1356113187&config=2,30492,0,5
1776059605087,30492,HTTP Request 2,200,OK,config 2 1-91,text,true,,231,168,310,310,http://stload.se.ifmo.ru:8080/?token=518472196&&user=-1356113187&config=2,30492,0,5
1776059605091,30488,HTTP Request 2,200,OK,config 2 1-466,text,true,,231,168,310,310,http://stload.se.ifmo.ru:8080/?token=518472196&&user=-1356113187&config=2,30488,0,7
1776059605091,30488,HTTP Request 2,200,OK,config 2 1-295,text,true,,231,168,308,308,http://stload.se.ifmo.ru:8080/?token=518472196&&user=-1356113187&config=2,30488,0,7
1776059605092,30487,HTTP Request 2,200,OK,config 2 1-181,text,true,,231,168,308,308,http://stload.se.ifmo.ru:8080/?token=518472196&&user=-1356113187&config=2,30487,0,6
1776059605087,30492,HTTP Request 2,200,OK,config 2 1-465,text,true,,231,168,303,303,http://stload.se.ifmo.ru:8080/?token=518472196&&user=-1356113187&config=2,30492,0,6
1776059605087,30493,HTTP Request 2,200,OK,config 2 1-182,text,true,,231,168,301,301,http://stload.se.ifmo.ru:8080/?token=518472196&&user=-1356113187&config=2,30493,0,5
1776059605110,30472,HTTP Request 2,200,OK,config 2 1-59,text,true,,231,168,296,296,http://stload.se.ifmo.ru:8080/?token=518472196&&user=-1356113187&config=2,30472,0,0
1776059605092,30490,HTTP Request 2,200,OK,config 2 1-464,text,true,,231,168,296,296,http://stload.se.ifmo.ru:8080/?token=518472196&&user=-1356113187&config=2,30490,0,6
1776059605091,30491,HTTP Request 2,200,OK,config 2 1-748,text,true,,231,168,296,296,http://stload.se.ifmo.ru:8080/?token=518472196&&user=-1356113187&config=2,30491,0,0
1776059605110,30472,HTTP Request 2,200,OK,config 2 1-77,text,true,,231,168,296,296,http://stload.se.ifmo.ru:8080/?token=518472196&&user=-1356113187&config=2,30472,0,0
1776059605110,30472,HTTP Request 2,200,OK,config 2 1-750,text,true,,231,168,296,296,http://stload.se.ifmo.ru:8080/?token=518472196&&user=-1356113187&config=2,30472,0,0
1776059605088,30494,HTTP Request 2,200,OK,config 2 1-26,text,true,,231,168,296,296,http://stload.se.ifmo.ru:8080/?token=518472196&&user=-1356113187&config=2,30494,0,0
1776059605087,30495,HTTP Request 2,200,OK,config 2 1-11,text,true,,231,168,296,296,http://stload.se.ifmo.ru:8080/?token=518472196&&user=-1356113187&config=2,30495,0,0
1776059605090,30492,HTTP Request 2,200,OK,config 2 1-299,text,true,,231,168,296,296,http://stload.se.ifmo.ru:8080/?token=518472196&&user=-1356113187&config=2,30492,0,7
1776059605087,30495,HTTP Request 2,200,OK,config 2 1-8,text,true,,231,168,295,295,http://stload.se.ifmo.ru:8080/?token=518472196&&user=-1356113187&config=2,30495,0,0
1776059605088,30494,HTTP Request 2,200,OK,config 2 1-23,text,true,,231,168,295,295,http://stload.se.ifmo.ru:8080/?token=518472196&&user=-1356113187&config=2,30494,0,0
1776059605087,30495,HTTP Request 2,200,OK,config 2 1-705,text,true,,231,168,295,295,http://stload.se.ifmo.ru:8080/?token=518472196&&user=-1356113187&config=2,30495,0,0
1776059605088,30494,HTTP Request 2,200,OK,config 2 1-29,text,true,,231,168,295,295,http://stload.se.ifmo.ru:8080/?token=518472196&&user=-1356113187&config=2,30494,0,0
1776059605110,30472,HTTP Request 2,200,OK,config 2 1-707,text,true,,231,168,294,294,http://stload.se.ifmo.ru:8080/?token=518472196&&user=-1356113187&config=2,30472,0,0
1776059605110,30472,HTTP Request 2,200,OK,config 2 1-709,text,true,,231,168,292,292,http://stload.se.ifmo.ru:8080/?token=518472196&&user=-1356113187&config=2,30472,0,0
1776059605110,30472,HTTP Request 2,200,OK,config 2 1-714,text,true,,231,168,291,291,http://stload.se.ifmo.ru:8080/?token=518472196&&user=-1356113187&config=2,30472,0,0
1776059605110,30472,HTTP Request 2,200,OK,config 2 1-710,text,true,,231,168,290,290,http://stload.se.ifmo.ru:8080/?token=518472196&&user=-1356113187&config=2,30472,0,0
1776059605110,30472,HTTP Request 2,200,OK,config 2 1-711,text,true,,231,168,289,289,http://stload.se.ifmo.ru:8080/?token=518472196&&user=-1356113187&config=2,30472,0,0
1776059605111,30472,HTTP Request 2,200,OK,config 2 1-60,text,true,,231,168,289,289,http://stload.se.ifmo.ru:8080/?token=518472196&&user=-1356113187&config=2,30472,0,0
1776059605111,30472,HTTP Request 2,200,OK,config 2 1-84,text,true,,231,168,288,288,http://stload.se.ifmo.ru:8080/?token=518472196&&user=-1356113187&config=2,30472,0,0
1776059605111,30472,HTTP Request 2,200,OK,config 2 1-752,text,true,,231,168,288,288,http://stload.se.ifmo.ru:8080/?token=518472196&&user=-1356113187&config=2,30472,0,0
1776059605111,30472,HTTP Request 2,200,OK,config 2 1-54,text,true,,231,168,287,287,http://stload.se.ifmo.ru:8080/?token=518472196&&user=-1356113187&config=2,30472,0,0
1776059605111,30472,HTTP Request 2,200,OK,config 2 1-58,text,true,,231,168,287,287,http://stload.se.ifmo.ru:8080/?token=518472196&&user=-1356113187&config=2,30472,0,0
1776059605111,30472,HTTP Request 2,200,OK,config 2 1-43,text,true,,231,168,287,287,http://stload.se.ifmo.ru:8080/?token=518472196&&user=-1356113187&config=2,30472,0,0
1776059605111,30472,HTTP Request 2,200,OK,config 2 1-749,text,true,,231,168,287,287,http://stload.se.ifmo.ru:8080/?token=518472196&&user=-1356113187&config=2,30472,0,0
1776059605111,30472,HTTP Request 2,200,OK,config 2 1-44,text,true,,231,168,287,287,http://stload.se.ifmo.ru:8080/?token=518472196&&user=-1356113187&config=2,30472,0,0
1776059605111,30472,HTTP Request 2,200,OK,config 2 1-55,text,true,,231,168,283,283,http://stload.se.ifmo.ru:8080/?token=518472196&&user=-1356113187&config=2,30472,0,0
1776059605111,30472,HTTP Request 2,200,OK,config 2 1-41,text,true,,231,168,283,283,http://stload.se.ifmo.ru:8080/?token=518472196&&user=-1356113187&config=2,30472,0,0
1776059605111,30472,HTTP Request 2,200,OK,config 2 1-751,text,true,,231,168,283,283,http://stload.se.ifmo.ru:8080/?token=518472196&&user=-1356113187&config=2,30472,0,0
1776059605111,30472,HTTP Request 2,200,OK,config 2 1-76,text,true,,231,168,282,282,http://stload.se.ifmo.ru:8080/?token=518472196&&user=-1356113187&config=2,30472,0,0
1776059605112,30471,HTTP Request 2,200,OK,config 2 1-715,text,true,,231,168,282,282,http://stload.se.ifmo.ru:8080/?token=518472196&&user=-1356113187&config=2,30471,0,0
1776059605111,30472,HTTP Request 2,200,OK,config 2 1-61,text,true,,231,168,282,282,http://stload.se.ifmo.ru:8080/?token=518472196&&user=-1356113187&config=2,30472,0,0
1776059605112,30471,HTTP Request 2,200,OK,config 2 1-757,text,true,,231,168,282,282,http://stload.se.ifmo.ru:8080/?token=518472196&&user=-1356113187&config=2,30471,0,0
1776059605187,30396,HTTP Request 2,200,OK,config 2 1-719,text,true,,231,168,280,280,http://stload.se.ifmo.ru:8080/?token=518472196&&user=-1356113187&config=2,30396,0,0
1776059605187,30396,HTTP Request 2,200,OK,config 2 1-211,text,true,,231,168,280,280,http://stload.se.ifmo.ru:8080/?token=518472196&&user=-1356113187&config=2,30396,0,6
1776059605187,30396,HTTP Request 2,200,OK,config 2 1-105,text,true,,231,168,280,280,http://stload.se.ifmo.ru:8080/?token=518472196&&user=-1356113187&config=2,30396,0,6
1776059605188,30396,HTTP Request 2,200,OK,config 2 1-200,text,true,,231,168,280,280,http://stload.se.ifmo.ru:8080/?token=518472196&&user=-1356113187&config=2,30396,0,6
1776059605111,30473,HTTP Request 2,200,OK,config 2 1-753,text,true,,231,168,280,280,http://stload.se.ifmo.ru:8080/?token=518472196&&user=-1356113187&config=2,30473,0,0
1776059605111,30473,HTTP Request 2,200,OK,config 2 1-754,text,true,,231,168,278,278,http://stload.se.ifmo.ru:8080/?token=518472196&&user=-1356113187&config=2,30473,0,0
1776059605112,30472,HTTP Request 2,200,OK,config 2 1-762,text,true,,231,168,278,278,http://stload.se.ifmo.ru:8080/?token=518472196&&user=-1356113187&config=2,30472,0,0
1776059605112,30472,HTTP Request 2,200,OK,config 2 1-759,text,true,,231,168,278,278,http://stload.se.ifmo.ru:8080/?token=518472196&&user=-1356113187&config=2,30472,0,0
1776059605111,30473,HTTP Request 2,200,OK,config 2 1-206,text,true,,231,168,278,278,http://stload.se.ifmo.ru:8080/?token=518472196&&user=-1356113187&config=2,30473,0,8
1776059605187,30397,HTTP Request 2,200,OK,config 2 1-198,text,true,,231,168,278,278,http://stload.se.ifmo.ru:8080/?token=518472196&&user=-1356113187&config=2,30397,0,5
1776059605188,30396,HTTP Request 2,200,OK,config 2 1-155,text,true,,231,168,277,277,http://stload.se.ifmo.ru:8080/?token=518472196&&user=-1356113187&config=2,30396,0,5
1776059605188,30396,HTTP Request 2,200,OK,config 2 1-193,text,true,,231,168,277,277,http://stload.se.ifmo.ru:8080/?token=518472196&&user=-1356113187&config=2,30396,0,5
1776059605189,30395,HTTP Request 2,200,OK,config 2 1-763,text,true,,231,168,277,277,http://stload.se.ifmo.ru:8080/?token=518472196&&user=-1356113187&config=2,30395,0,0
1776059605188,30396,HTTP Request 2,200,OK,config 2 1-300,text,true,,231,168,276,276,http://stload.se.ifmo.ru:8080/?token=518472196&&user=-1356113187&config=2,30396,0,5
1776059605189,30395,HTTP Request 2,200,OK,config 2 1-191,text,true,,231,168,276,276,http://stload.se.ifmo.ru:8080/?token=518472196&&user=-1356113187&config=2,30395,0,5
1776059605189,30395,HTTP Request 2,200,OK,config 2 1-469,text,true,,231,168,275,275,http://stload.se.ifmo.ru:8080/?token=518472196&&user=-1356113187&config=2,30395,0,5
1776059605189,30395,HTTP Request 2,200,OK,config 2 1-188,text,true,,231,168,273,273,http://stload.se.ifmo.ru:8080/?token=518472196&&user=-1356113187&config=2,30395,0,5
1776059605111,30473,HTTP Request 2,200,OK,config 2 1-713,text,true,,231,168,272,272,http://stload.se.ifmo.ru:8080/?token=518472196&&user=-1356113187&config=2,30473,0,0
1776059605111,30473,HTTP Request 2,200,OK,config 2 1-75,text,true,,231,168,272,272,http://stload.se.ifmo.ru:8080/?token=518472196&&user=-1356113187&config=2,30473,0,0
1776059605111,30473,HTTP Request 2,200,OK,config 2 1-712,text,true,,231,168,272,272,http://stload.se.ifmo.ru:8080/?token=518472196&&user=-1356113187&config=2,30473,0,0
1776059605112,30472,HTTP Request 2,200,OK,config 2 1-756,text,true,,231,168,267,267,http://stload.se.ifmo.ru:8080/?token=518472196&&user=-1356113187&config=2,30472,0,0
1776059605112,30473,HTTP Request 2,200,OK,config 2 1-761,text,true,,231,168,267,267,http://stload.se.ifmo.ru:8080/?token=518472196&&user=-1356113187&config=2,30472,0,0
1776059605112,30473,HTTP Request 2,200,OK,config 2 1-758,text,true,,231,168,263,263,http://stload.se.ifmo.ru:8080/?token=518472196&&user=-1356113187&config=2,30473,0,0
1776059605164,30421,HTTP Request 2,200,OK,config 2 1-192,text,true,,231,168,262,262,http://stload.se.ifmo.ru:8080/?token=518472196&&user=-1356113187&config=2,30421,0,5
1776059605187,30398,HTTP Request 2,200,OK,config 2 1-158,text,true,,231,168,262,262,http://stload.se.ifmo.ru:8080/?token=518472196&&user=-1356113187&config=2,30398,0,5
1776059605189,30396,HTTP Request 2,200,OK,config 2 1-163,text,true,,231,168,262,262,http://stload.se.ifmo.ru:8080/?token=518472196&&user=-1356113187&config=2,30396,0,5
1776059605112,30473,HTTP Request 2,200,OK,config 2 1-717,text,true,,231,168,262,262,http://stload.se.ifmo.ru:8080/?token=518472196&&user=-1356113187&config=2,30473,0,0
1776059605245,30340,HTTP Request 2,200,OK,config 2 1-209,text,true,,231,168,259,259,http://stload.se.ifmo.ru:8080/?token=518472196&&user=-1356113187&config=2,30340,0,6
1776059605189,30396,HTTP Request 2,200,OK,config 2 1-114,text,true,,231,168,258,258,http://stload.se.ifmo.ru:8080/?token=518472196&&user=-1356113187&config=2,30396,0,6
1776059605112,30473,HTTP Request 2,200,OK,config 2 1-718,text,true,,231,168,257,257,http://stload.se.ifmo.ru:8080/?token=518472196&&user=-1356113187&config=2,30473,0,0
1776059605191,30394,HTTP Request 2,200,OK,config 2 1-113,text,true,,231,168,257,257,http://stload.se.ifmo.ru:8080/?token=518472196&&user=-1356113187&config=2,30394,0,6
1776059605253,30332,HTTP Request 2,200,OK,config 2 1-150,text,true,,231,168,255,255,http://stload.se.ifmo.ru:8080/?token=518472196&&user=-1356113187&config=2,30332,0,44
1776059605190,30395,HTTP Request 2,200,OK,config 2 1-196,text,true,,231,168,252,252,http://stload.se.ifmo.ru:8080/?token=518472196&&user=-1356113187&config=2,30395,0,5
1776059605245,30340,HTTP Request 2,200,OK,config 2 1-137,text,true,,231,168,252,252,http://stload.se.ifmo.ru:8080/?token=518472196&&user=-1356113187&config=2,30340,0,6
1776059605192,30393,HTTP Request 2,200,OK,config 2 1-108,text,true,,231,168,252,252,http://stload.se.ifmo.ru:8080/?token=518472196&&user=-1356113187&config=2,30393,0,5
1776059605112,30473,HTTP Request 2,200,OK,config 2 1-716,text,true,,231,168,252,252,http://stload.se.ifmo.ru:8080/?token=518472196&&user=-1356113187&config=2,30473,0,0
1776059605113,30472,HTTP Request 2,200,OK,config 2 1-760,text,true,,231,168,252,252,http://stload.se.ifmo.ru:8080/?token=518472196&&user=-1356113187&config=2,30472,0,0
1776059605112,30474,HTTP Request 2,200,OK,config 2 1-755,text,true,,231,168,250,250,http://stload.se.ifmo.ru:8080/?token=518472196&&user=-1356113187&config=2,30474,0,0
1776059605189,30397,HTTP Request 2,200,OK,config 2 1-106,text,true,,231,168,250,250,http://stload.se.ifmo.ru:8080/?token=518472196&&user=-1356113187&config=2,30397,0,5
1776059605189,30397,HTTP Request 2,200,OK,config 2 1-197,text,true,,231,168,250,250,http://stload.se.ifmo.ru:8080/?token=518472196&&user=-1356113187&config=2,30397,0,6
1776059605190,30396,HTTP Request 2,200,OK,config 2 1-109,text,true,,231,168,250,250,http://stload.se.ifmo.ru:8080/?token=518472196&&user=-1356113187&config=2,30396,0,5
1776059605190,30396,HTTP Request 2,200,OK,config 2 1-148,text,true,,231,168,250,250,http://stload.se.ifmo.ru:8080/?token=518472196&&user=-1356113187&config=2,30396,0,5
1776059605191,30395,HTTP Request 2,200,OK,config 2 1-152,text,true,,231,168,250,250,http://stload.se.ifmo.ru:8080/?token=518472196&&user=-1356113187&config=2,30395,0,6
1776059605111,30475,HTTP Request 2,200,OK,config 2 1-208,text,true,,231,168,249,249,http://stload.se.ifmo.ru:8080/?token=518472196&&user=-1356113187&config=2,30475,0,8
1776059605245,30341,HTTP Request 2,200,OK,config 2 1-160,text,true,,231,168,249,249,http://stload.se.ifmo.ru:8080/?token=518472196&&user=-1356113187&config=2,30341,0,5
1776059605189,30397,HTTP Request 2,200,OK,config 2 1-189,text,true,,231,168,249,249,http://stload.se.ifmo.ru:8080/?token=518472196&&user=-1356113187&config=2,30397,0,5
1776059605245,30341,HTTP Request 2,200,OK,config 2 1-194,text,true,,231,168,242,242,http://stload.se.ifmo.ru:8080/?token=518472196&&user=-1356113187&config=2,30341,0,6
1776059605385,30201,HTTP Request 2,200,OK,config 2 1-766,text,true,,231,168,242,242,http://stload.se.ifmo.ru:8080/?token=518472196&&user=-1356113187&config=2,30201,0,0
1776059605385,30201,HTTP Request 2,200,OK,config 2 1-770,text,true,,231,168,242,242,http://stload.se.ifmo.ru:8080/?token=518472196&&user=-1356113187&config=2,30201,0,0
1776059605386,30200,HTTP Request 2,200,OK,config 2 1-798,text,true,,231,168,241,241,http://stload.se.ifmo.ru:8080/?token=518472196&&user=-1356113187&config=2,30200,0,0
1776059605386,30200,HTTP Request 2,200,OK,config 2 1-799,text,true,,231,168,241,241,http://stload.se.ifmo.ru:8080/?token=518472196&&user=-1356113187&config=2,30200,0,0
1776059605385,30201,HTTP Request 2,200,OK,config 2 1-764,text,true,,231,168,240,240,http://stload.se.ifmo.ru:8080/?token=518472196&&user=-1356113187&config=2,30201,0,0
1776059605387,30199,HTTP Request 2,200,OK,config 2 1-800,text,true,,231,168,240,240,http://stload.se.ifmo.ru:8080/?token=518472196&&user=-1356113187&config=2,30199,0,0
1776059605386,30201,HTTP Request 2,200,OK,config 2 1-802,text,true,,231,168,239,239,http://stload.se.ifmo.ru:8080/?token=518472196&&user=-1356113187&config=2,30201,0,0
1776059605386,30201,HTTP Request 2,200,OK,config 2 1-786,text,true,,231,168,239,239,http://stload.se.ifmo.ru:8080/?token=518472196&&user=-1356113187&config=2,30201,0,0
1776059605385,30202,HTTP Request 2,200,OK,config 2 1-778,text,true,,231,168,239,239,http://stload.se.ifmo.ru:8080/?token=518472196&&user=-1356113187&config=2,30202,0,0
1776059605385,30202,HTTP Request 2,200,OK,config 2 1-785,text,true,,231,168,239,239,http://stload.se.ifmo.ru:8080/?token=518472196&&user=-1356113187&config=2,30202,0,0
1776059605384,30203,HTTP Request 2,200,OK,config 2 1-45,text,true,,231,168,238,238,http://stload.se.ifmo.ru:8080/?token=518472196&&user=-1356113187&config=2,30203,0,0
1776059605385,30202,HTTP Request 2,200,OK,config 2 1-783,text,true,,231,168,238,238,http://stload.se.ifmo.ru:8080/?token=518472196&&user=-1356113187&config=2,30202,0,0
1776059605386,30201,HTTP Request 2,200,OK,config 2 1-794,text,true,,231,168,235,235,http://stload.se.ifmo.ru:8080/?token=518472196&&user=-1356113187&config=2,30201,0,0
1776059605385,30202,HTTP Request 2,200,OK,config 2 1-768,text,true,,231,168,234,234,http://stload.se.ifmo.ru:8080/?token=518472196&&user=-1356113187&config=2,30202,0,0
1776059605387,30200,HTTP Request 2,200,OK,config 2 1-803,text,true,,231,168,230,230,http://stload.se.ifmo.ru:8080/?token=518472196&&user=-1356113187&config=2,30200,0,0
1776059605387,30200,HTTP Request 2,200,OK,config 2 1-805,text,true,,231,168,230,230,http://stload.se.ifmo.ru:8080/?token=518472196&&user=-1356113187&config=2,30200,0,0
1776059605194,30393,HTTP Request 2,200,OK,config 2 1-107,text,true,,231,168,230,230,http://stload.se.ifmo.ru:8080/?token=518472196&&user=-1356113187&config=2,30393,0,5
1776059605382,30205,HTTP Request 2,200,OK,config 2 1-20,text,true,,231,168,229,229,http://stload.se.ifmo.ru:8080/?token=518472196&&user=-1356113187&config=2,30205,0,0
1776059605384,30203,HTTP Request 2,200,OK,config 2 1-89,text,true,,231,168,229,229,http://stload.se.ifmo.ru:8080/?token=518472196&&user=-1356113187&config=2,30203,0,0
1776059605384,30203,HTTP Request 2,200,OK,config 2 1-782,text,true,,231,168,228,228,http://stload.se.ifmo.ru:8080/?token=518472196&&user=-1356113187&config=2,30203,0,0
1776059605385,30202,HTTP Request 2,200,OK,config 2 1-789,text,true,,231,168,228,228,http://stload.se.ifmo.ru:8080/?token=518472196&&user=-1356113187&config=2,30202,0,0
1776059605387,30200,HTTP Request 2,200,OK,config 2 1-801,text,true,,231,168,227,227,http://stload.se.ifmo.ru:8080/?token=518472196&&user=-1356113187&config=2,30200,0,0
1776059605385,30202,HTTP Request 2,200,OK,config 2 1-791,text,true,,231,168,227,227,http://stload.se.ifmo.ru:8080/?token=518472196&&user=-1356113187&config=2,30202,0,0
1776059605387,30201,HTTP Request 2,200,OK,config 2 1-812,text,true,,231,168,227,227,http://stload.se.ifmo.ru:8080/?token=518472196&&user=-1356113187&config=2,30201,0,0
1776059605386,30202,HTTP Request 2,200,OK,config 2 1-796,text,true,,231,168,227,227,http://stload.se.ifmo.ru:8080/?token=518472196&&user=-1356113187&config=2,30202,0,0
1776059605387,30201,HTTP Request 2,200,OK,config 2 1-817,text,true,,231,168,227,227,http://stload.se.ifmo.ru:8080/?token=518472196&&user=-1356113187&config=2,30201,0,0
1776059605386,30202,HTTP Request 2,200,OK,config 2 1-790,text,true,,231,168,227,227,http://stload.se.ifmo.ru:8080/?token=518472196&&user=-1356113187&config=2,30202,0,0
1776059605387,30201,HTTP Request 2,200,OK,config 2 1-807,text,true,,231,168,227,227,http://stload.se.ifmo.ru:8080/?token=518472196&&user=-1356113187&config=2,30201,0,0
1776059605387,30201,HTTP Request 2,200,OK,config 2 1-804,text,true,,231,168,227,227,http://stload.se.ifmo.ru:8080/?token=518472196&&user=-1356113187&config=2,30201,0,0
1776059605382,30206,HTTP Request 2,200,OK,config 2 1-71,text,true,,231,168,225,225,http://stload.se.ifmo.ru:8080/?token=518472196&&user=-1356113187&config=2,30206,0,0
1776059605385,30203,HTTP Request 2,200,OK,config 2 1-765,text,true,,231,168,225,225,http://stload.se.ifmo.ru:8080/?token=518472196&&user=-1356113187&config=2,30203,0,0
1776059605385,30203,HTTP Request 2,200,OK,config 2 1-780,text,true,,231,168,225,225,http://stload.se.ifmo.ru:8080/?token=518472196&&user=-1356113187&config=2,30203,0,0
1776059605385,30203,HTTP Request 2,200,OK,config 2 1-784,text,true,,231,168,225,225,http://stload.se.ifmo.ru:8080/?token=518472196&&user=-1356113187&config=2,30203,0,0
1776059605385,30203,HTTP Request 2,200,OK,config 2 1-792,text,true,,231,168,225,225,http://stload.se.ifmo.ru:8080/?token=518472196&&user=-1356113187&config=2,30203,0,0
1776059605385,30203,HTTP Request 2,200,OK,config 2 1-797,text,true,,231,168,223,223,http://stload.se.ifmo.ru:8080/?token=518472196&&user=-1356113187&config=2,30203,0,0
1776059605381,30207,HTTP Request 2,200,OK,config 2 1-78,text,true,,231,168,223,223,http://stload.se.ifmo.ru:8080/?token=518472196&&user=-1356113187&config=2,30207,0,0
1776059605388,30200,HTTP Request 2,200,OK,config 2 1-818,text,true,,231,168,223,223,http://stload.se.ifmo.ru:8080/?token=518472196&&user=-1356113187&config=2,30200,0,0
1776059605388,30200,HTTP Request 2,200,OK,config 2 1-806,text,true,,231,168,223,223,http://stload.se.ifmo.ru:8080/?token=518472196&&user=-1356113187&config=2,30200,0,0
1776059605385,30203,HTTP Request 2,200,OK,config 2 1-776,text,true,,231,168,223,223,http://stload.se.ifmo.ru:8080/?token=518472196&&user=-1356113187&config=2,30203,0,0
1776059605385,30203,HTTP Request 2,200,OK,config 2 1-781,text,true,,231,168,222,222,http://stload.se.ifmo.ru:8080/?token=518472196&&user=-1356113187&config=2,30203,0,0
1776059605388,30200,HTTP Request 2,200,OK,config 2 1-528,text,true,,231,168,221,221,http://stload.se.ifmo.ru:8080/?token=518472196&&user=-1356113187&config=2,30200,0,0
1776059605389,30199,HTTP Request 2,200,OK,config 2 1-82,text,true,,231,168,221,221,http://stload.se.ifmo.ru:8080/?token=518472196&&user=-1356113187&config=2,30199,0,0
1776059605389,30199,HTTP Request 2,200,OK,config 2 1-12,text,true,,231,168,217,217,http://stload.se.ifmo.ru:8080/?token=518472196&&user=-1356113187&config=2,30199,0,0
1776059605389,30199,HTTP Request 2,200,OK,config 2 1-834,text,true,,231,168,217,217,http://stload.se.ifmo.ru:8080/?token=518472196&&user=-1356113187&config=2,30199,0,0
1776059605390,30199,HTTP Request 2,200,OK,config 2 1-820,text,true,,231,168,217,217,http://stload.se.ifmo.ru:8080/?token=518472196&&user=-1356113187&config=2,30198,0,0
1776059605390,30199,HTTP Request 2,200,OK,config 2 1-838,text,true,,231,168,216,216,http://stload.se.ifmo.ru:8080/?token=518472196&&user=-1356113187&config=2,30199,0,0
1776059605387,30202,HTTP Request 2,200,OK,config 2 1-809,text,true,,231,168,216,216,http://stload.se.ifmo.ru:8080/?token=518472196&&user=-1356113187&config=2,30202,0,0
1776059605391,30198,HTTP Request 2,200,OK,config 2 1-845,text,true,,231,168,216,216,http://stload.se.ifmo.ru:8080/?token=518472196&&user=-1356113187&config=2,30198,0,0
1776059605389,30200,HTTP Request 2,200,OK,config 2 1-826,text,true,,231,168,216,216,http://stload.se.ifmo.ru:8080/?token=518472196&&user=-1356113187&config=2,30200,0,0
1776059605385,30204,HTTP Request 2,200,OK,config 2 1-771,text,true,,231,168,216,216,http://stload.se.ifmo.ru:8080/?token=518472196&&user=-1356113187&config=2,30204,0,0
1776059605385,30204,HTTP Request 2,200,OK,config 2 1-772,text,true,,231,168,214,214,http://stload.se.ifmo.ru:8080/?token=518472196&&user=-1356113187&config=2,30204,0,0
1776059605386,30203,HTTP Request 2,200,OK,config 2 1-793,text,true,,231,168,213,213,http://stload.se.ifmo.ru:8080/?token=518472196&&user=-1356113187&config=2,30203,0,0
1776059605387,30202,HTTP Request 2,200,OK,config 2 1-811,text,true,,231,168,209,209,http://stload.se.ifmo.ru:8080/?token=518472196&&user=-1356113187&config=2,30202,0,0
1776059605384,30205,HTTP Request 2,200,OK,config 2 1-777,text,true,,231,168,207,207,http://stload.se.ifmo.ru:8080/?token=518472196&&user=-1356113187&config=2,30205,0,0
1776059605385,30204,HTTP Request 2,200,OK,config 2 1-779,text,true,,231,168,207,207,http://stload.se.ifmo.ru:8080/?token=518472196&&user=-1356113187&config=2,30204,0,0
1776059605389,30201,HTTP Request 2,200,OK,config 2 1-85,text,true,,231,168,205,205,http://stload.se.ifmo.ru:8080/?token=518472196&&user=-1356113187&config=2,30201,0,0
1776059605390,30200,HTTP Request 2,200,OK,config 2 1-830,text,true,,231,168,204,204,http://stload.se.ifmo.ru:8080/?token=518472196&&user=-1356113187&config=2,30200,0,0
1776059605391,30198,HTTP Request 2,200,OK,config 2 1-840,text,true,,231,168,204,204,http://stload.se.ifmo.ru:8080/?token=518472196&&user=-1356113187&config=2,30198,0,0
1776059605390,30200,HTTP Request 2,200,OK,config 2 1-36,text,true,,231,168,204,204,http://stload.se.ifmo.ru:8080/?token=518472196&&user=-1356113187&config=2,30200,0,0
1776059605387,30203,HTTP Request 2,200,OK,config 2 1-816,text,true,,231,168,204,204,http://stload.se.ifmo.ru:8080/?token=518472196&&user=-1356113187&config=2,30203,0,0
1776059605388,30202,HTTP Request 2,200,OK,config 2 1-814,text,true,,231,168,204,204,http://stload.se.ifmo.ru:8080/?token=518472196&&user=-1356113187&config=2,30202,0,0
1776059605390,30200,HTTP Request 2,200,OK,config 2 1-87,text,true,,231,168,204,204,http://stload.se.ifmo.ru:8080/?token=518472196&&user=-1356113187&config=2,30200,0,0
1776059605388,30202,HTTP Request 2,200,OK,config 2 1-529,text,true,,231,168,204,204,http://stload.se.ifmo.ru:8080/?token=518472196&&user=-1356113187&config=2,30202,0,0
1776059605390,30200,HTTP Request 2,200,OK,config 2 1-825,text,true,,231,168,203,203,http://stload.se.ifmo.ru:8080/?token=518472196&&user=-1356113187&config=2,30200,0,0
1776059605390,30200,HTTP Request 2,200,OK,config 2 1-104,text,true,,231,168,203,203,http://stload.se.ifmo.ru:8080/?token=518472196&&user=-1356113187&config=2,30200,0,0
1776059605385,30205,HTTP Request 2,200,OK,config 2 1-787,text,true,,231,168,200,200,http://stload.se.ifmo.ru:8080/?token=518472196&&user=-1356113187&config=2,30205,0,0
1776059605390,30200,HTTP Request 2,200,OK,config 2 1-86,text,true,,231,168,200,200,http://stload.se.ifmo.ru:8080/?token=518472196&&user=-1356113187&config=2,30200,0,0
1776059605385,30205,HTTP Request 2,200,OK,config 2 1-788,text,true,,231,168,199,199,http://stload.se.ifmo.ru:8080/?token=518472196&&user=-1356113187&config=2,30205,0,0
1776059605386,30204,HTTP Request 2,200,OK,config 2 1-795,text,true,,231,168,198,198,http://stload.se.ifmo.ru:8080/?token=518472196&&user=-1356113187&config=2,30204,0,0
1776059605391,30200,HTTP Request 2,200,OK,config 2 1-847,text,true,,231,168,198,198,http://stload.se.ifmo.ru:8080/?token=518472196&&user=-1356113187&config=2,30199,0,0
1776059605389,30202,HTTP Request 2,200,OK,config 2 1-2,text,true,,231,168,198,198,http://stload.se.ifmo.ru:8080/?token=518472196&&user=-1356113187&config=2,30202,0,0
1776059605388,30203,HTTP Request 2,200,OK,config 2 1-813,text,true,,231,168,198,198,http://stload.se.ifmo.ru:8080/?token=518472196&&user=-1356113187&config=2,30203,0,0
1776059605389,30202,HTTP Request 2,200,OK,config 2 1-821,text,true,,231,168,197,197,http://stload.se.ifmo.ru:8080/?token=518472196&&user=-1356113187&config=2,30202,0,0
1776059605390,30201,HTTP Request 2,200,OK,config 2 1-64,text,true,,231,168,197,197,http://stload.se.ifmo.ru:8080/?token=518472196&&user=-1356113187&config=2,30201,0,0
1776059605391,30200,HTTP Request 2,200,OK,config 2 1-828,text,true,,231,168,197,197,http://stload.se.ifmo.ru:8080/?token=518472196&&user=-1356113187&config=2,30200,0,0
1776059605389,30202,HTTP Request 2,200,OK,config 2 1-38,text,true,,231,168,197,197,http://stload.se.ifmo.ru:8080/?token=518472196&&user=-1356113187&config=2,30202,0,0
1776059605388,30203,HTTP Request 2,200,OK,config 2 1-527,text,true,,231,168,195,195,http://stload.se.ifmo.ru:8080/?token=518472196&&user=-1356113187&config=2,30203,0,0
1776059605389,30202,HTTP Request 2,200,OK,config 2 1-823,text,true,,231,168,194,194,http://stload.se.ifmo.ru:8080/?token=518472196&&user=-1356113187&config=2,30202,0,0
1776059605391,30200,HTTP Request 2,200,OK,config 2 1-839,text,true,,231,168,194,194,http://stload.se.ifmo.ru:8080/?token=518472196&&user=-1356113187&config=2,30200,0,0
1776059605391,30200,HTTP Request 2,200,OK,config 2 1-531,text,true,,231,168,194,194,http://stload.se.ifmo.ru:8080/?token=518472196&&user=-1356113187&config=2,30200,0,0
1776059605390,30201,HTTP Request 2,200,OK,config 2 1-46,text,true,,231,168,192,192,http://stload.se.ifmo.ru:8080/?token=518472196&&user=-1356113187&config=2,30201,0,0
1776059605390,30201,HTTP Request 2,200,OK,config 2 1-79,text,true,,231,168,192,192,http://stload.se.ifmo.ru:8080/?token=518472196&&user=-1356113187&config=2,30201,0,0
1776059605391,30200,HTTP Request 2,200,OK,config 2 1-829,text,true,,231,168,192,192,http://stload.se.ifmo.ru:8080/?token=518472196&&user=-1356113187&config=2,30200,0,0
1776059605390,30201,HTTP Request 2,200,OK,config 2 1-833,text,true,,231,168,191,191,http://stload.se.ifmo.ru:8080/?token=518472196&&user=-1356113187&config=2,30201,0,0
1776059605391,30200,HTTP Request 2,200,OK,config 2 1-849,text,true,,231,168,191,191,http://stload.se.ifmo.ru:8080/?token=518472196&&user=-1356113187&config=2,30200,0,0
1776059605389,30202,HTTP Request 2,200,OK,config 2 1-530,text,true,,231,168,191,191,http://stload.se.ifmo.ru:8080/?token=518472196&&user=-1356113187&config=2,30202,0,0
1776059605390,30201,HTTP Request 2,200,OK,config 2 1-835,text,true,,231,168,191,191,http://stload.se.ifmo.ru:8080/?token=518472196&&user=-1356113187&config=2,30201,0,0
1776059605390,30201,HTTP Request 2,200,OK,config 2 1-35,text,true,,231,168,190,190,http://stload.se.ifmo.ru:8080/?token=518472196&&user=-1356113187&config=2,30201,0,0
1776059605391,30200,HTTP Request 2,200,OK,config 2 1-846,text,true,,231,168,190,190,http://stload.se.ifmo.ru:8080/?token=518472196&&user=-1356113187&config=2,30200,0,0
1776059605391,30200,HTTP Request 2,200,OK,config 2 1-836,text,true,,231,168,190,190,http://stload.se.ifmo.ru:8080/?token=518472196&&user=-1356113187&config=2,30200,0,0
1776059605391,30200,HTTP Request 2,200,OK,config 2 1-850,text,true,,231,168,190,190,http://stload.se.ifmo.ru:8080/?token=518472196&&user=-1356113187&config=2,30200,0,0
1776059605390,30202,HTTP Request 2,200,OK,config 2 1-832,text,true,,231,168,190,190,http://stload.se.ifmo.ru:8080/?token=518472196&&user=-1356113187&config=2,30202,0,0
1776059605388,30204,HTTP Request 2,200,OK,config 2 1-810,text,true,,231,168,189,189,http://stload.se.ifmo.ru:8080/?token=518472196&&user=-1356113187&config=2,30204,0,0
1776059605388,30204,HTTP Request 2,200,OK,config 2 1-815,text,true,,231,168,189,189,http://stload.se.ifmo.ru:8080/?token=518472196&&user=-1356113187&config=2,30204,0,0
1776059605390,30202,HTTP Request 2,200,OK,config 2 1-824,text,true,,231,168,188,188,http://stload.se.ifmo.ru:8080/?token=518472196&&user=-1356113187&config=2,30202,0,0
1776059605390,30202,HTTP Request 2,200,OK,config 2 1-819,text,true,,231,168,188,188,http://stload.se.ifmo.ru:8080/?token=518472196&&user=-1356113187&config=2,30202,0,0
1776059605390,30202,HTTP Request 2,200,OK,config 2 1-70,text,true,,231,168,188,188,http://stload.se.ifmo.ru:8080/?token=518472196&&user=-1356113187&config=2,30202,0,0
1776059605391,30201,HTTP Request 2,200,OK,config 2 1-841,text,true,,231,168,188,188,http://stload.se.ifmo.ru:8080/?token=518472196&&user=-1356113187&config=2,30201,0,0
1776059605390,30202,HTTP Request 2,200,OK,config 2 1-831,text,true,,231,168,188,188,http://stload.se.ifmo.ru:8080/?token=518472196&&user=-1356113187&config=2,30202,0,0
1776059605390,30202,HTTP Request 2,200,OK,config 2 1-827,text,true,,231,168,188,188,http://stload.se.ifmo.ru:8080/?token=518472196&&user=-1356113187&config=2,30202,0,0
1776059605390,30202,HTTP Request 2,200,OK,config 2 1-53,text,true,,231,168,188,188,http://stload.se.ifmo.ru:8080/?token=518472196&&user=-1356113187&config=2,30202,0,0
1776059605391,30201,HTTP Request 2,200,OK,config 2 1-848,text,true,,231,168,186,186,http://stload.se.ifmo.ru:8080/?token=518472196&&user=-1356113187&config=2,30201,0,0
1776059605391,30201,HTTP Request 2,200,OK,config 2 1-837,text,true,,231,168,183,183,http://stload.se.ifmo.ru:8080/?token=518472196&&user=-1356113187&config=2,30201,0,0
1776059605391,30201,HTTP Request 2,200,OK,config 2 1-843,text,true,,231,168,183,183,http://stload.se.ifmo.ru:8080/?token=518472196&&user=-1356113187&config=2,30201,0,0
1776059605393,30200,HTTP Request 2,200,OK,config 2 1-773,text,true,,231,168,183,183,http://stload.se.ifmo.ru:8080/?token=518472196&&user=-1356113187&config=2,30200,0,0
1776059605393,30200,HTTP Request 2,200,OK,config 2 1-775,text,true,,231,168,183,183,http://stload.se.ifmo.ru:8080/?token=518472196&&user=-1356113187&config=2,30200,0,0
1776059605393,30200,HTTP Request 2,200,OK,config 2 1-774,text,true,,231,168,183,183,http://stload.se.ifmo.ru:8080/?token=518472196&&user=-1356113187&config=2,30200,0,0
1776059605392,30201,HTTP Request 2,200,OK,config 2 1-852,text,true,,231,168,183,183,http://stload.se.ifmo.ru:8080/?token=518472196&&user=-1356113187&config=2,30201,0,0
1776059605381,30212,HTTP Request 2,200,OK,config 2 1-229,text,true,,231,168,179,179,http://stload.se.ifmo.ru:8080/?token=518472196&&user=-1356113187&config=2,30212,0,18
1776059605382,30211,HTTP Request 2,200,OK,config 2 1-326,text,true,,231,168,179,179,http://stload.se.ifmo.ru:8080/?token=518472196&&user=-1356113187&config=2,30211,0,19
1776059605392,30201,HTTP Request 2,200,OK,config 2 1-844,text,true,,231,168,176,176,http://stload.se.ifmo.ru:8080/?token=518472196&&user=-1356113187&config=2,30201,0,0
1776059605383,30210,HTTP Request 2,200,OK,config 2 1-30,text,true,,231,168,176,176,http://stload.se.ifmo.ru:8080/?token=518472196&&user=-1356113187&config=2,30210,0,18
1776059605380,30213,HTTP Request 2,200,OK,config 2 1-102,text,true,,231,168,176,176,http://stload.se.ifmo.ru:8080/?token=518472196&&user=-1356113187&config=2,30213,0,16
1776059605381,30212,HTTP Request 2,200,OK,config 2 1-111,text,true,,231,168,176,176,http://stload.se.ifmo.ru:8080/?token=518472196&&user=-1356113187&config=2,30212,0,15
1776059605382,30211,HTTP Request 2,200,OK,config 2 1-240,text,true,,231,168,175,175,http://stload.se.ifmo.ru:8080/?token=518472196&&user=-1356113187&config=2,30211,0,17
1776059605383,30210,HTTP Request 2,200,OK,config 2 1-312,text,true,,231,168,174,174,http://stload.se.ifmo.ru:8080/?token=518472196&&user=-1356113187&config=2,30210,0,19
1776059605381,30213,HTTP Request 2,200,OK,config 2 1-68,text,true,,231,168,172,172,http://stload.se.ifmo.ru:8080/?token=518472196&&user=-1356113187&config=2,30213,0,17
1776059605394,30200,HTTP Request 2,200,OK,config 2 1-808,text,true,,231,168,172,172,http://stload.se.ifmo.ru:8080/?token=518472196&&user=-1356113187&config=2,30200,0,0
1776059605380,30214,HTTP Request 2,200,OK,config 2 1-201,text,true,,231,168,171,171,http://stload.se.ifmo.ru:8080/?token=518472196&&user=-1356113187&config=2,30214,0,16
1776059605380,30214,HTTP Request 2,200,OK,config 2 1-199,text,true,,231,168,171,171,http://stload.se.ifmo.ru:8080/?token=518472196&&user=-1356113187&config=2,30214,0,16
1776059605381,30213,HTTP Request 2,200,OK,config 2 1-235,text,true,,231,168,171,171,http://stload.se.ifmo.ru:8080/?token=518472196&&user=-1356113187&config=2,30213,0,17
1776059605381,30214,HTTP Request 2,200,OK,config 2 1-236,text,true,,231,168,171,171,http://stload.se.ifmo.ru:8080/?token=518472196&&user=-1356113187&config=2,30214,0,18
1776059605382,30213,HTTP Request 2,200,OK,config 2 1-112,text,true,,231,168,171,171,http://stload.se.ifmo.ru:8080/?token=518472196&&user=-1356113187&config=2,30213,0,17
1776059605382,30213,HTTP Request 2,200,OK,config 2 1-234,text,true,,231,168,171,171,http://stload.se.ifmo.ru:8080/?token=518472196&&user=-1356113187&config=2,30213,0,19
1776059605382,30213,HTTP Request 2,200,OK,config 2 1-307,text,true,,231,168,171,171,http://stload.se.ifmo.ru:8080/?token=518472196&&user=-1356113187&config=2,30213,0,19
1776059605391,30204,HTTP Request 2,200,OK,config 2 1-842,text,true,,231,168,171,171,http://stload.se.ifmo.ru:8080/?token=518472196&&user=-1356113187&config=2,30204,0,0
1776059605392,30204,HTTP Request 2,200,OK,config 2 1-851,text,true,,231,168,171,171,http://stload.se.ifmo.ru:8080/?token=518472196&&user=-1356113187&config=2,30204,0,0
1776059605380,30216,HTTP Request 2,200,OK,config 2 1-151,text,true,,231,168,171,171,http://stload.se.ifmo.ru:8080/?token=518472196&&user=-1356113187&config=2,30216,0,16
1776059605380,30216,HTTP Request 2,200,OK,config 2 1-147,text,true,,231,168,171,171,http://stload.se.ifmo.ru:8080/?token=518472196&&user=-1356113187&config=2,30216,0,16
1776059605380,30216,HTTP Request 2,200,OK,config 2 1-195,text,true,,231,168,171,171,http://stload.se.ifmo.ru:8080/?token=518472196&&user=-1356113187&config=2,30216,0,16
1776059605381,30215,HTTP Request 2,200,OK,config 2 1-308,text,true,,231,168,171,171,http://stload.se.ifmo.ru:8080/?token=518472196&&user=-1356113187&config=2,30215,0,15
1776059605382,30214,HTTP Request 2,200,OK,config 2 1-230,text,true,,231,168,171,171,http://stload.se.ifmo.ru:8080/?token=518472196&&user=-1356113187&config=2,30214,0,17
1776059605380,30216,HTTP Request 2,200,OK,config 2 1-237,text,true,,231,168,171,171,http://stload.se.ifmo.ru:8080/?token=518472196&&user=-1356113187&config=2,30216,0,16
1776059605383,30213,HTTP Request 2,200,OK,config 2 1-310,text,true,,231,168,171,171,http://stload.se.ifmo.ru:8080/?token=518472196&&user=-1356113187&config=2,30213,0,19
1776059605382,30216,HTTP Request 2,200,OK,config 2 1-320,text,true,,231,168,155,155,http://stload.se.ifmo.ru:8080/?token=518472196&&user=-1356113187&config=2,30216,0,19
1776059605383,30215,HTTP Request 2,200,OK,config 2 1-319,text,true,,231,168,155,155,http://stload.se.ifmo.ru:8080/?token=518472196&&user=-1356113187&config=2,30215,0,18
1776059605383,30215,HTTP Request 2,200,OK,config 2 1-231,text,true,,231,168,154,154,http://stload.se.ifmo.ru:8080/?token=518472196&&user=-1356113187&config=2,30215,0,18
1776059605381,30217,HTTP Request 2,200,OK,config 2 1-470,text,true,,231,168,154,154,http://stload.se.ifmo.ru:8080/?token=518472196&&user=-1356113187&config=2,30217,0,17
1776059605381,30218,HTTP Request 2,200,OK,config 2 1-202,text,true,,231,168,153,153,http://stload.se.ifmo.ru:8080/?token=518472196&&user=-1356113187&config=2,30218,0,17
1776059605381,30218,HTTP Request 2,200,OK,config 2 1-304,text,true,,231,168,152,152,http://stload.se.ifmo.ru:8080/?token=518472196&&user=-1356113187&config=2,30218,0,17
1776059605394,30205,HTTP Request 2,200,OK,config 2 1-767,text,true,,231,168,152,152,http://stload.se.ifmo.ru:8080/?token=518472196&&user=-1356113187&config=2,30205,0,0
1776059605383,30216,HTTP Request 2,200,OK,config 2 1-475,text,true,,231,168,151,151,http://stload.se.ifmo.ru:8080/?token=518472196&&user=-1356113187&config=2,30216,0,19
1776059605381,30218,HTTP Request 2,200,OK,config 2 1-99,text,true,,231,168,151,151,http://stload.se.ifmo.ru:8080/?token=518472196&&user=-1356113187&config=2,30218,0,17
1776059605394,30205,HTTP Request 2,200,OK,config 2 1-769,text,true,,231,168,153,153,http://stload.se.ifmo.ru:8080/?token=518472196&&user=-1356113187&config=2,30205,0,0
1776059605382,30217,HTTP Request 2,200,OK,config 2 1-110,text,true,,231,168,149,149,http://stload.se.ifmo.ru:8080/?token=518472196&&user=-1356113187&config=2,30217,0,17
1776059605383,30216,HTTP Request 2,200,OK,config 2 1-322,text,true,,231,168,148,148,http://stload.se.ifmo.ru:8080/?token=518472196&&user=-1356113187&config=2,30216,0,19
1776059605382,30217,HTTP Request 2,200,OK,config 2 1-187,text,true,,231,168,147,147,http://stload.se.ifmo.ru:8080/?token=518472196&&user=-1356113187&config=2,30217,0,17
1776059605393,30206,HTTP Request 2,200,OK,config 2 1-822,text,true,,231,168,146,146,http://stload.se.ifmo.ru:8080/?token=518472196&&user=-1356113187&config=2,30206,0,0
1776059605382,30217,HTTP Request 2,200,OK,config 2 1-190,text,true,,231,168,146,146,http://stload.se.ifmo.ru:8080/?token=518472196&&user=-1356113187&config=2,30217,0,17
1776059605382,30217,HTTP Request 2,200,OK,config 2 1-210,text,true,,231,168,145,145,http://stload.se.ifmo.ru:8080/?token=518472196&&user=-1356113187&config=2,30217,0,17
1776059605383,30216,HTTP Request 2,200,OK,config 2 1-303,text,true,,231,168,144,144,http://stload.se.ifmo.ru:8080/?token=518472196&&user=-1356113187&config=2,30216,0,20
1776059605382,30217,HTTP Request 2,200,OK,config 2 1-471,text,true,,231,168,144,144,http://stload.se.ifmo.ru:8080/?token=518472196&&user=-1356113187&config=2,30217,0,17
1776059605382,30217,HTTP Request 2,200,OK,config 2 1-238,text,true,,231,168,144,144,http://stload.se.ifmo.ru:8080/?token=518472196&&user=-1356113187&config=2,30217,0,19
1776059605383,30217,HTTP Request 2,200,OK,config 2 1-32,text,true,,231,168,143,143,http://stload.se.ifmo.ru:8080/?token=518472196&&user=-1356113187&config=2,30217,0,18
1776059605383,30217,HTTP Request 2,200,OK,config 2 1-478,text,true,,231,168,140,140,http://stload.se.ifmo.ru:8080/?token=518472196&&user=-1356113187&config=2,30217,0,20
1776059605383,30217,HTTP Request 2,200,OK,config 2 1-313,text,true,,231,168,139,139,http://stload.se.ifmo.ru:8080/?token=518472196&&user=-1356113187&config=2,30217,0,19
1776059605383,30217,HTTP Request 2,200,OK,config 2 1-327,text,true,,231,168,137,137,http://stload.se.ifmo.ru:8080/?token=518472196&&user=-1356113187&config=2,30217,0,21
1776059605383,30217,HTTP Request 2,200,OK,config 2 1-328,text,true,,231,168,136,136,http://stload.se.ifmo.ru:8080/?token=518472196&&user=-1356113187&config=2,30217,0,21
1776059605383,30217,HTTP Request 2,200,OK,config 2 1-325,text,true,,231,168,136,136,http://stload.se.ifmo.ru:8080/?token=518472196&&user=-1356113187&config=2,30217,0,20
1776059605383,30217,HTTP Request 2,200,OK,config 2 1-241,text,true,,231,168,136,136,http://stload.se.ifmo.ru:8080/?token=518472196&&user=-1356113187&config=2,30217,0,21
1776059605384,30216,HTTP Request 2,200,OK,config 2 1-204,text,true,,231,168,136,135,http://stload.se.ifmo.ru:8080/?token=518472196&&user=-1356113187&config=2,30216,0,20
1776059616970,18629,HTTP Request 2,200,OK,config 2 1-374,text,true,,231,168,135,135,http://stload.se.ifmo.ru:8080/?token=518472196&&user=-1356113187&config=2,18629,0,0
1776059616970,18629,HTTP Request 2,200,OK,config 2 1-371,text,true,,231,168,135,135,http://stload.se.ifmo.ru:8080/?token=518472196&&user=-1356113187&config=2,18629,0,0
1776059605383,30217,HTTP Request 2,200,OK,config 2 1-311,text,true,,231,168,134,134,http://stload.se.ifmo.ru:8080/?token=518472196&&user=-1356113187&config=2,30217,0,20
1776059605383,30217,HTTP Request 2,200,OK,config 2 1-314,text,true,,231,168,132,132,http://stload.se.ifmo.ru:8080/?token=518472196&&user=-1356113187&config=2,30217,0,21
1776059616971,18628,HTTP Request 2,200,OK,config 2 1-525,text,true,,231,168,131,131,http://stload.se.ifmo.ru:8080/?token=518472196&&user=-1356113187&config=2,18628,0,0
1776059616971,18628,HTTP Request 2,200,OK,config 2 1-368,text,true,,231,168,131,131,http://stload.se.ifmo.ru:8080/?token=518472196&&user=-1356113187&config=2,18628,0,0
1776059605383,30218,HTTP Request 2,200,OK,config 2 1-203,text,true,,231,168,129,129,http://stload.se.ifmo.ru:8080/?token=518472196&&user=-1356113187&config=2,30218,0,19
1776059616971,18629,HTTP Request 2,200,OK,config 2 1-372,text,true,,231,168,129,129,http://stload.se.ifmo.ru:8080/?token=518472196&&user=-1356113187&config=2,18629,0,0
1776059616971,18629,HTTP Request 2,200,OK,config 2 1-367,text,true,,231,168,129,129,http://stload.se.ifmo.ru:8080/?token=518472196&&user=-1356113187&config=2,18629,0,0
1776059616971,18629,HTTP Request 2,200,OK,config 2 1-373,text,true,,231,168,124,124,http://stload.se.ifmo.ru:8080/?token=518472196&&user=-1356113187&config=2,18629,0,0
1776059616970,18630,HTTP Request 2,200,OK,config 2 1-370,text,true,,231,168,123,123,http://stload.se.ifmo.ru:8080/?token=518472196&&user=-1356113187&config=2,18630,0,0
1776059616971,18629,HTTP Request 2,200,OK,config 2 1-354,text,true,,231,168,123,123,http://stload.se.ifmo.ru:8080/?token=518472196&&user=-1356113187&config=2,18629,0,0
1776059616971,18629,HTTP Request 2,200,OK,config 2 1-350,text,true,,231,168,123,123,http://stload.se.ifmo.ru:8080/?token=518472196&&user=-1356113187&config=2,18629,0,0
1776059616971,18629,HTTP Request 2,200,OK,config 2 1-362,text,true,,231,168,123,123,http://stload.se.ifmo.ru:8080/?token=518472196&&user=-1356113187&config=2,18629,0,0
1776059616971,18629,HTTP Request 2,200,OK,config 2 1-526,text,true,,231,168,129,129,http://stload.se.ifmo.ru:8080/?token=518472196&&user=-1356113187&config=2,18629,0,0
1776059616972,18628,HTTP Request 2,200,OK,config 2 1-369,text,true,,231,168,122,122,http://stload.se.ifmo.ru:8080/?token=518472196&&user=-1356113187&config=2,18628,0,0
1776059616972,18628,HTTP Request 2,200,OK,config 2 1-360,text,true,,231,168,122,122,http://stload.se.ifmo.ru:8080/?token=518472196&&user=-1356113187&config=2,18628,0,0
1776059616972,18628,HTTP Request 2,200,OK,config 2 1-361,text,true,,231,168,122,122,http://stload.se.ifmo.ru:8080/?token=518472196&&user=-1356113187&config=2,18628,0,0
1776059605383,30218,HTTP Request 2,200,OK,config 2 1-97,text,true,,231,168,122,122,http://stload.se.ifmo.ru:8080/?token=518472196&&user=-1356113187&config=2,30218,0,19
1776059616972,18628,HTTP Request 2,200,OK,config 2 1-363,text,true,,231,168,121,121,http://stload.se.ifmo.ru:8080/?token=518472196&&user=-1356113187&config=2,18628,0,0
1776059616972,18628,HTTP Request 2,200,OK,config 2 1-353,text,true,,231,168,121,121,http://stload.se.ifmo.ru:8080/?token=518472196&&user=-1356113187&config=2,18628,0,0
1776059616972,18628,HTTP Request 2,200,OK,config 2 1-520,text,true,,231,168,121,121,http://stload.se.ifmo.ru:8080/?token=518472196&&user=-1356113187&config=2,18628,0,0
1776059616971,18630,HTTP Request 2,200,OK,config 2 1-349,text,true,,231,168,117,117,http://stload.se.ifmo.ru:8080/?token=518472196&&user=-1356113187&config=2,18630,0,0
1776059616970,18631,HTTP Request 2,200,OK,config 2 1-242,text,true,,231,168,117,117,http://stload.se.ifmo.ru:8080/?token=518472196&&user=-1356113187&config=2,18631,0,0
1776059616971,18630,HTTP Request 2,200,OK,config 2 1-356,text,true,,231,168,113,113,http://stload.se.ifmo.ru:8080/?token=518472196&&user=-1356113187&config=2,18630,0,0
1776059616971,18630,HTTP Request 2,200,OK,config 2 1-169,text,true,,231,168,113,113,http://stload.se.ifmo.ru:8080/?token=518472196&&user=-1356113187&config=2,18630,0,0
1776059616971,18630,HTTP Request 2,200,OK,config 2 1-524,text,true,,231,168,113,113,http://stload.se.ifmo.ru:8080/?token=518472196&&user=-1356113187&config=2,18630,0,0
1776059616972,18629,HTTP Request 2,200,OK,config 2 1-357,text,true,,231,168,112,112,http://stload.se.ifmo.ru:8080/?token=518472196&&user=-1356113187&config=2,18629,0,0
1776059616972,18629,HTTP Request 2,200,OK,config 2 1-521,text,true,,231,168,111,111,http://stload.se.ifmo.ru:8080/?token=518472196&&user=-1356113187&config=2,18629,0,0
1776059616972,18629,HTTP Request 2,200,OK,config 2 1-523,text,true,,231,168,109,109,http://stload.se.ifmo.ru:8080/?token=518472196&&user=-1356113187&config=2,18629,0,0
1776059616972,18630,HTTP Request 2,200,OK,config 2 1-355,text,true,,231,168,108,108,http://stload.se.ifmo.ru:8080/?token=518472196&&user=-1356113187&config=2,18630,0,0
1776059616972,18630,HTTP Request 2,200,OK,config 2 1-364,text,true,,231,168,107,107,http://stload.se.ifmo.ru:8080/?token=518472196&&user=-1356113187&config=2,18630,0,0
1776059616972,18630,HTTP Request 2,200,OK,config 2 1-358,text,true,,231,168,104,104,http://stload.se.ifmo.ru:8080/?token=518472196&&user=-1356113187&config=2,18630,0,0
1776059616970,18631,HTTP Request 2,200,OK,config 2 1-522,text,true,,231,168,115,115,http://stload.se.ifmo.ru:8080/?token=518472196&&user=-1356113187&config=2,18631,0,0
1776059616972,18652,HTTP Request 2,200,OK,config 2 1-352,text,true,,231,168,22,22,http://stload.se.ifmo.ru:8080/?token=518472196&&user=-1356113187&config=2,18652,0,0
1776059616972,18749,HTTP Request 2,200,OK,config 2 1-365,text,true,,231,168,21,21,http://stload.se.ifmo.ru:8080/?token=518472196&&user=-1356113187&config=2,18749,0,0
1776059616973,18759,HTTP Request 2,200,OK,config 2 1-305,text,true,,231,168,20,20,http://stload.se.ifmo.ru:8080/?token=518472196&&user=-1356113187&config=2,18759,0,0
1776059616975,18816,HTTP Request 2,200,OK,config 2 1-376,text,true,,231,168,19,19,http://stload.se.ifmo.ru:8080/?token=518472196&&user=-1356113187&config=2,18816,0,0
1776059616975,18859,HTTP Request 2,200,OK,config 2 1-28,text,true,,231,168,18,18,http://stload.se.ifmo.ru:8080/?token=518472196&&user=-1356113187&config=2,18859,0,0
1776059616975,18906,HTTP Request 2,200,OK,config 2 1-351,text,true,,231,168,17,17,http://stload.se.ifmo.ru:8080/?token=518472196&&user=-1356113187&config=2,18906,0,0
1776059616975,18955,HTTP Request 2,200,OK,config 2 1-332,text,true,,231,168,16,16,http://stload.se.ifmo.ru:8080/?token=518472196&&user=-1356113187&config=2,18955,0,0
1776059616975,18997,HTTP Request 2,200,OK,config 2 1-375,text,true,,231,168,15,15,http://stload.se.ifmo.ru:8080/?token=518472196&&user=-1356113187&config=2,18997,0,0
1776059616975,19008,HTTP Request 2,200,OK,config 2 1-366,text,true,,231,168,14,14,http://stload.se.ifmo.ru:8080/?token=518472196&&user=-1356113187&config=2,19008,0,0
1776059616975,19011,HTTP Request 2,200,OK,config 2 1-166,text,true,,231,168,13,13,http://stload.se.ifmo.ru:8080/?token=518472196&&user=-1356113187&config=2,19011,0,0
1776059616975,19046,HTTP Request 2,200,OK,config 2 1-321,text,true,,231,168,12,12,http://stload.se.ifmo.ru:8080/?token=518472196&&user=-1356113187&config=2,19046,0,0
1776059616975,19048,HTTP Request 2,200,OK,config 2 1-359,text,true,,231,168,11,11,http://stload.se.ifmo.ru:8080/?token=518472196&&user=-1356113187&config=2,19048,0,0
1776059616975,19060,HTTP Request 2,200,OK,config 2 1-724,text,true,,231,168,10,10,http://stload.se.ifmo.ru:8080/?token=518472196&&user=-1356113187&config=2,19060,0,10
1776059616979,19058,HTTP Request 2,200,OK,config 2 1-726,text,true,,231,168,9,9,http://stload.se.ifmo.ru:8080/?token=518472196&&user=-1356113187&config=2,19058,0,47
1776059616979,19062,HTTP Request 2,200,OK,config 2 1-725,text,true,,231,168,8,8,http://stload.se.ifmo.ru:8080/?token=518472196&&user=-1356113187&config=2,19062,0,47
1776059616979,19086,HTTP Request 2,200,OK,config 2 1-499,text,true,,231,168,7,7,http://stload.se.ifmo.ru:8080/?token=518472196&&user=-1356113187&config=2,19086,0,47
1776059616979,19090,HTTP Request 2,200,OK,config 2 1-729,text,true,,231,168,6,6,http://stload.se.ifmo.ru:8080/?token=518472196&&user=-1356113187&config=2,19090,0,47
1776059616979,19093,HTTP Request 2,200,OK,config 2 1-495,text,true,,231,168,5,5,http://stload.se.ifmo.ru:8080/?token=518472196&&user=-1356113187&config=2,19093,0,47
1776059616979,19098,HTTP Request 2,200,OK,config 2 1-728,text,true,,231,168,4,4,http://stload.se.ifmo.ru:8080/?token=518472196&&user=-1356113187&config=2,19098,0,47
1776059616979,19107,HTTP Request 2,200,OK,config 2 1-552,text,true,,231,168,3,3,http://stload.se.ifmo.ru:8080/?token=518472196&&user=-1356113187&config=2,19107,0,47
1776059616979,19112,HTTP Request 2,200,OK,config 2 1-727,text,true,,231,168,2,2,http://stload.se.ifmo.ru:8080/?token=518472196&&user=-1356113187&config=2,19112,0,47
1776059617497,18600,HTTP Request 2,200,OK,config 2 1-853,text,true,,231,168,1,1,http://stload.se.ifmo.ru:8080/?token=518472196&&user=-1356113187&config=2,18600,0,0
