timeStamp,elapsed,label,responseCode,responseMessage,threadName,dataType,success,failureMessage,bytes,sentBytes,grpThreads,allThreads,URL,Latency,IdleTime,Connect
1775997393217,796,HTTP Request 1,200,OK,config 1 1-1,text,true,,231,168,6,13,http://stload.se.ifmo.ru:8080/?token=518472196&&user=-1356113187&config=1,796,0,65
1775997393314,774,HTTP Request 1,200,OK,config 1 1-2,text,true,,231,168,5,10,http://stload.se.ifmo.ru:8080/?token=518472196&&user=-1356113187&config=1,773,0,28
1775997393457,749,HTTP Request 1,200,OK,config 1 1-3,text,true,,231,168,4,9,http://stload.se.ifmo.ru:8080/?token=518472196&&user=-1356113187&config=1,749,0,15
1775997393699,825,HTTP Request 1,200,OK,config 1 1-4,text,true,,231,168,3,4,http://stload.se.ifmo.ru:8080/?token=518472196&&user=-1356113187&config=1,825,0,72
1775997393851,810,HTTP Request 1,200,OK,config 1 1-5,text,true,,231,168,2,2,http://stload.se.ifmo.ru:8080/?token=518472196&&user=-1356113187&config=1,810,0,59
1775997393986,778,HTTP Request 1,200,OK,config 1 1-6,text,true,,231,168,1,1,http://stload.se.ifmo.ru:8080/?token=518472196&&user=-1356113187&config=1,778,0,35
1775997415510,783,HTTP Request 1,200,OK,config 1 1-1,text,true,,231,168,6,13,http://stload.se.ifmo.ru:8080/?token=518472196&&user=-1356113187&config=1,783,0,54
1775997415617,778,HTTP Request 1,200,OK,config 1 1-2,text,true,,231,168,5,11,http://stload.se.ifmo.ru:8080/?token=518472196&&user=-1356113187&config=1,778,0,40
1775997415783,746,HTTP Request 1,200,OK,config 1 1-3,text,true,,231,168,4,9,http://stload.se.ifmo.ru:8080/?token=518472196&&user=-1356113187&config=1,746,0,14
1775997416116,884,HTTP Request 1,200,OK,config 1 1-5,text,false,"The operation lasted too long: It took 884 milliseconds, but should not have lasted longer than 840 milliseconds.",231,168,3,5,http://stload.se.ifmo.ru:8080/?token=518472196&&user=-1356113187&config=1,884,0,98
1775997415950,1050,HTTP Request 1,200,OK,config 1 1-4,text,false,"The operation lasted too long: It took 1,050 milliseconds, but should not have lasted longer than 840 milliseconds.",231,168,3,5,http://stload.se.ifmo.ru:8080/?token=518472196&&user=-1356113187&config=1,1050,0,98
1775997416283,770,HTTP Request 1,200,OK,config 1 1-6,text,true,,231,168,1,1,http://stload.se.ifmo.ru:8080/?token=518472196&&user=-1356113187&config=1,770,0,28
1775997421518,792,HTTP Request 1,200,OK,config 1 1-1,text,true,,231,168,6,13,http://stload.se.ifmo.ru:8080/?token=518472196&&user=-1356113187&config=1,792,0,49
1775997421620,772,HTTP Request 1,200,OK,config 1 1-2,text,true,,231,168,5,12,http://stload.se.ifmo.ru:8080/?token=518472196&&user=-1356113187&config=1,772,0,26
1775997421788,765,HTTP Request 1,200,OK,config 1 1-3,text,true,,231,168,4,8,http://stload.se.ifmo.ru:8080/?token=518472196&&user=-1356113187&config=1,765,0,14
1775997421954,825,HTTP Request 1,200,OK,config 1 1-4,text,true,,231,168,3,4,http://stload.se.ifmo.ru:8080/?token=518472196&&user=-1356113187&config=1,825,0,58
1775997422121,776,HTTP Request 1,200,OK,config 1 1-5,text,true,,231,168,2,3,http://stload.se.ifmo.ru:8080/?token=518472196&&user=-1356113187&config=1,775,0,21
1775997422288,822,HTTP Request 1,200,OK,config 1 1-6,text,true,,231,168,1,1,http://stload.se.ifmo.ru:8080/?token=518472196&&user=-1356113187&config=1,822,0,63
1775997462696,780,HTTP Request 1,200,OK,config 1 1-1,text,true,,231,168,6,13,http://stload.se.ifmo.ru:8080/?token=518472196&&user=-1356113187&config=1,780,0,49
1775997462800,762,HTTP Request 1,200,OK,config 1 1-2,text,true,,231,168,6,11,http://stload.se.ifmo.ru:8080/?token=518472196&&user=-1356113187&config=1,762,0,30
1775997462965,748,HTTP Request 1,200,OK,config 1 1-3,text,true,,231,168,6,9,http://stload.se.ifmo.ru:8080/?token=518472196&&user=-1356113187&config=1,748,0,15
1775997463132,779,HTTP Request 1,200,OK,config 1 1-4,text,true,,231,168,6,8,http://stload.se.ifmo.ru:8080/?token=518472196&&user=-1356113187&config=1,779,0,39
1775997463299,784,HTTP Request 1,200,OK,config 1 1-5,text,true,,231,168,6,6,http://stload.se.ifmo.ru:8080/?token=518472196&&user=-1356113187&config=1,784,0,46
1775997463466,807,HTTP Request 1,200,OK,config 1 1-6,text,true,,231,168,6,6,http://stload.se.ifmo.ru:8080/?token=518472196&&user=-1356113187&config=1,807,0,23
1775997464152,784,HTTP Request 1,200,OK,config 1 1-1,text,true,,231,168,6,6,http://stload.se.ifmo.ru:8080/?token=518472196&&user=-1356113187&config=1,784,0,0
1775997464299,778,HTTP Request 1,200,OK,config 1 1-2,text,true,,231,168,6,6,http://stload.se.ifmo.ru:8080/?token=518472196&&user=-1356113187&config=1,778,0,0
1775997464465,732,HTTP Request 1,200,OK,config 1 1-3,text,true,,231,168,6,6,http://stload.se.ifmo.ru:8080/?token=518472196&&user=-1356113187&config=1,732,0,0
1775997464632,738,HTTP Request 1,200,OK,config 1 1-4,text,true,,231,168,6,6,http://stload.se.ifmo.ru:8080/?token=518472196&&user=-1356113187&config=1,738,0,0
1775997464798,737,HTTP Request 1,200,OK,config 1 1-5,text,true,,231,168,6,6,http://stload.se.ifmo.ru:8080/?token=518472196&&user=-1356113187&config=1,737,0,0
1775997464965,799,HTTP Request 1,200,OK,config 1 1-6,text,true,,231,168,6,6,http://stload.se.ifmo.ru:8080/?token=518472196&&user=-1356113187&config=1,799,0,0
1775997465651,794,HTTP Request 1,200,OK,config 1 1-1,text,true,,231,168,6,6,http://stload.se.ifmo.ru:8080/?token=518472196&&user=-1356113187&config=1,794,0,0
1775997465800,784,HTTP Request 1,200,OK,config 1 1-2,text,true,,231,168,6,6,http://stload.se.ifmo.ru:8080/?token=518472196&&user=-1356113187&config=1,784,0,0
1775997465964,739,HTTP Request 1,200,OK,config 1 1-3,text,true,,231,168,6,6,http://stload.se.ifmo.ru:8080/?token=518472196&&user=-1356113187&config=1,739,0,0
1775997466132,738,HTTP Request 1,200,OK,config 1 1-4,text,true,,231,168,6,6,http://stload.se.ifmo.ru:8080/?token=518472196&&user=-1356113187&config=1,738,0,0
1775997466298,742,HTTP Request 1,200,OK,config 1 1-5,text,true,,231,168,6,6,http://stload.se.ifmo.ru:8080/?token=518472196&&user=-1356113187&config=1,742,0,0
1775997466465,788,HTTP Request 1,200,OK,config 1 1-6,text,true,,231,168,6,6,http://stload.se.ifmo.ru:8080/?token=518472196&&user=-1356113187&config=1,788,0,0
1775997467151,739,HTTP Request 1,200,OK,config 1 1-1,text,true,,231,168,6,6,http://stload.se.ifmo.ru:8080/?token=518472196&&user=-1356113187&config=1,739,0,0
1775997467299,756,HTTP Request 1,200,OK,config 1 1-2,text,true,,231,168,6,6,http://stload.se.ifmo.ru:8080/?token=518472196&&user=-1356113187&config=1,756,0,0
1775997467464,746,HTTP Request 1,200,OK,config 1 1-3,text,true,,231,168,6,6,http://stload.se.ifmo.ru:8080/?token=518472196&&user=-1356113187&config=1,746,0,0
1775997467632,748,HTTP Request 1,200,OK,config 1 1-4,text,true,,231,168,6,6,http://stload.se.ifmo.ru:8080/?token=518472196&&user=-1356113187&config=1,748,0,0
1775997467800,756,HTTP Request 1,200,OK,config 1 1-5,text,true,,231,168,6,6,http://stload.se.ifmo.ru:8080/?token=518472196&&user=-1356113187&config=1,756,0,0
1775997467965,746,HTTP Request 1,200,OK,config 1 1-6,text,true,,231,168,6,6,http://stload.se.ifmo.ru:8080/?token=518472196&&user=-1356113187&config=1,746,0,0
1775997468652,800,HTTP Request 1,200,OK,config 1 1-1,text,true,,231,168,6,6,http://stload.se.ifmo.ru:8080/?token=518472196&&user=-1356113187&config=1,800,0,0
1775997468799,784,HTTP Request 1,200,OK,config 1 1-2,text,true,,231,168,6,6,http://stload.se.ifmo.ru:8080/?token=518472196&&user=-1356113187&config=1,784,0,0
1775997468965,747,HTTP Request 1,200,OK,config 1 1-3,text,true,,231,168,6,6,http://stload.se.ifmo.ru:8080/?token=518472196&&user=-1356113187&config=1,747,0,0
1775997469131,759,HTTP Request 1,200,OK,config 1 1-4,text,true,,231,168,6,6,http://stload.se.ifmo.ru:8080/?token=518472196&&user=-1356113187&config=1,759,0,0
1775997469298,751,HTTP Request 1,200,OK,config 1 1-5,text,true,,231,168,6,6,http://stload.se.ifmo.ru:8080/?token=518472196&&user=-1356113187&config=1,751,0,0
1775997469465,798,HTTP Request 1,200,OK,config 1 1-6,text,true,,231,168,6,6,http://stload.se.ifmo.ru:8080/?token=518472196&&user=-1356113187&config=1,798,0,0
1775997470151,749,HTTP Request 1,200,OK,config 1 1-1,text,true,,231,168,6,6,http://stload.se.ifmo.ru:8080/?token=518472196&&user=-1356113187&config=1,749,0,0
1775997470299,791,HTTP Request 1,200,OK,config 1 1-2,text,true,,231,168,6,6,http://stload.se.ifmo.ru:8080/?token=518472196&&user=-1356113187&config=1,791,0,0
1775997470464,751,HTTP Request 1,200,OK,config 1 1-3,text,true,,231,168,6,6,http://stload.se.ifmo.ru:8080/?token=518472196&&user=-1356113187&config=1,751,0,0
1775997470631,757,HTTP Request 1,200,OK,config 1 1-4,text,true,,231,168,6,6,http://stload.se.ifmo.ru:8080/?token=518472196&&user=-1356113187&config=1,757,0,0
1775997470798,761,HTTP Request 1,200,OK,config 1 1-5,text,true,,231,168,6,6,http://stload.se.ifmo.ru:8080/?token=518472196&&user=-1356113187&config=1,761,0,0
1775997470964,756,HTTP Request 1,200,OK,config 1 1-6,text,true,,231,168,6,6,http://stload.se.ifmo.ru:8080/?token=518472196&&user=-1356113187&config=1,756,0,0
1775997471651,758,HTTP Request 1,200,OK,config 1 1-1,text,true,,231,168,6,6,http://stload.se.ifmo.ru:8080/?token=518472196&&user=-1356113187&config=1,758,0,0
1775997471799,757,HTTP Request 1,200,OK,config 1 1-2,text,true,,231,168,6,6,http://stload.se.ifmo.ru:8080/?token=518472196&&user=-1356113187&config=1,757,0,0
1775997471964,770,HTTP Request 1,200,OK,config 1 1-3,text,true,,231,168,6,6,http://stload.se.ifmo.ru:8080/?token=518472196&&user=-1356113187&config=1,770,0,0
1775997472132,804,HTTP Request 1,200,OK,config 1 1-4,text,true,,231,168,6,6,http://stload.se.ifmo.ru:8080/?token=518472196&&user=-1356113187&config=1,804,0,0
1775997472299,778,HTTP Request 1,200,OK,config 1 1-5,text,true,,231,168,6,6,http://stload.se.ifmo.ru:8080/?token=518472196&&user=-1356113187&config=1,778,0,0
1775997472464,787,HTTP Request 1,200,OK,config 1 1-6,text,true,,231,168,6,6,http://stload.se.ifmo.ru:8080/?token=518472196&&user=-1356113187&config=1,787,0,0
1775997473151,787,HTTP Request 1,200,OK,config 1 1-1,text,true,,231,168,6,6,http://stload.se.ifmo.ru:8080/?token=518472196&&user=-1356113187&config=1,787,0,0
1775997473299,810,HTTP Request 1,200,OK,config 1 1-2,text,true,,231,168,6,6,http://stload.se.ifmo.ru:8080/?token=518472196&&user=-1356113187&config=1,810,0,0
1775997473465,751,HTTP Request 1,200,OK,config 1 1-3,text,true,,231,168,6,6,http://stload.se.ifmo.ru:8080/?token=518472196&&user=-1356113187&config=1,751,0,0
1775997473632,750,HTTP Request 1,200,OK,config 1 1-4,text,true,,231,168,6,6,http://stload.se.ifmo.ru:8080/?token=518472196&&user=-1356113187&config=1,750,0,0
1775997473799,753,HTTP Request 1,200,OK,config 1 1-5,text,true,,231,168,6,6,http://stload.se.ifmo.ru:8080/?token=518472196&&user=-1356113187&config=1,753,0,0
1775997473964,843,HTTP Request 1,200,OK,config 1 1-6,text,false,"The operation lasted too long: It took 843 milliseconds, but should not have lasted longer than 840 milliseconds.",231,168,6,6,http://stload.se.ifmo.ru:8080/?token=518472196&&user=-1356113187&config=1,843,0,0
1775997474652,747,HTTP Request 1,200,OK,config 1 1-1,text,true,,231,168,6,6,http://stload.se.ifmo.ru:8080/?token=518472196&&user=-1356113187&config=1,746,0,0
1775997474800,751,HTTP Request 1,200,OK,config 1 1-2,text,true,,231,168,6,6,http://stload.se.ifmo.ru:8080/?token=518472196&&user=-1356113187&config=1,751,0,0
1775997474964,752,HTTP Request 1,200,OK,config 1 1-3,text,true,,231,168,6,6,http://stload.se.ifmo.ru:8080/?token=518472196&&user=-1356113187&config=1,752,0,0
1775997475132,750,HTTP Request 1,200,OK,config 1 1-4,text,true,,231,168,6,6,http://stload.se.ifmo.ru:8080/?token=518472196&&user=-1356113187&config=1,750,0,0
1775997475299,747,HTTP Request 1,200,OK,config 1 1-5,text,true,,231,168,6,6,http://stload.se.ifmo.ru:8080/?token=518472196&&user=-1356113187&config=1,747,0,0
1775997475464,762,HTTP Request 1,200,OK,config 1 1-6,text,true,,231,168,6,6,http://stload.se.ifmo.ru:8080/?token=518472196&&user=-1356113187&config=1,762,0,0
1775997476152,745,HTTP Request 1,200,OK,config 1 1-1,text,true,,231,168,6,6,http://stload.se.ifmo.ru:8080/?token=518472196&&user=-1356113187&config=1,745,0,0
1775997476300,748,HTTP Request 1,200,OK,config 1 1-2,text,true,,231,168,6,6,http://stload.se.ifmo.ru:8080/?token=518472196&&user=-1356113187&config=1,748,0,0
1775997476464,750,HTTP Request 1,200,OK,config 1 1-3,text,true,,231,168,6,6,http://stload.se.ifmo.ru:8080/?token=518472196&&user=-1356113187&config=1,750,0,0
1775997476632,746,HTTP Request 1,200,OK,config 1 1-4,text,true,,231,168,6,6,http://stload.se.ifmo.ru:8080/?token=518472196&&user=-1356113187&config=1,746,0,0
1775997476798,755,HTTP Request 1,200,OK,config 1 1-5,text,true,,231,168,6,6,http://stload.se.ifmo.ru:8080/?token=518472196&&user=-1356113187&config=1,755,0,0
1775997476964,763,HTTP Request 1,200,OK,config 1 1-6,text,true,,231,168,6,6,http://stload.se.ifmo.ru:8080/?token=518472196&&user=-1356113187&config=1,763,0,0
1775997477651,746,HTTP Request 1,200,OK,config 1 1-1,text,true,,231,168,6,6,http://stload.se.ifmo.ru:8080/?token=518472196&&user=-1356113187&config=1,746,0,0
1775997477800,747,HTTP Request 1,200,OK,config 1 1-2,text,true,,231,168,6,6,http://stload.se.ifmo.ru:8080/?token=518472196&&user=-1356113187&config=1,746,0,0
1775997477964,751,HTTP Request 1,200,OK,config 1 1-3,text,true,,231,168,6,6,http://stload.se.ifmo.ru:8080/?token=518472196&&user=-1356113187&config=1,751,0,0
1775997478131,757,HTTP Request 1,200,OK,config 1 1-4,text,true,,231,168,6,6,http://stload.se.ifmo.ru:8080/?token=518472196&&user=-1356113187&config=1,757,0,0
1775997478298,754,HTTP Request 1,200,OK,config 1 1-5,text,true,,231,168,6,6,http://stload.se.ifmo.ru:8080/?token=518472196&&user=-1356113187&config=1,754,0,0
1775997478464,764,HTTP Request 1,200,OK,config 1 1-6,text,true,,231,168,6,6,http://stload.se.ifmo.ru:8080/?token=518472196&&user=-1356113187&config=1,764,0,0
1775997479151,750,HTTP Request 1,200,OK,config 1 1-1,text,true,,231,168,6,6,http://stload.se.ifmo.ru:8080/?token=518472196&&user=-1356113187&config=1,750,0,0
1775997479299,754,HTTP Request 1,200,OK,config 1 1-2,text,true,,231,168,6,6,http://stload.se.ifmo.ru:8080/?token=518472196&&user=-1356113187&config=1,754,0,0
1775997479464,756,HTTP Request 1,200,OK,config 1 1-3,text,true,,231,168,6,6,http://stload.se.ifmo.ru:8080/?token=518472196&&user=-1356113187&config=1,756,0,0
1775997479632,750,HTTP Request 1,200,OK,config 1 1-4,text,true,,231,168,6,6,http://stload.se.ifmo.ru:8080/?token=518472196&&user=-1356113187&config=1,750,0,0
1775997479799,749,HTTP Request 1,200,OK,config 1 1-5,text,true,,231,168,6,6,http://stload.se.ifmo.ru:8080/?token=518472196&&user=-1356113187&config=1,749,0,0
1775997479965,758,HTTP Request 1,200,OK,config 1 1-6,text,true,,231,168,6,6,http://stload.se.ifmo.ru:8080/?token=518472196&&user=-1356113187&config=1,758,0,0
1775997480652,746,HTTP Request 1,200,OK,config 1 1-1,text,true,,231,168,6,6,http://stload.se.ifmo.ru:8080/?token=518472196&&user=-1356113187&config=1,746,0,0
1775997480799,762,HTTP Request 1,200,OK,config 1 1-2,text,true,,231,168,6,6,http://stload.se.ifmo.ru:8080/?token=518472196&&user=-1356113187&config=1,762,0,0
1775997480964,750,HTTP Request 1,200,OK,config 1 1-3,text,true,,231,168,6,6,http://stload.se.ifmo.ru:8080/?token=518472196&&user=-1356113187&config=1,750,0,0
1775997481131,752,HTTP Request 1,200,OK,config 1 1-4,text,true,,231,168,6,6,http://stload.se.ifmo.ru:8080/?token=518472196&&user=-1356113187&config=1,752,0,0
1775997481299,751,HTTP Request 1,200,OK,config 1 1-5,text,true,,231,168,6,6,http://stload.se.ifmo.ru:8080/?token=518472196&&user=-1356113187&config=1,751,0,0
1775997481465,755,HTTP Request 1,200,OK,config 1 1-6,text,true,,231,168,6,6,http://stload.se.ifmo.ru:8080/?token=518472196&&user=-1356113187&config=1,755,0,0
1775997482152,746,HTTP Request 1,200,OK,config 1 1-1,text,true,,231,168,6,6,http://stload.se.ifmo.ru:8080/?token=518472196&&user=-1356113187&config=1,746,0,0
1775997482300,748,HTTP Request 1,200,OK,config 1 1-2,text,true,,231,168,6,6,http://stload.se.ifmo.ru:8080/?token=518472196&&user=-1356113187&config=1,748,0,0
1775997482465,762,HTTP Request 1,200,OK,config 1 1-3,text,true,,231,168,6,6,http://stload.se.ifmo.ru:8080/?token=518472196&&user=-1356113187&config=1,762,0,0
1775997482631,757,HTTP Request 1,200,OK,config 1 1-4,text,true,,231,168,6,6,http://stload.se.ifmo.ru:8080/?token=518472196&&user=-1356113187&config=1,757,0,0
1775997482799,750,HTTP Request 1,200,OK,config 1 1-5,text,true,,231,168,6,6,http://stload.se.ifmo.ru:8080/?token=518472196&&user=-1356113187&config=1,750,0,0
1775997482964,759,HTTP Request 1,200,OK,config 1 1-6,text,true,,231,168,6,6,http://stload.se.ifmo.ru:8080/?token=518472196&&user=-1356113187&config=1,759,0,0
1775997483652,746,HTTP Request 1,200,OK,config 1 1-1,text,true,,231,168,6,6,http://stload.se.ifmo.ru:8080/?token=518472196&&user=-1356113187&config=1,746,0,0
1775997483800,768,HTTP Request 1,200,OK,config 1 1-2,text,true,,231,168,6,6,http://stload.se.ifmo.ru:8080/?token=518472196&&user=-1356113187&config=1,768,0,0
1775997483964,759,HTTP Request 1,200,OK,config 1 1-3,text,true,,231,168,6,6,http://stload.se.ifmo.ru:8080/?token=518472196&&user=-1356113187&config=1,759,0,0
1775997484132,763,HTTP Request 1,200,OK,config 1 1-4,text,true,,231,168,6,6,http://stload.se.ifmo.ru:8080/?token=518472196&&user=-1356113187&config=1,763,0,0
1775997484298,748,HTTP Request 1,200,OK,config 1 1-5,text,true,,231,168,6,6,http://stload.se.ifmo.ru:8080/?token=518472196&&user=-1356113187&config=1,748,0,0
1775997484465,769,HTTP Request 1,200,OK,config 1 1-6,text,true,,231,168,6,6,http://stload.se.ifmo.ru:8080/?token=518472196&&user=-1356113187&config=1,769,0,0
1775997485152,747,HTTP Request 1,200,OK,config 1 1-1,text,true,,231,168,6,6,http://stload.se.ifmo.ru:8080/?token=518472196&&user=-1356113187&config=1,747,0,0
1775997485300,754,HTTP Request 1,200,OK,config 1 1-2,text,true,,231,168,6,6,http://stload.se.ifmo.ru:8080/?token=518472196&&user=-1356113187&config=1,754,0,0
1775997485464,798,HTTP Request 1,200,OK,config 1 1-3,text,true,,231,168,6,6,http://stload.se.ifmo.ru:8080/?token=518472196&&user=-1356113187&config=1,797,0,0
1775997485632,752,HTTP Request 1,200,OK,config 1 1-4,text,true,,231,168,6,6,http://stload.se.ifmo.ru:8080/?token=518472196&&user=-1356113187&config=1,752,0,0
1775997485799,753,HTTP Request 1,200,OK,config 1 1-5,text,true,,231,168,6,6,http://stload.se.ifmo.ru:8080/?token=518472196&&user=-1356113187&config=1,753,0,0
1775997485965,802,HTTP Request 1,200,OK,config 1 1-6,text,true,,231,168,6,6,http://stload.se.ifmo.ru:8080/?token=518472196&&user=-1356113187&config=1,802,0,0
1775997486652,761,HTTP Request 1,200,OK,config 1 1-1,text,true,,231,168,6,6,http://stload.se.ifmo.ru:8080/?token=518472196&&user=-1356113187&config=1,761,0,0
1775997486800,769,HTTP Request 1,200,OK,config 1 1-2,text,true,,231,168,6,6,http://stload.se.ifmo.ru:8080/?token=518472196&&user=-1356113187&config=1,769,0,0
1775997486964,755,HTTP Request 1,200,OK,config 1 1-3,text,true,,231,168,6,6,http://stload.se.ifmo.ru:8080/?token=518472196&&user=-1356113187&config=1,755,0,0
1775997487132,751,HTTP Request 1,200,OK,config 1 1-4,text,true,,231,168,6,6,http://stload.se.ifmo.ru:8080/?token=518472196&&user=-1356113187&config=1,751,0,0
1775997487298,750,HTTP Request 1,200,OK,config 1 1-5,text,true,,231,168,6,6,http://stload.se.ifmo.ru:8080/?token=518472196&&user=-1356113187&config=1,750,0,0
1775997487464,757,HTTP Request 1,200,OK,config 1 1-6,text,true,,231,168,6,6,http://stload.se.ifmo.ru:8080/?token=518472196&&user=-1356113187&config=1,757,0,0
1775997488152,745,HTTP Request 1,200,OK,config 1 1-1,text,true,,231,168,6,6,http://stload.se.ifmo.ru:8080/?token=518472196&&user=-1356113187&config=1,745,0,0
1775997488300,747,HTTP Request 1,200,OK,config 1 1-2,text,true,,231,168,6,6,http://stload.se.ifmo.ru:8080/?token=518472196&&user=-1356113187&config=1,747,0,0
1775997488465,759,HTTP Request 1,200,OK,config 1 1-3,text,true,,231,168,6,6,http://stload.se.ifmo.ru:8080/?token=518472196&&user=-1356113187&config=1,759,0,0
1775997488632,753,HTTP Request 1,200,OK,config 1 1-4,text,true,,231,168,6,6,http://stload.se.ifmo.ru:8080/?token=518472196&&user=-1356113187&config=1,752,0,0
1775997488799,763,HTTP Request 1,200,OK,config 1 1-5,text,true,,231,168,6,6,http://stload.se.ifmo.ru:8080/?token=518472196&&user=-1356113187&config=1,763,0,0
1775997488964,773,HTTP Request 1,200,OK,config 1 1-6,text,true,,231,168,6,6,http://stload.se.ifmo.ru:8080/?token=518472196&&user=-1356113187&config=1,773,0,0
1775997489652,757,HTTP Request 1,200,OK,config 1 1-1,text,true,,231,168,6,6,http://stload.se.ifmo.ru:8080/?token=518472196&&user=-1356113187&config=1,757,0,0
1775997489800,765,HTTP Request 1,200,OK,config 1 1-2,text,true,,231,168,6,6,http://stload.se.ifmo.ru:8080/?token=518472196&&user=-1356113187&config=1,764,0,0
1775997489964,751,HTTP Request 1,200,OK,config 1 1-3,text,true,,231,168,6,6,http://stload.se.ifmo.ru:8080/?token=518472196&&user=-1356113187&config=1,751,0,0
1775997490132,748,HTTP Request 1,200,OK,config 1 1-4,text,true,,231,168,6,6,http://stload.se.ifmo.ru:8080/?token=518472196&&user=-1356113187&config=1,748,0,0
1775997490299,753,HTTP Request 1,200,OK,config 1 1-5,text,true,,231,168,6,6,http://stload.se.ifmo.ru:8080/?token=518472196&&user=-1356113187&config=1,753,0,0
1775997490464,794,HTTP Request 1,200,OK,config 1 1-6,text,true,,231,168,6,6,http://stload.se.ifmo.ru:8080/?token=518472196&&user=-1356113187&config=1,794,0,0
1775997491152,746,HTTP Request 1,200,OK,config 1 1-1,text,true,,231,168,6,6,http://stload.se.ifmo.ru:8080/?token=518472196&&user=-1356113187&config=1,746,0,0
1775997491300,765,HTTP Request 1,200,OK,config 1 1-2,text,true,,231,168,5,5,http://stload.se.ifmo.ru:8080/?token=518472196&&user=-1356113187&config=1,765,0,0
1775997491464,751,HTTP Request 1,200,OK,config 1 1-3,text,true,,231,168,4,4,http://stload.se.ifmo.ru:8080/?token=518472196&&user=-1356113187&config=1,750,0,0
1775997491632,751,HTTP Request 1,200,OK,config 1 1-4,text,true,,231,168,3,3,http://stload.se.ifmo.ru:8080/?token=518472196&&user=-1356113187&config=1,751,0,0
1775997491799,772,HTTP Request 1,200,OK,config 1 1-5,text,true,,231,168,2,2,http://stload.se.ifmo.ru:8080/?token=518472196&&user=-1356113187&config=1,772,0,0
1775997491964,763,HTTP Request 1,200,OK,config 1 1-6,text,true,,231,168,1,1,http://stload.se.ifmo.ru:8080/?token=518472196&&user=-1356113187&config=1,763,0,0
1775997539781,786,HTTP Request 1,200,OK,config 1 1-1,text,true,,231,168,6,18,http://stload.se.ifmo.ru:8080/?token=518472196&&user=-1356113187&config=1,786,0,57
1775997539889,764,HTTP Request 1,200,OK,config 1 1-2,text,true,,231,168,6,18,http://stload.se.ifmo.ru:8080/?token=518472196&&user=-1356113187&config=1,764,0,27
1775997540056,747,HTTP Request 1,200,OK,config 1 1-3,text,true,,231,168,6,18,http://stload.se.ifmo.ru:8080/?token=518472196&&user=-1356113187&config=1,747,0,14
1775997540221,860,HTTP Request 1,200,OK,config 1 1-4,text,false,"The operation lasted too long: It took 860 milliseconds, but should not have lasted longer than 840 milliseconds.",231,168,6,18,http://stload.se.ifmo.ru:8080/?token=518472196&&user=-1356113187&config=1,860,0,92
1775997540389,763,HTTP Request 1,200,OK,config 1 1-5,text,true,,231,168,6,18,http://stload.se.ifmo.ru:8080/?token=518472196&&user=-1356113187&config=1,763,0,15
1775997540555,770,HTTP Request 1,200,OK,config 1 1-6,text,true,,231,168,6,18,http://stload.se.ifmo.ru:8080/?token=518472196&&user=-1356113187&config=1,770,0,25
1775997541239,778,HTTP Request 1,200,OK,config 1 1-1,text,true,,231,168,6,18,http://stload.se.ifmo.ru:8080/?token=518472196&&user=-1356113187&config=1,778,0,0
1775997541389,739,HTTP Request 1,200,OK,config 1 1-2,text,true,,231,168,6,18,http://stload.se.ifmo.ru:8080/?token=518472196&&user=-1356113187&config=1,739,0,0
1775997541557,733,HTTP Request 1,200,OK,config 1 1-3,text,true,,231,168,6,18,http://stload.se.ifmo.ru:8080/?token=518472196&&user=-1356113187&config=1,733,0,0
1775997541720,738,HTTP Request 1,200,OK,config 1 1-4,text,true,,231,168,6,18,http://stload.se.ifmo.ru:8080/?token=518472196&&user=-1356113187&config=1,738,0,0
1775997541888,746,HTTP Request 1,200,OK,config 1 1-5,text,true,,231,168,6,18,http://stload.se.ifmo.ru:8080/?token=518472196&&user=-1356113187&config=1,746,0,0
1775997542056,765,HTTP Request 1,200,OK,config 1 1-6,text,true,,231,168,6,18,http://stload.se.ifmo.ru:8080/?token=518472196&&user=-1356113187&config=1,765,0,0
1775997542738,767,HTTP Request 1,200,OK,config 1 1-1,text,true,,231,168,6,18,http://stload.se.ifmo.ru:8080/?token=518472196&&user=-1356113187&config=1,767,0,0
1775997542888,748,HTTP Request 1,200,OK,config 1 1-2,text,true,,231,168,6,18,http://stload.se.ifmo.ru:8080/?token=518472196&&user=-1356113187&config=1,748,0,0
1775997543056,757,HTTP Request 1,200,OK,config 1 1-3,text,true,,231,168,6,18,http://stload.se.ifmo.ru:8080/?token=518472196&&user=-1356113187&config=1,757,0,0
1775997543220,795,HTTP Request 1,200,OK,config 1 1-4,text,true,,231,168,6,18,http://stload.se.ifmo.ru:8080/?token=518472196&&user=-1356113187&config=1,795,0,0
1775997543389,759,HTTP Request 1,200,OK,config 1 1-5,text,true,,231,168,6,18,http://stload.se.ifmo.ru:8080/?token=518472196&&user=-1356113187&config=1,759,0,0
1775997543555,811,HTTP Request 1,200,OK,config 1 1-6,text,true,,231,168,6,18,http://stload.se.ifmo.ru:8080/?token=518472196&&user=-1356113187&config=1,811,0,0
1775997544238,782,HTTP Request 1,200,OK,config 1 1-1,text,true,,231,168,6,18,http://stload.se.ifmo.ru:8080/?token=518472196&&user=-1356113187&config=1,782,0,0
1775997544389,801,HTTP Request 1,200,OK,config 1 1-2,text,true,,231,168,6,18,http://stload.se.ifmo.ru:8080/?token=518472196&&user=-1356113187&config=1,801,0,0
1775997544555,767,HTTP Request 1,200,OK,config 1 1-3,text,true,,231,168,6,18,http://stload.se.ifmo.ru:8080/?token=518472196&&user=-1356113187&config=1,767,0,0
1775997544721,822,HTTP Request 1,200,OK,config 1 1-4,text,true,,231,168,6,18,http://stload.se.ifmo.ru:8080/?token=518472196&&user=-1356113187&config=1,822,0,0
1775997544888,814,HTTP Request 1,200,OK,config 1 1-5,text,true,,231,168,6,18,http://stload.se.ifmo.ru:8080/?token=518472196&&user=-1356113187&config=1,814,0,0
1775997545055,801,HTTP Request 1,200,OK,config 1 1-6,text,true,,231,168,6,18,http://stload.se.ifmo.ru:8080/?token=518472196&&user=-1356113187&config=1,801,0,0
1775997545739,804,HTTP Request 1,200,OK,config 1 1-1,text,true,,231,168,6,18,http://stload.se.ifmo.ru:8080/?token=518472196&&user=-1356113187&config=1,804,0,0
1775997545888,812,HTTP Request 1,200,OK,config 1 1-2,text,true,,231,168,6,18,http://stload.se.ifmo.ru:8080/?token=518472196&&user=-1356113187&config=1,812,0,0
1775997546056,800,HTTP Request 1,200,OK,config 1 1-3,text,true,,231,168,6,18,http://stload.se.ifmo.ru:8080/?token=518472196&&user=-1356113187&config=1,800,0,0
1775997546221,790,HTTP Request 1,200,OK,config 1 1-4,text,true,,231,168,6,18,http://stload.se.ifmo.ru:8080/?token=518472196&&user=-1356113187&config=1,790,0,0
1775997546389,856,HTTP Request 1,200,OK,config 1 1-5,text,false,"The operation lasted too long: It took 856 milliseconds, but should not have lasted longer than 840 milliseconds.",231,168,6,18,http://stload.se.ifmo.ru:8080/?token=518472196&&user=-1356113187&config=1,856,0,0
1775997546557,859,HTTP Request 1,200,OK,config 1 1-6,text,false,"The operation lasted too long: It took 859 milliseconds, but should not have lasted longer than 840 milliseconds.",231,168,6,18,http://stload.se.ifmo.ru:8080/?token=518472196&&user=-1356113187&config=1,859,0,0
1775997547240,816,HTTP Request 1,200,OK,config 1 1-1,text,true,,231,168,6,18,http://stload.se.ifmo.ru:8080/?token=518472196&&user=-1356113187&config=1,816,0,0
1775997547389,814,HTTP Request 1,200,OK,config 1 1-2,text,true,,231,168,6,18,http://stload.se.ifmo.ru:8080/?token=518472196&&user=-1356113187&config=1,814,0,0
1775997547556,825,HTTP Request 1,200,OK,config 1 1-3,text,true,,231,168,6,18,http://stload.se.ifmo.ru:8080/?token=518472196&&user=-1356113187&config=1,825,0,0
1775997547720,825,HTTP Request 1,200,OK,config 1 1-4,text,true,,231,168,6,18,http://stload.se.ifmo.ru:8080/?token=518472196&&user=-1356113187&config=1,825,0,0
1775997547889,861,HTTP Request 1,200,OK,config 1 1-5,text,false,"The operation lasted too long: It took 861 milliseconds, but should not have lasted longer than 840 milliseconds.",231,168,6,18,http://stload.se.ifmo.ru:8080/?token=518472196&&user=-1356113187&config=1,861,0,0
1775997548055,921,HTTP Request 1,200,OK,config 1 1-6,text,false,"The operation lasted too long: It took 921 milliseconds, but should not have lasted longer than 840 milliseconds.",231,168,6,18,http://stload.se.ifmo.ru:8080/?token=518472196&&user=-1356113187&config=1,921,0,0
1775997548739,848,HTTP Request 1,200,OK,config 1 1-1,text,false,"The operation lasted too long: It took 848 milliseconds, but should not have lasted longer than 840 milliseconds.",231,168,6,18,http://stload.se.ifmo.ru:8080/?token=518472196&&user=-1356113187&config=1,848,0,0
1775997548889,894,HTTP Request 1,200,OK,config 1 1-2,text,false,"The operation lasted too long: It took 894 milliseconds, but should not have lasted longer than 840 milliseconds.",231,168,6,18,http://stload.se.ifmo.ru:8080/?token=518472196&&user=-1356113187&config=1,894,0,0
1775997549056,920,HTTP Request 1,200,OK,config 1 1-3,text,false,"The operation lasted too long: It took 920 milliseconds, but should not have lasted longer than 840 milliseconds.",231,168,6,18,http://stload.se.ifmo.ru:8080/?token=518472196&&user=-1356113187&config=1,920,0,0
1775997549220,879,HTTP Request 1,200,OK,config 1 1-4,text,false,"The operation lasted too long: It took 879 milliseconds, but should not have lasted longer than 840 milliseconds.",231,168,6,18,http://stload.se.ifmo.ru:8080/?token=518472196&&user=-1356113187&config=1,879,0,0
1775997549389,946,HTTP Request 1,200,OK,config 1 1-5,text,false,"The operation lasted too long: It took 946 milliseconds, but should not have lasted longer than 840 milliseconds.",231,168,6,18,http://stload.se.ifmo.ru:8080/?token=518472196&&user=-1356113187&config=1,945,0,0
1775997549555,910,HTTP Request 1,200,OK,config 1 1-6,text,false,"The operation lasted too long: It took 910 milliseconds, but should not have lasted longer than 840 milliseconds.",231,168,6,18,http://stload.se.ifmo.ru:8080/?token=518472196&&user=-1356113187&config=1,910,0,0
1775997550238,848,HTTP Request 1,200,OK,config 1 1-1,text,false,"The operation lasted too long: It took 848 milliseconds, but should not have lasted longer than 840 milliseconds.",231,168,6,18,http://stload.se.ifmo.ru:8080/?token=518472196&&user=-1356113187&config=1,848,0,0
1775997550389,855,HTTP Request 1,200,OK,config 1 1-2,text,false,"The operation lasted too long: It took 855 milliseconds, but should not have lasted longer than 840 milliseconds.",231,168,6,18,http://stload.se.ifmo.ru:8080/?token=518472196&&user=-1356113187&config=1,854,0,0
1775997550556,873,HTTP Request 1,200,OK,config 1 1-3,text,false,"The operation lasted too long: It took 873 milliseconds, but should not have lasted longer than 840 milliseconds.",231,168,6,18,http://stload.se.ifmo.ru:8080/?token=518472196&&user=-1356113187&config=1,873,0,0
1775997550720,948,HTTP Request 1,200,OK,config 1 1-4,text,false,"The operation lasted too long: It took 948 milliseconds, but should not have lasted longer than 840 milliseconds.",231,168,6,18,http://stload.se.ifmo.ru:8080/?token=518472196&&user=-1356113187&config=1,948,0,0
1775997550888,891,HTTP Request 1,200,OK,config 1 1-5,text,false,"The operation lasted too long: It took 891 milliseconds, but should not have lasted longer than 840 milliseconds.",231,168,6,18,http://stload.se.ifmo.ru:8080/?token=518472196&&user=-1356113187&config=1,891,0,0
1775997551056,860,HTTP Request 1,200,OK,config 1 1-6,text,false,"The operation lasted too long: It took 860 milliseconds, but should not have lasted longer than 840 milliseconds.",231,168,6,18,http://stload.se.ifmo.ru:8080/?token=518472196&&user=-1356113187&config=1,860,0,0
1775997551739,850,HTTP Request 1,200,OK,config 1 1-1,text,false,"The operation lasted too long: It took 850 milliseconds, but should not have lasted longer than 840 milliseconds.",231,168,6,18,http://stload.se.ifmo.ru:8080/?token=518472196&&user=-1356113187&config=1,850,0,0
1775997551889,841,HTTP Request 1,200,OK,config 1 1-2,text,false,"The operation lasted too long: It took 841 milliseconds, but should not have lasted longer than 840 milliseconds.",231,168,6,18,http://stload.se.ifmo.ru:8080/?token=518472196&&user=-1356113187&config=1,841,0,0
1775997552056,850,HTTP Request 1,200,OK,config 1 1-3,text,false,"The operation lasted too long: It took 850 milliseconds, but should not have lasted longer than 840 milliseconds.",231,168,6,18,http://stload.se.ifmo.ru:8080/?token=518472196&&user=-1356113187&config=1,850,0,0
1775997552220,861,HTTP Request 1,200,OK,config 1 1-4,text,false,"The operation lasted too long: It took 861 milliseconds, but should not have lasted longer than 840 milliseconds.",231,168,6,18,http://stload.se.ifmo.ru:8080/?token=518472196&&user=-1356113187&config=1,860,0,0
1775997552388,920,HTTP Request 1,200,OK,config 1 1-5,text,false,"The operation lasted too long: It took 920 milliseconds, but should not have lasted longer than 840 milliseconds.",231,168,6,18,http://stload.se.ifmo.ru:8080/?token=518472196&&user=-1356113187&config=1,920,0,0
1775997552555,918,HTTP Request 1,200,OK,config 1 1-6,text,false,"The operation lasted too long: It took 918 milliseconds, but should not have lasted longer than 840 milliseconds.",231,168,6,18,http://stload.se.ifmo.ru:8080/?token=518472196&&user=-1356113187&config=1,918,0,0
1775997553239,852,HTTP Request 1,200,OK,config 1 1-1,text,false,"The operation lasted too long: It took 852 milliseconds, but should not have lasted longer than 840 milliseconds.",231,168,6,18,http://stload.se.ifmo.ru:8080/?token=518472196&&user=-1356113187&config=1,852,0,0
1775997553389,852,HTTP Request 1,200,OK,config 1 1-2,text,false,"The operation lasted too long: It took 852 milliseconds, but should not have lasted longer than 840 milliseconds.",231,168,6,18,http://stload.se.ifmo.ru:8080/?token=518472196&&user=-1356113187&config=1,852,0,0
1775997553555,839,HTTP Request 1,200,OK,config 1 1-3,text,true,,231,168,6,18,http://stload.se.ifmo.ru:8080/?token=518472196&&user=-1356113187&config=1,839,0,0
1775997553721,856,HTTP Request 1,200,OK,config 1 1-4,text,false,"The operation lasted too long: It took 856 milliseconds, but should not have lasted longer than 840 milliseconds.",231,168,6,18,http://stload.se.ifmo.ru:8080/?token=518472196&&user=-1356113187&config=1,856,0,0
1775997553888,849,HTTP Request 1,200,OK,config 1 1-5,text,false,"The operation lasted too long: It took 849 milliseconds, but should not have lasted longer than 840 milliseconds.",231,168,6,18,http://stload.se.ifmo.ru:8080/?token=518472196&&user=-1356113187&config=1,848,0,0
1775997554056,922,HTTP Request 1,200,OK,config 1 1-6,text,false,"The operation lasted too long: It took 922 milliseconds, but should not have lasted longer than 840 milliseconds.",231,168,6,18,http://stload.se.ifmo.ru:8080/?token=518472196&&user=-1356113187&config=1,922,0,0
1775997554738,853,HTTP Request 1,200,OK,config 1 1-1,text,false,"The operation lasted too long: It took 853 milliseconds, but should not have lasted longer than 840 milliseconds.",231,168,6,18,http://stload.se.ifmo.ru:8080/?token=518472196&&user=-1356113187&config=1,852,0,0
1775997554889,862,HTTP Request 1,200,OK,config 1 1-2,text,false,"The operation lasted too long: It took 862 milliseconds, but should not have lasted longer than 840 milliseconds.",231,168,6,18,http://stload.se.ifmo.ru:8080/?token=518472196&&user=-1356113187&config=1,862,0,0
1775997555056,852,HTTP Request 1,200,OK,config 1 1-3,text,false,"The operation lasted too long: It took 852 milliseconds, but should not have lasted longer than 840 milliseconds.",231,168,6,18,http://stload.se.ifmo.ru:8080/?token=518472196&&user=-1356113187&config=1,852,0,0
1775997555220,872,HTTP Request 1,200,OK,config 1 1-4,text,false,"The operation lasted too long: It took 872 milliseconds, but should not have lasted longer than 840 milliseconds.",231,168,6,18,http://stload.se.ifmo.ru:8080/?token=518472196&&user=-1356113187&config=1,872,0,0
1775997555389,849,HTTP Request 1,200,OK,config 1 1-5,text,false,"The operation lasted too long: It took 849 milliseconds, but should not have lasted longer than 840 milliseconds.",231,168,6,18,http://stload.se.ifmo.ru:8080/?token=518472196&&user=-1356113187&config=1,849,0,0
1775997555556,917,HTTP Request 1,200,OK,config 1 1-6,text,false,"The operation lasted too long: It took 917 milliseconds, but should not have lasted longer than 840 milliseconds.",231,168,6,18,http://stload.se.ifmo.ru:8080/?token=518472196&&user=-1356113187&config=1,917,0,0
1775997556239,849,HTTP Request 1,200,OK,config 1 1-1,text,false,"The operation lasted too long: It took 849 milliseconds, but should not have lasted longer than 840 milliseconds.",231,168,6,18,http://stload.se.ifmo.ru:8080/?token=518472196&&user=-1356113187&config=1,849,0,0
1775997556388,839,HTTP Request 1,200,OK,config 1 1-2,text,true,,231,168,6,18,http://stload.se.ifmo.ru:8080/?token=518472196&&user=-1356113187&config=1,839,0,0
1775997556720,1062,HTTP Request 1,200,OK,config 1 1-4,text,false,"The operation lasted too long: It took 1,062 milliseconds, but should not have lasted longer than 840 milliseconds.",231,168,6,18,http://stload.se.ifmo.ru:8080/?token=518472196&&user=-1356113187&config=1,1062,0,0
1775997556555,1227,HTTP Request 1,200,OK,config 1 1-3,text,false,"The operation lasted too long: It took 1,227 milliseconds, but should not have lasted longer than 840 milliseconds.",231,168,6,18,http://stload.se.ifmo.ru:8080/?token=518472196&&user=-1356113187&config=1,1227,0,0
1775997556889,907,HTTP Request 1,200,OK,config 1 1-5,text,false,"The operation lasted too long: It took 907 milliseconds, but should not have lasted longer than 840 milliseconds.",231,168,6,18,http://stload.se.ifmo.ru:8080/?token=518472196&&user=-1356113187&config=1,907,0,0
1775997557056,915,HTTP Request 1,200,OK,config 1 1-6,text,false,"The operation lasted too long: It took 915 milliseconds, but should not have lasted longer than 840 milliseconds.",231,168,6,18,http://stload.se.ifmo.ru:8080/?token=518472196&&user=-1356113187&config=1,915,0,0
1775997557738,851,HTTP Request 1,200,OK,config 1 1-1,text,false,"The operation lasted too long: It took 851 milliseconds, but should not have lasted longer than 840 milliseconds.",231,168,6,18,http://stload.se.ifmo.ru:8080/?token=518472196&&user=-1356113187&config=1,851,0,0
1775997557889,865,HTTP Request 1,200,OK,config 1 1-2,text,false,"The operation lasted too long: It took 865 milliseconds, but should not have lasted longer than 840 milliseconds.",231,168,6,18,http://stload.se.ifmo.ru:8080/?token=518472196&&user=-1356113187&config=1,865,0,0
1775997558056,842,HTTP Request 1,200,OK,config 1 1-3,text,false,"The operation lasted too long: It took 842 milliseconds, but should not have lasted longer than 840 milliseconds.",231,168,6,18,http://stload.se.ifmo.ru:8080/?token=518472196&&user=-1356113187&config=1,842,0,0
1775997558221,855,HTTP Request 1,200,OK,config 1 1-4,text,false,"The operation lasted too long: It took 855 milliseconds, but should not have lasted longer than 840 milliseconds.",231,168,6,18,http://stload.se.ifmo.ru:8080/?token=518472196&&user=-1356113187&config=1,855,0,0
1775997558389,906,HTTP Request 1,200,OK,config 1 1-5,text,false,"The operation lasted too long: It took 906 milliseconds, but should not have lasted longer than 840 milliseconds.",231,168,6,18,http://stload.se.ifmo.ru:8080/?token=518472196&&user=-1356113187&config=1,906,0,0
1775997558555,915,HTTP Request 1,200,OK,config 1 1-6,text,false,"The operation lasted too long: It took 915 milliseconds, but should not have lasted longer than 840 milliseconds.",231,168,6,18,http://stload.se.ifmo.ru:8080/?token=518472196&&user=-1356113187&config=1,915,0,0
1775997559238,842,HTTP Request 1,200,OK,config 1 1-1,text,false,"The operation lasted too long: It took 842 milliseconds, but should not have lasted longer than 840 milliseconds.",231,168,6,18,http://stload.se.ifmo.ru:8080/?token=518472196&&user=-1356113187&config=1,842,0,0
1775997559389,839,HTTP Request 1,200,OK,config 1 1-2,text,true,,231,168,6,18,http://stload.se.ifmo.ru:8080/?token=518472196&&user=-1356113187&config=1,839,0,0
1775997559555,848,HTTP Request 1,200,OK,config 1 1-3,text,false,"The operation lasted too long: It took 848 milliseconds, but should not have lasted longer than 840 milliseconds.",231,168,6,18,http://stload.se.ifmo.ru:8080/?token=518472196&&user=-1356113187&config=1,848,0,0
1775997559721,845,HTTP Request 1,200,OK,config 1 1-4,text,false,"The operation lasted too long: It took 845 milliseconds, but should not have lasted longer than 840 milliseconds.",231,168,6,18,http://stload.se.ifmo.ru:8080/?token=518472196&&user=-1356113187&config=1,845,0,0
1775997559889,965,HTTP Request 1,200,OK,config 1 1-5,text,false,"The operation lasted too long: It took 965 milliseconds, but should not have lasted longer than 840 milliseconds.",231,168,6,18,http://stload.se.ifmo.ru:8080/?token=518472196&&user=-1356113187&config=1,965,0,0
1775997560056,878,HTTP Request 1,200,OK,config 1 1-6,text,false,"The operation lasted too long: It took 878 milliseconds, but should not have lasted longer than 840 milliseconds.",231,168,6,18,http://stload.se.ifmo.ru:8080/?token=518472196&&user=-1356113187&config=1,878,0,0
1775997560738,912,HTTP Request 1,200,OK,config 1 1-1,text,false,"The operation lasted too long: It took 912 milliseconds, but should not have lasted longer than 840 milliseconds.",231,168,6,18,http://stload.se.ifmo.ru:8080/?token=518472196&&user=-1356113187&config=1,912,0,0
1775997560889,880,HTTP Request 1,200,OK,config 1 1-2,text,false,"The operation lasted too long: It took 880 milliseconds, but should not have lasted longer than 840 milliseconds.",231,168,6,18,http://stload.se.ifmo.ru:8080/?token=518472196&&user=-1356113187&config=1,880,0,0
1775997561056,861,HTTP Request 1,200,OK,config 1 1-3,text,false,"The operation lasted too long: It took 861 milliseconds, but should not have lasted longer than 840 milliseconds.",231,168,6,18,http://stload.se.ifmo.ru:8080/?token=518472196&&user=-1356113187&config=1,861,0,0
1775997561221,859,HTTP Request 1,200,OK,config 1 1-4,text,false,"The operation lasted too long: It took 859 milliseconds, but should not have lasted longer than 840 milliseconds.",231,168,6,18,http://stload.se.ifmo.ru:8080/?token=518472196&&user=-1356113187&config=1,859,0,0
1775997561389,881,HTTP Request 1,200,OK,config 1 1-5,text,false,"The operation lasted too long: It took 881 milliseconds, but should not have lasted longer than 840 milliseconds.",231,168,6,18,http://stload.se.ifmo.ru:8080/?token=518472196&&user=-1356113187&config=1,881,0,0
1775997561555,865,HTTP Request 1,200,OK,config 1 1-6,text,false,"The operation lasted too long: It took 865 milliseconds, but should not have lasted longer than 840 milliseconds.",231,168,6,18,http://stload.se.ifmo.ru:8080/?token=518472196&&user=-1356113187&config=1,865,0,0
1775997562238,893,HTTP Request 1,200,OK,config 1 1-1,text,false,"The operation lasted too long: It took 893 milliseconds, but should not have lasted longer than 840 milliseconds.",231,168,6,18,http://stload.se.ifmo.ru:8080/?token=518472196&&user=-1356113187&config=1,893,0,0
1775997562389,849,HTTP Request 1,200,OK,config 1 1-2,text,false,"The operation lasted too long: It took 849 milliseconds, but should not have lasted longer than 840 milliseconds.",231,168,6,18,http://stload.se.ifmo.ru:8080/?token=518472196&&user=-1356113187&config=1,849,0,0
1775997562556,854,HTTP Request 1,200,OK,config 1 1-3,text,false,"The operation lasted too long: It took 854 milliseconds, but should not have lasted longer than 840 milliseconds.",231,168,6,18,http://stload.se.ifmo.ru:8080/?token=518472196&&user=-1356113187&config=1,853,0,0
1775997562720,875,HTTP Request 1,200,OK,config 1 1-4,text,false,"The operation lasted too long: It took 875 milliseconds, but should not have lasted longer than 840 milliseconds.",231,168,6,18,http://stload.se.ifmo.ru:8080/?token=518472196&&user=-1356113187&config=1,875,0,0
1775997562888,866,HTTP Request 1,200,OK,config 1 1-5,text,false,"The operation lasted too long: It took 866 milliseconds, but should not have lasted longer than 840 milliseconds.",231,168,6,18,http://stload.se.ifmo.ru:8080/?token=518472196&&user=-1356113187&config=1,866,0,0
1775997563056,875,HTTP Request 1,200,OK,config 1 1-6,text,false,"The operation lasted too long: It took 875 milliseconds, but should not have lasted longer than 840 milliseconds.",231,168,6,18,http://stload.se.ifmo.ru:8080/?token=518472196&&user=-1356113187&config=1,875,0,0
1775997563739,857,HTTP Request 1,200,OK,config 1 1-1,text,false,"The operation lasted too long: It took 857 milliseconds, but should not have lasted longer than 840 milliseconds.",231,168,6,18,http://stload.se.ifmo.ru:8080/?token=518472196&&user=-1356113187&config=1,857,0,0
1775997563889,877,HTTP Request 1,200,OK,config 1 1-2,text,false,"The operation lasted too long: It took 877 milliseconds, but should not have lasted longer than 840 milliseconds.",231,168,6,18,http://stload.se.ifmo.ru:8080/?token=518472196&&user=-1356113187&config=1,877,0,0
1775997564055,847,HTTP Request 1,200,OK,config 1 1-3,text,false,"The operation lasted too long: It took 847 milliseconds, but should not have lasted longer than 840 milliseconds.",231,168,6,18,http://stload.se.ifmo.ru:8080/?token=518472196&&user=-1356113187&config=1,847,0,0
1775997564220,866,HTTP Request 1,200,OK,config 1 1-4,text,false,"The operation lasted too long: It took 866 milliseconds, but should not have lasted longer than 840 milliseconds.",231,168,6,18,http://stload.se.ifmo.ru:8080/?token=518472196&&user=-1356113187&config=1,866,0,0
1775997564388,864,HTTP Request 1,200,OK,config 1 1-5,text,false,"The operation lasted too long: It took 864 milliseconds, but should not have lasted longer than 840 milliseconds.",231,168,6,18,http://stload.se.ifmo.ru:8080/?token=518472196&&user=-1356113187&config=1,864,0,0
1775997564556,889,HTTP Request 1,200,OK,config 1 1-6,text,false,"The operation lasted too long: It took 889 milliseconds, but should not have lasted longer than 840 milliseconds.",231,168,6,18,http://stload.se.ifmo.ru:8080/?token=518472196&&user=-1356113187&config=1,889,0,0
1775997565238,863,HTTP Request 1,200,OK,config 1 1-1,text,false,"The operation lasted too long: It took 863 milliseconds, but should not have lasted longer than 840 milliseconds.",231,168,6,18,http://stload.se.ifmo.ru:8080/?token=518472196&&user=-1356113187&config=1,863,0,0
1775997565389,843,HTTP Request 1,200,OK,config 1 1-2,text,false,"The operation lasted too long: It took 843 milliseconds, but should not have lasted longer than 840 milliseconds.",231,168,6,18,http://stload.se.ifmo.ru:8080/?token=518472196&&user=-1356113187&config=1,843,0,0
1775997565555,881,HTTP Request 1,200,OK,config 1 1-3,text,false,"The operation lasted too long: It took 881 milliseconds, but should not have lasted longer than 840 milliseconds.",231,168,6,18,http://stload.se.ifmo.ru:8080/?token=518472196&&user=-1356113187&config=1,881,0,0
1775997565721,891,HTTP Request 1,200,OK,config 1 1-4,text,false,"The operation lasted too long: It took 891 milliseconds, but should not have lasted longer than 840 milliseconds.",231,168,6,18,http://stload.se.ifmo.ru:8080/?token=518472196&&user=-1356113187&config=1,891,0,0
1775997565888,893,HTTP Request 1,200,OK,config 1 1-5,text,false,"The operation lasted too long: It took 893 milliseconds, but should not have lasted longer than 840 milliseconds.",231,168,6,18,http://stload.se.ifmo.ru:8080/?token=518472196&&user=-1356113187&config=1,893,0,0
1775997566055,920,HTTP Request 1,200,OK,config 1 1-6,text,false,"The operation lasted too long: It took 920 milliseconds, but should not have lasted longer than 840 milliseconds.",231,168,6,18,http://stload.se.ifmo.ru:8080/?token=518472196&&user=-1356113187&config=1,920,0,0
1775997566738,875,HTTP Request 1,200,OK,config 1 1-1,text,false,"The operation lasted too long: It took 875 milliseconds, but should not have lasted longer than 840 milliseconds.",231,168,6,18,http://stload.se.ifmo.ru:8080/?token=518472196&&user=-1356113187&config=1,875,0,0
1775997566889,843,HTTP Request 1,200,OK,config 1 1-2,text,false,"The operation lasted too long: It took 843 milliseconds, but should not have lasted longer than 840 milliseconds.",231,168,6,18,http://stload.se.ifmo.ru:8080/?token=518472196&&user=-1356113187&config=1,843,0,0
1775997567056,901,HTTP Request 1,200,OK,config 1 1-3,text,false,"The operation lasted too long: It took 901 milliseconds, but should not have lasted longer than 840 milliseconds.",231,168,6,18,http://stload.se.ifmo.ru:8080/?token=518472196&&user=-1356113187&config=1,901,0,0
1775997567220,888,HTTP Request 1,200,OK,config 1 1-4,text,false,"The operation lasted too long: It took 888 milliseconds, but should not have lasted longer than 840 milliseconds.",231,168,6,18,http://stload.se.ifmo.ru:8080/?token=518472196&&user=-1356113187&config=1,888,0,0
1775997567389,904,HTTP Request 1,200,OK,config 1 1-5,text,false,"The operation lasted too long: It took 904 milliseconds, but should not have lasted longer than 840 milliseconds.",231,168,6,18,http://stload.se.ifmo.ru:8080/?token=518472196&&user=-1356113187&config=1,904,0,0
1775997567555,917,HTTP Request 1,200,OK,config 1 1-6,text,false,"The operation lasted too long: It took 917 milliseconds, but should not have lasted longer than 840 milliseconds.",231,168,6,18,http://stload.se.ifmo.ru:8080/?token=518472196&&user=-1356113187&config=1,917,0,0
1775997568239,910,HTTP Request 1,200,OK,config 1 1-1,text,false,"The operation lasted too long: It took 910 milliseconds, but should not have lasted longer than 840 milliseconds.",231,168,6,13,http://stload.se.ifmo.ru:8080/?token=518472196&&user=-1356113187&config=1,910,0,0
1775997568389,852,HTTP Request 1,200,OK,config 1 1-2,text,false,"The operation lasted too long: It took 852 milliseconds, but should not have lasted longer than 840 milliseconds.",231,168,5,10,http://stload.se.ifmo.ru:8080/?token=518472196&&user=-1356113187&config=1,852,0,0
1775997568556,861,HTTP Request 1,200,OK,config 1 1-3,text,false,"The operation lasted too long: It took 861 milliseconds, but should not have lasted longer than 840 milliseconds.",231,168,4,7,http://stload.se.ifmo.ru:8080/?token=518472196&&user=-1356113187&config=1,861,0,0
1775997568721,868,HTTP Request 1,200,OK,config 1 1-4,text,false,"The operation lasted too long: It took 868 milliseconds, but should not have lasted longer than 840 milliseconds.",231,168,3,4,http://stload.se.ifmo.ru:8080/?token=518472196&&user=-1356113187&config=1,868,0,0
1775997568889,842,HTTP Request 1,200,OK,config 1 1-5,text,false,"The operation lasted too long: It took 842 milliseconds, but should not have lasted longer than 840 milliseconds.",231,168,2,2,http://stload.se.ifmo.ru:8080/?token=518472196&&user=-1356113187&config=1,842,0,0
1775997569055,865,HTTP Request 1,200,OK,config 1 1-6,text,false,"The operation lasted too long: It took 865 milliseconds, but should not have lasted longer than 840 milliseconds.",231,168,1,1,http://stload.se.ifmo.ru:8080/?token=518472196&&user=-1356113187&config=1,865,0,0
1775997640652,767,HTTP Request 1,200,OK,config 1 1-1,text,true,,231,168,5,15,http://stload.se.ifmo.ru:8080/?token=518472196&&user=-1356113187&config=1,767,0,26
1775997640756,848,HTTP Request 1,200,OK,config 1 1-2,text,false,"The operation lasted too long: It took 848 milliseconds, but should not have lasted longer than 840 milliseconds.",231,168,6,18,http://stload.se.ifmo.ru:8080/?token=518472196&&user=-1356113187&config=1,847,0,81
1775997640923,766,HTTP Request 1,200,OK,config 1 1-3,text,true,,231,168,6,18,http://stload.se.ifmo.ru:8080/?token=518472196&&user=-1356113187&config=1,766,0,26
1775997641090,793,HTTP Request 1,200,OK,config 1 1-4,text,true,,231,168,6,18,http://stload.se.ifmo.ru:8080/?token=518472196&&user=-1356113187&config=1,793,0,58
1775997641257,886,HTTP Request 1,200,OK,config 1 1-5,text,false,"The operation lasted too long: It took 886 milliseconds, but should not have lasted longer than 840 milliseconds.",231,168,6,18,http://stload.se.ifmo.ru:8080/?token=518472196&&user=-1356113187&config=1,886,0,100
1775997641423,818,HTTP Request 1,200,OK,config 1 1-6,text,true,,231,168,6,18,http://stload.se.ifmo.ru:8080/?token=518472196&&user=-1356113187&config=1,818,0,24
1775997642109,745,HTTP Request 1,200,OK,config 1 1-1,text,true,,231,168,6,18,http://stload.se.ifmo.ru:8080/?token=518472196&&user=-1356113187&config=1,745,0,0
1775997642256,779,HTTP Request 1,200,OK,config 1 1-2,text,true,,231,168,6,18,http://stload.se.ifmo.ru:8080/?token=518472196&&user=-1356113187&config=1,779,0,0
1775997642422,734,HTTP Request 1,200,OK,config 1 1-3,text,true,,231,168,6,18,http://stload.se.ifmo.ru:8080/?token=518472196&&user=-1356113187&config=1,734,0,0
1775997642591,735,HTTP Request 1,200,OK,config 1 1-4,text,true,,231,168,6,18,http://stload.se.ifmo.ru:8080/?token=518472196&&user=-1356113187&config=1,735,0,0
1775997642756,754,HTTP Request 1,200,OK,config 1 1-5,text,true,,231,168,6,18,http://stload.se.ifmo.ru:8080/?token=518472196&&user=-1356113187&config=1,754,0,0
1775997642924,770,HTTP Request 1,200,OK,config 1 1-6,text,true,,231,168,6,18,http://stload.se.ifmo.ru:8080/?token=518472196&&user=-1356113187&config=1,770,0,0
1775997643609,761,HTTP Request 1,200,OK,config 1 1-1,text,true,,231,168,6,18,http://stload.se.ifmo.ru:8080/?token=518472196&&user=-1356113187&config=1,761,0,0
1775997643758,766,HTTP Request 1,200,OK,config 1 1-2,text,true,,231,168,6,18,http://stload.se.ifmo.ru:8080/?token=518472196&&user=-1356113187&config=1,766,0,0
1775997643922,754,HTTP Request 1,200,OK,config 1 1-3,text,true,,231,168,6,18,http://stload.se.ifmo.ru:8080/?token=518472196&&user=-1356113187&config=1,754,0,0
1775997644089,755,HTTP Request 1,200,OK,config 1 1-4,text,true,,231,168,6,18,http://stload.se.ifmo.ru:8080/?token=518472196&&user=-1356113187&config=1,755,0,0
1775997644257,756,HTTP Request 1,200,OK,config 1 1-5,text,true,,231,168,6,18,http://stload.se.ifmo.ru:8080/?token=518472196&&user=-1356113187&config=1,756,0,0
1775997644424,837,HTTP Request 1,200,OK,config 1 1-6,text,true,,231,168,6,18,http://stload.se.ifmo.ru:8080/?token=518472196&&user=-1356113187&config=1,837,0,0
1775997645109,775,HTTP Request 1,200,OK,config 1 1-1,text,true,,231,168,6,18,http://stload.se.ifmo.ru:8080/?token=518472196&&user=-1356113187&config=1,775,0,0
1775997645258,768,HTTP Request 1,200,OK,config 1 1-2,text,true,,231,168,6,18,http://stload.se.ifmo.ru:8080/?token=518472196&&user=-1356113187&config=1,768,0,0
1775997645423,786,HTTP Request 1,200,OK,config 1 1-3,text,true,,231,168,6,18,http://stload.se.ifmo.ru:8080/?token=518472196&&user=-1356113187&config=1,786,0,0
1775997645590,773,HTTP Request 1,200,OK,config 1 1-4,text,true,,231,168,6,18,http://stload.se.ifmo.ru:8080/?token=518472196&&user=-1356113187&config=1,773,0,0
1775997645757,792,HTTP Request 1,200,OK,config 1 1-5,text,true,,231,168,6,18,http://stload.se.ifmo.ru:8080/?token=518472196&&user=-1356113187&config=1,792,0,0
1775997645923,799,HTTP Request 1,200,OK,config 1 1-6,text,true,,231,168,6,18,http://stload.se.ifmo.ru:8080/?token=518472196&&user=-1356113187&config=1,799,0,0
1775997646608,797,HTTP Request 1,200,OK,config 1 1-1,text,true,,231,168,6,18,http://stload.se.ifmo.ru:8080/?token=518472196&&user=-1356113187&config=1,797,0,0
1775997646757,822,HTTP Request 1,200,OK,config 1 1-2,text,true,,231,168,6,18,http://stload.se.ifmo.ru:8080/?token=518472196&&user=-1356113187&config=1,822,0,0
1775997646922,788,HTTP Request 1,200,OK,config 1 1-3,text,true,,231,168,6,18,http://stload.se.ifmo.ru:8080/?token=518472196&&user=-1356113187&config=1,788,0,0
1775997647089,864,HTTP Request 1,200,OK,config 1 1-4,text,false,"The operation lasted too long: It took 864 milliseconds, but should not have lasted longer than 840 milliseconds.",231,168,6,18,http://stload.se.ifmo.ru:8080/?token=518472196&&user=-1356113187&config=1,864,0,0
1775997647257,795,HTTP Request 1,200,OK,config 1 1-5,text,true,,231,168,6,18,http://stload.se.ifmo.ru:8080/?token=518472196&&user=-1356113187&config=1,795,0,0
1775997647424,832,HTTP Request 1,200,OK,config 1 1-6,text,true,,231,168,6,18,http://stload.se.ifmo.ru:8080/?token=518472196&&user=-1356113187&config=1,832,0,0
1775997648109,837,HTTP Request 1,200,OK,config 1 1-1,text,true,,231,168,6,18,http://stload.se.ifmo.ru:8080/?token=518472196&&user=-1356113187&config=1,837,0,0
1775997648256,887,HTTP Request 1,200,OK,config 1 1-2,text,false,"The operation lasted too long: It took 887 milliseconds, but should not have lasted longer than 840 milliseconds.",231,168,6,18,http://stload.se.ifmo.ru:8080/?token=518472196&&user=-1356113187&config=1,887,0,0
1775997648422,847,HTTP Request 1,200,OK,config 1 1-3,text,false,"The operation lasted too long: It took 847 milliseconds, but should not have lasted longer than 840 milliseconds.",231,168,6,18,http://stload.se.ifmo.ru:8080/?token=518472196&&user=-1356113187&config=1,847,0,0
1775997648590,820,HTTP Request 1,200,OK,config 1 1-4,text,true,,231,168,6,18,http://stload.se.ifmo.ru:8080/?token=518472196&&user=-1356113187&config=1,820,0,0
1775997648756,865,HTTP Request 1,200,OK,config 1 1-5,text,false,"The operation lasted too long: It took 865 milliseconds, but should not have lasted longer than 840 milliseconds.",231,168,6,18,http://stload.se.ifmo.ru:8080/?token=518472196&&user=-1356113187&config=1,865,0,0
1775997648924,842,HTTP Request 1,200,OK,config 1 1-6,text,false,"The operation lasted too long: It took 842 milliseconds, but should not have lasted longer than 840 milliseconds.",231,168,6,18,http://stload.se.ifmo.ru:8080/?token=518472196&&user=-1356113187&config=1,842,0,0
1775997649608,841,HTTP Request 1,200,OK,config 1 1-1,text,false,"The operation lasted too long: It took 841 milliseconds, but should not have lasted longer than 840 milliseconds.",231,168,6,18,http://stload.se.ifmo.ru:8080/?token=518472196&&user=-1356113187&config=1,841,0,0
1775997649757,872,HTTP Request 1,200,OK,config 1 1-2,text,false,"The operation lasted too long: It took 872 milliseconds, but should not have lasted longer than 840 milliseconds.",231,168,6,18,http://stload.se.ifmo.ru:8080/?token=518472196&&user=-1356113187&config=1,871,0,0
1775997649923,848,HTTP Request 1,200,OK,config 1 1-3,text,false,"The operation lasted too long: It took 848 milliseconds, but should not have lasted longer than 840 milliseconds.",231,168,6,18,http://stload.se.ifmo.ru:8080/?token=518472196&&user=-1356113187&config=1,848,0,0
1775997650089,886,HTTP Request 1,200,OK,config 1 1-4,text,false,"The operation lasted too long: It took 886 milliseconds, but should not have lasted longer than 840 milliseconds.",231,168,6,18,http://stload.se.ifmo.ru:8080/?token=518472196&&user=-1356113187&config=1,886,0,0
1775997650256,902,HTTP Request 1,200,OK,config 1 1-5,text,false,"The operation lasted too long: It took 902 milliseconds, but should not have lasted longer than 840 milliseconds.",231,168,6,18,http://stload.se.ifmo.ru:8080/?token=518472196&&user=-1356113187&config=1,902,0,0
1775997650423,873,HTTP Request 1,200,OK,config 1 1-6,text,false,"The operation lasted too long: It took 873 milliseconds, but should not have lasted longer than 840 milliseconds.",231,168,6,18,http://stload.se.ifmo.ru:8080/?token=518472196&&user=-1356113187&config=1,873,0,0
1775997651108,885,HTTP Request 1,200,OK,config 1 1-1,text,false,"The operation lasted too long: It took 885 milliseconds, but should not have lasted longer than 840 milliseconds.",231,168,6,18,http://stload.se.ifmo.ru:8080/?token=518472196&&user=-1356113187&config=1,885,0,0
1775997651257,874,HTTP Request 1,200,OK,config 1 1-2,text,false,"The operation lasted too long: It took 874 milliseconds, but should not have lasted longer than 840 milliseconds.",231,168,6,18,http://stload.se.ifmo.ru:8080/?token=518472196&&user=-1356113187&config=1,874,0,0
1775997651423,854,HTTP Request 1,200,OK,config 1 1-3,text,false,"The operation lasted too long: It took 854 milliseconds, but should not have lasted longer than 840 milliseconds.",231,168,6,18,http://stload.se.ifmo.ru:8080/?token=518472196&&user=-1356113187&config=1,854,0,0
1775997651590,839,HTTP Request 1,200,OK,config 1 1-4,text,true,,231,168,6,18,http://stload.se.ifmo.ru:8080/?token=518472196&&user=-1356113187&config=1,838,0,0
1775997651757,882,HTTP Request 1,200,OK,config 1 1-5,text,false,"The operation lasted too long: It took 882 milliseconds, but should not have lasted longer than 840 milliseconds.",231,168,6,18,http://stload.se.ifmo.ru:8080/?token=518472196&&user=-1356113187&config=1,882,0,0
1775997651924,923,HTTP Request 1,200,OK,config 1 1-6,text,false,"The operation lasted too long: It took 923 milliseconds, but should not have lasted longer than 840 milliseconds.",231,168,6,18,http://stload.se.ifmo.ru:8080/?token=518472196&&user=-1356113187&config=1,922,0,0
1775997652609,852,HTTP Request 1,200,OK,config 1 1-1,text,false,"The operation lasted too long: It took 852 milliseconds, but should not have lasted longer than 840 milliseconds.",231,168,6,18,http://stload.se.ifmo.ru:8080/?token=518472196&&user=-1356113187&config=1,852,0,0
1775997652757,861,HTTP Request 1,200,OK,config 1 1-2,text,false,"The operation lasted too long: It took 861 milliseconds, but should not have lasted longer than 840 milliseconds.",231,168,6,18,http://stload.se.ifmo.ru:8080/?token=518472196&&user=-1356113187&config=1,861,0,0
1775997652922,838,HTTP Request 1,200,OK,config 1 1-3,text,true,,231,168,6,18,http://stload.se.ifmo.ru:8080/?token=518472196&&user=-1356113187&config=1,838,0,0
1775997653090,901,HTTP Request 1,200,OK,config 1 1-4,text,false,"The operation lasted too long: It took 901 milliseconds, but should not have lasted longer than 840 milliseconds.",231,168,6,18,http://stload.se.ifmo.ru:8080/?token=518472196&&user=-1356113187&config=1,901,0,0
1775997653256,911,HTTP Request 1,200,OK,config 1 1-5,text,false,"The operation lasted too long: It took 911 milliseconds, but should not have lasted longer than 840 milliseconds.",231,168,6,18,http://stload.se.ifmo.ru:8080/?token=518472196&&user=-1356113187&config=1,910,0,0
1775997653424,919,HTTP Request 1,200,OK,config 1 1-6,text,false,"The operation lasted too long: It took 919 milliseconds, but should not have lasted longer than 840 milliseconds.",231,168,6,18,http://stload.se.ifmo.ru:8080/?token=518472196&&user=-1356113187&config=1,919,0,0
1775997654109,846,HTTP Request 1,200,OK,config 1 1-1,text,false,"The operation lasted too long: It took 846 milliseconds, but should not have lasted longer than 840 milliseconds.",231,168,6,18,http://stload.se.ifmo.ru:8080/?token=518472196&&user=-1356113187&config=1,846,0,0
1775997654257,839,HTTP Request 1,200,OK,config 1 1-2,text,true,,231,168,6,18,http://stload.se.ifmo.ru:8080/?token=518472196&&user=-1356113187&config=1,839,0,0
1775997654423,874,HTTP Request 1,200,OK,config 1 1-3,text,false,"The operation lasted too long: It took 874 milliseconds, but should not have lasted longer than 840 milliseconds.",231,168,6,18,http://stload.se.ifmo.ru:8080/?token=518472196&&user=-1356113187&config=1,874,0,0
1775997654591,839,HTTP Request 1,200,OK,config 1 1-4,text,true,,231,168,6,18,http://stload.se.ifmo.ru:8080/?token=518472196&&user=-1356113187&config=1,839,0,0
1775997654756,904,HTTP Request 1,200,OK,config 1 1-5,text,false,"The operation lasted too long: It took 904 milliseconds, but should not have lasted longer than 840 milliseconds.",231,168,6,18,http://stload.se.ifmo.ru:8080/?token=518472196&&user=-1356113187&config=1,903,0,0
1775997654923,916,HTTP Request 1,200,OK,config 1 1-6,text,false,"The operation lasted too long: It took 916 milliseconds, but should not have lasted longer than 840 milliseconds.",231,168,6,18,http://stload.se.ifmo.ru:8080/?token=518472196&&user=-1356113187&config=1,916,0,0
1775997655608,922,HTTP Request 1,200,OK,config 1 1-1,text,false,"The operation lasted too long: It took 922 milliseconds, but should not have lasted longer than 840 milliseconds.",231,168,6,18,http://stload.se.ifmo.ru:8080/?token=518472196&&user=-1356113187&config=1,922,0,0
1775997655756,850,HTTP Request 1,200,OK,config 1 1-2,text,false,"The operation lasted too long: It took 850 milliseconds, but should not have lasted longer than 840 milliseconds.",231,168,6,18,http://stload.se.ifmo.ru:8080/?token=518472196&&user=-1356113187&config=1,850,0,0
1775997655923,851,HTTP Request 1,200,OK,config 1 1-3,text,false,"The operation lasted too long: It took 851 milliseconds, but should not have lasted longer than 840 milliseconds.",231,168,6,18,http://stload.se.ifmo.ru:8080/?token=518472196&&user=-1356113187&config=1,851,0,0
1775997656089,846,HTTP Request 1,200,OK,config 1 1-4,text,false,"The operation lasted too long: It took 846 milliseconds, but should not have lasted longer than 840 milliseconds.",231,168,6,18,http://stload.se.ifmo.ru:8080/?token=518472196&&user=-1356113187&config=1,846,0,0
1775997656257,909,HTTP Request 1,200,OK,config 1 1-5,text,false,"The operation lasted too long: It took 909 milliseconds, but should not have lasted longer than 840 milliseconds.",231,168,6,18,http://stload.se.ifmo.ru:8080/?token=518472196&&user=-1356113187&config=1,909,0,0
1775997656424,919,HTTP Request 1,200,OK,config 1 1-6,text,false,"The operation lasted too long: It took 919 milliseconds, but should not have lasted longer than 840 milliseconds.",231,168,6,18,http://stload.se.ifmo.ru:8080/?token=518472196&&user=-1356113187&config=1,919,0,0
1775997657109,929,HTTP Request 1,200,OK,config 1 1-1,text,false,"The operation lasted too long: It took 929 milliseconds, but should not have lasted longer than 840 milliseconds.",231,168,6,18,http://stload.se.ifmo.ru:8080/?token=518472196&&user=-1356113187&config=1,929,0,0
1775997657257,840,HTTP Request 1,200,OK,config 1 1-2,text,true,,231,168,6,18,http://stload.se.ifmo.ru:8080/?token=518472196&&user=-1356113187&config=1,840,0,0
1775997657423,849,HTTP Request 1,200,OK,config 1 1-3,text,false,"The operation lasted too long: It took 849 milliseconds, but should not have lasted longer than 840 milliseconds.",231,168,6,18,http://stload.se.ifmo.ru:8080/?token=518472196&&user=-1356113187&config=1,849,0,0
1775997657591,839,HTTP Request 1,200,OK,config 1 1-4,text,true,,231,168,6,18,http://stload.se.ifmo.ru:8080/?token=518472196&&user=-1356113187&config=1,839,0,0
1775997657756,912,HTTP Request 1,200,OK,config 1 1-5,text,false,"The operation lasted too long: It took 912 milliseconds, but should not have lasted longer than 840 milliseconds.",231,168,6,18,http://stload.se.ifmo.ru:8080/?token=518472196&&user=-1356113187&config=1,912,0,0
1775997657924,916,HTTP Request 1,200,OK,config 1 1-6,text,false,"The operation lasted too long: It took 916 milliseconds, but should not have lasted longer than 840 milliseconds.",231,168,6,18,http://stload.se.ifmo.ru:8080/?token=518472196&&user=-1356113187&config=1,916,0,0
1775997658609,837,HTTP Request 1,200,OK,config 1 1-1,text,true,,231,168,6,18,http://stload.se.ifmo.ru:8080/?token=518472196&&user=-1356113187&config=1,837,0,0
1775997658757,839,HTTP Request 1,200,OK,config 1 1-2,text,true,,231,168,6,18,http://stload.se.ifmo.ru:8080/?token=518472196&&user=-1356113187&config=1,839,0,0
1775997658924,843,HTTP Request 1,200,OK,config 1 1-3,text,false,"The operation lasted too long: It took 843 milliseconds, but should not have lasted longer than 840 milliseconds.",231,168,6,18,http://stload.se.ifmo.ru:8080/?token=518472196&&user=-1356113187&config=1,843,0,0
1775997659090,841,HTTP Request 1,200,OK,config 1 1-4,text,false,"The operation lasted too long: It took 841 milliseconds, but should not have lasted longer than 840 milliseconds.",231,168,6,18,http://stload.se.ifmo.ru:8080/?token=518472196&&user=-1356113187&config=1,841,0,0
1775997659257,892,HTTP Request 1,200,OK,config 1 1-5,text,false,"The operation lasted too long: It took 892 milliseconds, but should not have lasted longer than 840 milliseconds.",231,168,6,18,http://stload.se.ifmo.ru:8080/?token=518472196&&user=-1356113187&config=1,892,0,0
1775997659423,932,HTTP Request 1,200,OK,config 1 1-6,text,false,"The operation lasted too long: It took 932 milliseconds, but should not have lasted longer than 840 milliseconds.",231,168,6,18,http://stload.se.ifmo.ru:8080/?token=518472196&&user=-1356113187&config=1,932,0,0
1775997660108,875,HTTP Request 1,200,OK,config 1 1-1,text,false,"The operation lasted too long: It took 875 milliseconds, but should not have lasted longer than 840 milliseconds.",231,168,6,18,http://stload.se.ifmo.ru:8080/?token=518472196&&user=-1356113187&config=1,875,0,0
1775997660257,846,HTTP Request 1,200,OK,config 1 1-2,text,false,"The operation lasted too long: It took 846 milliseconds, but should not have lasted longer than 840 milliseconds.",231,168,6,18,http://stload.se.ifmo.ru:8080/?token=518472196&&user=-1356113187&config=1,846,0,0
1775997660423,840,HTTP Request 1,200,OK,config 1 1-3,text,true,,231,168,6,18,http://stload.se.ifmo.ru:8080/?token=518472196&&user=-1356113187&config=1,840,0,0
1775997660589,908,HTTP Request 1,200,OK,config 1 1-4,text,false,"The operation lasted too long: It took 908 milliseconds, but should not have lasted longer than 840 milliseconds.",231,168,6,18,http://stload.se.ifmo.ru:8080/?token=518472196&&user=-1356113187&config=1,908,0,0
1775997660756,881,HTTP Request 1,200,OK,config 1 1-5,text,false,"The operation lasted too long: It took 881 milliseconds, but should not have lasted longer than 840 milliseconds.",231,168,6,18,http://stload.se.ifmo.ru:8080/?token=518472196&&user=-1356113187&config=1,881,0,0
1775997660923,925,HTTP Request 1,200,OK,config 1 1-6,text,false,"The operation lasted too long: It took 925 milliseconds, but should not have lasted longer than 840 milliseconds.",231,168,6,18,http://stload.se.ifmo.ru:8080/?token=518472196&&user=-1356113187&config=1,925,0,0
1775997661608,850,HTTP Request 1,200,OK,config 1 1-1,text,false,"The operation lasted too long: It took 850 milliseconds, but should not have lasted longer than 840 milliseconds.",231,168,6,18,http://stload.se.ifmo.ru:8080/?token=518472196&&user=-1356113187&config=1,850,0,0
1775997661757,842,HTTP Request 1,200,OK,config 1 1-2,text,false,"The operation lasted too long: It took 842 milliseconds, but should not have lasted longer than 840 milliseconds.",231,168,6,18,http://stload.se.ifmo.ru:8080/?token=518472196&&user=-1356113187&config=1,842,0,0
1775997661922,839,HTTP Request 1,200,OK,config 1 1-3,text,true,,231,168,6,18,http://stload.se.ifmo.ru:8080/?token=518472196&&user=-1356113187&config=1,839,0,0
1775997662090,851,HTTP Request 1,200,OK,config 1 1-4,text,false,"The operation lasted too long: It took 851 milliseconds, but should not have lasted longer than 840 milliseconds.",231,168,6,18,http://stload.se.ifmo.ru:8080/?token=518472196&&user=-1356113187&config=1,851,0,0
1775997662257,905,HTTP Request 1,200,OK,config 1 1-5,text,false,"The operation lasted too long: It took 905 milliseconds, but should not have lasted longer than 840 milliseconds.",231,168,6,18,http://stload.se.ifmo.ru:8080/?token=518472196&&user=-1356113187&config=1,905,0,0
1775997662424,930,HTTP Request 1,200,OK,config 1 1-6,text,false,"The operation lasted too long: It took 930 milliseconds, but should not have lasted longer than 840 milliseconds.",231,168,6,18,http://stload.se.ifmo.ru:8080/?token=518472196&&user=-1356113187&config=1,930,0,0
1775997663108,941,HTTP Request 1,200,OK,config 1 1-1,text,false,"The operation lasted too long: It took 941 milliseconds, but should not have lasted longer than 840 milliseconds.",231,168,6,18,http://stload.se.ifmo.ru:8080/?token=518472196&&user=-1356113187&config=1,941,0,0
1775997663256,877,HTTP Request 1,200,OK,config 1 1-2,text,false,"The operation lasted too long: It took 877 milliseconds, but should not have lasted longer than 840 milliseconds.",231,168,6,18,http://stload.se.ifmo.ru:8080/?token=518472196&&user=-1356113187&config=1,877,0,0
1775997663423,841,HTTP Request 1,200,OK,config 1 1-3,text,false,"The operation lasted too long: It took 841 milliseconds, but should not have lasted longer than 840 milliseconds.",231,168,6,18,http://stload.se.ifmo.ru:8080/?token=518472196&&user=-1356113187&config=1,841,0,0
1775997663590,849,HTTP Request 1,200,OK,config 1 1-4,text,false,"The operation lasted too long: It took 849 milliseconds, but should not have lasted longer than 840 milliseconds.",231,168,6,18,http://stload.se.ifmo.ru:8080/?token=518472196&&user=-1356113187&config=1,849,0,0
1775997663757,848,HTTP Request 1,200,OK,config 1 1-5,text,false,"The operation lasted too long: It took 848 milliseconds, but should not have lasted longer than 840 milliseconds.",231,168,6,18,http://stload.se.ifmo.ru:8080/?token=518472196&&user=-1356113187&config=1,848,0,0
1775997663923,918,HTTP Request 1,200,OK,config 1 1-6,text,false,"The operation lasted too long: It took 918 milliseconds, but should not have lasted longer than 840 milliseconds.",231,168,6,18,http://stload.se.ifmo.ru:8080/?token=518472196&&user=-1356113187&config=1,918,0,0
1775997664609,854,HTTP Request 1,200,OK,config 1 1-1,text,false,"The operation lasted too long: It took 854 milliseconds, but should not have lasted longer than 840 milliseconds.",231,168,6,18,http://stload.se.ifmo.ru:8080/?token=518472196&&user=-1356113187&config=1,854,0,0
1775997664756,839,HTTP Request 1,200,OK,config 1 1-2,text,true,,231,168,6,18,http://stload.se.ifmo.ru:8080/?token=518472196&&user=-1356113187&config=1,839,0,0
1775997664922,846,HTTP Request 1,200,OK,config 1 1-3,text,false,"The operation lasted too long: It took 846 milliseconds, but should not have lasted longer than 840 milliseconds.",231,168,6,18,http://stload.se.ifmo.ru:8080/?token=518472196&&user=-1356113187&config=1,846,0,0
1775997665090,861,HTTP Request 1,200,OK,config 1 1-4,text,false,"The operation lasted too long: It took 861 milliseconds, but should not have lasted longer than 840 milliseconds.",231,168,6,18,http://stload.se.ifmo.ru:8080/?token=518472196&&user=-1356113187&config=1,861,0,0
1775997665257,848,HTTP Request 1,200,OK,config 1 1-5,text,false,"The operation lasted too long: It took 848 milliseconds, but should not have lasted longer than 840 milliseconds.",231,168,6,18,http://stload.se.ifmo.ru:8080/?token=518472196&&user=-1356113187&config=1,848,0,0
1775997665423,918,HTTP Request 1,200,OK,config 1 1-6,text,false,"The operation lasted too long: It took 918 milliseconds, but should not have lasted longer than 840 milliseconds.",231,168,6,18,http://stload.se.ifmo.ru:8080/?token=518472196&&user=-1356113187&config=1,918,0,0
1775997666109,846,HTTP Request 1,200,OK,config 1 1-1,text,false,"The operation lasted too long: It took 846 milliseconds, but should not have lasted longer than 840 milliseconds.",231,168,6,18,http://stload.se.ifmo.ru:8080/?token=518472196&&user=-1356113187&config=1,846,0,0
1775997666258,842,HTTP Request 1,200,OK,config 1 1-2,text,false,"The operation lasted too long: It took 842 milliseconds, but should not have lasted longer than 840 milliseconds.",231,168,6,18,http://stload.se.ifmo.ru:8080/?token=518472196&&user=-1356113187&config=1,842,0,0
1775997666423,850,HTTP Request 1,200,OK,config 1 1-3,text,false,"The operation lasted too long: It took 850 milliseconds, but should not have lasted longer than 840 milliseconds.",231,168,6,18,http://stload.se.ifmo.ru:8080/?token=518472196&&user=-1356113187&config=1,850,0,0
1775997666590,858,HTTP Request 1,200,OK,config 1 1-4,text,false,"The operation lasted too long: It took 858 milliseconds, but should not have lasted longer than 840 milliseconds.",231,168,6,18,http://stload.se.ifmo.ru:8080/?token=518472196&&user=-1356113187&config=1,858,0,0
1775997666757,939,HTTP Request 1,200,OK,config 1 1-5,text,false,"The operation lasted too long: It took 939 milliseconds, but should not have lasted longer than 840 milliseconds.",231,168,6,18,http://stload.se.ifmo.ru:8080/?token=518472196&&user=-1356113187&config=1,939,0,0
1775997666923,918,HTTP Request 1,200,OK,config 1 1-6,text,false,"The operation lasted too long: It took 918 milliseconds, but should not have lasted longer than 840 milliseconds.",231,168,6,18,http://stload.se.ifmo.ru:8080/?token=518472196&&user=-1356113187&config=1,918,0,0
1775997667608,840,HTTP Request 1,200,OK,config 1 1-1,text,true,,231,168,6,18,http://stload.se.ifmo.ru:8080/?token=518472196&&user=-1356113187&config=1,840,0,0
1775997667756,840,HTTP Request 1,200,OK,config 1 1-2,text,true,,231,168,6,18,http://stload.se.ifmo.ru:8080/?token=518472196&&user=-1356113187&config=1,840,0,0
1775997667922,857,HTTP Request 1,200,OK,config 1 1-3,text,false,"The operation lasted too long: It took 857 milliseconds, but should not have lasted longer than 840 milliseconds.",231,168,6,18,http://stload.se.ifmo.ru:8080/?token=518472196&&user=-1356113187&config=1,857,0,0
1775997668090,876,HTTP Request 1,200,OK,config 1 1-4,text,false,"The operation lasted too long: It took 876 milliseconds, but should not have lasted longer than 840 milliseconds.",231,168,6,18,http://stload.se.ifmo.ru:8080/?token=518472196&&user=-1356113187&config=1,876,0,0
1775997668257,856,HTTP Request 1,200,OK,config 1 1-5,text,false,"The operation lasted too long: It took 856 milliseconds, but should not have lasted longer than 840 milliseconds.",231,168,6,18,http://stload.se.ifmo.ru:8080/?token=518472196&&user=-1356113187&config=1,856,0,0
1775997668423,922,HTTP Request 1,200,OK,config 1 1-6,text,false,"The operation lasted too long: It took 922 milliseconds, but should not have lasted longer than 840 milliseconds.",231,168,6,18,http://stload.se.ifmo.ru:8080/?token=518472196&&user=-1356113187&config=1,922,0,0
1775997669109,837,HTTP Request 1,200,OK,config 1 1-1,text,true,,231,168,6,18,http://stload.se.ifmo.ru:8080/?token=518472196&&user=-1356113187&config=1,837,0,0
1775997669257,844,HTTP Request 1,200,OK,config 1 1-2,text,false,"The operation lasted too long: It took 844 milliseconds, but should not have lasted longer than 840 milliseconds.",231,168,6,18,http://stload.se.ifmo.ru:8080/?token=518472196&&user=-1356113187&config=1,843,0,0
1775997669422,847,HTTP Request 1,200,OK,config 1 1-3,text,false,"The operation lasted too long: It took 847 milliseconds, but should not have lasted longer than 840 milliseconds.",231,168,6,18,http://stload.se.ifmo.ru:8080/?token=518472196&&user=-1356113187&config=1,847,0,0
1775997669590,884,HTTP Request 1,200,OK,config 1 1-4,text,false,"The operation lasted too long: It took 884 milliseconds, but should not have lasted longer than 840 milliseconds.",231,168,6,18,http://stload.se.ifmo.ru:8080/?token=518472196&&user=-1356113187&config=1,884,0,0
1775997669757,899,HTTP Request 1,200,OK,config 1 1-5,text,false,"The operation lasted too long: It took 899 milliseconds, but should not have lasted longer than 840 milliseconds.",231,168,6,18,http://stload.se.ifmo.ru:8080/?token=518472196&&user=-1356113187&config=1,899,0,0
1775997669923,919,HTTP Request 1,200,OK,config 1 1-6,text,false,"The operation lasted too long: It took 919 milliseconds, but should not have lasted longer than 840 milliseconds.",231,168,6,18,http://stload.se.ifmo.ru:8080/?token=518472196&&user=-1356113187&config=1,919,0,0
1775997670608,889,HTTP Request 1,200,OK,config 1 1-1,text,false,"The operation lasted too long: It took 889 milliseconds, but should not have lasted longer than 840 milliseconds.",231,168,6,18,http://stload.se.ifmo.ru:8080/?token=518472196&&user=-1356113187&config=1,889,0,0
1775997670756,839,HTTP Request 1,200,OK,config 1 1-2,text,true,,231,168,6,18,http://stload.se.ifmo.ru:8080/?token=518472196&&user=-1356113187&config=1,839,0,0
1775997670923,839,HTTP Request 1,200,OK,config 1 1-3,text,true,,231,168,6,18,http://stload.se.ifmo.ru:8080/?token=518472196&&user=-1356113187&config=1,839,0,0
1775997671089,937,HTTP Request 1,200,OK,config 1 1-4,text,false,"The operation lasted too long: It took 937 milliseconds, but should not have lasted longer than 840 milliseconds.",231,168,6,18,http://stload.se.ifmo.ru:8080/?token=518472196&&user=-1356113187&config=1,937,0,0
1775997671257,861,HTTP Request 1,200,OK,config 1 1-5,text,false,"The operation lasted too long: It took 861 milliseconds, but should not have lasted longer than 840 milliseconds.",231,168,6,18,http://stload.se.ifmo.ru:8080/?token=518472196&&user=-1356113187&config=1,861,0,0
1775997671424,921,HTTP Request 1,200,OK,config 1 1-6,text,false,"The operation lasted too long: It took 921 milliseconds, but should not have lasted longer than 840 milliseconds.",231,168,6,18,http://stload.se.ifmo.ru:8080/?token=518472196&&user=-1356113187&config=1,921,0,0
1775997672108,841,HTTP Request 1,200,OK,config 1 1-1,text,false,"The operation lasted too long: It took 841 milliseconds, but should not have lasted longer than 840 milliseconds.",231,168,6,18,http://stload.se.ifmo.ru:8080/?token=518472196&&user=-1356113187&config=1,841,0,0
1775997672257,847,HTTP Request 1,200,OK,config 1 1-2,text,false,"The operation lasted too long: It took 847 milliseconds, but should not have lasted longer than 840 milliseconds.",231,168,6,18,http://stload.se.ifmo.ru:8080/?token=518472196&&user=-1356113187&config=1,847,0,0
1775997672424,874,HTTP Request 1,200,OK,config 1 1-3,text,false,"The operation lasted too long: It took 874 milliseconds, but should not have lasted longer than 840 milliseconds.",231,168,6,18,http://stload.se.ifmo.ru:8080/?token=518472196&&user=-1356113187&config=1,874,0,0
1775997672590,852,HTTP Request 1,200,OK,config 1 1-4,text,false,"The operation lasted too long: It took 852 milliseconds, but should not have lasted longer than 840 milliseconds.",231,168,6,18,http://stload.se.ifmo.ru:8080/?token=518472196&&user=-1356113187&config=1,851,0,0
1775997672757,899,HTTP Request 1,200,OK,config 1 1-5,text,false,"The operation lasted too long: It took 899 milliseconds, but should not have lasted longer than 840 milliseconds.",231,168,6,18,http://stload.se.ifmo.ru:8080/?token=518472196&&user=-1356113187&config=1,899,0,0
1775997672923,917,HTTP Request 1,200,OK,config 1 1-6,text,false,"The operation lasted too long: It took 917 milliseconds, but should not have lasted longer than 840 milliseconds.",231,168,6,18,http://stload.se.ifmo.ru:8080/?token=518472196&&user=-1356113187&config=1,917,0,0
1775997673609,925,HTTP Request 1,200,OK,config 1 1-1,text,false,"The operation lasted too long: It took 925 milliseconds, but should not have lasted longer than 840 milliseconds.",231,168,6,18,http://stload.se.ifmo.ru:8080/?token=518472196&&user=-1356113187&config=1,925,0,0
1775997673757,853,HTTP Request 1,200,OK,config 1 1-2,text,false,"The operation lasted too long: It took 853 milliseconds, but should not have lasted longer than 840 milliseconds.",231,168,6,18,http://stload.se.ifmo.ru:8080/?token=518472196&&user=-1356113187&config=1,853,0,0
1775997673922,848,HTTP Request 1,200,OK,config 1 1-3,text,false,"The operation lasted too long: It took 848 milliseconds, but should not have lasted longer than 840 milliseconds.",231,168,6,18,http://stload.se.ifmo.ru:8080/?token=518472196&&user=-1356113187&config=1,848,0,0
1775997674089,850,HTTP Request 1,200,OK,config 1 1-4,text,false,"The operation lasted too long: It took 850 milliseconds, but should not have lasted longer than 840 milliseconds.",231,168,6,18,http://stload.se.ifmo.ru:8080/?token=518472196&&user=-1356113187&config=1,850,0,0
1775997674257,856,HTTP Request 1,200,OK,config 1 1-5,text,false,"The operation lasted too long: It took 856 milliseconds, but should not have lasted longer than 840 milliseconds.",231,168,6,18,http://stload.se.ifmo.ru:8080/?token=518472196&&user=-1356113187&config=1,856,0,0
1775997674424,920,HTTP Request 1,200,OK,config 1 1-6,text,false,"The operation lasted too long: It took 920 milliseconds, but should not have lasted longer than 840 milliseconds.",231,168,6,18,http://stload.se.ifmo.ru:8080/?token=518472196&&user=-1356113187&config=1,920,0,0
1775997675109,842,HTTP Request 1,200,OK,config 1 1-1,text,false,"The operation lasted too long: It took 842 milliseconds, but should not have lasted longer than 840 milliseconds.",231,168,6,18,http://stload.se.ifmo.ru:8080/?token=518472196&&user=-1356113187&config=1,842,0,0
1775997675257,839,HTTP Request 1,200,OK,config 1 1-2,text,true,,231,168,6,18,http://stload.se.ifmo.ru:8080/?token=518472196&&user=-1356113187&config=1,839,0,0
1775997675422,839,HTTP Request 1,200,OK,config 1 1-3,text,true,,231,168,6,18,http://stload.se.ifmo.ru:8080/?token=518472196&&user=-1356113187&config=1,839,0,0
1775997675590,838,HTTP Request 1,200,OK,config 1 1-4,text,true,,231,168,6,18,http://stload.se.ifmo.ru:8080/?token=518472196&&user=-1356113187&config=1,838,0,0
1775997675757,876,HTTP Request 1,200,OK,config 1 1-5,text,false,"The operation lasted too long: It took 876 milliseconds, but should not have lasted longer than 840 milliseconds.",231,168,6,18,http://stload.se.ifmo.ru:8080/?token=518472196&&user=-1356113187&config=1,876,0,0
1775997675924,920,HTTP Request 1,200,OK,config 1 1-6,text,false,"The operation lasted too long: It took 920 milliseconds, but should not have lasted longer than 840 milliseconds.",231,168,6,18,http://stload.se.ifmo.ru:8080/?token=518472196&&user=-1356113187&config=1,920,0,0
1775997676608,861,HTTP Request 1,200,OK,config 1 1-1,text,false,"The operation lasted too long: It took 861 milliseconds, but should not have lasted longer than 840 milliseconds.",231,168,6,18,http://stload.se.ifmo.ru:8080/?token=518472196&&user=-1356113187&config=1,861,0,0
1775997676756,866,HTTP Request 1,200,OK,config 1 1-2,text,false,"The operation lasted too long: It took 866 milliseconds, but should not have lasted longer than 840 milliseconds.",231,168,6,18,http://stload.se.ifmo.ru:8080/?token=518472196&&user=-1356113187&config=1,866,0,0
1775997676923,839,HTTP Request 1,200,OK,config 1 1-3,text,true,,231,168,6,18,http://stload.se.ifmo.ru:8080/?token=518472196&&user=-1356113187&config=1,839,0,0
1775997677089,879,HTTP Request 1,200,OK,config 1 1-4,text,false,"The operation lasted too long: It took 879 milliseconds, but should not have lasted longer than 840 milliseconds.",231,168,6,18,http://stload.se.ifmo.ru:8080/?token=518472196&&user=-1356113187&config=1,879,0,0
1775997677257,856,HTTP Request 1,200,OK,config 1 1-5,text,false,"The operation lasted too long: It took 856 milliseconds, but should not have lasted longer than 840 milliseconds.",231,168,6,18,http://stload.se.ifmo.ru:8080/?token=518472196&&user=-1356113187&config=1,856,0,0
1775997677424,920,HTTP Request 1,200,OK,config 1 1-6,text,false,"The operation lasted too long: It took 920 milliseconds, but should not have lasted longer than 840 milliseconds.",231,168,6,18,http://stload.se.ifmo.ru:8080/?token=518472196&&user=-1356113187&config=1,920,0,0
1775997678109,893,HTTP Request 1,200,OK,config 1 1-1,text,false,"The operation lasted too long: It took 893 milliseconds, but should not have lasted longer than 840 milliseconds.",231,168,6,18,http://stload.se.ifmo.ru:8080/?token=518472196&&user=-1356113187&config=1,893,0,0
1775997678256,841,HTTP Request 1,200,OK,config 1 1-2,text,false,"The operation lasted too long: It took 841 milliseconds, but should not have lasted longer than 840 milliseconds.",231,168,6,18,http://stload.se.ifmo.ru:8080/?token=518472196&&user=-1356113187&config=1,841,0,0
1775997678422,855,HTTP Request 1,200,OK,config 1 1-3,text,false,"The operation lasted too long: It took 855 milliseconds, but should not have lasted longer than 840 milliseconds.",231,168,6,18,http://stload.se.ifmo.ru:8080/?token=518472196&&user=-1356113187&config=1,855,0,0
1775997678590,839,HTTP Request 1,200,OK,config 1 1-4,text,true,,231,168,6,18,http://stload.se.ifmo.ru:8080/?token=518472196&&user=-1356113187&config=1,839,0,0
1775997678757,887,HTTP Request 1,200,OK,config 1 1-5,text,false,"The operation lasted too long: It took 887 milliseconds, but should not have lasted longer than 840 milliseconds.",231,168,6,18,http://stload.se.ifmo.ru:8080/?token=518472196&&user=-1356113187&config=1,887,0,0
1775997678924,919,HTTP Request 1,200,OK,config 1 1-6,text,false,"The operation lasted too long: It took 919 milliseconds, but should not have lasted longer than 840 milliseconds.",231,168,6,18,http://stload.se.ifmo.ru:8080/?token=518472196&&user=-1356113187&config=1,919,0,0
1775997679757,1223,HTTP Request 1,200,OK,config 1 1-2,text,false,"The operation lasted too long: It took 1,223 milliseconds, but should not have lasted longer than 840 milliseconds.",231,168,6,18,http://stload.se.ifmo.ru:8080/?token=518472196&&user=-1356113187&config=1,1223,0,0
1775997679608,1372,HTTP Request 1,200,OK,config 1 1-1,text,false,"The operation lasted too long: It took 1,372 milliseconds, but should not have lasted longer than 840 milliseconds.",231,168,6,18,http://stload.se.ifmo.ru:8080/?token=518472196&&user=-1356113187&config=1,1372,0,0
1775997679922,1058,HTTP Request 1,200,OK,config 1 1-3,text,false,"The operation lasted too long: It took 1,058 milliseconds, but should not have lasted longer than 840 milliseconds.",231,168,6,18,http://stload.se.ifmo.ru:8080/?token=518472196&&user=-1356113187&config=1,1058,0,0
1775997680090,906,HTTP Request 1,200,OK,config 1 1-4,text,false,"The operation lasted too long: It took 906 milliseconds, but should not have lasted longer than 840 milliseconds.",231,168,6,18,http://stload.se.ifmo.ru:8080/?token=518472196&&user=-1356113187&config=1,906,0,0
1775997680256,1542,HTTP Request 1,200,OK,config 1 1-5,text,false,"The operation lasted too long: It took 1,542 milliseconds, but should not have lasted longer than 840 milliseconds.",231,168,6,18,http://stload.se.ifmo.ru:8080/?token=518472196&&user=-1356113187&config=1,1542,0,0
1775997680424,1389,HTTP Request 1,200,OK,config 1 1-6,text,false,"The operation lasted too long: It took 1,389 milliseconds, but should not have lasted longer than 840 milliseconds.",231,168,6,18,http://stload.se.ifmo.ru:8080/?token=518472196&&user=-1356113187&config=1,1389,0,0
1775997681109,863,HTTP Request 1,200,OK,config 1 1-1,text,false,"The operation lasted too long: It took 863 milliseconds, but should not have lasted longer than 840 milliseconds.",231,168,6,18,http://stload.se.ifmo.ru:8080/?token=518472196&&user=-1356113187&config=1,863,0,0
1775997681257,839,HTTP Request 1,200,OK,config 1 1-2,text,true,,231,168,6,18,http://stload.se.ifmo.ru:8080/?token=518472196&&user=-1356113187&config=1,839,0,0
1775997681423,902,HTTP Request 1,200,OK,config 1 1-3,text,false,"The operation lasted too long: It took 902 milliseconds, but should not have lasted longer than 840 milliseconds.",231,168,6,18,http://stload.se.ifmo.ru:8080/?token=518472196&&user=-1356113187&config=1,902,0,0
1775997681590,864,HTTP Request 1,200,OK,config 1 1-4,text,false,"The operation lasted too long: It took 864 milliseconds, but should not have lasted longer than 840 milliseconds.",231,168,6,18,http://stload.se.ifmo.ru:8080/?token=518472196&&user=-1356113187&config=1,864,0,0
1775997681798,872,HTTP Request 1,200,OK,config 1 1-5,text,false,"The operation lasted too long: It took 872 milliseconds, but should not have lasted longer than 840 milliseconds.",231,168,6,18,http://stload.se.ifmo.ru:8080/?token=518472196&&user=-1356113187&config=1,871,0,0
1775997681923,931,HTTP Request 1,200,OK,config 1 1-6,text,false,"The operation lasted too long: It took 931 milliseconds, but should not have lasted longer than 840 milliseconds.",231,168,6,18,http://stload.se.ifmo.ru:8080/?token=518472196&&user=-1356113187&config=1,931,0,0
1775997682609,836,HTTP Request 1,200,OK,config 1 1-1,text,true,,231,168,6,18,http://stload.se.ifmo.ru:8080/?token=518472196&&user=-1356113187&config=1,836,0,0
1775997682757,839,HTTP Request 1,200,OK,config 1 1-2,text,true,,231,168,6,18,http://stload.se.ifmo.ru:8080/?token=518472196&&user=-1356113187&config=1,839,0,0
1775997682923,839,HTTP Request 1,200,OK,config 1 1-3,text,true,,231,168,6,18,http://stload.se.ifmo.ru:8080/?token=518472196&&user=-1356113187&config=1,839,0,0
1775997683091,845,HTTP Request 1,200,OK,config 1 1-4,text,false,"The operation lasted too long: It took 845 milliseconds, but should not have lasted longer than 840 milliseconds.",231,168,6,18,http://stload.se.ifmo.ru:8080/?token=518472196&&user=-1356113187&config=1,845,0,0
1775997683298,846,HTTP Request 1,200,OK,config 1 1-5,text,false,"The operation lasted too long: It took 846 milliseconds, but should not have lasted longer than 840 milliseconds.",231,168,6,18,http://stload.se.ifmo.ru:8080/?token=518472196&&user=-1356113187&config=1,846,0,0
1775997683423,917,HTTP Request 1,200,OK,config 1 1-6,text,false,"The operation lasted too long: It took 917 milliseconds, but should not have lasted longer than 840 milliseconds.",231,168,6,18,http://stload.se.ifmo.ru:8080/?token=518472196&&user=-1356113187&config=1,917,0,0
1775997684109,872,HTTP Request 1,200,OK,config 1 1-1,text,false,"The operation lasted too long: It took 872 milliseconds, but should not have lasted longer than 840 milliseconds.",231,168,6,18,http://stload.se.ifmo.ru:8080/?token=518472196&&user=-1356113187&config=1,872,0,0
1775997684256,851,HTTP Request 1,200,OK,config 1 1-2,text,false,"The operation lasted too long: It took 851 milliseconds, but should not have lasted longer than 840 milliseconds.",231,168,6,18,http://stload.se.ifmo.ru:8080/?token=518472196&&user=-1356113187&config=1,851,0,0
1775997684422,853,HTTP Request 1,200,OK,config 1 1-3,text,false,"The operation lasted too long: It took 853 milliseconds, but should not have lasted longer than 840 milliseconds.",231,168,6,18,http://stload.se.ifmo.ru:8080/?token=518472196&&user=-1356113187&config=1,853,0,0
1775997684589,882,HTTP Request 1,200,OK,config 1 1-4,text,false,"The operation lasted too long: It took 882 milliseconds, but should not have lasted longer than 840 milliseconds.",231,168,6,18,http://stload.se.ifmo.ru:8080/?token=518472196&&user=-1356113187&config=1,882,0,0
1775997684799,935,HTTP Request 1,200,OK,config 1 1-5,text,false,"The operation lasted too long: It took 935 milliseconds, but should not have lasted longer than 840 milliseconds.",231,168,6,18,http://stload.se.ifmo.ru:8080/?token=518472196&&user=-1356113187&config=1,935,0,0
1775997684923,939,HTTP Request 1,200,OK,config 1 1-6,text,false,"The operation lasted too long: It took 939 milliseconds, but should not have lasted longer than 840 milliseconds.",231,168,6,18,http://stload.se.ifmo.ru:8080/?token=518472196&&user=-1356113187&config=1,939,0,0
1775997685608,912,HTTP Request 1,200,OK,config 1 1-1,text,false,"The operation lasted too long: It took 912 milliseconds, but should not have lasted longer than 840 milliseconds.",231,168,6,18,http://stload.se.ifmo.ru:8080/?token=518472196&&user=-1356113187&config=1,912,0,0
1775997685756,874,HTTP Request 1,200,OK,config 1 1-2,text,false,"The operation lasted too long: It took 874 milliseconds, but should not have lasted longer than 840 milliseconds.",231,168,6,18,http://stload.se.ifmo.ru:8080/?token=518472196&&user=-1356113187&config=1,874,0,0
1775997685922,844,HTTP Request 1,200,OK,config 1 1-3,text,false,"The operation lasted too long: It took 844 milliseconds, but should not have lasted longer than 840 milliseconds.",231,168,6,18,http://stload.se.ifmo.ru:8080/?token=518472196&&user=-1356113187&config=1,844,0,0
1775997686090,864,HTTP Request 1,200,OK,config 1 1-4,text,false,"The operation lasted too long: It took 864 milliseconds, but should not have lasted longer than 840 milliseconds.",231,168,6,18,http://stload.se.ifmo.ru:8080/?token=518472196&&user=-1356113187&config=1,864,0,0
1775997686298,936,HTTP Request 1,200,OK,config 1 1-5,text,false,"The operation lasted too long: It took 936 milliseconds, but should not have lasted longer than 840 milliseconds.",231,168,6,18,http://stload.se.ifmo.ru:8080/?token=518472196&&user=-1356113187&config=1,936,0,0
1775997686423,933,HTTP Request 1,200,OK,config 1 1-6,text,false,"The operation lasted too long: It took 933 milliseconds, but should not have lasted longer than 840 milliseconds.",231,168,6,18,http://stload.se.ifmo.ru:8080/?token=518472196&&user=-1356113187&config=1,933,0,0
1775997687108,917,HTTP Request 1,200,OK,config 1 1-1,text,false,"The operation lasted too long: It took 917 milliseconds, but should not have lasted longer than 840 milliseconds.",231,168,6,18,http://stload.se.ifmo.ru:8080/?token=518472196&&user=-1356113187&config=1,917,0,0
1775997687257,867,HTTP Request 1,200,OK,config 1 1-2,text,false,"The operation lasted too long: It took 867 milliseconds, but should not have lasted longer than 840 milliseconds.",231,168,6,18,http://stload.se.ifmo.ru:8080/?token=518472196&&user=-1356113187&config=1,867,0,0
1775997687422,849,HTTP Request 1,200,OK,config 1 1-3,text,false,"The operation lasted too long: It took 849 milliseconds, but should not have lasted longer than 840 milliseconds.",231,168,6,18,http://stload.se.ifmo.ru:8080/?token=518472196&&user=-1356113187&config=1,849,0,0
1775997687590,863,HTTP Request 1,200,OK,config 1 1-4,text,false,"The operation lasted too long: It took 863 milliseconds, but should not have lasted longer than 840 milliseconds.",231,168,6,18,http://stload.se.ifmo.ru:8080/?token=518472196&&user=-1356113187&config=1,862,0,0
1775997687799,921,HTTP Request 1,200,OK,config 1 1-5,text,false,"The operation lasted too long: It took 921 milliseconds, but should not have lasted longer than 840 milliseconds.",231,168,6,18,http://stload.se.ifmo.ru:8080/?token=518472196&&user=-1356113187&config=1,921,0,0
1775997687923,847,HTTP Request 1,200,OK,config 1 1-6,text,false,"The operation lasted too long: It took 847 milliseconds, but should not have lasted longer than 840 milliseconds.",231,168,6,18,http://stload.se.ifmo.ru:8080/?token=518472196&&user=-1356113187&config=1,847,0,0
1775997688608,896,HTTP Request 1,200,OK,config 1 1-1,text,false,"The operation lasted too long: It took 896 milliseconds, but should not have lasted longer than 840 milliseconds.",231,168,6,18,http://stload.se.ifmo.ru:8080/?token=518472196&&user=-1356113187&config=1,896,0,0
1775997688758,853,HTTP Request 1,200,OK,config 1 1-2,text,false,"The operation lasted too long: It took 853 milliseconds, but should not have lasted longer than 840 milliseconds.",231,168,6,18,http://stload.se.ifmo.ru:8080/?token=518472196&&user=-1356113187&config=1,853,0,0
1775997688922,844,HTTP Request 1,200,OK,config 1 1-3,text,false,"The operation lasted too long: It took 844 milliseconds, but should not have lasted longer than 840 milliseconds.",231,168,6,18,http://stload.se.ifmo.ru:8080/?token=518472196&&user=-1356113187&config=1,844,0,0
1775997689089,843,HTTP Request 1,200,OK,config 1 1-4,text,false,"The operation lasted too long: It took 843 milliseconds, but should not have lasted longer than 840 milliseconds.",231,168,6,18,http://stload.se.ifmo.ru:8080/?token=518472196&&user=-1356113187&config=1,843,0,0
1775997689298,935,HTTP Request 1,200,OK,config 1 1-5,text,false,"The operation lasted too long: It took 935 milliseconds, but should not have lasted longer than 840 milliseconds.",231,168,6,18,http://stload.se.ifmo.ru:8080/?token=518472196&&user=-1356113187&config=1,935,0,0
1775997689424,897,HTTP Request 1,200,OK,config 1 1-6,text,false,"The operation lasted too long: It took 897 milliseconds, but should not have lasted longer than 840 milliseconds.",231,168,6,18,http://stload.se.ifmo.ru:8080/?token=518472196&&user=-1356113187&config=1,897,0,0
1775997690108,845,HTTP Request 1,200,OK,config 1 1-1,text,false,"The operation lasted too long: It took 845 milliseconds, but should not have lasted longer than 840 milliseconds.",231,168,6,18,http://stload.se.ifmo.ru:8080/?token=518472196&&user=-1356113187&config=1,845,0,0
1775997690257,901,HTTP Request 1,200,OK,config 1 1-2,text,false,"The operation lasted too long: It took 901 milliseconds, but should not have lasted longer than 840 milliseconds.",231,168,6,18,http://stload.se.ifmo.ru:8080/?token=518472196&&user=-1356113187&config=1,901,0,0
1775997690423,853,HTTP Request 1,200,OK,config 1 1-3,text,false,"The operation lasted too long: It took 853 milliseconds, but should not have lasted longer than 840 milliseconds.",231,168,6,18,http://stload.se.ifmo.ru:8080/?token=518472196&&user=-1356113187&config=1,853,0,0
1775997690590,860,HTTP Request 1,200,OK,config 1 1-4,text,false,"The operation lasted too long: It took 860 milliseconds, but should not have lasted longer than 840 milliseconds.",231,168,6,18,http://stload.se.ifmo.ru:8080/?token=518472196&&user=-1356113187&config=1,860,0,0
1775997690799,869,HTTP Request 1,200,OK,config 1 1-5,text,false,"The operation lasted too long: It took 869 milliseconds, but should not have lasted longer than 840 milliseconds.",231,168,6,18,http://stload.se.ifmo.ru:8080/?token=518472196&&user=-1356113187&config=1,869,0,0
1775997690924,918,HTTP Request 1,200,OK,config 1 1-6,text,false,"The operation lasted too long: It took 918 milliseconds, but should not have lasted longer than 840 milliseconds.",231,168,6,18,http://stload.se.ifmo.ru:8080/?token=518472196&&user=-1356113187&config=1,918,0,0
1775997691609,929,HTTP Request 1,200,OK,config 1 1-1,text,false,"The operation lasted too long: It took 929 milliseconds, but should not have lasted longer than 840 milliseconds.",231,168,6,18,http://stload.se.ifmo.ru:8080/?token=518472196&&user=-1356113187&config=1,929,0,0
1775997691756,841,HTTP Request 1,200,OK,config 1 1-2,text,false,"The operation lasted too long: It took 841 milliseconds, but should not have lasted longer than 840 milliseconds.",231,168,6,18,http://stload.se.ifmo.ru:8080/?token=518472196&&user=-1356113187&config=1,841,0,0
1775997691922,848,HTTP Request 1,200,OK,config 1 1-3,text,false,"The operation lasted too long: It took 848 milliseconds, but should not have lasted longer than 840 milliseconds.",231,168,6,18,http://stload.se.ifmo.ru:8080/?token=518472196&&user=-1356113187&config=1,848,0,0
1775997692090,842,HTTP Request 1,200,OK,config 1 1-4,text,false,"The operation lasted too long: It took 842 milliseconds, but should not have lasted longer than 840 milliseconds.",231,168,6,18,http://stload.se.ifmo.ru:8080/?token=518472196&&user=-1356113187&config=1,842,0,0
1775997692298,865,HTTP Request 1,200,OK,config 1 1-5,text,false,"The operation lasted too long: It took 865 milliseconds, but should not have lasted longer than 840 milliseconds.",231,168,6,18,http://stload.se.ifmo.ru:8080/?token=518472196&&user=-1356113187&config=1,865,0,0
1775997692423,934,HTTP Request 1,200,OK,config 1 1-6,text,false,"The operation lasted too long: It took 934 milliseconds, but should not have lasted longer than 840 milliseconds.",231,168,6,18,http://stload.se.ifmo.ru:8080/?token=518472196&&user=-1356113187&config=1,934,0,0
1775997693109,904,HTTP Request 1,200,OK,config 1 1-1,text,false,"The operation lasted too long: It took 904 milliseconds, but should not have lasted longer than 840 milliseconds.",231,168,6,18,http://stload.se.ifmo.ru:8080/?token=518472196&&user=-1356113187&config=1,904,0,0
1775997693256,859,HTTP Request 1,200,OK,config 1 1-2,text,false,"The operation lasted too long: It took 859 milliseconds, but should not have lasted longer than 840 milliseconds.",231,168,6,18,http://stload.se.ifmo.ru:8080/?token=518472196&&user=-1356113187&config=1,859,0,0
1775997693422,851,HTTP Request 1,200,OK,config 1 1-3,text,false,"The operation lasted too long: It took 851 milliseconds, but should not have lasted longer than 840 milliseconds.",231,168,6,18,http://stload.se.ifmo.ru:8080/?token=518472196&&user=-1356113187&config=1,851,0,0
1775997693590,841,HTTP Request 1,200,OK,config 1 1-4,text,false,"The operation lasted too long: It took 841 milliseconds, but should not have lasted longer than 840 milliseconds.",231,168,6,18,http://stload.se.ifmo.ru:8080/?token=518472196&&user=-1356113187&config=1,841,0,0
1775997693799,846,HTTP Request 1,200,OK,config 1 1-5,text,false,"The operation lasted too long: It took 846 milliseconds, but should not have lasted longer than 840 milliseconds.",231,168,6,18,http://stload.se.ifmo.ru:8080/?token=518472196&&user=-1356113187&config=1,846,0,0
1775997693924,908,HTTP Request 1,200,OK,config 1 1-6,text,false,"The operation lasted too long: It took 908 milliseconds, but should not have lasted longer than 840 milliseconds.",231,168,6,18,http://stload.se.ifmo.ru:8080/?token=518472196&&user=-1356113187&config=1,908,0,0
1775997694609,867,HTTP Request 1,200,OK,config 1 1-1,text,false,"The operation lasted too long: It took 867 milliseconds, but should not have lasted longer than 840 milliseconds.",231,168,6,18,http://stload.se.ifmo.ru:8080/?token=518472196&&user=-1356113187&config=1,867,0,0
1775997694756,854,HTTP Request 1,200,OK,config 1 1-2,text,false,"The operation lasted too long: It took 854 milliseconds, but should not have lasted longer than 840 milliseconds.",231,168,6,18,http://stload.se.ifmo.ru:8080/?token=518472196&&user=-1356113187&config=1,854,0,0
1775997694922,840,HTTP Request 1,200,OK,config 1 1-3,text,true,,231,168,6,18,http://stload.se.ifmo.ru:8080/?token=518472196&&user=-1356113187&config=1,840,0,0
1775997695090,895,HTTP Request 1,200,OK,config 1 1-4,text,false,"The operation lasted too long: It took 895 milliseconds, but should not have lasted longer than 840 milliseconds.",231,168,6,18,http://stload.se.ifmo.ru:8080/?token=518472196&&user=-1356113187&config=1,895,0,0
1775997695298,864,HTTP Request 1,200,OK,config 1 1-5,text,false,"The operation lasted too long: It took 864 milliseconds, but should not have lasted longer than 840 milliseconds.",231,168,6,18,http://stload.se.ifmo.ru:8080/?token=518472196&&user=-1356113187&config=1,864,0,0
1775997695424,931,HTTP Request 1,200,OK,config 1 1-6,text,false,"The operation lasted too long: It took 931 milliseconds, but should not have lasted longer than 840 milliseconds.",231,168,6,18,http://stload.se.ifmo.ru:8080/?token=518472196&&user=-1356113187&config=1,931,0,0
1775997696108,904,HTTP Request 1,200,OK,config 1 1-1,text,false,"The operation lasted too long: It took 904 milliseconds, but should not have lasted longer than 840 milliseconds.",231,168,6,18,http://stload.se.ifmo.ru:8080/?token=518472196&&user=-1356113187&config=1,904,0,0
1775997696257,846,HTTP Request 1,200,OK,config 1 1-2,text,false,"The operation lasted too long: It took 846 milliseconds, but should not have lasted longer than 840 milliseconds.",231,168,6,18,http://stload.se.ifmo.ru:8080/?token=518472196&&user=-1356113187&config=1,846,0,0
1775997696422,869,HTTP Request 1,200,OK,config 1 1-3,text,false,"The operation lasted too long: It took 869 milliseconds, but should not have lasted longer than 840 milliseconds.",231,168,6,18,http://stload.se.ifmo.ru:8080/?token=518472196&&user=-1356113187&config=1,869,0,0
1775997696589,838,HTTP Request 1,200,OK,config 1 1-4,text,true,,231,168,6,18,http://stload.se.ifmo.ru:8080/?token=518472196&&user=-1356113187&config=1,838,0,0
1775997696799,906,HTTP Request 1,200,OK,config 1 1-5,text,false,"The operation lasted too long: It took 906 milliseconds, but should not have lasted longer than 840 milliseconds.",231,168,6,18,http://stload.se.ifmo.ru:8080/?token=518472196&&user=-1356113187&config=1,906,0,0
1775997696923,854,HTTP Request 1,200,OK,config 1 1-6,text,false,"The operation lasted too long: It took 854 milliseconds, but should not have lasted longer than 840 milliseconds.",231,168,6,18,http://stload.se.ifmo.ru:8080/?token=518472196&&user=-1356113187&config=1,854,0,0
1775997697608,863,HTTP Request 1,200,OK,config 1 1-1,text,false,"The operation lasted too long: It took 863 milliseconds, but should not have lasted longer than 840 milliseconds.",231,168,6,18,http://stload.se.ifmo.ru:8080/?token=518472196&&user=-1356113187&config=1,863,0,0
1775997697757,868,HTTP Request 1,200,OK,config 1 1-2,text,false,"The operation lasted too long: It took 868 milliseconds, but should not have lasted longer than 840 milliseconds.",231,168,6,18,http://stload.se.ifmo.ru:8080/?token=518472196&&user=-1356113187&config=1,868,0,0
1775997697922,839,HTTP Request 1,200,OK,config 1 1-3,text,true,,231,168,6,18,http://stload.se.ifmo.ru:8080/?token=518472196&&user=-1356113187&config=1,839,0,0
1775997698089,879,HTTP Request 1,200,OK,config 1 1-4,text,false,"The operation lasted too long: It took 879 milliseconds, but should not have lasted longer than 840 milliseconds.",231,168,6,18,http://stload.se.ifmo.ru:8080/?token=518472196&&user=-1356113187&config=1,879,0,0
1775997698298,945,HTTP Request 1,200,OK,config 1 1-5,text,false,"The operation lasted too long: It took 945 milliseconds, but should not have lasted longer than 840 milliseconds.",231,168,6,18,http://stload.se.ifmo.ru:8080/?token=518472196&&user=-1356113187&config=1,945,0,0
1775997698424,894,HTTP Request 1,200,OK,config 1 1-6,text,false,"The operation lasted too long: It took 894 milliseconds, but should not have lasted longer than 840 milliseconds.",231,168,6,18,http://stload.se.ifmo.ru:8080/?token=518472196&&user=-1356113187&config=1,894,0,0
1775997699109,934,HTTP Request 1,200,OK,config 1 1-1,text,false,"The operation lasted too long: It took 934 milliseconds, but should not have lasted longer than 840 milliseconds.",231,168,6,18,http://stload.se.ifmo.ru:8080/?token=518472196&&user=-1356113187&config=1,934,0,0
1775997699256,893,HTTP Request 1,200,OK,config 1 1-2,text,false,"The operation lasted too long: It took 893 milliseconds, but should not have lasted longer than 840 milliseconds.",231,168,6,18,http://stload.se.ifmo.ru:8080/?token=518472196&&user=-1356113187&config=1,893,0,0
1775997699422,876,HTTP Request 1,200,OK,config 1 1-3,text,false,"The operation lasted too long: It took 876 milliseconds, but should not have lasted longer than 840 milliseconds.",231,168,6,18,http://stload.se.ifmo.ru:8080/?token=518472196&&user=-1356113187&config=1,876,0,0
1775997699589,845,HTTP Request 1,200,OK,config 1 1-4,text,false,"The operation lasted too long: It took 845 milliseconds, but should not have lasted longer than 840 milliseconds.",231,168,6,18,http://stload.se.ifmo.ru:8080/?token=518472196&&user=-1356113187&config=1,845,0,0
1775997699798,871,HTTP Request 1,200,OK,config 1 1-5,text,false,"The operation lasted too long: It took 871 milliseconds, but should not have lasted longer than 840 milliseconds.",231,168,6,18,http://stload.se.ifmo.ru:8080/?token=518472196&&user=-1356113187&config=1,871,0,0
1775997699924,888,HTTP Request 1,200,OK,config 1 1-6,text,false,"The operation lasted too long: It took 888 milliseconds, but should not have lasted longer than 840 milliseconds.",231,168,6,18,http://stload.se.ifmo.ru:8080/?token=518472196&&user=-1356113187&config=1,888,0,0
1775997700609,871,HTTP Request 1,200,OK,config 1 1-1,text,false,"The operation lasted too long: It took 871 milliseconds, but should not have lasted longer than 840 milliseconds.",231,168,6,18,http://stload.se.ifmo.ru:8080/?token=518472196&&user=-1356113187&config=1,871,0,0
1775997700757,919,HTTP Request 1,200,OK,config 1 1-2,text,false,"The operation lasted too long: It took 919 milliseconds, but should not have lasted longer than 840 milliseconds.",231,168,6,18,http://stload.se.ifmo.ru:8080/?token=518472196&&user=-1356113187&config=1,919,0,41
1775997700922,904,HTTP Request 1,200,OK,config 1 1-3,text,false,"The operation lasted too long: It took 904 milliseconds, but should not have lasted longer than 840 milliseconds.",231,168,6,18,http://stload.se.ifmo.ru:8080/?token=518472196&&user=-1356113187&config=1,904,0,31
1775997701089,875,HTTP Request 1,200,OK,config 1 1-4,text,false,"The operation lasted too long: It took 875 milliseconds, but should not have lasted longer than 840 milliseconds.",231,168,6,18,http://stload.se.ifmo.ru:8080/?token=518472196&&user=-1356113187&config=1,875,0,0
1775997701298,972,HTTP Request 1,200,OK,config 1 1-5,text,false,"The operation lasted too long: It took 972 milliseconds, but should not have lasted longer than 840 milliseconds.",231,168,6,18,http://stload.se.ifmo.ru:8080/?token=518472196&&user=-1356113187&config=1,972,0,43
1775997701424,947,HTTP Request 1,200,OK,config 1 1-6,text,false,"The operation lasted too long: It took 947 milliseconds, but should not have lasted longer than 840 milliseconds.",231,168,6,18,http://stload.se.ifmo.ru:8080/?token=518472196&&user=-1356113187&config=1,947,0,69
1775997702108,901,HTTP Request 1,200,OK,config 1 1-1,text,false,"The operation lasted too long: It took 901 milliseconds, but should not have lasted longer than 840 milliseconds.",231,168,6,18,http://stload.se.ifmo.ru:8080/?token=518472196&&user=-1356113187&config=1,901,0,44
1775997702256,844,HTTP Request 1,200,OK,config 1 1-2,text,false,"The operation lasted too long: It took 844 milliseconds, but should not have lasted longer than 840 milliseconds.",231,168,6,18,http://stload.se.ifmo.ru:8080/?token=518472196&&user=-1356113187&config=1,844,0,0
1775997702422,848,HTTP Request 1,200,OK,config 1 1-3,text,false,"The operation lasted too long: It took 848 milliseconds, but should not have lasted longer than 840 milliseconds.",231,168,6,18,http://stload.se.ifmo.ru:8080/?token=518472196&&user=-1356113187&config=1,848,0,0
1775997702589,896,HTTP Request 1,200,OK,config 1 1-4,text,false,"The operation lasted too long: It took 896 milliseconds, but should not have lasted longer than 840 milliseconds.",231,168,6,18,http://stload.se.ifmo.ru:8080/?token=518472196&&user=-1356113187&config=1,896,0,41
1775997702799,895,HTTP Request 1,200,OK,config 1 1-5,text,false,"The operation lasted too long: It took 895 milliseconds, but should not have lasted longer than 840 milliseconds.",231,168,6,18,http://stload.se.ifmo.ru:8080/?token=518472196&&user=-1356113187&config=1,895,0,0
1775997702924,850,HTTP Request 1,200,OK,config 1 1-6,text,false,"The operation lasted too long: It took 850 milliseconds, but should not have lasted longer than 840 milliseconds.",231,168,6,18,http://stload.se.ifmo.ru:8080/?token=518472196&&user=-1356113187&config=1,850,0,0
1775997703609,855,HTTP Request 1,200,OK,config 1 1-1,text,false,"The operation lasted too long: It took 855 milliseconds, but should not have lasted longer than 840 milliseconds.",231,168,6,18,http://stload.se.ifmo.ru:8080/?token=518472196&&user=-1356113187&config=1,855,0,0
1775997703757,859,HTTP Request 1,200,OK,config 1 1-2,text,false,"The operation lasted too long: It took 859 milliseconds, but should not have lasted longer than 840 milliseconds.",231,168,6,18,http://stload.se.ifmo.ru:8080/?token=518472196&&user=-1356113187&config=1,859,0,0
1775997703922,848,HTTP Request 1,200,OK,config 1 1-3,text,false,"The operation lasted too long: It took 848 milliseconds, but should not have lasted longer than 840 milliseconds.",231,168,6,18,http://stload.se.ifmo.ru:8080/?token=518472196&&user=-1356113187&config=1,848,0,0
1775997704089,856,HTTP Request 1,200,OK,config 1 1-4,text,false,"The operation lasted too long: It took 856 milliseconds, but should not have lasted longer than 840 milliseconds.",231,168,6,18,http://stload.se.ifmo.ru:8080/?token=518472196&&user=-1356113187&config=1,856,0,0
1775997704298,867,HTTP Request 1,200,OK,config 1 1-5,text,false,"The operation lasted too long: It took 867 milliseconds, but should not have lasted longer than 840 milliseconds.",231,168,6,18,http://stload.se.ifmo.ru:8080/?token=518472196&&user=-1356113187&config=1,867,0,0
1775997704424,916,HTTP Request 1,200,OK,config 1 1-6,text,false,"The operation lasted too long: It took 916 milliseconds, but should not have lasted longer than 840 milliseconds.",231,168,6,18,http://stload.se.ifmo.ru:8080/?token=518472196&&user=-1356113187&config=1,916,0,0
1775997705108,931,HTTP Request 1,200,OK,config 1 1-1,text,false,"The operation lasted too long: It took 931 milliseconds, but should not have lasted longer than 840 milliseconds.",231,168,6,18,http://stload.se.ifmo.ru:8080/?token=518472196&&user=-1356113187&config=1,931,0,0
1775997705256,839,HTTP Request 1,200,OK,config 1 1-2,text,true,,231,168,6,18,http://stload.se.ifmo.ru:8080/?token=518472196&&user=-1356113187&config=1,839,0,0
1775997705422,849,HTTP Request 1,200,OK,config 1 1-3,text,false,"The operation lasted too long: It took 849 milliseconds, but should not have lasted longer than 840 milliseconds.",231,168,6,18,http://stload.se.ifmo.ru:8080/?token=518472196&&user=-1356113187&config=1,849,0,0
1775997705590,863,HTTP Request 1,200,OK,config 1 1-4,text,false,"The operation lasted too long: It took 863 milliseconds, but should not have lasted longer than 840 milliseconds.",231,168,6,18,http://stload.se.ifmo.ru:8080/?token=518472196&&user=-1356113187&config=1,863,0,0
1775997705799,867,HTTP Request 1,200,OK,config 1 1-5,text,false,"The operation lasted too long: It took 867 milliseconds, but should not have lasted longer than 840 milliseconds.",231,168,6,18,http://stload.se.ifmo.ru:8080/?token=518472196&&user=-1356113187&config=1,867,0,0
1775997705923,915,HTTP Request 1,200,OK,config 1 1-6,text,false,"The operation lasted too long: It took 915 milliseconds, but should not have lasted longer than 840 milliseconds.",231,168,6,18,http://stload.se.ifmo.ru:8080/?token=518472196&&user=-1356113187&config=1,915,0,0
1775997706608,837,HTTP Request 1,200,OK,config 1 1-1,text,true,,231,168,6,18,http://stload.se.ifmo.ru:8080/?token=518472196&&user=-1356113187&config=1,837,0,0
1775997706757,838,HTTP Request 1,200,OK,config 1 1-2,text,true,,231,168,6,18,http://stload.se.ifmo.ru:8080/?token=518472196&&user=-1356113187&config=1,838,0,0
1775997706922,844,HTTP Request 1,200,OK,config 1 1-3,text,false,"The operation lasted too long: It took 844 milliseconds, but should not have lasted longer than 840 milliseconds.",231,168,6,18,http://stload.se.ifmo.ru:8080/?token=518472196&&user=-1356113187&config=1,844,0,0
1775997707090,841,HTTP Request 1,200,OK,config 1 1-4,text,false,"The operation lasted too long: It took 841 milliseconds, but should not have lasted longer than 840 milliseconds.",231,168,6,18,http://stload.se.ifmo.ru:8080/?token=518472196&&user=-1356113187&config=1,841,0,0
1775997707298,845,HTTP Request 1,200,OK,config 1 1-5,text,false,"The operation lasted too long: It took 845 milliseconds, but should not have lasted longer than 840 milliseconds.",231,168,6,18,http://stload.se.ifmo.ru:8080/?token=518472196&&user=-1356113187&config=1,845,0,0
1775997707423,917,HTTP Request 1,200,OK,config 1 1-6,text,false,"The operation lasted too long: It took 917 milliseconds, but should not have lasted longer than 840 milliseconds.",231,168,6,18,http://stload.se.ifmo.ru:8080/?token=518472196&&user=-1356113187&config=1,917,0,0
1775997708109,871,HTTP Request 1,200,OK,config 1 1-1,text,false,"The operation lasted too long: It took 871 milliseconds, but should not have lasted longer than 840 milliseconds.",231,168,6,18,http://stload.se.ifmo.ru:8080/?token=518472196&&user=-1356113187&config=1,871,0,0
1775997708257,844,HTTP Request 1,200,OK,config 1 1-2,text,false,"The operation lasted too long: It took 844 milliseconds, but should not have lasted longer than 840 milliseconds.",231,168,6,18,http://stload.se.ifmo.ru:8080/?token=518472196&&user=-1356113187&config=1,844,0,0
1775997708422,857,HTTP Request 1,200,OK,config 1 1-3,text,false,"The operation lasted too long: It took 857 milliseconds, but should not have lasted longer than 840 milliseconds.",231,168,6,18,http://stload.se.ifmo.ru:8080/?token=518472196&&user=-1356113187&config=1,857,0,0
1775997708589,886,HTTP Request 1,200,OK,config 1 1-4,text,false,"The operation lasted too long: It took 886 milliseconds, but should not have lasted longer than 840 milliseconds.",231,168,6,18,http://stload.se.ifmo.ru:8080/?token=518472196&&user=-1356113187&config=1,886,0,0
1775997708798,860,HTTP Request 1,200,OK,config 1 1-5,text,false,"The operation lasted too long: It took 860 milliseconds, but should not have lasted longer than 840 milliseconds.",231,168,6,18,http://stload.se.ifmo.ru:8080/?token=518472196&&user=-1356113187&config=1,860,0,0
1775997708923,918,HTTP Request 1,200,OK,config 1 1-6,text,false,"The operation lasted too long: It took 918 milliseconds, but should not have lasted longer than 840 milliseconds.",231,168,6,18,http://stload.se.ifmo.ru:8080/?token=518472196&&user=-1356113187&config=1,918,0,0
1775997709609,864,HTTP Request 1,200,OK,config 1 1-1,text,false,"The operation lasted too long: It took 864 milliseconds, but should not have lasted longer than 840 milliseconds.",231,168,6,18,http://stload.se.ifmo.ru:8080/?token=518472196&&user=-1356113187&config=1,864,0,0
1775997709757,848,HTTP Request 1,200,OK,config 1 1-2,text,false,"The operation lasted too long: It took 848 milliseconds, but should not have lasted longer than 840 milliseconds.",231,168,6,18,http://stload.se.ifmo.ru:8080/?token=518472196&&user=-1356113187&config=1,848,0,0
1775997709923,1061,HTTP Request 1,200,OK,config 1 1-3,text,false,"The operation lasted too long: It took 1,061 milliseconds, but should not have lasted longer than 840 milliseconds.",231,168,6,18,http://stload.se.ifmo.ru:8080/?token=518472196&&user=-1356113187&config=1,1061,0,0
1775997710089,909,HTTP Request 1,200,OK,config 1 1-4,text,false,"The operation lasted too long: It took 909 milliseconds, but should not have lasted longer than 840 milliseconds.",231,168,6,18,http://stload.se.ifmo.ru:8080/?token=518472196&&user=-1356113187&config=1,909,0,0
1775997710298,969,HTTP Request 1,200,OK,config 1 1-5,text,false,"The operation lasted too long: It took 969 milliseconds, but should not have lasted longer than 840 milliseconds.",231,168,6,18,http://stload.se.ifmo.ru:8080/?token=518472196&&user=-1356113187&config=1,969,0,0
1775997710423,926,HTTP Request 1,200,OK,config 1 1-6,text,false,"The operation lasted too long: It took 926 milliseconds, but should not have lasted longer than 840 milliseconds.",231,168,6,18,http://stload.se.ifmo.ru:8080/?token=518472196&&user=-1356113187&config=1,926,0,0
1775997711108,988,HTTP Request 1,200,OK,config 1 1-1,text,false,"The operation lasted too long: It took 988 milliseconds, but should not have lasted longer than 840 milliseconds.",231,168,6,18,http://stload.se.ifmo.ru:8080/?token=518472196&&user=-1356113187&config=1,988,0,0
1775997711257,852,HTTP Request 1,200,OK,config 1 1-2,text,false,"The operation lasted too long: It took 852 milliseconds, but should not have lasted longer than 840 milliseconds.",231,168,6,18,http://stload.se.ifmo.ru:8080/?token=518472196&&user=-1356113187&config=1,852,0,0
1775997711422,948,HTTP Request 1,200,OK,config 1 1-3,text,false,"The operation lasted too long: It took 948 milliseconds, but should not have lasted longer than 840 milliseconds.",231,168,6,18,http://stload.se.ifmo.ru:8080/?token=518472196&&user=-1356113187&config=1,947,0,0
1775997711590,983,HTTP Request 1,200,OK,config 1 1-4,text,false,"The operation lasted too long: It took 983 milliseconds, but should not have lasted longer than 840 milliseconds.",231,168,6,18,http://stload.se.ifmo.ru:8080/?token=518472196&&user=-1356113187&config=1,983,0,0
1775997711798,855,HTTP Request 1,200,OK,config 1 1-5,text,false,"The operation lasted too long: It took 855 milliseconds, but should not have lasted longer than 840 milliseconds.",231,168,6,18,http://stload.se.ifmo.ru:8080/?token=518472196&&user=-1356113187&config=1,855,0,0
1775997711923,1002,HTTP Request 1,200,OK,config 1 1-6,text,false,"The operation lasted too long: It took 1,002 milliseconds, but should not have lasted longer than 840 milliseconds.",231,168,6,18,http://stload.se.ifmo.ru:8080/?token=518472196&&user=-1356113187&config=1,1002,0,0
1775997712608,917,HTTP Request 1,200,OK,config 1 1-1,text,false,"The operation lasted too long: It took 917 milliseconds, but should not have lasted longer than 840 milliseconds.",231,168,6,18,http://stload.se.ifmo.ru:8080/?token=518472196&&user=-1356113187&config=1,917,0,0
1775997712756,1010,HTTP Request 1,200,OK,config 1 1-2,text,false,"The operation lasted too long: It took 1,010 milliseconds, but should not have lasted longer than 840 milliseconds.",231,168,6,18,http://stload.se.ifmo.ru:8080/?token=518472196&&user=-1356113187&config=1,1010,0,0
1775997712922,857,HTTP Request 1,200,OK,config 1 1-3,text,false,"The operation lasted too long: It took 857 milliseconds, but should not have lasted longer than 840 milliseconds.",231,168,6,18,http://stload.se.ifmo.ru:8080/?token=518472196&&user=-1356113187&config=1,857,0,0
1775997713089,926,HTTP Request 1,200,OK,config 1 1-4,text,false,"The operation lasted too long: It took 926 milliseconds, but should not have lasted longer than 840 milliseconds.",231,168,6,18,http://stload.se.ifmo.ru:8080/?token=518472196&&user=-1356113187&config=1,926,0,0
1775997713298,987,HTTP Request 1,200,OK,config 1 1-5,text,false,"The operation lasted too long: It took 987 milliseconds, but should not have lasted longer than 840 milliseconds.",231,168,6,18,http://stload.se.ifmo.ru:8080/?token=518472196&&user=-1356113187&config=1,987,0,0
1775997713423,862,HTTP Request 1,200,OK,config 1 1-6,text,false,"The operation lasted too long: It took 862 milliseconds, but should not have lasted longer than 840 milliseconds.",231,168,6,18,http://stload.se.ifmo.ru:8080/?token=518472196&&user=-1356113187&config=1,862,0,0
1775997714108,1051,HTTP Request 1,200,OK,config 1 1-1,text,false,"The operation lasted too long: It took 1,051 milliseconds, but should not have lasted longer than 840 milliseconds.",231,168,6,18,http://stload.se.ifmo.ru:8080/?token=518472196&&user=-1356113187&config=1,1051,0,0
1775997714257,902,HTTP Request 1,200,OK,config 1 1-2,text,false,"The operation lasted too long: It took 902 milliseconds, but should not have lasted longer than 840 milliseconds.",231,168,6,18,http://stload.se.ifmo.ru:8080/?token=518472196&&user=-1356113187&config=1,902,0,0
1775997714422,938,HTTP Request 1,200,OK,config 1 1-3,text,false,"The operation lasted too long: It took 938 milliseconds, but should not have lasted longer than 840 milliseconds.",231,168,6,18,http://stload.se.ifmo.ru:8080/?token=518472196&&user=-1356113187&config=1,938,0,0
1775997714590,972,HTTP Request 1,200,OK,config 1 1-4,text,false,"The operation lasted too long: It took 972 milliseconds, but should not have lasted longer than 840 milliseconds.",231,168,6,18,http://stload.se.ifmo.ru:8080/?token=518472196&&user=-1356113187&config=1,972,0,0
1775997714798,1010,HTTP Request 1,200,OK,config 1 1-5,text,false,"The operation lasted too long: It took 1,010 milliseconds, but should not have lasted longer than 840 milliseconds.",231,168,6,18,http://stload.se.ifmo.ru:8080/?token=518472196&&user=-1356113187&config=1,1010,0,0
1775997714923,911,HTTP Request 1,200,OK,config 1 1-6,text,false,"The operation lasted too long: It took 911 milliseconds, but should not have lasted longer than 840 milliseconds.",231,168,6,18,http://stload.se.ifmo.ru:8080/?token=518472196&&user=-1356113187&config=1,911,0,0
1775997715609,847,HTTP Request 1,200,OK,config 1 1-1,text,false,"The operation lasted too long: It took 847 milliseconds, but should not have lasted longer than 840 milliseconds.",231,168,6,18,http://stload.se.ifmo.ru:8080/?token=518472196&&user=-1356113187&config=1,847,0,0
1775997715757,876,HTTP Request 1,200,OK,config 1 1-2,text,false,"The operation lasted too long: It took 876 milliseconds, but should not have lasted longer than 840 milliseconds.",231,168,6,18,http://stload.se.ifmo.ru:8080/?token=518472196&&user=-1356113187&config=1,876,0,0
1775997715922,939,HTTP Request 1,200,OK,config 1 1-3,text,false,"The operation lasted too long: It took 939 milliseconds, but should not have lasted longer than 840 milliseconds.",231,168,6,18,http://stload.se.ifmo.ru:8080/?token=518472196&&user=-1356113187&config=1,939,0,0
1775997716090,877,HTTP Request 1,200,OK,config 1 1-4,text,false,"The operation lasted too long: It took 877 milliseconds, but should not have lasted longer than 840 milliseconds.",231,168,6,18,http://stload.se.ifmo.ru:8080/?token=518472196&&user=-1356113187&config=1,877,0,0
1775997716298,999,HTTP Request 1,200,OK,config 1 1-5,text,false,"The operation lasted too long: It took 999 milliseconds, but should not have lasted longer than 840 milliseconds.",231,168,6,18,http://stload.se.ifmo.ru:8080/?token=518472196&&user=-1356113187&config=1,999,0,0
1775997716424,887,HTTP Request 1,200,OK,config 1 1-6,text,false,"The operation lasted too long: It took 887 milliseconds, but should not have lasted longer than 840 milliseconds.",231,168,6,18,http://stload.se.ifmo.ru:8080/?token=518472196&&user=-1356113187&config=1,887,0,0
1775997717256,887,HTTP Request 1,200,OK,config 1 1-2,text,false,"The operation lasted too long: It took 887 milliseconds, but should not have lasted longer than 840 milliseconds.",231,168,6,18,http://stload.se.ifmo.ru:8080/?token=518472196&&user=-1356113187&config=1,887,0,0
1775997717108,1035,HTTP Request 1,200,OK,config 1 1-1,text,false,"The operation lasted too long: It took 1,035 milliseconds, but should not have lasted longer than 840 milliseconds.",231,168,6,18,http://stload.se.ifmo.ru:8080/?token=518472196&&user=-1356113187&config=1,1035,0,0
1775997717423,984,HTTP Request 1,200,OK,config 1 1-3,text,false,"The operation lasted too long: It took 984 milliseconds, but should not have lasted longer than 840 milliseconds.",231,168,6,18,http://stload.se.ifmo.ru:8080/?token=518472196&&user=-1356113187&config=1,984,0,0
1775997717589,855,HTTP Request 1,200,OK,config 1 1-4,text,false,"The operation lasted too long: It took 855 milliseconds, but should not have lasted longer than 840 milliseconds.",231,168,6,18,http://stload.se.ifmo.ru:8080/?token=518472196&&user=-1356113187&config=1,855,0,0
1775997717798,897,HTTP Request 1,200,OK,config 1 1-5,text,false,"The operation lasted too long: It took 897 milliseconds, but should not have lasted longer than 840 milliseconds.",231,168,6,18,http://stload.se.ifmo.ru:8080/?token=518472196&&user=-1356113187&config=1,897,0,0
1775997717923,1004,HTTP Request 1,200,OK,config 1 1-6,text,false,"The operation lasted too long: It took 1,004 milliseconds, but should not have lasted longer than 840 milliseconds.",231,168,6,18,http://stload.se.ifmo.ru:8080/?token=518472196&&user=-1356113187&config=1,1004,0,0
1775997718608,888,HTTP Request 1,200,OK,config 1 1-1,text,false,"The operation lasted too long: It took 888 milliseconds, but should not have lasted longer than 840 milliseconds.",231,168,6,18,http://stload.se.ifmo.ru:8080/?token=518472196&&user=-1356113187&config=1,888,0,0
1775997718756,1094,HTTP Request 1,200,OK,config 1 1-2,text,false,"The operation lasted too long: It took 1,094 milliseconds, but should not have lasted longer than 840 milliseconds.",231,168,6,18,http://stload.se.ifmo.ru:8080/?token=518472196&&user=-1356113187&config=1,1094,0,0
1775997718923,940,HTTP Request 1,200,OK,config 1 1-3,text,false,"The operation lasted too long: It took 940 milliseconds, but should not have lasted longer than 840 milliseconds.",231,168,6,18,http://stload.se.ifmo.ru:8080/?token=518472196&&user=-1356113187&config=1,940,0,0
1775997719090,1013,HTTP Request 1,200,OK,config 1 1-4,text,false,"The operation lasted too long: It took 1,013 milliseconds, but should not have lasted longer than 840 milliseconds.",231,168,6,18,http://stload.se.ifmo.ru:8080/?token=518472196&&user=-1356113187&config=1,1013,0,0
1775997719423,931,HTTP Request 1,200,OK,config 1 1-6,text,false,"The operation lasted too long: It took 931 milliseconds, but should not have lasted longer than 840 milliseconds.",231,168,6,18,http://stload.se.ifmo.ru:8080/?token=518472196&&user=-1356113187&config=1,931,0,0
1775997719298,1070,HTTP Request 1,200,OK,config 1 1-5,text,false,"The operation lasted too long: It took 1,070 milliseconds, but should not have lasted longer than 840 milliseconds.",231,168,6,18,http://stload.se.ifmo.ru:8080/?token=518472196&&user=-1356113187&config=1,1070,0,0
1775997720108,1095,HTTP Request 1,200,OK,config 1 1-1,text,false,"The operation lasted too long: It took 1,095 milliseconds, but should not have lasted longer than 840 milliseconds.",231,168,6,18,http://stload.se.ifmo.ru:8080/?token=518472196&&user=-1356113187&config=1,1095,0,0
1775997720257,961,HTTP Request 1,200,OK,config 1 1-2,text,false,"The operation lasted too long: It took 961 milliseconds, but should not have lasted longer than 840 milliseconds.",231,168,6,18,http://stload.se.ifmo.ru:8080/?token=518472196&&user=-1356113187&config=1,961,0,0
1775997720422,841,HTTP Request 1,200,OK,config 1 1-3,text,false,"The operation lasted too long: It took 841 milliseconds, but should not have lasted longer than 840 milliseconds.",231,168,6,18,http://stload.se.ifmo.ru:8080/?token=518472196&&user=-1356113187&config=1,841,0,0
1775997720590,866,HTTP Request 1,200,OK,config 1 1-4,text,false,"The operation lasted too long: It took 866 milliseconds, but should not have lasted longer than 840 milliseconds.",231,168,6,18,http://stload.se.ifmo.ru:8080/?token=518472196&&user=-1356113187&config=1,866,0,0
1775997720798,939,HTTP Request 1,200,OK,config 1 1-5,text,false,"The operation lasted too long: It took 939 milliseconds, but should not have lasted longer than 840 milliseconds.",231,168,6,18,http://stload.se.ifmo.ru:8080/?token=518472196&&user=-1356113187&config=1,939,0,0
1775997720923,1083,HTTP Request 1,200,OK,config 1 1-6,text,false,"The operation lasted too long: It took 1,083 milliseconds, but should not have lasted longer than 840 milliseconds.",231,168,6,18,http://stload.se.ifmo.ru:8080/?token=518472196&&user=-1356113187&config=1,1083,0,0
1775997721608,1020,HTTP Request 1,200,OK,config 1 1-1,text,false,"The operation lasted too long: It took 1,020 milliseconds, but should not have lasted longer than 840 milliseconds.",231,168,6,18,http://stload.se.ifmo.ru:8080/?token=518472196&&user=-1356113187&config=1,1020,0,0
1775997721757,997,HTTP Request 1,200,OK,config 1 1-2,text,false,"The operation lasted too long: It took 997 milliseconds, but should not have lasted longer than 840 milliseconds.",231,168,6,18,http://stload.se.ifmo.ru:8080/?token=518472196&&user=-1356113187&config=1,997,0,0
1775997721922,854,HTTP Request 1,200,OK,config 1 1-3,text,false,"The operation lasted too long: It took 854 milliseconds, but should not have lasted longer than 840 milliseconds.",231,168,6,18,http://stload.se.ifmo.ru:8080/?token=518472196&&user=-1356113187&config=1,854,0,0
1775997722089,896,HTTP Request 1,200,OK,config 1 1-4,text,false,"The operation lasted too long: It took 896 milliseconds, but should not have lasted longer than 840 milliseconds.",231,168,6,18,http://stload.se.ifmo.ru:8080/?token=518472196&&user=-1356113187&config=1,896,0,0
1775997722299,954,HTTP Request 1,200,OK,config 1 1-5,text,false,"The operation lasted too long: It took 954 milliseconds, but should not have lasted longer than 840 milliseconds.",231,168,6,18,http://stload.se.ifmo.ru:8080/?token=518472196&&user=-1356113187&config=1,954,0,0
1775997722423,851,HTTP Request 1,200,OK,config 1 1-6,text,false,"The operation lasted too long: It took 851 milliseconds, but should not have lasted longer than 840 milliseconds.",231,168,6,18,http://stload.se.ifmo.ru:8080/?token=518472196&&user=-1356113187&config=1,851,0,0
1775997723108,936,HTTP Request 1,200,OK,config 1 1-1,text,false,"The operation lasted too long: It took 936 milliseconds, but should not have lasted longer than 840 milliseconds.",231,168,6,18,http://stload.se.ifmo.ru:8080/?token=518472196&&user=-1356113187&config=1,936,0,0
1775997723257,861,HTTP Request 1,200,OK,config 1 1-2,text,false,"The operation lasted too long: It took 861 milliseconds, but should not have lasted longer than 840 milliseconds.",231,168,6,18,http://stload.se.ifmo.ru:8080/?token=518472196&&user=-1356113187&config=1,861,0,0
1775997723422,840,HTTP Request 1,200,OK,config 1 1-3,text,true,,231,168,6,18,http://stload.se.ifmo.ru:8080/?token=518472196&&user=-1356113187&config=1,840,0,0
1775997723590,850,HTTP Request 1,200,OK,config 1 1-4,text,false,"The operation lasted too long: It took 850 milliseconds, but should not have lasted longer than 840 milliseconds.",231,168,6,18,http://stload.se.ifmo.ru:8080/?token=518472196&&user=-1356113187&config=1,850,0,0
1775997723799,904,HTTP Request 1,200,OK,config 1 1-5,text,false,"The operation lasted too long: It took 904 milliseconds, but should not have lasted longer than 840 milliseconds.",231,168,6,18,http://stload.se.ifmo.ru:8080/?token=518472196&&user=-1356113187&config=1,904,0,0
1775997723923,916,HTTP Request 1,200,OK,config 1 1-6,text,false,"The operation lasted too long: It took 916 milliseconds, but should not have lasted longer than 840 milliseconds.",231,168,6,18,http://stload.se.ifmo.ru:8080/?token=518472196&&user=-1356113187&config=1,916,0,0
1775997724608,841,HTTP Request 1,200,OK,config 1 1-1,text,false,"The operation lasted too long: It took 841 milliseconds, but should not have lasted longer than 840 milliseconds.",231,168,6,18,http://stload.se.ifmo.ru:8080/?token=518472196&&user=-1356113187&config=1,841,0,0
1775997724756,853,HTTP Request 1,200,OK,config 1 1-2,text,false,"The operation lasted too long: It took 853 milliseconds, but should not have lasted longer than 840 milliseconds.",231,168,6,18,http://stload.se.ifmo.ru:8080/?token=518472196&&user=-1356113187&config=1,853,0,0
1775997724923,847,HTTP Request 1,200,OK,config 1 1-3,text,false,"The operation lasted too long: It took 847 milliseconds, but should not have lasted longer than 840 milliseconds.",231,168,6,18,http://stload.se.ifmo.ru:8080/?token=518472196&&user=-1356113187&config=1,847,0,0
1775997725089,869,HTTP Request 1,200,OK,config 1 1-4,text,false,"The operation lasted too long: It took 869 milliseconds, but should not have lasted longer than 840 milliseconds.",231,168,6,18,http://stload.se.ifmo.ru:8080/?token=518472196&&user=-1356113187&config=1,869,0,0
1775997725298,871,HTTP Request 1,200,OK,config 1 1-5,text,false,"The operation lasted too long: It took 871 milliseconds, but should not have lasted longer than 840 milliseconds.",231,168,6,18,http://stload.se.ifmo.ru:8080/?token=518472196&&user=-1356113187&config=1,871,0,0
1775997725423,910,HTTP Request 1,200,OK,config 1 1-6,text,false,"The operation lasted too long: It took 910 milliseconds, but should not have lasted longer than 840 milliseconds.",231,168,6,18,http://stload.se.ifmo.ru:8080/?token=518472196&&user=-1356113187&config=1,910,0,0
1775997726108,915,HTTP Request 1,200,OK,config 1 1-1,text,false,"The operation lasted too long: It took 915 milliseconds, but should not have lasted longer than 840 milliseconds.",231,168,6,18,http://stload.se.ifmo.ru:8080/?token=518472196&&user=-1356113187&config=1,915,0,0
1775997726257,851,HTTP Request 1,200,OK,config 1 1-2,text,false,"The operation lasted too long: It took 851 milliseconds, but should not have lasted longer than 840 milliseconds.",231,168,6,18,http://stload.se.ifmo.ru:8080/?token=518472196&&user=-1356113187&config=1,851,0,0
1775997726423,838,HTTP Request 1,200,OK,config 1 1-3,text,true,,231,168,6,18,http://stload.se.ifmo.ru:8080/?token=518472196&&user=-1356113187&config=1,838,0,0
1775997726590,909,HTTP Request 1,200,OK,config 1 1-4,text,false,"The operation lasted too long: It took 909 milliseconds, but should not have lasted longer than 840 milliseconds.",231,168,6,18,http://stload.se.ifmo.ru:8080/?token=518472196&&user=-1356113187&config=1,909,0,0
1775997726799,877,HTTP Request 1,200,OK,config 1 1-5,text,false,"The operation lasted too long: It took 877 milliseconds, but should not have lasted longer than 840 milliseconds.",231,168,6,18,http://stload.se.ifmo.ru:8080/?token=518472196&&user=-1356113187&config=1,877,0,0
1775997726924,877,HTTP Request 1,200,OK,config 1 1-6,text,false,"The operation lasted too long: It took 877 milliseconds, but should not have lasted longer than 840 milliseconds.",231,168,6,18,http://stload.se.ifmo.ru:8080/?token=518472196&&user=-1356113187&config=1,877,0,0
1775997727609,902,HTTP Request 1,200,OK,config 1 1-1,text,false,"The operation lasted too long: It took 902 milliseconds, but should not have lasted longer than 840 milliseconds.",231,168,6,18,http://stload.se.ifmo.ru:8080/?token=518472196&&user=-1356113187&config=1,902,0,0
1775997727756,871,HTTP Request 1,200,OK,config 1 1-2,text,false,"The operation lasted too long: It took 871 milliseconds, but should not have lasted longer than 840 milliseconds.",231,168,6,18,http://stload.se.ifmo.ru:8080/?token=518472196&&user=-1356113187&config=1,871,0,0
1775997727923,844,HTTP Request 1,200,OK,config 1 1-3,text,false,"The operation lasted too long: It took 844 milliseconds, but should not have lasted longer than 840 milliseconds.",231,168,6,18,http://stload.se.ifmo.ru:8080/?token=518472196&&user=-1356113187&config=1,844,0,0
1775997728089,860,HTTP Request 1,200,OK,config 1 1-4,text,false,"The operation lasted too long: It took 860 milliseconds, but should not have lasted longer than 840 milliseconds.",231,168,6,18,http://stload.se.ifmo.ru:8080/?token=518472196&&user=-1356113187&config=1,860,0,0
1775997728298,848,HTTP Request 1,200,OK,config 1 1-5,text,false,"The operation lasted too long: It took 848 milliseconds, but should not have lasted longer than 840 milliseconds.",231,168,6,18,http://stload.se.ifmo.ru:8080/?token=518472196&&user=-1356113187&config=1,848,0,0
1775997728423,865,HTTP Request 1,200,OK,config 1 1-6,text,false,"The operation lasted too long: It took 865 milliseconds, but should not have lasted longer than 840 milliseconds.",231,168,6,18,http://stload.se.ifmo.ru:8080/?token=518472196&&user=-1356113187&config=1,865,0,0
1775997729109,910,HTTP Request 1,200,OK,config 1 1-1,text,false,"The operation lasted too long: It took 910 milliseconds, but should not have lasted longer than 840 milliseconds.",231,168,6,13,http://stload.se.ifmo.ru:8080/?token=518472196&&user=-1356113187&config=1,910,0,0
1775997729256,874,HTTP Request 1,200,OK,config 1 1-2,text,false,"The operation lasted too long: It took 874 milliseconds, but should not have lasted longer than 840 milliseconds.",231,168,5,11,http://stload.se.ifmo.ru:8080/?token=518472196&&user=-1356113187&config=1,874,0,0
1775997729423,840,HTTP Request 1,200,OK,config 1 1-3,text,true,,231,168,4,8,http://stload.se.ifmo.ru:8080/?token=518472196&&user=-1356113187&config=1,840,0,0
1775997729589,893,HTTP Request 1,200,OK,config 1 1-4,text,false,"The operation lasted too long: It took 893 milliseconds, but should not have lasted longer than 840 milliseconds.",231,168,3,4,http://stload.se.ifmo.ru:8080/?token=518472196&&user=-1356113187&config=1,893,0,0
1775997729798,856,HTTP Request 1,200,OK,config 1 1-5,text,false,"The operation lasted too long: It took 856 milliseconds, but should not have lasted longer than 840 milliseconds.",231,168,2,2,http://stload.se.ifmo.ru:8080/?token=518472196&&user=-1356113187&config=1,856,0,0
1775997729923,965,HTTP Request 1,200,OK,config 1 1-6,text,false,"The operation lasted too long: It took 965 milliseconds, but should not have lasted longer than 840 milliseconds.",231,168,1,1,http://stload.se.ifmo.ru:8080/?token=518472196&&user=-1356113187&config=1,965,0,0
1775998201348,129,HTTP Request 1,Non HTTP response code: java.net.UnknownHostException,Non HTTP response message: stload.se.ifmo.ru,config 1 1-1,text,false,,2222,0,1,3,http://stload.se.ifmo.ru:8080/?token=518472196&&user=-1356113187&config=1,0,0,129
1775998202801,1,HTTP Request 1,Non HTTP response code: java.net.UnknownHostException,Non HTTP response message: stload.se.ifmo.ru,config 1 1-1,text,false,,2139,0,1,3,http://stload.se.ifmo.ru:8080/?token=518472196&&user=-1356113187&config=1,0,0,1
1775998202949,0,HTTP Request 1,Non HTTP response code: java.net.UnknownHostException,Non HTTP response message: stload.se.ifmo.ru,config 1 1-2,text,false,,2139,0,2,5,http://stload.se.ifmo.ru:8080/?token=518472196&&user=-1356113187&config=1,0,0,0
1775998204302,1,HTTP Request 1,Non HTTP response code: java.net.UnknownHostException,Non HTTP response message: stload.se.ifmo.ru,config 1 1-1,text,false,,2139,0,2,6,http://stload.se.ifmo.ru:8080/?token=518472196&&user=-1356113187&config=1,0,0,0
1775998204449,1,HTTP Request 1,Non HTTP response code: java.net.UnknownHostException,Non HTTP response message: stload.se.ifmo.ru,config 1 1-2,text,false,,2139,0,2,6,http://stload.se.ifmo.ru:8080/?token=518472196&&user=-1356113187&config=1,0,0,1
1775998204616,0,HTTP Request 1,Non HTTP response code: java.net.UnknownHostException,Non HTTP response message: stload.se.ifmo.ru,config 1 1-3,text,false,,2139,0,3,8,http://stload.se.ifmo.ru:8080/?token=518472196&&user=-1356113187&config=1,0,0,0
1775998205801,1,HTTP Request 1,Non HTTP response code: java.net.UnknownHostException,Non HTTP response message: stload.se.ifmo.ru,config 1 1-1,text,false,,2139,0,3,9,http://stload.se.ifmo.ru:8080/?token=518472196&&user=-1356113187&config=1,0,0,1
1775998205949,1,HTTP Request 1,Non HTTP response code: java.net.UnknownHostException,Non HTTP response message: stload.se.ifmo.ru,config 1 1-2,text,false,,2139,0,3,9,http://stload.se.ifmo.ru:8080/?token=518472196&&user=-1356113187&config=1,0,0,1
1775998206116,0,HTTP Request 1,Non HTTP response code: java.net.UnknownHostException,Non HTTP response message: stload.se.ifmo.ru,config 1 1-3,text,false,,2139,0,3,9,http://stload.se.ifmo.ru:8080/?token=518472196&&user=-1356113187&config=1,0,0,0
1775998206283,0,HTTP Request 1,Non HTTP response code: java.net.UnknownHostException,Non HTTP response message: stload.se.ifmo.ru,config 1 1-4,text,false,,2139,0,4,11,http://stload.se.ifmo.ru:8080/?token=518472196&&user=-1356113187&config=1,0,0,0
1775998207302,0,HTTP Request 1,Non HTTP response code: java.net.UnknownHostException,Non HTTP response message: stload.se.ifmo.ru,config 1 1-1,text,false,,2139,0,4,12,http://stload.se.ifmo.ru:8080/?token=518472196&&user=-1356113187&config=1,0,0,0
1775998207448,1,HTTP Request 1,Non HTTP response code: java.net.UnknownHostException,Non HTTP response message: stload.se.ifmo.ru,config 1 1-2,text,false,,2139,0,4,12,http://stload.se.ifmo.ru:8080/?token=518472196&&user=-1356113187&config=1,0,0,1
1775998207615,1,HTTP Request 1,Non HTTP response code: java.net.UnknownHostException,Non HTTP response message: stload.se.ifmo.ru,config 1 1-3,text,false,,2139,0,4,12,http://stload.se.ifmo.ru:8080/?token=518472196&&user=-1356113187&config=1,0,0,1
1775998207783,0,HTTP Request 1,Non HTTP response code: java.net.UnknownHostException,Non HTTP response message: stload.se.ifmo.ru,config 1 1-4,text,false,,2139,0,4,12,http://stload.se.ifmo.ru:8080/?token=518472196&&user=-1356113187&config=1,0,0,0
1775998207948,1,HTTP Request 1,Non HTTP response code: java.net.UnknownHostException,Non HTTP response message: stload.se.ifmo.ru,config 1 1-5,text,false,,2139,0,5,13,http://stload.se.ifmo.ru:8080/?token=518472196&&user=-1356113187&config=1,0,0,0
1775998208801,1,HTTP Request 1,Non HTTP response code: java.net.UnknownHostException,Non HTTP response message: stload.se.ifmo.ru,config 1 1-1,text,false,,2139,0,5,15,http://stload.se.ifmo.ru:8080/?token=518472196&&user=-1356113187&config=1,0,0,1
1775998208948,1,HTTP Request 1,Non HTTP response code: java.net.UnknownHostException,Non HTTP response message: stload.se.ifmo.ru,config 1 1-2,text,false,,2139,0,5,15,http://stload.se.ifmo.ru:8080/?token=518472196&&user=-1356113187&config=1,0,0,1
1775998209115,1,HTTP Request 1,Non HTTP response code: java.net.UnknownHostException,Non HTTP response message: stload.se.ifmo.ru,config 1 1-3,text,false,,2139,0,5,15,http://stload.se.ifmo.ru:8080/?token=518472196&&user=-1356113187&config=1,0,0,1
1775998209282,1,HTTP Request 1,Non HTTP response code: java.net.UnknownHostException,Non HTTP response message: stload.se.ifmo.ru,config 1 1-4,text,false,,2139,0,5,15,http://stload.se.ifmo.ru:8080/?token=518472196&&user=-1356113187&config=1,0,0,1
1775998209448,1,HTTP Request 1,Non HTTP response code: java.net.UnknownHostException,Non HTTP response message: stload.se.ifmo.ru,config 1 1-5,text,false,,2139,0,5,15,http://stload.se.ifmo.ru:8080/?token=518472196&&user=-1356113187&config=1,0,0,1
1775998209616,0,HTTP Request 1,Non HTTP response code: java.net.UnknownHostException,Non HTTP response message: stload.se.ifmo.ru,config 1 1-6,text,false,,2139,0,6,17,http://stload.se.ifmo.ru:8080/?token=518472196&&user=-1356113187&config=1,0,0,0
1775998210302,1,HTTP Request 1,Non HTTP response code: java.net.UnknownHostException,Non HTTP response message: stload.se.ifmo.ru,config 1 1-1,text,false,,2139,0,6,18,http://stload.se.ifmo.ru:8080/?token=518472196&&user=-1356113187&config=1,0,0,1
1775998210449,0,HTTP Request 1,Non HTTP response code: java.net.UnknownHostException,Non HTTP response message: stload.se.ifmo.ru,config 1 1-2,text,false,,2139,0,6,18,http://stload.se.ifmo.ru:8080/?token=518472196&&user=-1356113187&config=1,0,0,0
1775998210615,1,HTTP Request 1,Non HTTP response code: java.net.UnknownHostException,Non HTTP response message: stload.se.ifmo.ru,config 1 1-3,text,false,,2139,0,6,18,http://stload.se.ifmo.ru:8080/?token=518472196&&user=-1356113187&config=1,0,0,1
1775998210782,1,HTTP Request 1,Non HTTP response code: java.net.UnknownHostException,Non HTTP response message: stload.se.ifmo.ru,config 1 1-4,text,false,,2139,0,6,18,http://stload.se.ifmo.ru:8080/?token=518472196&&user=-1356113187&config=1,0,0,1
1775998210948,1,HTTP Request 1,Non HTTP response code: java.net.UnknownHostException,Non HTTP response message: stload.se.ifmo.ru,config 1 1-5,text,false,,2139,0,6,18,http://stload.se.ifmo.ru:8080/?token=518472196&&user=-1356113187&config=1,0,0,1
1775998211115,1,HTTP Request 1,Non HTTP response code: java.net.UnknownHostException,Non HTTP response message: stload.se.ifmo.ru,config 1 1-6,text,false,,2139,0,6,18,http://stload.se.ifmo.ru:8080/?token=518472196&&user=-1356113187&config=1,0,0,1
1775998211802,1,HTTP Request 1,Non HTTP response code: java.net.UnknownHostException,Non HTTP response message: stload.se.ifmo.ru: Name or service not known,config 1 1-1,text,false,,2506,0,6,18,http://stload.se.ifmo.ru:8080/?token=518472196&&user=-1356113187&config=1,0,0,1
1775998211948,1,HTTP Request 1,Non HTTP response code: java.net.UnknownHostException,Non HTTP response message: stload.se.ifmo.ru,config 1 1-2,text,false,,2139,0,6,18,http://stload.se.ifmo.ru:8080/?token=518472196&&user=-1356113187&config=1,0,0,1
1775998212116,0,HTTP Request 1,Non HTTP response code: java.net.UnknownHostException,Non HTTP response message: stload.se.ifmo.ru,config 1 1-3,text,false,,2139,0,6,18,http://stload.se.ifmo.ru:8080/?token=518472196&&user=-1356113187&config=1,0,0,0
1775998212283,0,HTTP Request 1,Non HTTP response code: java.net.UnknownHostException,Non HTTP response message: stload.se.ifmo.ru,config 1 1-4,text,false,,2139,0,6,18,http://stload.se.ifmo.ru:8080/?token=518472196&&user=-1356113187&config=1,0,0,0
1775998212448,0,HTTP Request 1,Non HTTP response code: java.net.UnknownHostException,Non HTTP response message: stload.se.ifmo.ru,config 1 1-5,text,false,,2139,0,6,18,http://stload.se.ifmo.ru:8080/?token=518472196&&user=-1356113187&config=1,0,0,0
1775998212616,0,HTTP Request 1,Non HTTP response code: java.net.UnknownHostException,Non HTTP response message: stload.se.ifmo.ru,config 1 1-6,text,false,,2139,0,6,18,http://stload.se.ifmo.ru:8080/?token=518472196&&user=-1356113187&config=1,0,0,0
1775998213301,1,HTTP Request 1,Non HTTP response code: java.net.UnknownHostException,Non HTTP response message: stload.se.ifmo.ru,config 1 1-1,text,false,,2139,0,6,18,http://stload.se.ifmo.ru:8080/?token=518472196&&user=-1356113187&config=1,0,0,1
1775998213448,1,HTTP Request 1,Non HTTP response code: java.net.UnknownHostException,Non HTTP response message: stload.se.ifmo.ru,config 1 1-2,text,false,,2139,0,6,18,http://stload.se.ifmo.ru:8080/?token=518472196&&user=-1356113187&config=1,0,0,1
1775998213616,0,HTTP Request 1,Non HTTP response code: java.net.UnknownHostException,Non HTTP response message: stload.se.ifmo.ru,config 1 1-3,text,false,,2139,0,6,18,http://stload.se.ifmo.ru:8080/?token=518472196&&user=-1356113187&config=1,0,0,0
1775998213782,1,HTTP Request 1,Non HTTP response code: java.net.UnknownHostException,Non HTTP response message: stload.se.ifmo.ru,config 1 1-4,text,false,,2139,0,6,18,http://stload.se.ifmo.ru:8080/?token=518472196&&user=-1356113187&config=1,0,0,1
1775998213948,1,HTTP Request 1,Non HTTP response code: java.net.UnknownHostException,Non HTTP response message: stload.se.ifmo.ru,config 1 1-5,text,false,,2139,0,6,18,http://stload.se.ifmo.ru:8080/?token=518472196&&user=-1356113187&config=1,0,0,1
1775998214115,1,HTTP Request 1,Non HTTP response code: java.net.UnknownHostException,Non HTTP response message: stload.se.ifmo.ru,config 1 1-6,text,false,,2139,0,6,18,http://stload.se.ifmo.ru:8080/?token=518472196&&user=-1356113187&config=1,0,0,1
1775998214802,0,HTTP Request 1,Non HTTP response code: java.net.UnknownHostException,Non HTTP response message: stload.se.ifmo.ru,config 1 1-1,text,false,,2139,0,6,18,http://stload.se.ifmo.ru:8080/?token=518472196&&user=-1356113187&config=1,0,0,0
1775998214949,0,HTTP Request 1,Non HTTP response code: java.net.UnknownHostException,Non HTTP response message: stload.se.ifmo.ru,config 1 1-2,text,false,,2139,0,6,18,http://stload.se.ifmo.ru:8080/?token=518472196&&user=-1356113187&config=1,0,0,0
1775998215115,1,HTTP Request 1,Non HTTP response code: java.net.UnknownHostException,Non HTTP response message: stload.se.ifmo.ru,config 1 1-3,text,false,,2139,0,6,18,http://stload.se.ifmo.ru:8080/?token=518472196&&user=-1356113187&config=1,0,0,1
1775998215282,0,HTTP Request 1,Non HTTP response code: java.net.UnknownHostException,Non HTTP response message: stload.se.ifmo.ru,config 1 1-4,text,false,,2139,0,6,18,http://stload.se.ifmo.ru:8080/?token=518472196&&user=-1356113187&config=1,0,0,0
1775998215448,1,HTTP Request 1,Non HTTP response code: java.net.UnknownHostException,Non HTTP response message: stload.se.ifmo.ru,config 1 1-5,text,false,,2139,0,6,18,http://stload.se.ifmo.ru:8080/?token=518472196&&user=-1356113187&config=1,0,0,1
1775998215615,1,HTTP Request 1,Non HTTP response code: java.net.UnknownHostException,Non HTTP response message: stload.se.ifmo.ru,config 1 1-6,text,false,,2139,0,6,18,http://stload.se.ifmo.ru:8080/?token=518472196&&user=-1356113187&config=1,0,0,1
1775998216301,1,HTTP Request 1,Non HTTP response code: java.net.UnknownHostException,Non HTTP response message: stload.se.ifmo.ru,config 1 1-1,text,false,,2139,0,6,18,http://stload.se.ifmo.ru:8080/?token=518472196&&user=-1356113187&config=1,0,0,0
1775998216448,1,HTTP Request 1,Non HTTP response code: java.net.UnknownHostException,Non HTTP response message: stload.se.ifmo.ru,config 1 1-2,text,false,,2139,0,6,18,http://stload.se.ifmo.ru:8080/?token=518472196&&user=-1356113187&config=1,0,0,1
1775998216616,0,HTTP Request 1,Non HTTP response code: java.net.UnknownHostException,Non HTTP response message: stload.se.ifmo.ru,config 1 1-3,text,false,,2139,0,6,18,http://stload.se.ifmo.ru:8080/?token=518472196&&user=-1356113187&config=1,0,0,0
1775998216782,0,HTTP Request 1,Non HTTP response code: java.net.UnknownHostException,Non HTTP response message: stload.se.ifmo.ru,config 1 1-4,text,false,,2139,0,6,18,http://stload.se.ifmo.ru:8080/?token=518472196&&user=-1356113187&config=1,0,0,0
1775998216949,0,HTTP Request 1,Non HTTP response code: java.net.UnknownHostException,Non HTTP response message: stload.se.ifmo.ru,config 1 1-5,text,false,,2139,0,6,18,http://stload.se.ifmo.ru:8080/?token=518472196&&user=-1356113187&config=1,0,0,0
1775998217115,1,HTTP Request 1,Non HTTP response code: java.net.UnknownHostException,Non HTTP response message: stload.se.ifmo.ru,config 1 1-6,text,false,,2139,0,6,18,http://stload.se.ifmo.ru:8080/?token=518472196&&user=-1356113187&config=1,0,0,1
1775998217801,1,HTTP Request 1,Non HTTP response code: java.net.UnknownHostException,Non HTTP response message: stload.se.ifmo.ru,config 1 1-1,text,false,,2139,0,6,18,http://stload.se.ifmo.ru:8080/?token=518472196&&user=-1356113187&config=1,0,0,1
1775998217949,0,HTTP Request 1,Non HTTP response code: java.net.UnknownHostException,Non HTTP response message: stload.se.ifmo.ru,config 1 1-2,text,false,,2139,0,6,18,http://stload.se.ifmo.ru:8080/?token=518472196&&user=-1356113187&config=1,0,0,0
1775998218115,0,HTTP Request 1,Non HTTP response code: java.net.UnknownHostException,Non HTTP response message: stload.se.ifmo.ru,config 1 1-3,text,false,,2139,0,6,18,http://stload.se.ifmo.ru:8080/?token=518472196&&user=-1356113187&config=1,0,0,0
1775998218282,1,HTTP Request 1,Non HTTP response code: java.net.UnknownHostException,Non HTTP response message: stload.se.ifmo.ru,config 1 1-4,text,false,,2139,0,6,18,http://stload.se.ifmo.ru:8080/?token=518472196&&user=-1356113187&config=1,0,0,0
1775998218448,1,HTTP Request 1,Non HTTP response code: java.net.UnknownHostException,Non HTTP response message: stload.se.ifmo.ru,config 1 1-5,text,false,,2139,0,6,18,http://stload.se.ifmo.ru:8080/?token=518472196&&user=-1356113187&config=1,0,0,1
1775998218615,1,HTTP Request 1,Non HTTP response code: java.net.UnknownHostException,Non HTTP response message: stload.se.ifmo.ru,config 1 1-6,text,false,,2139,0,6,18,http://stload.se.ifmo.ru:8080/?token=518472196&&user=-1356113187&config=1,0,0,1
1775998219302,0,HTTP Request 1,Non HTTP response code: java.net.UnknownHostException,Non HTTP response message: stload.se.ifmo.ru,config 1 1-1,text,false,,2139,0,6,18,http://stload.se.ifmo.ru:8080/?token=518472196&&user=-1356113187&config=1,0,0,0
1775998219448,1,HTTP Request 1,Non HTTP response code: java.net.UnknownHostException,Non HTTP response message: stload.se.ifmo.ru,config 1 1-2,text,false,,2139,0,6,18,http://stload.se.ifmo.ru:8080/?token=518472196&&user=-1356113187&config=1,0,0,1
1775998219615,1,HTTP Request 1,Non HTTP response code: java.net.UnknownHostException,Non HTTP response message: stload.se.ifmo.ru,config 1 1-3,text,false,,2139,0,6,18,http://stload.se.ifmo.ru:8080/?token=518472196&&user=-1356113187&config=1,0,0,1
1775998219783,0,HTTP Request 1,Non HTTP response code: java.net.UnknownHostException,Non HTTP response message: stload.se.ifmo.ru,config 1 1-4,text,false,,2139,0,6,18,http://stload.se.ifmo.ru:8080/?token=518472196&&user=-1356113187&config=1,0,0,0
1775998219949,0,HTTP Request 1,Non HTTP response code: java.net.UnknownHostException,Non HTTP response message: stload.se.ifmo.ru,config 1 1-5,text,false,,2139,0,6,18,http://stload.se.ifmo.ru:8080/?token=518472196&&user=-1356113187&config=1,0,0,0
1775998220116,0,HTTP Request 1,Non HTTP response code: java.net.UnknownHostException,Non HTTP response message: stload.se.ifmo.ru,config 1 1-6,text,false,,2139,0,6,18,http://stload.se.ifmo.ru:8080/?token=518472196&&user=-1356113187&config=1,0,0,0
1775998220802,0,HTTP Request 1,Non HTTP response code: java.net.UnknownHostException,Non HTTP response message: stload.se.ifmo.ru,config 1 1-1,text,false,,2139,0,6,18,http://stload.se.ifmo.ru:8080/?token=518472196&&user=-1356113187&config=1,0,0,0
1775998220948,1,HTTP Request 1,Non HTTP response code: java.net.UnknownHostException,Non HTTP response message: stload.se.ifmo.ru,config 1 1-2,text,false,,2139,0,6,18,http://stload.se.ifmo.ru:8080/?token=518472196&&user=-1356113187&config=1,0,0,1
1775998221115,1,HTTP Request 1,Non HTTP response code: java.net.UnknownHostException,Non HTTP response message: stload.se.ifmo.ru,config 1 1-3,text,false,,2139,0,6,18,http://stload.se.ifmo.ru:8080/?token=518472196&&user=-1356113187&config=1,0,0,1
1775998221282,1,HTTP Request 1,Non HTTP response code: java.net.UnknownHostException,Non HTTP response message: stload.se.ifmo.ru,config 1 1-4,text,false,,2139,0,6,18,http://stload.se.ifmo.ru:8080/?token=518472196&&user=-1356113187&config=1,0,0,1
1775998221449,0,HTTP Request 1,Non HTTP response code: java.net.UnknownHostException,Non HTTP response message: stload.se.ifmo.ru,config 1 1-5,text,false,,2139,0,6,18,http://stload.se.ifmo.ru:8080/?token=518472196&&user=-1356113187&config=1,0,0,0
1775998221616,0,HTTP Request 1,Non HTTP response code: java.net.UnknownHostException,Non HTTP response message: stload.se.ifmo.ru,config 1 1-6,text,false,,2139,0,6,18,http://stload.se.ifmo.ru:8080/?token=518472196&&user=-1356113187&config=1,0,0,0
1775998222301,0,HTTP Request 1,Non HTTP response code: java.net.UnknownHostException,Non HTTP response message: stload.se.ifmo.ru,config 1 1-1,text,false,,2139,0,6,18,http://stload.se.ifmo.ru:8080/?token=518472196&&user=-1356113187&config=1,0,0,0
1775998222448,1,HTTP Request 1,Non HTTP response code: java.net.UnknownHostException,Non HTTP response message: stload.se.ifmo.ru,config 1 1-2,text,false,,2139,0,6,18,http://stload.se.ifmo.ru:8080/?token=518472196&&user=-1356113187&config=1,0,0,1
1775998222616,0,HTTP Request 1,Non HTTP response code: java.net.UnknownHostException,Non HTTP response message: stload.se.ifmo.ru,config 1 1-3,text,false,,2139,0,6,18,http://stload.se.ifmo.ru:8080/?token=518472196&&user=-1356113187&config=1,0,0,0
1775998222783,0,HTTP Request 1,Non HTTP response code: java.net.UnknownHostException,Non HTTP response message: stload.se.ifmo.ru,config 1 1-4,text,false,,2139,0,6,18,http://stload.se.ifmo.ru:8080/?token=518472196&&user=-1356113187&config=1,0,0,0
1775998222948,0,HTTP Request 1,Non HTTP response code: java.net.UnknownHostException,Non HTTP response message: stload.se.ifmo.ru,config 1 1-5,text,false,,2139,0,6,18,http://stload.se.ifmo.ru:8080/?token=518472196&&user=-1356113187&config=1,0,0,0
1775998223116,0,HTTP Request 1,Non HTTP response code: java.net.UnknownHostException,Non HTTP response message: stload.se.ifmo.ru,config 1 1-6,text,false,,2139,0,6,18,http://stload.se.ifmo.ru:8080/?token=518472196&&user=-1356113187&config=1,0,0,0
1775998223801,0,HTTP Request 1,Non HTTP response code: java.net.UnknownHostException,Non HTTP response message: stload.se.ifmo.ru,config 1 1-1,text,false,,2139,0,6,18,http://stload.se.ifmo.ru:8080/?token=518472196&&user=-1356113187&config=1,0,0,0
1775998223948,1,HTTP Request 1,Non HTTP response code: java.net.UnknownHostException,Non HTTP response message: stload.se.ifmo.ru,config 1 1-2,text,false,,2139,0,6,18,http://stload.se.ifmo.ru:8080/?token=518472196&&user=-1356113187&config=1,0,0,1
1775998224116,0,HTTP Request 1,Non HTTP response code: java.net.UnknownHostException,Non HTTP response message: stload.se.ifmo.ru,config 1 1-3,text,false,,2139,0,6,18,http://stload.se.ifmo.ru:8080/?token=518472196&&user=-1356113187&config=1,0,0,0
1775998224282,1,HTTP Request 1,Non HTTP response code: java.net.UnknownHostException,Non HTTP response message: stload.se.ifmo.ru,config 1 1-4,text,false,,2139,0,6,18,http://stload.se.ifmo.ru:8080/?token=518472196&&user=-1356113187&config=1,0,0,1
1775998224448,1,HTTP Request 1,Non HTTP response code: java.net.UnknownHostException,Non HTTP response message: stload.se.ifmo.ru,config 1 1-5,text,false,,2139,0,6,18,http://stload.se.ifmo.ru:8080/?token=518472196&&user=-1356113187&config=1,0,0,1
1775998224616,0,HTTP Request 1,Non HTTP response code: java.net.UnknownHostException,Non HTTP response message: stload.se.ifmo.ru,config 1 1-6,text,false,,2139,0,6,18,http://stload.se.ifmo.ru:8080/?token=518472196&&user=-1356113187&config=1,0,0,0
1775998225301,1,HTTP Request 1,Non HTTP response code: java.net.UnknownHostException,Non HTTP response message: stload.se.ifmo.ru,config 1 1-1,text,false,,2139,0,6,18,http://stload.se.ifmo.ru:8080/?token=518472196&&user=-1356113187&config=1,0,0,0
1775998225449,0,HTTP Request 1,Non HTTP response code: java.net.UnknownHostException,Non HTTP response message: stload.se.ifmo.ru,config 1 1-2,text,false,,2139,0,6,18,http://stload.se.ifmo.ru:8080/?token=518472196&&user=-1356113187&config=1,0,0,0
1775998225615,1,HTTP Request 1,Non HTTP response code: java.net.UnknownHostException,Non HTTP response message: stload.se.ifmo.ru,config 1 1-3,text,false,,2139,0,6,18,http://stload.se.ifmo.ru:8080/?token=518472196&&user=-1356113187&config=1,0,0,1
1775998225782,1,HTTP Request 1,Non HTTP response code: java.net.UnknownHostException,Non HTTP response message: stload.se.ifmo.ru,config 1 1-4,text,false,,2139,0,6,18,http://stload.se.ifmo.ru:8080/?token=518472196&&user=-1356113187&config=1,0,0,1
1775998225949,0,HTTP Request 1,Non HTTP response code: java.net.UnknownHostException,Non HTTP response message: stload.se.ifmo.ru,config 1 1-5,text,false,,2139,0,6,18,http://stload.se.ifmo.ru:8080/?token=518472196&&user=-1356113187&config=1,0,0,0
1775998226116,0,HTTP Request 1,Non HTTP response code: java.net.UnknownHostException,Non HTTP response message: stload.se.ifmo.ru,config 1 1-6,text,false,,2139,0,6,18,http://stload.se.ifmo.ru:8080/?token=518472196&&user=-1356113187&config=1,0,0,0
1775998226801,1,HTTP Request 1,Non HTTP response code: java.net.UnknownHostException,Non HTTP response message: stload.se.ifmo.ru,config 1 1-1,text,false,,2139,0,6,18,http://stload.se.ifmo.ru:8080/?token=518472196&&user=-1356113187&config=1,0,0,1
1775998226948,0,HTTP Request 1,Non HTTP response code: java.net.UnknownHostException,Non HTTP response message: stload.se.ifmo.ru,config 1 1-2,text,false,,2139,0,6,18,http://stload.se.ifmo.ru:8080/?token=518472196&&user=-1356113187&config=1,0,0,0
1775998227116,0,HTTP Request 1,Non HTTP response code: java.net.UnknownHostException,Non HTTP response message: stload.se.ifmo.ru,config 1 1-3,text,false,,2139,0,6,18,http://stload.se.ifmo.ru:8080/?token=518472196&&user=-1356113187&config=1,0,0,0
1775998227283,1,HTTP Request 1,Non HTTP response code: java.net.UnknownHostException,Non HTTP response message: stload.se.ifmo.ru,config 1 1-4,text,false,,2139,0,6,18,http://stload.se.ifmo.ru:8080/?token=518472196&&user=-1356113187&config=1,0,0,1
1775998227449,0,HTTP Request 1,Non HTTP response code: java.net.UnknownHostException,Non HTTP response message: stload.se.ifmo.ru,config 1 1-5,text,false,,2139,0,6,18,http://stload.se.ifmo.ru:8080/?token=518472196&&user=-1356113187&config=1,0,0,0
1775998227615,0,HTTP Request 1,Non HTTP response code: java.net.UnknownHostException,Non HTTP response message: stload.se.ifmo.ru,config 1 1-6,text,false,,2139,0,6,18,http://stload.se.ifmo.ru:8080/?token=518472196&&user=-1356113187&config=1,0,0,0
1775998228301,1,HTTP Request 1,Non HTTP response code: java.net.UnknownHostException,Non HTTP response message: stload.se.ifmo.ru,config 1 1-1,text,false,,2139,0,6,18,http://stload.se.ifmo.ru:8080/?token=518472196&&user=-1356113187&config=1,0,0,1
1775998228448,1,HTTP Request 1,Non HTTP response code: java.net.UnknownHostException,Non HTTP response message: stload.se.ifmo.ru,config 1 1-2,text,false,,2139,0,6,18,http://stload.se.ifmo.ru:8080/?token=518472196&&user=-1356113187&config=1,0,0,1
1775998228615,1,HTTP Request 1,Non HTTP response code: java.net.UnknownHostException,Non HTTP response message: stload.se.ifmo.ru,config 1 1-3,text,false,,2139,0,6,18,http://stload.se.ifmo.ru:8080/?token=518472196&&user=-1356113187&config=1,0,0,1
1775998228783,0,HTTP Request 1,Non HTTP response code: java.net.UnknownHostException,Non HTTP response message: stload.se.ifmo.ru,config 1 1-4,text,false,,2139,0,6,18,http://stload.se.ifmo.ru:8080/?token=518472196&&user=-1356113187&config=1,0,0,0
1775998228948,0,HTTP Request 1,Non HTTP response code: java.net.UnknownHostException,Non HTTP response message: stload.se.ifmo.ru,config 1 1-5,text,false,,2139,0,6,18,http://stload.se.ifmo.ru:8080/?token=518472196&&user=-1356113187&config=1,0,0,0
1775998229115,1,HTTP Request 1,Non HTTP response code: java.net.UnknownHostException,Non HTTP response message: stload.se.ifmo.ru,config 1 1-6,text,false,,2139,0,6,18,http://stload.se.ifmo.ru:8080/?token=518472196&&user=-1356113187&config=1,0,0,1
1775998229801,1,HTTP Request 1,Non HTTP response code: java.net.UnknownHostException,Non HTTP response message: stload.se.ifmo.ru,config 1 1-1,text,false,,2139,0,6,18,http://stload.se.ifmo.ru:8080/?token=518472196&&user=-1356113187&config=1,0,0,1
1775998229948,1,HTTP Request 1,Non HTTP response code: java.net.UnknownHostException,Non HTTP response message: stload.se.ifmo.ru,config 1 1-2,text,false,,2139,0,6,18,http://stload.se.ifmo.ru:8080/?token=518472196&&user=-1356113187&config=1,0,0,1
1775998230116,0,HTTP Request 1,Non HTTP response code: java.net.UnknownHostException,Non HTTP response message: stload.se.ifmo.ru,config 1 1-3,text,false,,2139,0,6,18,http://stload.se.ifmo.ru:8080/?token=518472196&&user=-1356113187&config=1,0,0,0
1775998230282,1,HTTP Request 1,Non HTTP response code: java.net.UnknownHostException,Non HTTP response message: stload.se.ifmo.ru,config 1 1-4,text,false,,2139,0,6,18,http://stload.se.ifmo.ru:8080/?token=518472196&&user=-1356113187&config=1,0,0,0
1775998230448,0,HTTP Request 1,Non HTTP response code: java.net.UnknownHostException,Non HTTP response message: stload.se.ifmo.ru,config 1 1-5,text,false,,2139,0,6,18,http://stload.se.ifmo.ru:8080/?token=518472196&&user=-1356113187&config=1,0,0,0
1775998230616,0,HTTP Request 1,Non HTTP response code: java.net.UnknownHostException,Non HTTP response message: stload.se.ifmo.ru,config 1 1-6,text,false,,2139,0,6,18,http://stload.se.ifmo.ru:8080/?token=518472196&&user=-1356113187&config=1,0,0,0
1775998231302,0,HTTP Request 1,Non HTTP response code: java.net.UnknownHostException,Non HTTP response message: stload.se.ifmo.ru,config 1 1-1,text,false,,2139,0,6,18,http://stload.se.ifmo.ru:8080/?token=518472196&&user=-1356113187&config=1,0,0,0
1775998231448,1,HTTP Request 1,Non HTTP response code: java.net.UnknownHostException,Non HTTP response message: stload.se.ifmo.ru,config 1 1-2,text,false,,2139,0,6,18,http://stload.se.ifmo.ru:8080/?token=518472196&&user=-1356113187&config=1,0,0,1
1775998231615,1,HTTP Request 1,Non HTTP response code: java.net.UnknownHostException,Non HTTP response message: stload.se.ifmo.ru,config 1 1-3,text,false,,2139,0,6,18,http://stload.se.ifmo.ru:8080/?token=518472196&&user=-1356113187&config=1,0,0,1
1775998231782,1,HTTP Request 1,Non HTTP response code: java.net.UnknownHostException,Non HTTP response message: stload.se.ifmo.ru,config 1 1-4,text,false,,2139,0,6,18,http://stload.se.ifmo.ru:8080/?token=518472196&&user=-1356113187&config=1,0,0,1
1775998231948,1,HTTP Request 1,Non HTTP response code: java.net.UnknownHostException,Non HTTP response message: stload.se.ifmo.ru,config 1 1-5,text,false,,2139,0,6,18,http://stload.se.ifmo.ru:8080/?token=518472196&&user=-1356113187&config=1,0,0,1
1775998232115,1,HTTP Request 1,Non HTTP response code: java.net.UnknownHostException,Non HTTP response message: stload.se.ifmo.ru,config 1 1-6,text,false,,2139,0,6,18,http://stload.se.ifmo.ru:8080/?token=518472196&&user=-1356113187&config=1,0,0,0
1775998232801,1,HTTP Request 1,Non HTTP response code: java.net.UnknownHostException,Non HTTP response message: stload.se.ifmo.ru,config 1 1-1,text,false,,2139,0,6,18,http://stload.se.ifmo.ru:8080/?token=518472196&&user=-1356113187&config=1,0,0,1
1775998232948,0,HTTP Request 1,Non HTTP response code: java.net.UnknownHostException,Non HTTP response message: stload.se.ifmo.ru,config 1 1-2,text,false,,2139,0,6,18,http://stload.se.ifmo.ru:8080/?token=518472196&&user=-1356113187&config=1,0,0,0
1775998233116,0,HTTP Request 1,Non HTTP response code: java.net.UnknownHostException,Non HTTP response message: stload.se.ifmo.ru,config 1 1-3,text,false,,2139,0,6,18,http://stload.se.ifmo.ru:8080/?token=518472196&&user=-1356113187&config=1,0,0,0
1775998233282,1,HTTP Request 1,Non HTTP response code: java.net.UnknownHostException,Non HTTP response message: stload.se.ifmo.ru,config 1 1-4,text,false,,2139,0,6,18,http://stload.se.ifmo.ru:8080/?token=518472196&&user=-1356113187&config=1,0,0,1
1775998233449,0,HTTP Request 1,Non HTTP response code: java.net.UnknownHostException,Non HTTP response message: stload.se.ifmo.ru,config 1 1-5,text,false,,2139,0,6,18,http://stload.se.ifmo.ru:8080/?token=518472196&&user=-1356113187&config=1,0,0,0
1775998233615,1,HTTP Request 1,Non HTTP response code: java.net.UnknownHostException,Non HTTP response message: stload.se.ifmo.ru,config 1 1-6,text,false,,2139,0,6,18,http://stload.se.ifmo.ru:8080/?token=518472196&&user=-1356113187&config=1,0,0,1
1775998234302,0,HTTP Request 1,Non HTTP response code: java.net.UnknownHostException,Non HTTP response message: stload.se.ifmo.ru,config 1 1-1,text,false,,2139,0,6,18,http://stload.se.ifmo.ru:8080/?token=518472196&&user=-1356113187&config=1,0,0,0
1775998234448,1,HTTP Request 1,Non HTTP response code: java.net.UnknownHostException,Non HTTP response message: stload.se.ifmo.ru,config 1 1-2,text,false,,2139,0,6,18,http://stload.se.ifmo.ru:8080/?token=518472196&&user=-1356113187&config=1,0,0,1
1775998234615,0,HTTP Request 1,Non HTTP response code: java.net.UnknownHostException,Non HTTP response message: stload.se.ifmo.ru,config 1 1-3,text,false,,2139,0,6,18,http://stload.se.ifmo.ru:8080/?token=518472196&&user=-1356113187&config=1,0,0,0
1775998234783,0,HTTP Request 1,Non HTTP response code: java.net.UnknownHostException,Non HTTP response message: stload.se.ifmo.ru,config 1 1-4,text,false,,2139,0,6,18,http://stload.se.ifmo.ru:8080/?token=518472196&&user=-1356113187&config=1,0,0,0
1775998234948,0,HTTP Request 1,Non HTTP response code: java.net.UnknownHostException,Non HTTP response message: stload.se.ifmo.ru,config 1 1-5,text,false,,2139,0,6,18,http://stload.se.ifmo.ru:8080/?token=518472196&&user=-1356113187&config=1,0,0,0
1775998235116,0,HTTP Request 1,Non HTTP response code: java.net.UnknownHostException,Non HTTP response message: stload.se.ifmo.ru,config 1 1-6,text,false,,2139,0,6,18,http://stload.se.ifmo.ru:8080/?token=518472196&&user=-1356113187&config=1,0,0,0
1775998235802,0,HTTP Request 1,Non HTTP response code: java.net.UnknownHostException,Non HTTP response message: stload.se.ifmo.ru,config 1 1-1,text,false,,2139,0,6,18,http://stload.se.ifmo.ru:8080/?token=518472196&&user=-1356113187&config=1,0,0,0
1775998235948,1,HTTP Request 1,Non HTTP response code: java.net.UnknownHostException,Non HTTP response message: stload.se.ifmo.ru,config 1 1-2,text,false,,2139,0,6,18,http://stload.se.ifmo.ru:8080/?token=518472196&&user=-1356113187&config=1,0,0,1
1775998236115,0,HTTP Request 1,Non HTTP response code: java.net.UnknownHostException,Non HTTP response message: stload.se.ifmo.ru,config 1 1-3,text,false,,2139,0,6,18,http://stload.se.ifmo.ru:8080/?token=518472196&&user=-1356113187&config=1,0,0,0
1775998236283,0,HTTP Request 1,Non HTTP response code: java.net.UnknownHostException,Non HTTP response message: stload.se.ifmo.ru,config 1 1-4,text,false,,2139,0,6,18,http://stload.se.ifmo.ru:8080/?token=518472196&&user=-1356113187&config=1,0,0,0
1775998236448,0,HTTP Request 1,Non HTTP response code: java.net.UnknownHostException,Non HTTP response message: stload.se.ifmo.ru,config 1 1-5,text,false,,2139,0,6,18,http://stload.se.ifmo.ru:8080/?token=518472196&&user=-1356113187&config=1,0,0,0
1775998236615,0,HTTP Request 1,Non HTTP response code: java.net.UnknownHostException,Non HTTP response message: stload.se.ifmo.ru,config 1 1-6,text,false,,2139,0,6,18,http://stload.se.ifmo.ru:8080/?token=518472196&&user=-1356113187&config=1,0,0,0
1775998237301,1,HTTP Request 1,Non HTTP response code: java.net.UnknownHostException,Non HTTP response message: stload.se.ifmo.ru,config 1 1-1,text,false,,2139,0,6,18,http://stload.se.ifmo.ru:8080/?token=518472196&&user=-1356113187&config=1,0,0,1
1775998237449,0,HTTP Request 1,Non HTTP response code: java.net.UnknownHostException,Non HTTP response message: stload.se.ifmo.ru,config 1 1-2,text,false,,2139,0,6,18,http://stload.se.ifmo.ru:8080/?token=518472196&&user=-1356113187&config=1,0,0,0
1775998237616,0,HTTP Request 1,Non HTTP response code: java.net.UnknownHostException,Non HTTP response message: stload.se.ifmo.ru,config 1 1-3,text,false,,2139,0,6,18,http://stload.se.ifmo.ru:8080/?token=518472196&&user=-1356113187&config=1,0,0,0
1775998237782,1,HTTP Request 1,Non HTTP response code: java.net.UnknownHostException,Non HTTP response message: stload.se.ifmo.ru,config 1 1-4,text,false,,2139,0,6,18,http://stload.se.ifmo.ru:8080/?token=518472196&&user=-1356113187&config=1,0,0,1
1775998237949,0,HTTP Request 1,Non HTTP response code: java.net.UnknownHostException,Non HTTP response message: stload.se.ifmo.ru,config 1 1-5,text,false,,2139,0,6,18,http://stload.se.ifmo.ru:8080/?token=518472196&&user=-1356113187&config=1,0,0,0
1775998238115,0,HTTP Request 1,Non HTTP response code: java.net.UnknownHostException,Non HTTP response message: stload.se.ifmo.ru,config 1 1-6,text,false,,2139,0,6,18,http://stload.se.ifmo.ru:8080/?token=518472196&&user=-1356113187&config=1,0,0,0
1775998238802,1,HTTP Request 1,Non HTTP response code: java.net.UnknownHostException,Non HTTP response message: stload.se.ifmo.ru,config 1 1-1,text,false,,2139,0,6,18,http://stload.se.ifmo.ru:8080/?token=518472196&&user=-1356113187&config=1,0,0,1
1775998238949,0,HTTP Request 1,Non HTTP response code: java.net.UnknownHostException,Non HTTP response message: stload.se.ifmo.ru,config 1 1-2,text,false,,2139,0,6,18,http://stload.se.ifmo.ru:8080/?token=518472196&&user=-1356113187&config=1,0,0,0
1775998239116,0,HTTP Request 1,Non HTTP response code: java.net.UnknownHostException,Non HTTP response message: stload.se.ifmo.ru,config 1 1-3,text,false,,2139,0,6,18,http://stload.se.ifmo.ru:8080/?token=518472196&&user=-1356113187&config=1,0,0,0
1775998239283,0,HTTP Request 1,Non HTTP response code: java.net.UnknownHostException,Non HTTP response message: stload.se.ifmo.ru,config 1 1-4,text,false,,2139,0,6,18,http://stload.se.ifmo.ru:8080/?token=518472196&&user=-1356113187&config=1,0,0,0
1775998239448,0,HTTP Request 1,Non HTTP response code: java.net.UnknownHostException,Non HTTP response message: stload.se.ifmo.ru,config 1 1-5,text,false,,2139,0,6,18,http://stload.se.ifmo.ru:8080/?token=518472196&&user=-1356113187&config=1,0,0,0
1775998239615,0,HTTP Request 1,Non HTTP response code: java.net.UnknownHostException,Non HTTP response message: stload.se.ifmo.ru,config 1 1-6,text,false,,2139,0,6,18,http://stload.se.ifmo.ru:8080/?token=518472196&&user=-1356113187&config=1,0,0,0
1775998240301,1,HTTP Request 1,Non HTTP response code: java.net.UnknownHostException,Non HTTP response message: stload.se.ifmo.ru,config 1 1-1,text,false,,2139,0,6,18,http://stload.se.ifmo.ru:8080/?token=518472196&&user=-1356113187&config=1,0,0,1
1775998240449,0,HTTP Request 1,Non HTTP response code: java.net.UnknownHostException,Non HTTP response message: stload.se.ifmo.ru,config 1 1-2,text,false,,2139,0,6,18,http://stload.se.ifmo.ru:8080/?token=518472196&&user=-1356113187&config=1,0,0,0
1775998240615,0,HTTP Request 1,Non HTTP response code: java.net.UnknownHostException,Non HTTP response message: stload.se.ifmo.ru,config 1 1-3,text,false,,2139,0,6,18,http://stload.se.ifmo.ru:8080/?token=518472196&&user=-1356113187&config=1,0,0,0
1775998240782,0,HTTP Request 1,Non HTTP response code: java.net.UnknownHostException,Non HTTP response message: stload.se.ifmo.ru,config 1 1-4,text,false,,2139,0,6,18,http://stload.se.ifmo.ru:8080/?token=518472196&&user=-1356113187&config=1,0,0,0
1775998240949,0,HTTP Request 1,Non HTTP response code: java.net.UnknownHostException,Non HTTP response message: stload.se.ifmo.ru,config 1 1-5,text,false,,2139,0,6,18,http://stload.se.ifmo.ru:8080/?token=518472196&&user=-1356113187&config=1,0,0,0
1775998241115,1,HTTP Request 1,Non HTTP response code: java.net.UnknownHostException,Non HTTP response message: stload.se.ifmo.ru,config 1 1-6,text,false,,2139,0,6,18,http://stload.se.ifmo.ru:8080/?token=518472196&&user=-1356113187&config=1,0,0,1
1775998241801,1,HTTP Request 1,Non HTTP response code: java.net.UnknownHostException,Non HTTP response message: stload.se.ifmo.ru,config 1 1-1,text,false,,2139,0,6,18,http://stload.se.ifmo.ru:8080/?token=518472196&&user=-1356113187&config=1,0,0,1
1775998241948,0,HTTP Request 1,Non HTTP response code: java.net.UnknownHostException,Non HTTP response message: stload.se.ifmo.ru,config 1 1-2,text,false,,2139,0,6,18,http://stload.se.ifmo.ru:8080/?token=518472196&&user=-1356113187&config=1,0,0,0
1775998242116,0,HTTP Request 1,Non HTTP response code: java.net.UnknownHostException,Non HTTP response message: stload.se.ifmo.ru,config 1 1-3,text,false,,2139,0,6,18,http://stload.se.ifmo.ru:8080/?token=518472196&&user=-1356113187&config=1,0,0,0
1775998242283,0,HTTP Request 1,Non HTTP response code: java.net.UnknownHostException,Non HTTP response message: stload.se.ifmo.ru,config 1 1-4,text,false,,2139,0,6,18,http://stload.se.ifmo.ru:8080/?token=518472196&&user=-1356113187&config=1,0,0,0
1775998242448,0,HTTP Request 1,Non HTTP response code: java.net.UnknownHostException,Non HTTP response message: stload.se.ifmo.ru,config 1 1-5,text,false,,2139,0,6,18,http://stload.se.ifmo.ru:8080/?token=518472196&&user=-1356113187&config=1,0,0,0
1775998242615,1,HTTP Request 1,Non HTTP response code: java.net.UnknownHostException,Non HTTP response message: stload.se.ifmo.ru,config 1 1-6,text,false,,2139,0,6,18,http://stload.se.ifmo.ru:8080/?token=518472196&&user=-1356113187&config=1,0,0,0
1775998243301,1,HTTP Request 1,Non HTTP response code: java.net.UnknownHostException,Non HTTP response message: stload.se.ifmo.ru,config 1 1-1,text,false,,2139,0,6,18,http://stload.se.ifmo.ru:8080/?token=518472196&&user=-1356113187&config=1,0,0,1
1775998243448,0,HTTP Request 1,Non HTTP response code: java.net.UnknownHostException,Non HTTP response message: stload.se.ifmo.ru,config 1 1-2,text,false,,2139,0,6,18,http://stload.se.ifmo.ru:8080/?token=518472196&&user=-1356113187&config=1,0,0,0
1775998243616,0,HTTP Request 1,Non HTTP response code: java.net.UnknownHostException,Non HTTP response message: stload.se.ifmo.ru,config 1 1-3,text,false,,2139,0,6,18,http://stload.se.ifmo.ru:8080/?token=518472196&&user=-1356113187&config=1,0,0,0
1775998243783,0,HTTP Request 1,Non HTTP response code: java.net.UnknownHostException,Non HTTP response message: stload.se.ifmo.ru,config 1 1-4,text,false,,2139,0,6,18,http://stload.se.ifmo.ru:8080/?token=518472196&&user=-1356113187&config=1,0,0,0
1775998243948,1,HTTP Request 1,Non HTTP response code: java.net.UnknownHostException,Non HTTP response message: stload.se.ifmo.ru,config 1 1-5,text,false,,2139,0,6,18,http://stload.se.ifmo.ru:8080/?token=518472196&&user=-1356113187&config=1,0,0,1
1775998244115,0,HTTP Request 1,Non HTTP response code: java.net.UnknownHostException,Non HTTP response message: stload.se.ifmo.ru,config 1 1-6,text,false,,2139,0,6,18,http://stload.se.ifmo.ru:8080/?token=518472196&&user=-1356113187&config=1,0,0,0
1775998244801,1,HTTP Request 1,Non HTTP response code: java.net.UnknownHostException,Non HTTP response message: stload.se.ifmo.ru,config 1 1-1,text,false,,2139,0,6,18,http://stload.se.ifmo.ru:8080/?token=518472196&&user=-1356113187&config=1,0,0,1
1775998244949,0,HTTP Request 1,Non HTTP response code: java.net.UnknownHostException,Non HTTP response message: stload.se.ifmo.ru,config 1 1-2,text,false,,2139,0,6,18,http://stload.se.ifmo.ru:8080/?token=518472196&&user=-1356113187&config=1,0,0,0
1775998245115,1,HTTP Request 1,Non HTTP response code: java.net.UnknownHostException,Non HTTP response message: stload.se.ifmo.ru,config 1 1-3,text,false,,2139,0,6,18,http://stload.se.ifmo.ru:8080/?token=518472196&&user=-1356113187&config=1,0,0,1
1775998245283,0,HTTP Request 1,Non HTTP response code: java.net.UnknownHostException,Non HTTP response message: stload.se.ifmo.ru,config 1 1-4,text,false,,2139,0,6,18,http://stload.se.ifmo.ru:8080/?token=518472196&&user=-1356113187&config=1,0,0,0
1775998245448,0,HTTP Request 1,Non HTTP response code: java.net.UnknownHostException,Non HTTP response message: stload.se.ifmo.ru,config 1 1-5,text,false,,2139,0,6,18,http://stload.se.ifmo.ru:8080/?token=518472196&&user=-1356113187&config=1,0,0,0
1775998245616,0,HTTP Request 1,Non HTTP response code: java.net.UnknownHostException,Non HTTP response message: stload.se.ifmo.ru,config 1 1-6,text,false,,2139,0,6,18,http://stload.se.ifmo.ru:8080/?token=518472196&&user=-1356113187&config=1,0,0,0
1775998246301,1,HTTP Request 1,Non HTTP response code: java.net.UnknownHostException,Non HTTP response message: stload.se.ifmo.ru,config 1 1-1,text,false,,2139,0,6,18,http://stload.se.ifmo.ru:8080/?token=518472196&&user=-1356113187&config=1,0,0,1
1775998246449,0,HTTP Request 1,Non HTTP response code: java.net.UnknownHostException,Non HTTP response message: stload.se.ifmo.ru,config 1 1-2,text,false,,2139,0,6,18,http://stload.se.ifmo.ru:8080/?token=518472196&&user=-1356113187&config=1,0,0,0
1775998246615,1,HTTP Request 1,Non HTTP response code: java.net.UnknownHostException,Non HTTP response message: stload.se.ifmo.ru,config 1 1-3,text,false,,2139,0,6,18,http://stload.se.ifmo.ru:8080/?token=518472196&&user=-1356113187&config=1,0,0,1
1775998246783,0,HTTP Request 1,Non HTTP response code: java.net.UnknownHostException,Non HTTP response message: stload.se.ifmo.ru,config 1 1-4,text,false,,2139,0,6,18,http://stload.se.ifmo.ru:8080/?token=518472196&&user=-1356113187&config=1,0,0,0
1775998246948,0,HTTP Request 1,Non HTTP response code: java.net.UnknownHostException,Non HTTP response message: stload.se.ifmo.ru,config 1 1-5,text,false,,2139,0,6,18,http://stload.se.ifmo.ru:8080/?token=518472196&&user=-1356113187&config=1,0,0,0
1775998247116,0,HTTP Request 1,Non HTTP response code: java.net.UnknownHostException,Non HTTP response message: stload.se.ifmo.ru,config 1 1-6,text,false,,2139,0,6,18,http://stload.se.ifmo.ru:8080/?token=518472196&&user=-1356113187&config=1,0,0,0
1775998247802,0,HTTP Request 1,Non HTTP response code: java.net.UnknownHostException,Non HTTP response message: stload.se.ifmo.ru,config 1 1-1,text,false,,2139,0,6,18,http://stload.se.ifmo.ru:8080/?token=518472196&&user=-1356113187&config=1,0,0,0
1775998247948,0,HTTP Request 1,Non HTTP response code: java.net.UnknownHostException,Non HTTP response message: stload.se.ifmo.ru,config 1 1-2,text,false,,2139,0,6,18,http://stload.se.ifmo.ru:8080/?token=518472196&&user=-1356113187&config=1,0,0,0
1775998248115,1,HTTP Request 1,Non HTTP response code: java.net.UnknownHostException,Non HTTP response message: stload.se.ifmo.ru,config 1 1-3,text,false,,2139,0,6,18,http://stload.se.ifmo.ru:8080/?token=518472196&&user=-1356113187&config=1,0,0,1
1775998248283,0,HTTP Request 1,Non HTTP response code: java.net.UnknownHostException,Non HTTP response message: stload.se.ifmo.ru,config 1 1-4,text,false,,2139,0,6,18,http://stload.se.ifmo.ru:8080/?token=518472196&&user=-1356113187&config=1,0,0,0
1775998248448,0,HTTP Request 1,Non HTTP response code: java.net.UnknownHostException,Non HTTP response message: stload.se.ifmo.ru,config 1 1-5,text,false,,2139,0,6,18,http://stload.se.ifmo.ru:8080/?token=518472196&&user=-1356113187&config=1,0,0,0
1775998248615,0,HTTP Request 1,Non HTTP response code: java.net.UnknownHostException,Non HTTP response message: stload.se.ifmo.ru,config 1 1-6,text,false,,2139,0,6,18,http://stload.se.ifmo.ru:8080/?token=518472196&&user=-1356113187&config=1,0,0,0
1775998249302,0,HTTP Request 1,Non HTTP response code: java.net.UnknownHostException,Non HTTP response message: stload.se.ifmo.ru,config 1 1-1,text,false,,2139,0,6,18,http://stload.se.ifmo.ru:8080/?token=518472196&&user=-1356113187&config=1,0,0,0
1775998249449,0,HTTP Request 1,Non HTTP response code: java.net.UnknownHostException,Non HTTP response message: stload.se.ifmo.ru,config 1 1-2,text,false,,2139,0,6,18,http://stload.se.ifmo.ru:8080/?token=518472196&&user=-1356113187&config=1,0,0,0
1775998249615,0,HTTP Request 1,Non HTTP response code: java.net.UnknownHostException,Non HTTP response message: stload.se.ifmo.ru,config 1 1-3,text,false,,2139,0,6,18,http://stload.se.ifmo.ru:8080/?token=518472196&&user=-1356113187&config=1,0,0,0
1775998249782,0,HTTP Request 1,Non HTTP response code: java.net.UnknownHostException,Non HTTP response message: stload.se.ifmo.ru,config 1 1-4,text,false,,2139,0,6,18,http://stload.se.ifmo.ru:8080/?token=518472196&&user=-1356113187&config=1,0,0,0
1775998249948,0,HTTP Request 1,Non HTTP response code: java.net.UnknownHostException,Non HTTP response message: stload.se.ifmo.ru,config 1 1-5,text,false,,2139,0,6,18,http://stload.se.ifmo.ru:8080/?token=518472196&&user=-1356113187&config=1,0,0,0
1775998250116,0,HTTP Request 1,Non HTTP response code: java.net.UnknownHostException,Non HTTP response message: stload.se.ifmo.ru,config 1 1-6,text,false,,2139,0,6,18,http://stload.se.ifmo.ru:8080/?token=518472196&&user=-1356113187&config=1,0,0,0
1775998250802,0,HTTP Request 1,Non HTTP response code: java.net.UnknownHostException,Non HTTP response message: stload.se.ifmo.ru,config 1 1-1,text,false,,2139,0,6,18,http://stload.se.ifmo.ru:8080/?token=518472196&&user=-1356113187&config=1,0,0,0
1775998250949,0,HTTP Request 1,Non HTTP response code: java.net.UnknownHostException,Non HTTP response message: stload.se.ifmo.ru,config 1 1-2,text,false,,2139,0,6,18,http://stload.se.ifmo.ru:8080/?token=518472196&&user=-1356113187&config=1,0,0,0
1775998251115,0,HTTP Request 1,Non HTTP response code: java.net.UnknownHostException,Non HTTP response message: stload.se.ifmo.ru,config 1 1-3,text,false,,2139,0,6,18,http://stload.se.ifmo.ru:8080/?token=518472196&&user=-1356113187&config=1,0,0,0
1775998251283,0,HTTP Request 1,Non HTTP response code: java.net.UnknownHostException,Non HTTP response message: stload.se.ifmo.ru,config 1 1-4,text,false,,2139,0,6,18,http://stload.se.ifmo.ru:8080/?token=518472196&&user=-1356113187&config=1,0,0,0
1775998251448,0,HTTP Request 1,Non HTTP response code: java.net.UnknownHostException,Non HTTP response message: stload.se.ifmo.ru,config 1 1-5,text,false,,2139,0,6,18,http://stload.se.ifmo.ru:8080/?token=518472196&&user=-1356113187&config=1,0,0,0
1775998251615,1,HTTP Request 1,Non HTTP response code: java.net.UnknownHostException,Non HTTP response message: stload.se.ifmo.ru,config 1 1-6,text,false,,2139,0,6,18,http://stload.se.ifmo.ru:8080/?token=518472196&&user=-1356113187&config=1,0,0,1
1775998252301,0,HTTP Request 1,Non HTTP response code: java.net.UnknownHostException,Non HTTP response message: stload.se.ifmo.ru,config 1 1-1,text,false,,2139,0,6,18,http://stload.se.ifmo.ru:8080/?token=518472196&&user=-1356113187&config=1,0,0,0
1775998252448,0,HTTP Request 1,Non HTTP response code: java.net.UnknownHostException,Non HTTP response message: stload.se.ifmo.ru,config 1 1-2,text,false,,2139,0,6,18,http://stload.se.ifmo.ru:8080/?token=518472196&&user=-1356113187&config=1,0,0,0
1775998252615,0,HTTP Request 1,Non HTTP response code: java.net.UnknownHostException,Non HTTP response message: stload.se.ifmo.ru,config 1 1-3,text,false,,2139,0,6,18,http://stload.se.ifmo.ru:8080/?token=518472196&&user=-1356113187&config=1,0,0,0
1775998252782,1,HTTP Request 1,Non HTTP response code: java.net.UnknownHostException,Non HTTP response message: stload.se.ifmo.ru,config 1 1-4,text,false,,2139,0,6,18,http://stload.se.ifmo.ru:8080/?token=518472196&&user=-1356113187&config=1,0,0,1
1775998252949,0,HTTP Request 1,Non HTTP response code: java.net.UnknownHostException,Non HTTP response message: stload.se.ifmo.ru,config 1 1-5,text,false,,2139,0,6,18,http://stload.se.ifmo.ru:8080/?token=518472196&&user=-1356113187&config=1,0,0,0
1775998253115,0,HTTP Request 1,Non HTTP response code: java.net.UnknownHostException,Non HTTP response message: stload.se.ifmo.ru,config 1 1-6,text,false,,2139,0,6,18,http://stload.se.ifmo.ru:8080/?token=518472196&&user=-1356113187&config=1,0,0,0
1775998253802,1,HTTP Request 1,Non HTTP response code: java.net.UnknownHostException,Non HTTP response message: stload.se.ifmo.ru: Name or service not known,config 1 1-1,text,false,,2506,0,6,18,http://stload.se.ifmo.ru:8080/?token=518472196&&user=-1356113187&config=1,0,0,1
1775998253949,0,HTTP Request 1,Non HTTP response code: java.net.UnknownHostException,Non HTTP response message: stload.se.ifmo.ru,config 1 1-2,text,false,,2139,0,6,18,http://stload.se.ifmo.ru:8080/?token=518472196&&user=-1356113187&config=1,0,0,0
1775998254115,0,HTTP Request 1,Non HTTP response code: java.net.UnknownHostException,Non HTTP response message: stload.se.ifmo.ru,config 1 1-3,text,false,,2139,0,6,18,http://stload.se.ifmo.ru:8080/?token=518472196&&user=-1356113187&config=1,0,0,0
1775998254282,1,HTTP Request 1,Non HTTP response code: java.net.UnknownHostException,Non HTTP response message: stload.se.ifmo.ru,config 1 1-4,text,false,,2139,0,6,18,http://stload.se.ifmo.ru:8080/?token=518472196&&user=-1356113187&config=1,0,0,1
1775998254449,0,HTTP Request 1,Non HTTP response code: java.net.UnknownHostException,Non HTTP response message: stload.se.ifmo.ru,config 1 1-5,text,false,,2139,0,6,18,http://stload.se.ifmo.ru:8080/?token=518472196&&user=-1356113187&config=1,0,0,0
1775998254615,0,HTTP Request 1,Non HTTP response code: java.net.UnknownHostException,Non HTTP response message: stload.se.ifmo.ru,config 1 1-6,text,false,,2139,0,6,18,http://stload.se.ifmo.ru:8080/?token=518472196&&user=-1356113187&config=1,0,0,0
1775998255301,0,HTTP Request 1,Non HTTP response code: java.net.UnknownHostException,Non HTTP response message: stload.se.ifmo.ru,config 1 1-1,text,false,,2139,0,6,18,http://stload.se.ifmo.ru:8080/?token=518472196&&user=-1356113187&config=1,0,0,0
1775998255448,1,HTTP Request 1,Non HTTP response code: java.net.UnknownHostException,Non HTTP response message: stload.se.ifmo.ru,config 1 1-2,text,false,,2139,0,6,18,http://stload.se.ifmo.ru:8080/?token=518472196&&user=-1356113187&config=1,0,0,1
1775998255616,0,HTTP Request 1,Non HTTP response code: java.net.UnknownHostException,Non HTTP response message: stload.se.ifmo.ru,config 1 1-3,text,false,,2139,0,6,18,http://stload.se.ifmo.ru:8080/?token=518472196&&user=-1356113187&config=1,0,0,0
1775998255782,0,HTTP Request 1,Non HTTP response code: java.net.UnknownHostException,Non HTTP response message: stload.se.ifmo.ru,config 1 1-4,text,false,,2139,0,6,18,http://stload.se.ifmo.ru:8080/?token=518472196&&user=-1356113187&config=1,0,0,0
1775998255949,0,HTTP Request 1,Non HTTP response code: java.net.UnknownHostException,Non HTTP response message: stload.se.ifmo.ru,config 1 1-5,text,false,,2139,0,6,18,http://stload.se.ifmo.ru:8080/?token=518472196&&user=-1356113187&config=1,0,0,0
1775998256116,0,HTTP Request 1,Non HTTP response code: java.net.UnknownHostException,Non HTTP response message: stload.se.ifmo.ru,config 1 1-6,text,false,,2139,0,6,18,http://stload.se.ifmo.ru:8080/?token=518472196&&user=-1356113187&config=1,0,0,0
1775998256801,0,HTTP Request 1,Non HTTP response code: java.net.UnknownHostException,Non HTTP response message: stload.se.ifmo.ru,config 1 1-1,text,false,,2139,0,6,18,http://stload.se.ifmo.ru:8080/?token=518472196&&user=-1356113187&config=1,0,0,0
1775998256948,0,HTTP Request 1,Non HTTP response code: java.net.UnknownHostException,Non HTTP response message: stload.se.ifmo.ru,config 1 1-2,text,false,,2139,0,6,18,http://stload.se.ifmo.ru:8080/?token=518472196&&user=-1356113187&config=1,0,0,0
1775998257115,1,HTTP Request 1,Non HTTP response code: java.net.UnknownHostException,Non HTTP response message: stload.se.ifmo.ru,config 1 1-3,text,false,,2139,0,6,18,http://stload.se.ifmo.ru:8080/?token=518472196&&user=-1356113187&config=1,0,0,1
1775998257282,0,HTTP Request 1,Non HTTP response code: java.net.UnknownHostException,Non HTTP response message: stload.se.ifmo.ru,config 1 1-4,text,false,,2139,0,6,18,http://stload.se.ifmo.ru:8080/?token=518472196&&user=-1356113187&config=1,0,0,0
1775998257449,0,HTTP Request 1,Non HTTP response code: java.net.UnknownHostException,Non HTTP response message: stload.se.ifmo.ru,config 1 1-5,text,false,,2139,0,6,18,http://stload.se.ifmo.ru:8080/?token=518472196&&user=-1356113187&config=1,0,0,0
1775998257615,1,HTTP Request 1,Non HTTP response code: java.net.UnknownHostException,Non HTTP response message: stload.se.ifmo.ru,config 1 1-6,text,false,,2139,0,6,18,http://stload.se.ifmo.ru:8080/?token=518472196&&user=-1356113187&config=1,0,0,1
1775998258302,0,HTTP Request 1,Non HTTP response code: java.net.UnknownHostException,Non HTTP response message: stload.se.ifmo.ru,config 1 1-1,text,false,,2139,0,6,18,http://stload.se.ifmo.ru:8080/?token=518472196&&user=-1356113187&config=1,0,0,0
1775998258448,0,HTTP Request 1,Non HTTP response code: java.net.UnknownHostException,Non HTTP response message: stload.se.ifmo.ru,config 1 1-2,text,false,,2139,0,6,18,http://stload.se.ifmo.ru:8080/?token=518472196&&user=-1356113187&config=1,0,0,0
1775998258615,0,HTTP Request 1,Non HTTP response code: java.net.UnknownHostException,Non HTTP response message: stload.se.ifmo.ru,config 1 1-3,text,false,,2139,0,6,18,http://stload.se.ifmo.ru:8080/?token=518472196&&user=-1356113187&config=1,0,0,0
1775998258782,0,HTTP Request 1,Non HTTP response code: java.net.UnknownHostException,Non HTTP response message: stload.se.ifmo.ru,config 1 1-4,text,false,,2139,0,6,18,http://stload.se.ifmo.ru:8080/?token=518472196&&user=-1356113187&config=1,0,0,0
1775998258949,0,HTTP Request 1,Non HTTP response code: java.net.UnknownHostException,Non HTTP response message: stload.se.ifmo.ru,config 1 1-5,text,false,,2139,0,6,18,http://stload.se.ifmo.ru:8080/?token=518472196&&user=-1356113187&config=1,0,0,0
1775998259115,0,HTTP Request 1,Non HTTP response code: java.net.UnknownHostException,Non HTTP response message: stload.se.ifmo.ru,config 1 1-6,text,false,,2139,0,6,18,http://stload.se.ifmo.ru:8080/?token=518472196&&user=-1356113187&config=1,0,0,0
1775998722007,5204,HTTP Request 1,Non HTTP response code: java.net.UnknownHostException,Non HTTP response message: stload.se.ifmo.ru,config 1 1-3,text,false,"The operation lasted too long: It took 5,204 milliseconds, but should not have lasted longer than 840 milliseconds.",2222,0,6,18,http://stload.se.ifmo.ru:8080/?token=518472196&&user=-1356113187&config=1,0,0,5204
1775998265007,5204,HTTP Request 1,Non HTTP response code: java.net.UnknownHostException,Non HTTP response message: stload.se.ifmo.ru,config 1 1-2,text,false,"The operation lasted too long: It took 5,204 milliseconds, but should not have lasted longer than 840 milliseconds.",2222,0,6,18,http://stload.se.ifmo.ru:8080/?token=518472196&&user=-1356113187&config=1,0,0,5204
1775998265007,5204,HTTP Request 1,Non HTTP response code: java.net.UnknownHostException,Non HTTP response message: stload.se.ifmo.ru,config 1 1-1,text,false,"The operation lasted too long: It took 5,204 milliseconds, but should not have lasted longer than 840 milliseconds.",2222,0,6,18,http://stload.se.ifmo.ru:8080/?token=518472196&&user=-1356113187&config=1,0,0,5204
1775998265007,5204,HTTP Request 1,Non HTTP response code: java.net.UnknownHostException,Non HTTP response message: stload.se.ifmo.ru,config 1 1-4,text,false,"The operation lasted too long: It took 5,204 milliseconds, but should not have lasted longer than 840 milliseconds.",2222,0,6,18,http://stload.se.ifmo.ru:8080/?token=518472196&&user=-1356113187&config=1,0,0,5204
1775998265007,5204,HTTP Request 1,Non HTTP response code: java.net.UnknownHostException,Non HTTP response message: stload.se.ifmo.ru,config 1 1-5,text,false,"The operation lasted too long: It took 5,204 milliseconds, but should not have lasted longer than 840 milliseconds.",2222,0,6,18,http://stload.se.ifmo.ru:8080/?token=518472196&&user=-1356113187&config=1,0,0,5204
1775998727213,0,HTTP Request 1,Non HTTP response code: java.net.UnknownHostException,Non HTTP response message: stload.se.ifmo.ru,config 1 1-5,text,false,,2139,0,6,18,http://stload.se.ifmo.ru:8080/?token=518472196&&user=-1356113187&config=1,0,0,0
1775998727213,0,HTTP Request 1,Non HTTP response code: java.net.UnknownHostException,Non HTTP response message: stload.se.ifmo.ru,config 1 1-1,text,false,,2139,0,6,18,http://stload.se.ifmo.ru:8080/?token=518472196&&user=-1356113187&config=1,0,0,0
1775998727213,0,HTTP Request 1,Non HTTP response code: java.net.UnknownHostException,Non HTTP response message: stload.se.ifmo.ru,config 1 1-2,text,false,,2139,0,6,18,http://stload.se.ifmo.ru:8080/?token=518472196&&user=-1356113187&config=1,0,0,0
1775998265007,5207,HTTP Request 1,Non HTTP response code: java.net.UnknownHostException,Non HTTP response message: stload.se.ifmo.ru,config 1 1-6,text,false,"The operation lasted too long: It took 5,207 milliseconds, but should not have lasted longer than 840 milliseconds.",2222,0,6,18,http://stload.se.ifmo.ru:8080/?token=518472196&&user=-1356113187&config=1,0,0,5207
1775998727215,0,HTTP Request 1,Non HTTP response code: java.net.UnknownHostException,Non HTTP response message: stload.se.ifmo.ru,config 1 1-6,text,false,,2139,0,6,18,http://stload.se.ifmo.ru:8080/?token=518472196&&user=-1356113187&config=1,0,0,0
1775998727213,2,HTTP Request 1,Non HTTP response code: java.net.UnknownHostException,Non HTTP response message: stload.se.ifmo.ru,config 1 1-4,text,false,,2139,0,6,18,http://stload.se.ifmo.ru:8080/?token=518472196&&user=-1356113187&config=1,0,0,2
1775998727216,0,HTTP Request 1,Non HTTP response code: java.net.UnknownHostException,Non HTTP response message: stload.se.ifmo.ru,config 1 1-3,text,false,,2139,0,6,18,http://stload.se.ifmo.ru:8080/?token=518472196&&user=-1356113187&config=1,0,0,0
1775998728712,0,HTTP Request 1,Non HTTP response code: java.net.UnknownHostException,Non HTTP response message: stload.se.ifmo.ru,config 1 1-2,text,false,,2139,0,6,18,http://stload.se.ifmo.ru:8080/?token=518472196&&user=-1356113187&config=1,0,0,0
1775998728712,0,HTTP Request 1,Non HTTP response code: java.net.UnknownHostException,Non HTTP response message: stload.se.ifmo.ru,config 1 1-1,text,false,,2139,0,6,18,http://stload.se.ifmo.ru:8080/?token=518472196&&user=-1356113187&config=1,0,0,0
1775998728712,0,HTTP Request 1,Non HTTP response code: java.net.UnknownHostException,Non HTTP response message: stload.se.ifmo.ru,config 1 1-4,text,false,,2139,0,6,18,http://stload.se.ifmo.ru:8080/?token=518472196&&user=-1356113187&config=1,0,0,0
1775998728712,0,HTTP Request 1,Non HTTP response code: java.net.UnknownHostException,Non HTTP response message: stload.se.ifmo.ru,config 1 1-5,text,false,,2139,0,6,18,http://stload.se.ifmo.ru:8080/?token=518472196&&user=-1356113187&config=1,0,0,0
1775998728712,0,HTTP Request 1,Non HTTP response code: java.net.UnknownHostException,Non HTTP response message: stload.se.ifmo.ru,config 1 1-3,text,false,,2139,0,6,18,http://stload.se.ifmo.ru:8080/?token=518472196&&user=-1356113187&config=1,0,0,0
1775998728714,0,HTTP Request 1,Non HTTP response code: java.net.UnknownHostException,Non HTTP response message: stload.se.ifmo.ru,config 1 1-6,text,false,,2139,0,6,18,http://stload.se.ifmo.ru:8080/?token=518472196&&user=-1356113187&config=1,0,0,0
1775998730212,0,HTTP Request 1,Non HTTP response code: java.net.UnknownHostException,Non HTTP response message: stload.se.ifmo.ru,config 1 1-1,text,false,,2139,0,6,18,http://stload.se.ifmo.ru:8080/?token=518472196&&user=-1356113187&config=1,0,0,0
1775998730212,0,HTTP Request 1,Non HTTP response code: java.net.UnknownHostException,Non HTTP response message: stload.se.ifmo.ru,config 1 1-2,text,false,,2139,0,6,18,http://stload.se.ifmo.ru:8080/?token=518472196&&user=-1356113187&config=1,0,0,0
1775998730213,0,HTTP Request 1,Non HTTP response code: java.net.UnknownHostException,Non HTTP response message: stload.se.ifmo.ru,config 1 1-3,text,false,,2139,0,6,18,http://stload.se.ifmo.ru:8080/?token=518472196&&user=-1356113187&config=1,0,0,0
1775998730213,0,HTTP Request 1,Non HTTP response code: java.net.UnknownHostException,Non HTTP response message: stload.se.ifmo.ru,config 1 1-4,text,false,,2139,0,6,18,http://stload.se.ifmo.ru:8080/?token=518472196&&user=-1356113187&config=1,0,0,0
1775998730213,0,HTTP Request 1,Non HTTP response code: java.net.UnknownHostException,Non HTTP response message: stload.se.ifmo.ru,config 1 1-5,text,false,,2139,0,6,18,http://stload.se.ifmo.ru:8080/?token=518472196&&user=-1356113187&config=1,0,0,0
1775998730214,0,HTTP Request 1,Non HTTP response code: java.net.UnknownHostException,Non HTTP response message: stload.se.ifmo.ru,config 1 1-6,text,false,,2139,0,6,18,http://stload.se.ifmo.ru:8080/?token=518472196&&user=-1356113187&config=1,0,0,0
1775998731712,0,HTTP Request 1,Non HTTP response code: java.net.UnknownHostException,Non HTTP response message: stload.se.ifmo.ru,config 1 1-2,text,false,,2139,0,6,18,http://stload.se.ifmo.ru:8080/?token=518472196&&user=-1356113187&config=1,0,0,0
1775998731712,0,HTTP Request 1,Non HTTP response code: java.net.UnknownHostException,Non HTTP response message: stload.se.ifmo.ru,config 1 1-5,text,false,,2139,0,6,18,http://stload.se.ifmo.ru:8080/?token=518472196&&user=-1356113187&config=1,0,0,0
1775998731712,1,HTTP Request 1,Non HTTP response code: java.net.UnknownHostException,Non HTTP response message: stload.se.ifmo.ru,config 1 1-3,text,false,,2139,0,6,18,http://stload.se.ifmo.ru:8080/?token=518472196&&user=-1356113187&config=1,0,0,1
1775998731712,1,HTTP Request 1,Non HTTP response code: java.net.UnknownHostException,Non HTTP response message: stload.se.ifmo.ru,config 1 1-4,text,false,,2139,0,6,18,http://stload.se.ifmo.ru:8080/?token=518472196&&user=-1356113187&config=1,0,0,1
1775998731712,1,HTTP Request 1,Non HTTP response code: java.net.UnknownHostException,Non HTTP response message: stload.se.ifmo.ru,config 1 1-1,text,false,,2139,0,6,18,http://stload.se.ifmo.ru:8080/?token=518472196&&user=-1356113187&config=1,0,0,1
1775998731714,0,HTTP Request 1,Non HTTP response code: java.net.UnknownHostException,Non HTTP response message: stload.se.ifmo.ru,config 1 1-6,text,false,,2139,0,6,18,http://stload.se.ifmo.ru:8080/?token=518472196&&user=-1356113187&config=1,0,0,0
1775998733212,0,HTTP Request 1,Non HTTP response code: java.net.UnknownHostException,Non HTTP response message: stload.se.ifmo.ru,config 1 1-2,text,false,,2139,0,6,18,http://stload.se.ifmo.ru:8080/?token=518472196&&user=-1356113187&config=1,0,0,0
1775998733212,0,HTTP Request 1,Non HTTP response code: java.net.UnknownHostException,Non HTTP response message: stload.se.ifmo.ru,config 1 1-5,text,false,,2139,0,6,18,http://stload.se.ifmo.ru:8080/?token=518472196&&user=-1356113187&config=1,0,0,0
1775998733212,0,HTTP Request 1,Non HTTP response code: java.net.UnknownHostException,Non HTTP response message: stload.se.ifmo.ru,config 1 1-1,text,false,,2139,0,6,18,http://stload.se.ifmo.ru:8080/?token=518472196&&user=-1356113187&config=1,0,0,0
1775998733212,0,HTTP Request 1,Non HTTP response code: java.net.UnknownHostException,Non HTTP response message: stload.se.ifmo.ru,config 1 1-3,text,false,,2139,0,6,18,http://stload.se.ifmo.ru:8080/?token=518472196&&user=-1356113187&config=1,0,0,0
1775998733212,0,HTTP Request 1,Non HTTP response code: java.net.UnknownHostException,Non HTTP response message: stload.se.ifmo.ru,config 1 1-4,text,false,,2139,0,6,18,http://stload.se.ifmo.ru:8080/?token=518472196&&user=-1356113187&config=1,0,0,0
1775998733214,0,HTTP Request 1,Non HTTP response code: java.net.UnknownHostException,Non HTTP response message: stload.se.ifmo.ru,config 1 1-6,text,false,,2139,0,6,18,http://stload.se.ifmo.ru:8080/?token=518472196&&user=-1356113187&config=1,0,0,0
1775998734712,1,HTTP Request 1,Non HTTP response code: java.net.UnknownHostException,Non HTTP response message: stload.se.ifmo.ru,config 1 1-5,text,false,,2139,0,6,18,http://stload.se.ifmo.ru:8080/?token=518472196&&user=-1356113187&config=1,0,0,1
1775998734712,1,HTTP Request 1,Non HTTP response code: java.net.UnknownHostException,Non HTTP response message: stload.se.ifmo.ru,config 1 1-1,text,false,,2139,0,6,18,http://stload.se.ifmo.ru:8080/?token=518472196&&user=-1356113187&config=1,0,0,1
1775998734712,1,HTTP Request 1,Non HTTP response code: java.net.UnknownHostException,Non HTTP response message: stload.se.ifmo.ru,config 1 1-2,text,false,,2139,0,6,18,http://stload.se.ifmo.ru:8080/?token=518472196&&user=-1356113187&config=1,0,0,1
1775998734712,1,HTTP Request 1,Non HTTP response code: java.net.UnknownHostException,Non HTTP response message: stload.se.ifmo.ru,config 1 1-4,text,false,,2139,0,6,18,http://stload.se.ifmo.ru:8080/?token=518472196&&user=-1356113187&config=1,0,0,1
1775998734712,1,HTTP Request 1,Non HTTP response code: java.net.UnknownHostException,Non HTTP response message: stload.se.ifmo.ru,config 1 1-3,text,false,,2139,0,6,18,http://stload.se.ifmo.ru:8080/?token=518472196&&user=-1356113187&config=1,0,0,1
1775998734714,0,HTTP Request 1,Non HTTP response code: java.net.UnknownHostException,Non HTTP response message: stload.se.ifmo.ru,config 1 1-6,text,false,,2139,0,6,18,http://stload.se.ifmo.ru:8080/?token=518472196&&user=-1356113187&config=1,0,0,0
1775998736213,0,HTTP Request 1,Non HTTP response code: java.net.UnknownHostException,Non HTTP response message: stload.se.ifmo.ru,config 1 1-2,text,false,,2139,0,6,18,http://stload.se.ifmo.ru:8080/?token=518472196&&user=-1356113187&config=1,0,0,0
1775998736213,0,HTTP Request 1,Non HTTP response code: java.net.UnknownHostException,Non HTTP response message: stload.se.ifmo.ru,config 1 1-5,text,false,,2139,0,6,18,http://stload.se.ifmo.ru:8080/?token=518472196&&user=-1356113187&config=1,0,0,0
1775998736213,0,HTTP Request 1,Non HTTP response code: java.net.UnknownHostException,Non HTTP response message: stload.se.ifmo.ru,config 1 1-1,text,false,,2139,0,6,18,http://stload.se.ifmo.ru:8080/?token=518472196&&user=-1356113187&config=1,0,0,0
1775998736213,0,HTTP Request 1,Non HTTP response code: java.net.UnknownHostException,Non HTTP response message: stload.se.ifmo.ru,config 1 1-4,text,false,,2139,0,6,18,http://stload.se.ifmo.ru:8080/?token=518472196&&user=-1356113187&config=1,0,0,0
1775998736213,0,HTTP Request 1,Non HTTP response code: java.net.UnknownHostException,Non HTTP response message: stload.se.ifmo.ru,config 1 1-3,text,false,,2139,0,6,18,http://stload.se.ifmo.ru:8080/?token=518472196&&user=-1356113187&config=1,0,0,0
1775998736214,0,HTTP Request 1,Non HTTP response code: java.net.UnknownHostException,Non HTTP response message: stload.se.ifmo.ru,config 1 1-6,text,false,,2139,0,6,18,http://stload.se.ifmo.ru:8080/?token=518472196&&user=-1356113187&config=1,0,0,0
1775998737712,1,HTTP Request 1,Non HTTP response code: java.net.UnknownHostException,Non HTTP response message: stload.se.ifmo.ru,config 1 1-3,text,false,,2139,0,6,18,http://stload.se.ifmo.ru:8080/?token=518472196&&user=-1356113187&config=1,0,0,1
1775998737712,20663,HTTP Request 1,Non HTTP response code: java.net.UnknownHostException,Non HTTP response message: stload.se.ifmo.ru,config 1 1-1,text,false,"The operation lasted too long: It took 20,663 milliseconds, but should not have lasted longer than 840 milliseconds.",2222,0,6,18,http://stload.se.ifmo.ru:8080/?token=518472196&&user=-1356113187&config=1,0,0,20663
1775998737712,20664,HTTP Request 1,Non HTTP response code: java.net.UnknownHostException,Non HTTP response message: stload.se.ifmo.ru,config 1 1-2,text,false,"The operation lasted too long: It took 20,664 milliseconds, but should not have lasted longer than 840 milliseconds.",2222,0,6,18,http://stload.se.ifmo.ru:8080/?token=518472196&&user=-1356113187&config=1,0,0,20664
1775998737712,20663,HTTP Request 1,Non HTTP response code: java.net.UnknownHostException,Non HTTP response message: stload.se.ifmo.ru: Name or service not known,config 1 1-5,text,false,"The operation lasted too long: It took 20,663 milliseconds, but should not have lasted longer than 840 milliseconds.",2506,0,6,18,http://stload.se.ifmo.ru:8080/?token=518472196&&user=-1356113187&config=1,0,0,20663
1775998758376,0,HTTP Request 1,Non HTTP response code: java.net.UnknownHostException,Non HTTP response message: stload.se.ifmo.ru,config 1 1-1,text,false,,2139,0,6,18,http://stload.se.ifmo.ru:8080/?token=518472196&&user=-1356113187&config=1,0,0,0
1775998737712,20663,HTTP Request 1,Non HTTP response code: java.net.UnknownHostException,Non HTTP response message: stload.se.ifmo.ru,config 1 1-4,text,false,"The operation lasted too long: It took 20,663 milliseconds, but should not have lasted longer than 840 milliseconds.",2222,0,6,18,http://stload.se.ifmo.ru:8080/?token=518472196&&user=-1356113187&config=1,0,0,20663
1775998758376,0,HTTP Request 1,Non HTTP response code: java.net.UnknownHostException,Non HTTP response message: stload.se.ifmo.ru,config 1 1-2,text,false,,2139,0,6,18,http://stload.se.ifmo.ru:8080/?token=518472196&&user=-1356113187&config=1,0,0,0
1775998758377,0,HTTP Request 1,Non HTTP response code: java.net.UnknownHostException,Non HTTP response message: stload.se.ifmo.ru,config 1 1-4,text,false,,2139,0,6,18,http://stload.se.ifmo.ru:8080/?token=518472196&&user=-1356113187&config=1,0,0,0
1775998758377,0,HTTP Request 1,Non HTTP response code: java.net.UnknownHostException,Non HTTP response message: stload.se.ifmo.ru,config 1 1-5,text,false,,2139,0,6,18,http://stload.se.ifmo.ru:8080/?token=518472196&&user=-1356113187&config=1,0,0,0
1775998737714,20663,HTTP Request 1,Non HTTP response code: java.net.UnknownHostException,Non HTTP response message: stload.se.ifmo.ru,config 1 1-6,text,false,"The operation lasted too long: It took 20,663 milliseconds, but should not have lasted longer than 840 milliseconds.",2222,0,6,18,http://stload.se.ifmo.ru:8080/?token=518472196&&user=-1356113187&config=1,0,0,20663
1775998739212,19165,HTTP Request 1,Non HTTP response code: java.net.UnknownHostException,Non HTTP response message: stload.se.ifmo.ru,config 1 1-3,text,false,"The operation lasted too long: It took 19,165 milliseconds, but should not have lasted longer than 840 milliseconds.",2222,0,6,18,http://stload.se.ifmo.ru:8080/?token=518472196&&user=-1356113187&config=1,0,0,19165
1775998758377,0,HTTP Request 1,Non HTTP response code: java.net.UnknownHostException,Non HTTP response message: stload.se.ifmo.ru,config 1 1-6,text,false,,2139,0,6,18,http://stload.se.ifmo.ru:8080/?token=518472196&&user=-1356113187&config=1,0,0,0
1775998758377,0,HTTP Request 1,Non HTTP response code: java.net.UnknownHostException,Non HTTP response message: stload.se.ifmo.ru,config 1 1-3,text,false,,2139,0,6,18,http://stload.se.ifmo.ru:8080/?token=518472196&&user=-1356113187&config=1,0,0,0
1775998759876,0,HTTP Request 1,Non HTTP response code: java.net.UnknownHostException,Non HTTP response message: stload.se.ifmo.ru,config 1 1-4,text,false,,2139,0,6,18,http://stload.se.ifmo.ru:8080/?token=518472196&&user=-1356113187&config=1,0,0,0
1775998759876,0,HTTP Request 1,Non HTTP response code: java.net.UnknownHostException,Non HTTP response message: stload.se.ifmo.ru,config 1 1-1,text,false,,2139,0,6,18,http://stload.se.ifmo.ru:8080/?token=518472196&&user=-1356113187&config=1,0,0,0
1775998759877,0,HTTP Request 1,Non HTTP response code: java.net.UnknownHostException,Non HTTP response message: stload.se.ifmo.ru,config 1 1-2,text,false,,2139,0,6,18,http://stload.se.ifmo.ru:8080/?token=518472196&&user=-1356113187&config=1,0,0,0
1775998759877,0,HTTP Request 1,Non HTTP response code: java.net.UnknownHostException,Non HTTP response message: stload.se.ifmo.ru,config 1 1-5,text,false,,2139,0,6,18,http://stload.se.ifmo.ru:8080/?token=518472196&&user=-1356113187&config=1,0,0,0
1775998759877,1,HTTP Request 1,Non HTTP response code: java.net.UnknownHostException,Non HTTP response message: stload.se.ifmo.ru,config 1 1-3,text,false,,2139,0,6,18,http://stload.se.ifmo.ru:8080/?token=518472196&&user=-1356113187&config=1,0,0,1
1775998759877,1,HTTP Request 1,Non HTTP response code: java.net.UnknownHostException,Non HTTP response message: stload.se.ifmo.ru,config 1 1-6,text,false,,2139,0,6,18,http://stload.se.ifmo.ru:8080/?token=518472196&&user=-1356113187&config=1,0,0,0
1775998761376,0,HTTP Request 1,Non HTTP response code: java.net.UnknownHostException,Non HTTP response message: stload.se.ifmo.ru,config 1 1-1,text,false,,2139,0,6,18,http://stload.se.ifmo.ru:8080/?token=518472196&&user=-1356113187&config=1,0,0,0
1775998761376,0,HTTP Request 1,Non HTTP response code: java.net.UnknownHostException,Non HTTP response message: stload.se.ifmo.ru,config 1 1-2,text,false,,2139,0,6,18,http://stload.se.ifmo.ru:8080/?token=518472196&&user=-1356113187&config=1,0,0,0
1775998761377,0,HTTP Request 1,Non HTTP response code: java.net.UnknownHostException,Non HTTP response message: stload.se.ifmo.ru,config 1 1-4,text,false,,2139,0,6,18,http://stload.se.ifmo.ru:8080/?token=518472196&&user=-1356113187&config=1,0,0,0
1775998761377,0,HTTP Request 1,Non HTTP response code: java.net.UnknownHostException,Non HTTP response message: stload.se.ifmo.ru,config 1 1-6,text,false,,2139,0,6,18,http://stload.se.ifmo.ru:8080/?token=518472196&&user=-1356113187&config=1,0,0,0
1775998761377,0,HTTP Request 1,Non HTTP response code: java.net.UnknownHostException,Non HTTP response message: stload.se.ifmo.ru,config 1 1-3,text,false,,2139,0,6,18,http://stload.se.ifmo.ru:8080/?token=518472196&&user=-1356113187&config=1,0,0,0
1775998761377,0,HTTP Request 1,Non HTTP response code: java.net.UnknownHostException,Non HTTP response message: stload.se.ifmo.ru,config 1 1-5,text,false,,2139,0,6,18,http://stload.se.ifmo.ru:8080/?token=518472196&&user=-1356113187&config=1,0,0,0
1775998762876,1,HTTP Request 1,Non HTTP response code: java.net.UnknownHostException,Non HTTP response message: stload.se.ifmo.ru,config 1 1-1,text,false,,2139,0,6,18,http://stload.se.ifmo.ru:8080/?token=518472196&&user=-1356113187&config=1,0,0,1
1775998762876,0,HTTP Request 1,Non HTTP response code: java.net.UnknownHostException,Non HTTP response message: stload.se.ifmo.ru,config 1 1-4,text,false,,2139,0,6,18,http://stload.se.ifmo.ru:8080/?token=518472196&&user=-1356113187&config=1,0,0,0
1775998762877,0,HTTP Request 1,Non HTTP response code: java.net.UnknownHostException,Non HTTP response message: stload.se.ifmo.ru,config 1 1-2,text,false,,2139,0,6,18,http://stload.se.ifmo.ru:8080/?token=518472196&&user=-1356113187&config=1,0,0,0
1775998762877,0,HTTP Request 1,Non HTTP response code: java.net.UnknownHostException,Non HTTP response message: stload.se.ifmo.ru,config 1 1-5,text,false,,2139,0,6,18,http://stload.se.ifmo.ru:8080/?token=518472196&&user=-1356113187&config=1,0,0,0
1775998762877,0,HTTP Request 1,Non HTTP response code: java.net.UnknownHostException,Non HTTP response message: stload.se.ifmo.ru,config 1 1-6,text,false,,2139,0,6,18,http://stload.se.ifmo.ru:8080/?token=518472196&&user=-1356113187&config=1,0,0,0
1775998762877,1,HTTP Request 1,Non HTTP response code: java.net.UnknownHostException,Non HTTP response message: stload.se.ifmo.ru,config 1 1-3,text,false,,2139,0,6,18,http://stload.se.ifmo.ru:8080/?token=518472196&&user=-1356113187&config=1,0,0,1
1775998764376,0,HTTP Request 1,Non HTTP response code: java.net.UnknownHostException,Non HTTP response message: stload.se.ifmo.ru,config 1 1-4,text,false,,2139,0,6,18,http://stload.se.ifmo.ru:8080/?token=518472196&&user=-1356113187&config=1,0,0,0
1775998764376,0,HTTP Request 1,Non HTTP response code: java.net.UnknownHostException,Non HTTP response message: stload.se.ifmo.ru,config 1 1-1,text,false,,2139,0,6,18,http://stload.se.ifmo.ru:8080/?token=518472196&&user=-1356113187&config=1,0,0,0
1775998764376,1,HTTP Request 1,Non HTTP response code: java.net.UnknownHostException,Non HTTP response message: stload.se.ifmo.ru,config 1 1-2,text,false,,2139,0,6,18,http://stload.se.ifmo.ru:8080/?token=518472196&&user=-1356113187&config=1,0,0,1
1775998764377,0,HTTP Request 1,Non HTTP response code: java.net.UnknownHostException,Non HTTP response message: stload.se.ifmo.ru,config 1 1-6,text,false,,2139,0,6,18,http://stload.se.ifmo.ru:8080/?token=518472196&&user=-1356113187&config=1,0,0,0
1775998764377,0,HTTP Request 1,Non HTTP response code: java.net.UnknownHostException,Non HTTP response message: stload.se.ifmo.ru,config 1 1-3,text,false,,2139,0,6,18,http://stload.se.ifmo.ru:8080/?token=518472196&&user=-1356113187&config=1,0,0,0
1775998764378,0,HTTP Request 1,Non HTTP response code: java.net.UnknownHostException,Non HTTP response message: stload.se.ifmo.ru,config 1 1-5,text,false,,2139,0,6,18,http://stload.se.ifmo.ru:8080/?token=518472196&&user=-1356113187&config=1,0,0,0
1775998765876,0,HTTP Request 1,Non HTTP response code: java.net.UnknownHostException,Non HTTP response message: stload.se.ifmo.ru,config 1 1-2,text,false,,2139,0,6,18,http://stload.se.ifmo.ru:8080/?token=518472196&&user=-1356113187&config=1,0,0,0
1775998765876,1,HTTP Request 1,Non HTTP response code: java.net.UnknownHostException,Non HTTP response message: stload.se.ifmo.ru,config 1 1-1,text,false,,2139,0,6,18,http://stload.se.ifmo.ru:8080/?token=518472196&&user=-1356113187&config=1,0,0,1
1775998765876,1,HTTP Request 1,Non HTTP response code: java.net.UnknownHostException,Non HTTP response message: stload.se.ifmo.ru,config 1 1-4,text,false,,2139,0,6,18,http://stload.se.ifmo.ru:8080/?token=518472196&&user=-1356113187&config=1,0,0,1
1775998765877,0,HTTP Request 1,Non HTTP response code: java.net.UnknownHostException,Non HTTP response message: stload.se.ifmo.ru,config 1 1-5,text,false,,2139,0,6,18,http://stload.se.ifmo.ru:8080/?token=518472196&&user=-1356113187&config=1,0,0,0
1775998765878,0,HTTP Request 1,Non HTTP response code: java.net.UnknownHostException,Non HTTP response message: stload.se.ifmo.ru,config 1 1-6,text,false,,2139,0,6,18,http://stload.se.ifmo.ru:8080/?token=518472196&&user=-1356113187&config=1,0,0,0
1775998765878,0,HTTP Request 1,Non HTTP response code: java.net.UnknownHostException,Non HTTP response message: stload.se.ifmo.ru,config 1 1-3,text,false,,2139,0,6,18,http://stload.se.ifmo.ru:8080/?token=518472196&&user=-1356113187&config=1,0,0,0
1775998767376,1,HTTP Request 1,Non HTTP response code: java.net.UnknownHostException,Non HTTP response message: stload.se.ifmo.ru,config 1 1-2,text,false,,2139,0,6,18,http://stload.se.ifmo.ru:8080/?token=518472196&&user=-1356113187&config=1,0,0,1
1775998767376,1,HTTP Request 1,Non HTTP response code: java.net.UnknownHostException,Non HTTP response message: stload.se.ifmo.ru,config 1 1-1,text,false,,2139,0,6,18,http://stload.se.ifmo.ru:8080/?token=518472196&&user=-1356113187&config=1,0,0,1
1775998767376,1,HTTP Request 1,Non HTTP response code: java.net.UnknownHostException,Non HTTP response message: stload.se.ifmo.ru,config 1 1-4,text,false,,2139,0,6,18,http://stload.se.ifmo.ru:8080/?token=518472196&&user=-1356113187&config=1,0,0,1
1775998767378,0,HTTP Request 1,Non HTTP response code: java.net.UnknownHostException,Non HTTP response message: stload.se.ifmo.ru,config 1 1-6,text,false,,2139,0,6,18,http://stload.se.ifmo.ru:8080/?token=518472196&&user=-1356113187&config=1,0,0,0
1775998767379,0,HTTP Request 1,Non HTTP response code: java.net.UnknownHostException,Non HTTP response message: stload.se.ifmo.ru,config 1 1-5,text,false,,2139,0,6,18,http://stload.se.ifmo.ru:8080/?token=518472196&&user=-1356113187&config=1,0,0,0
1775998767379,0,HTTP Request 1,Non HTTP response code: java.net.UnknownHostException,Non HTTP response message: stload.se.ifmo.ru,config 1 1-3,text,false,,2139,0,6,18,http://stload.se.ifmo.ru:8080/?token=518472196&&user=-1356113187&config=1,0,0,0
1775998768876,1,HTTP Request 1,Non HTTP response code: java.net.UnknownHostException,Non HTTP response message: stload.se.ifmo.ru,config 1 1-4,text,false,,2139,0,6,18,http://stload.se.ifmo.ru:8080/?token=518472196&&user=-1356113187&config=1,0,0,1
1775998768876,1,HTTP Request 1,Non HTTP response code: java.net.UnknownHostException,Non HTTP response message: stload.se.ifmo.ru,config 1 1-1,text,false,,2139,0,6,18,http://stload.se.ifmo.ru:8080/?token=518472196&&user=-1356113187&config=1,0,0,1
1775998768877,10447,HTTP Request 1,Non HTTP response code: java.net.UnknownHostException,Non HTTP response message: stload.se.ifmo.ru,config 1 1-6,text,false,"The operation lasted too long: It took 10,447 milliseconds, but should not have lasted longer than 840 milliseconds.",2222,0,6,18,http://stload.se.ifmo.ru:8080/?token=518472196&&user=-1356113187&config=1,0,0,10447
1775998768877,10447,HTTP Request 1,Non HTTP response code: java.net.UnknownHostException,Non HTTP response message: stload.se.ifmo.ru,config 1 1-5,text,false,"The operation lasted too long: It took 10,447 milliseconds, but should not have lasted longer than 840 milliseconds.",2222,0,6,18,http://stload.se.ifmo.ru:8080/?token=518472196&&user=-1356113187&config=1,0,0,10447
1775998779325,0,HTTP Request 1,Non HTTP response code: java.net.UnknownHostException,Non HTTP response message: stload.se.ifmo.ru,config 1 1-6,text,false,,2139,0,6,18,http://stload.se.ifmo.ru:8080/?token=518472196&&user=-1356113187&config=1,0,0,0
1775998768876,10448,HTTP Request 1,Non HTTP response code: java.net.UnknownHostException,Non HTTP response message: stload.se.ifmo.ru: Name or service not known,config 1 1-2,text,false,"The operation lasted too long: It took 10,448 milliseconds, but should not have lasted longer than 840 milliseconds.",2506,0,6,18,http://stload.se.ifmo.ru:8080/?token=518472196&&user=-1356113187&config=1,0,0,10448
1775998779325,0,HTTP Request 1,Non HTTP response code: java.net.UnknownHostException,Non HTTP response message: stload.se.ifmo.ru,config 1 1-5,text,false,,2139,0,6,18,http://stload.se.ifmo.ru:8080/?token=518472196&&user=-1356113187&config=1,0,0,0
1775998779325,1,HTTP Request 1,Non HTTP response code: java.net.UnknownHostException,Non HTTP response message: stload.se.ifmo.ru,config 1 1-2,text,false,,2139,0,6,18,http://stload.se.ifmo.ru:8080/?token=518472196&&user=-1356113187&config=1,0,0,1
1775998768877,10447,HTTP Request 1,Non HTTP response code: java.net.UnknownHostException,Non HTTP response message: stload.se.ifmo.ru,config 1 1-3,text,false,"The operation lasted too long: It took 10,447 milliseconds, but should not have lasted longer than 840 milliseconds.",2222,0,6,18,http://stload.se.ifmo.ru:8080/?token=518472196&&user=-1356113187&config=1,0,0,10447
1775998770376,8950,HTTP Request 1,Non HTTP response code: java.net.UnknownHostException,Non HTTP response message: stload.se.ifmo.ru,config 1 1-1,text,false,"The operation lasted too long: It took 8,950 milliseconds, but should not have lasted longer than 840 milliseconds.",2222,0,6,18,http://stload.se.ifmo.ru:8080/?token=518472196&&user=-1356113187&config=1,0,0,8950
1775998779326,0,HTTP Request 1,Non HTTP response code: java.net.UnknownHostException,Non HTTP response message: stload.se.ifmo.ru,config 1 1-3,text,false,,2139,0,6,18,http://stload.se.ifmo.ru:8080/?token=518472196&&user=-1356113187&config=1,0,0,0
1775998770376,8950,HTTP Request 1,Non HTTP response code: java.net.UnknownHostException,Non HTTP response message: stload.se.ifmo.ru,config 1 1-4,text,false,"The operation lasted too long: It took 8,950 milliseconds, but should not have lasted longer than 840 milliseconds.",2222,0,6,18,http://stload.se.ifmo.ru:8080/?token=518472196&&user=-1356113187&config=1,0,0,8950
1775998779326,0,HTTP Request 1,Non HTTP response code: java.net.UnknownHostException,Non HTTP response message: stload.se.ifmo.ru,config 1 1-1,text,false,,2139,0,6,18,http://stload.se.ifmo.ru:8080/?token=518472196&&user=-1356113187&config=1,0,0,0
1775998779326,0,HTTP Request 1,Non HTTP response code: java.net.UnknownHostException,Non HTTP response message: stload.se.ifmo.ru,config 1 1-4,text,false,,2139,0,6,18,http://stload.se.ifmo.ru:8080/?token=518472196&&user=-1356113187&config=1,0,0,0
1775998780825,0,HTTP Request 1,Non HTTP response code: java.net.UnknownHostException,Non HTTP response message: stload.se.ifmo.ru,config 1 1-6,text,false,,2139,0,6,18,http://stload.se.ifmo.ru:8080/?token=518472196&&user=-1356113187&config=1,0,0,0
1775998780825,0,HTTP Request 1,Non HTTP response code: java.net.UnknownHostException,Non HTTP response message: stload.se.ifmo.ru,config 1 1-2,text,false,,2139,0,6,18,http://stload.se.ifmo.ru:8080/?token=518472196&&user=-1356113187&config=1,0,0,0
1775998780826,0,HTTP Request 1,Non HTTP response code: java.net.UnknownHostException,Non HTTP response message: stload.se.ifmo.ru,config 1 1-5,text,false,,2139,0,6,18,http://stload.se.ifmo.ru:8080/?token=518472196&&user=-1356113187&config=1,0,0,0
1775998780826,0,HTTP Request 1,Non HTTP response code: java.net.UnknownHostException,Non HTTP response message: stload.se.ifmo.ru,config 1 1-3,text,false,,2139,0,6,18,http://stload.se.ifmo.ru:8080/?token=518472196&&user=-1356113187&config=1,0,0,0
1775998780826,0,HTTP Request 1,Non HTTP response code: java.net.UnknownHostException,Non HTTP response message: stload.se.ifmo.ru,config 1 1-1,text,false,,2139,0,6,18,http://stload.se.ifmo.ru:8080/?token=518472196&&user=-1356113187&config=1,0,0,0
1775998780826,0,HTTP Request 1,Non HTTP response code: java.net.UnknownHostException,Non HTTP response message: stload.se.ifmo.ru,config 1 1-4,text,false,,2139,0,6,18,http://stload.se.ifmo.ru:8080/?token=518472196&&user=-1356113187&config=1,0,0,0
1775998782325,0,HTTP Request 1,Non HTTP response code: java.net.UnknownHostException,Non HTTP response message: stload.se.ifmo.ru,config 1 1-5,text,false,,2139,0,6,18,http://stload.se.ifmo.ru:8080/?token=518472196&&user=-1356113187&config=1,0,0,0
1775998782325,0,HTTP Request 1,Non HTTP response code: java.net.UnknownHostException,Non HTTP response message: stload.se.ifmo.ru,config 1 1-6,text,false,,2139,0,6,18,http://stload.se.ifmo.ru:8080/?token=518472196&&user=-1356113187&config=1,0,0,0
1775998782325,0,HTTP Request 1,Non HTTP response code: java.net.UnknownHostException,Non HTTP response message: stload.se.ifmo.ru,config 1 1-2,text,false,,2139,0,6,18,http://stload.se.ifmo.ru:8080/?token=518472196&&user=-1356113187&config=1,0,0,0
1775998782326,0,HTTP Request 1,Non HTTP response code: java.net.UnknownHostException,Non HTTP response message: stload.se.ifmo.ru,config 1 1-3,text,false,,2139,0,6,17,http://stload.se.ifmo.ru:8080/?token=518472196&&user=-1356113187&config=1,0,0,0
1775998782326,0,HTTP Request 1,Non HTTP response code: java.net.UnknownHostException,Non HTTP response message: stload.se.ifmo.ru,config 1 1-1,text,false,,2139,0,6,17,http://stload.se.ifmo.ru:8080/?token=518472196&&user=-1356113187&config=1,0,0,0
1775998782327,0,HTTP Request 1,Non HTTP response code: java.net.UnknownHostException,Non HTTP response message: stload.se.ifmo.ru,config 1 1-4,text,false,,2139,0,5,16,http://stload.se.ifmo.ru:8080/?token=518472196&&user=-1356113187&config=1,0,0,0
1775998783826,0,HTTP Request 1,Non HTTP response code: java.net.UnknownHostException,Non HTTP response message: stload.se.ifmo.ru,config 1 1-2,text,false,,2139,0,5,15,http://stload.se.ifmo.ru:8080/?token=518472196&&user=-1356113187&config=1,0,0,0
1775998783826,0,HTTP Request 1,Non HTTP response code: java.net.UnknownHostException,Non HTTP response message: stload.se.ifmo.ru,config 1 1-4,text,false,,2139,0,5,15,http://stload.se.ifmo.ru:8080/?token=518472196&&user=-1356113187&config=1,0,0,0
1775998783826,0,HTTP Request 1,Non HTTP response code: java.net.UnknownHostException,Non HTTP response message: stload.se.ifmo.ru,config 1 1-5,text,false,,2139,0,5,15,http://stload.se.ifmo.ru:8080/?token=518472196&&user=-1356113187&config=1,0,0,0
1775998783826,0,HTTP Request 1,Non HTTP response code: java.net.UnknownHostException,Non HTTP response message: stload.se.ifmo.ru,config 1 1-6,text,false,,2139,0,5,15,http://stload.se.ifmo.ru:8080/?token=518472196&&user=-1356113187&config=1,0,0,0
1775998783827,0,HTTP Request 1,Non HTTP response code: java.net.UnknownHostException,Non HTTP response message: stload.se.ifmo.ru,config 1 1-3,text,false,,2139,0,5,15,http://stload.se.ifmo.ru:8080/?token=518472196&&user=-1356113187&config=1,0,0,0
1775998785325,0,HTTP Request 1,Non HTTP response code: java.net.UnknownHostException,Non HTTP response message: stload.se.ifmo.ru,config 1 1-2,text,false,,2139,0,5,15,http://stload.se.ifmo.ru:8080/?token=518472196&&user=-1356113187&config=1,0,0,0
1775998785325,0,HTTP Request 1,Non HTTP response code: java.net.UnknownHostException,Non HTTP response message: stload.se.ifmo.ru,config 1 1-5,text,false,,2139,0,5,15,http://stload.se.ifmo.ru:8080/?token=518472196&&user=-1356113187&config=1,0,0,0
1775998785325,1,HTTP Request 1,Non HTTP response code: java.net.UnknownHostException,Non HTTP response message: stload.se.ifmo.ru,config 1 1-6,text,false,,2139,0,5,14,http://stload.se.ifmo.ru:8080/?token=518472196&&user=-1356113187&config=1,0,0,1
1775998785326,0,HTTP Request 1,Non HTTP response code: java.net.UnknownHostException,Non HTTP response message: stload.se.ifmo.ru,config 1 1-3,text,false,,2139,0,4,13,http://stload.se.ifmo.ru:8080/?token=518472196&&user=-1356113187&config=1,0,0,0
1775998785326,0,HTTP Request 1,Non HTTP response code: java.net.UnknownHostException,Non HTTP response message: stload.se.ifmo.ru,config 1 1-4,text,false,,2139,0,3,11,http://stload.se.ifmo.ru:8080/?token=518472196&&user=-1356113187&config=1,0,0,0
1775998786825,0,HTTP Request 1,Non HTTP response code: java.net.UnknownHostException,Non HTTP response message: stload.se.ifmo.ru,config 1 1-6,text,false,,2139,0,3,10,http://stload.se.ifmo.ru:8080/?token=518472196&&user=-1356113187&config=1,0,0,0
1775998786825,0,HTTP Request 1,Non HTTP response code: java.net.UnknownHostException,Non HTTP response message: stload.se.ifmo.ru,config 1 1-5,text,false,,2139,0,3,10,http://stload.se.ifmo.ru:8080/?token=518472196&&user=-1356113187&config=1,0,0,0
1775998786827,0,HTTP Request 1,Non HTTP response code: java.net.UnknownHostException,Non HTTP response message: stload.se.ifmo.ru,config 1 1-4,text,false,,2139,0,3,9,http://stload.se.ifmo.ru:8080/?token=518472196&&user=-1356113187&config=1,0,0,0
1775998788326,0,HTTP Request 1,Non HTTP response code: java.net.UnknownHostException,Non HTTP response message: stload.se.ifmo.ru,config 1 1-5,text,false,,2139,0,2,5,http://stload.se.ifmo.ru:8080/?token=518472196&&user=-1356113187&config=1,0,0,0
1775998788326,0,HTTP Request 1,Non HTTP response code: java.net.UnknownHostException,Non HTTP response message: stload.se.ifmo.ru,config 1 1-6,text,false,,2139,0,2,5,http://stload.se.ifmo.ru:8080/?token=518472196&&user=-1356113187&config=1,0,0,0
1775998789826,0,HTTP Request 1,Non HTTP response code: java.net.UnknownHostException,Non HTTP response message: stload.se.ifmo.ru,config 1 1-6,text,false,,2139,0,2,5,http://stload.se.ifmo.ru:8080/?token=518472196&&user=-1356113187&config=1,0,0,0
1775998789826,23,HTTP Request 1,Non HTTP response code: java.net.UnknownHostException,Non HTTP response message: stload.se.ifmo.ru: Name or service not known,config 1 1-5,text,false,,2506,0,2,4,http://stload.se.ifmo.ru:8080/?token=518472196&&user=-1356113187&config=1,0,0,22
1775998791326,0,HTTP Request 1,Non HTTP response code: java.net.UnknownHostException,Non HTTP response message: stload.se.ifmo.ru,config 1 1-6,text,false,,2139,0,1,2,http://stload.se.ifmo.ru:8080/?token=518472196&&user=-1356113187&config=1,0,0,0
1775999013243,810,HTTP Request 1,200,OK,config 1 1-1,text,true,,231,168,1,3,http://stload.se.ifmo.ru:8080/?token=518472196&&user=-1356113187&config=1,810,0,66
1775999014700,742,HTTP Request 1,200,OK,config 1 1-1,text,true,,231,168,2,6,http://stload.se.ifmo.ru:8080/?token=518472196&&user=-1356113187&config=1,741,0,0
1775999014849,786,HTTP Request 1,200,OK,config 1 1-2,text,true,,231,168,2,6,http://stload.se.ifmo.ru:8080/?token=518472196&&user=-1356113187&config=1,786,0,21
1775999016200,751,HTTP Request 1,200,OK,config 1 1-1,text,true,,231,168,3,9,http://stload.se.ifmo.ru:8080/?token=518472196&&user=-1356113187&config=1,751,0,0
1775999016348,725,HTTP Request 1,200,OK,config 1 1-2,text,true,,231,168,3,9,http://stload.se.ifmo.ru:8080/?token=518472196&&user=-1356113187&config=1,724,0,0
1775999016516,764,HTTP Request 1,200,OK,config 1 1-3,text,true,,231,168,3,9,http://stload.se.ifmo.ru:8080/?token=518472196&&user=-1356113187&config=1,764,0,19
1775999017701,741,HTTP Request 1,200,OK,config 1 1-1,text,true,,231,168,4,12,http://stload.se.ifmo.ru:8080/?token=518472196&&user=-1356113187&config=1,741,0,0
1775999017849,732,HTTP Request 1,200,OK,config 1 1-2,text,true,,231,168,4,12,http://stload.se.ifmo.ru:8080/?token=518472196&&user=-1356113187&config=1,732,0,0
1775999018017,734,HTTP Request 1,200,OK,config 1 1-3,text,true,,231,168,4,12,http://stload.se.ifmo.ru:8080/?token=518472196&&user=-1356113187&config=1,734,0,0
1775999018183,812,HTTP Request 1,200,OK,config 1 1-4,text,true,,231,168,4,12,http://stload.se.ifmo.ru:8080/?token=518472196&&user=-1356113187&config=1,812,0,59
1775999019201,760,HTTP Request 1,200,OK,config 1 1-1,text,true,,231,168,5,15,http://stload.se.ifmo.ru:8080/?token=518472196&&user=-1356113187&config=1,760,0,0
1775999019349,742,HTTP Request 1,200,OK,config 1 1-2,text,true,,231,168,5,15,http://stload.se.ifmo.ru:8080/?token=518472196&&user=-1356113187&config=1,742,0,0
1775999019516,760,HTTP Request 1,200,OK,config 1 1-3,text,true,,231,168,5,15,http://stload.se.ifmo.ru:8080/?token=518472196&&user=-1356113187&config=1,760,0,0
1775999019683,750,HTTP Request 1,200,OK,config 1 1-4,text,true,,231,168,5,15,http://stload.se.ifmo.ru:8080/?token=518472196&&user=-1356113187&config=1,750,0,0
1775999019848,838,HTTP Request 1,200,OK,config 1 1-5,text,true,,231,168,5,15,http://stload.se.ifmo.ru:8080/?token=518472196&&user=-1356113187&config=1,838,0,18
1775999020701,794,HTTP Request 1,200,OK,config 1 1-1,text,true,,231,168,5,15,http://stload.se.ifmo.ru:8080/?token=518472196&&user=-1356113187&config=1,794,0,0
1775999020849,756,HTTP Request 1,200,OK,config 1 1-2,text,true,,231,168,6,18,http://stload.se.ifmo.ru:8080/?token=518472196&&user=-1356113187&config=1,756,0,0
1775999021016,757,HTTP Request 1,200,OK,config 1 1-3,text,true,,231,168,6,18,http://stload.se.ifmo.ru:8080/?token=518472196&&user=-1356113187&config=1,757,0,0
1775999021182,769,HTTP Request 1,200,OK,config 1 1-4,text,true,,231,168,6,18,http://stload.se.ifmo.ru:8080/?token=518472196&&user=-1356113187&config=1,769,0,0
1775999021350,775,HTTP Request 1,200,OK,config 1 1-5,text,true,,231,168,6,18,http://stload.se.ifmo.ru:8080/?token=518472196&&user=-1356113187&config=1,775,0,0
1775999021515,842,HTTP Request 1,200,OK,config 1 1-6,text,false,"The operation lasted too long: It took 842 milliseconds, but should not have lasted longer than 840 milliseconds.",231,168,6,18,http://stload.se.ifmo.ru:8080/?token=518472196&&user=-1356113187&config=1,842,0,58
1775999022201,816,HTTP Request 1,200,OK,config 1 1-1,text,true,,231,168,6,18,http://stload.se.ifmo.ru:8080/?token=518472196&&user=-1356113187&config=1,816,0,0
1775999022349,782,HTTP Request 1,200,OK,config 1 1-2,text,true,,231,168,6,18,http://stload.se.ifmo.ru:8080/?token=518472196&&user=-1356113187&config=1,782,0,0
1775999022517,803,HTTP Request 1,200,OK,config 1 1-3,text,true,,231,168,6,18,http://stload.se.ifmo.ru:8080/?token=518472196&&user=-1356113187&config=1,802,0,0
1775999022682,823,HTTP Request 1,200,OK,config 1 1-4,text,true,,231,168,6,18,http://stload.se.ifmo.ru:8080/?token=518472196&&user=-1356113187&config=1,823,0,0
1775999022848,842,HTTP Request 1,200,OK,config 1 1-5,text,false,"The operation lasted too long: It took 842 milliseconds, but should not have lasted longer than 840 milliseconds.",231,168,6,18,http://stload.se.ifmo.ru:8080/?token=518472196&&user=-1356113187&config=1,842,0,0
1775999023016,834,HTTP Request 1,200,OK,config 1 1-6,text,true,,231,168,6,18,http://stload.se.ifmo.ru:8080/?token=518472196&&user=-1356113187&config=1,834,0,0
1775999023700,829,HTTP Request 1,200,OK,config 1 1-1,text,true,,231,168,6,18,http://stload.se.ifmo.ru:8080/?token=518472196&&user=-1356113187&config=1,829,0,0
1775999023848,821,HTTP Request 1,200,OK,config 1 1-2,text,true,,231,168,6,18,http://stload.se.ifmo.ru:8080/?token=518472196&&user=-1356113187&config=1,821,0,0
1775999024016,813,HTTP Request 1,200,OK,config 1 1-3,text,true,,231,168,6,18,http://stload.se.ifmo.ru:8080/?token=518472196&&user=-1356113187&config=1,813,0,0
1775999024182,796,HTTP Request 1,200,OK,config 1 1-4,text,true,,231,168,6,18,http://stload.se.ifmo.ru:8080/?token=518472196&&user=-1356113187&config=1,796,0,0
1775999024349,839,HTTP Request 1,200,OK,config 1 1-5,text,true,,231,168,6,18,http://stload.se.ifmo.ru:8080/?token=518472196&&user=-1356113187&config=1,839,0,0
1775999024516,926,HTTP Request 1,200,OK,config 1 1-6,text,false,"The operation lasted too long: It took 926 milliseconds, but should not have lasted longer than 840 milliseconds.",231,168,6,18,http://stload.se.ifmo.ru:8080/?token=518472196&&user=-1356113187&config=1,925,0,0
1775999025200,1035,HTTP Request 1,200,OK,config 1 1-1,text,false,"The operation lasted too long: It took 1,035 milliseconds, but should not have lasted longer than 840 milliseconds.",231,168,6,18,http://stload.se.ifmo.ru:8080/?token=518472196&&user=-1356113187&config=1,1035,0,0
1775999025349,899,HTTP Request 1,200,OK,config 1 1-2,text,false,"The operation lasted too long: It took 899 milliseconds, but should not have lasted longer than 840 milliseconds.",231,168,6,18,http://stload.se.ifmo.ru:8080/?token=518472196&&user=-1356113187&config=1,899,0,0
1775999025682,833,HTTP Request 1,200,OK,config 1 1-4,text,true,,231,168,6,18,http://stload.se.ifmo.ru:8080/?token=518472196&&user=-1356113187&config=1,833,0,0
1775999025517,998,HTTP Request 1,200,OK,config 1 1-3,text,false,"The operation lasted too long: It took 998 milliseconds, but should not have lasted longer than 840 milliseconds.",231,168,6,18,http://stload.se.ifmo.ru:8080/?token=518472196&&user=-1356113187&config=1,998,0,0
1775999025849,935,HTTP Request 1,200,OK,config 1 1-5,text,false,"The operation lasted too long: It took 935 milliseconds, but should not have lasted longer than 840 milliseconds.",231,168,6,18,http://stload.se.ifmo.ru:8080/?token=518472196&&user=-1356113187&config=1,935,0,0
1775999026016,821,HTTP Request 1,200,OK,config 1 1-6,text,true,,231,168,6,18,http://stload.se.ifmo.ru:8080/?token=518472196&&user=-1356113187&config=1,821,0,0
1775999026701,891,HTTP Request 1,200,OK,config 1 1-1,text,false,"The operation lasted too long: It took 891 milliseconds, but should not have lasted longer than 840 milliseconds.",231,168,6,18,http://stload.se.ifmo.ru:8080/?token=518472196&&user=-1356113187&config=1,891,0,0
1775999027016,826,HTTP Request 1,200,OK,config 1 1-3,text,true,,231,168,6,18,http://stload.se.ifmo.ru:8080/?token=518472196&&user=-1356113187&config=1,826,0,0
1775999026848,1007,HTTP Request 1,200,OK,config 1 1-2,text,false,"The operation lasted too long: It took 1,007 milliseconds, but should not have lasted longer than 840 milliseconds.",231,168,6,18,http://stload.se.ifmo.ru:8080/?token=518472196&&user=-1356113187&config=1,1007,0,0
1775999027183,1144,HTTP Request 1,200,OK,config 1 1-4,text,false,"The operation lasted too long: It took 1,144 milliseconds, but should not have lasted longer than 840 milliseconds.",231,168,6,18,http://stload.se.ifmo.ru:8080/?token=518472196&&user=-1356113187&config=1,1144,0,0
1775999027349,978,HTTP Request 1,200,OK,config 1 1-5,text,false,"The operation lasted too long: It took 978 milliseconds, but should not have lasted longer than 840 milliseconds.",231,168,6,18,http://stload.se.ifmo.ru:8080/?token=518472196&&user=-1356113187&config=1,978,0,0
1775999027516,995,HTTP Request 1,200,OK,config 1 1-6,text,false,"The operation lasted too long: It took 995 milliseconds, but should not have lasted longer than 840 milliseconds.",231,168,6,18,http://stload.se.ifmo.ru:8080/?token=518472196&&user=-1356113187&config=1,995,0,0
1775999028200,889,HTTP Request 1,200,OK,config 1 1-1,text,false,"The operation lasted too long: It took 889 milliseconds, but should not have lasted longer than 840 milliseconds.",231,168,6,18,http://stload.se.ifmo.ru:8080/?token=518472196&&user=-1356113187&config=1,889,0,0
1775999028517,844,HTTP Request 1,200,OK,config 1 1-3,text,false,"The operation lasted too long: It took 844 milliseconds, but should not have lasted longer than 840 milliseconds.",231,168,6,18,http://stload.se.ifmo.ru:8080/?token=518472196&&user=-1356113187&config=1,844,0,0
1775999028349,1012,HTTP Request 1,200,OK,config 1 1-2,text,false,"The operation lasted too long: It took 1,012 milliseconds, but should not have lasted longer than 840 milliseconds.",231,168,6,18,http://stload.se.ifmo.ru:8080/?token=518472196&&user=-1356113187&config=1,1012,0,0
1775999028682,953,HTTP Request 1,200,OK,config 1 1-4,text,false,"The operation lasted too long: It took 953 milliseconds, but should not have lasted longer than 840 milliseconds.",231,168,6,18,http://stload.se.ifmo.ru:8080/?token=518472196&&user=-1356113187&config=1,953,0,0
1775999028848,958,HTTP Request 1,200,OK,config 1 1-5,text,false,"The operation lasted too long: It took 958 milliseconds, but should not have lasted longer than 840 milliseconds.",231,168,6,18,http://stload.se.ifmo.ru:8080/?token=518472196&&user=-1356113187&config=1,957,0,0
1775999029016,1018,HTTP Request 1,200,OK,config 1 1-6,text,false,"The operation lasted too long: It took 1,018 milliseconds, but should not have lasted longer than 840 milliseconds.",231,168,6,18,http://stload.se.ifmo.ru:8080/?token=518472196&&user=-1356113187&config=1,1018,0,0
1775999029701,934,HTTP Request 1,200,OK,config 1 1-1,text,false,"The operation lasted too long: It took 934 milliseconds, but should not have lasted longer than 840 milliseconds.",231,168,6,18,http://stload.se.ifmo.ru:8080/?token=518472196&&user=-1356113187&config=1,934,0,0
1775999029848,870,HTTP Request 1,200,OK,config 1 1-2,text,false,"The operation lasted too long: It took 870 milliseconds, but should not have lasted longer than 840 milliseconds.",231,168,6,18,http://stload.se.ifmo.ru:8080/?token=518472196&&user=-1356113187&config=1,870,0,0
1775999030016,861,HTTP Request 1,200,OK,config 1 1-3,text,false,"The operation lasted too long: It took 861 milliseconds, but should not have lasted longer than 840 milliseconds.",231,168,6,18,http://stload.se.ifmo.ru:8080/?token=518472196&&user=-1356113187&config=1,861,0,0
1775999030183,922,HTTP Request 1,200,OK,config 1 1-4,text,false,"The operation lasted too long: It took 922 milliseconds, but should not have lasted longer than 840 milliseconds.",231,168,6,18,http://stload.se.ifmo.ru:8080/?token=518472196&&user=-1356113187&config=1,922,0,0
1775999030349,1001,HTTP Request 1,200,OK,config 1 1-5,text,false,"The operation lasted too long: It took 1,001 milliseconds, but should not have lasted longer than 840 milliseconds.",231,168,6,18,http://stload.se.ifmo.ru:8080/?token=518472196&&user=-1356113187&config=1,1001,0,0
1775999030516,862,HTTP Request 1,200,OK,config 1 1-6,text,false,"The operation lasted too long: It took 862 milliseconds, but should not have lasted longer than 840 milliseconds.",231,168,6,18,http://stload.se.ifmo.ru:8080/?token=518472196&&user=-1356113187&config=1,862,0,0
1775999031200,994,HTTP Request 1,200,OK,config 1 1-1,text,false,"The operation lasted too long: It took 994 milliseconds, but should not have lasted longer than 840 milliseconds.",231,168,6,18,http://stload.se.ifmo.ru:8080/?token=518472196&&user=-1356113187&config=1,994,0,0
1775999031348,1013,HTTP Request 1,200,OK,config 1 1-2,text,false,"The operation lasted too long: It took 1,013 milliseconds, but should not have lasted longer than 840 milliseconds.",231,168,6,18,http://stload.se.ifmo.ru:8080/?token=518472196&&user=-1356113187&config=1,1013,0,0
1775999031516,906,HTTP Request 1,200,OK,config 1 1-3,text,false,"The operation lasted too long: It took 906 milliseconds, but should not have lasted longer than 840 milliseconds.",231,168,6,18,http://stload.se.ifmo.ru:8080/?token=518472196&&user=-1356113187&config=1,906,0,0
1775999031682,987,HTTP Request 1,200,OK,config 1 1-4,text,false,"The operation lasted too long: It took 987 milliseconds, but should not have lasted longer than 840 milliseconds.",231,168,6,18,http://stload.se.ifmo.ru:8080/?token=518472196&&user=-1356113187&config=1,987,0,0
1775999031848,878,HTTP Request 1,200,OK,config 1 1-5,text,false,"The operation lasted too long: It took 878 milliseconds, but should not have lasted longer than 840 milliseconds.",231,168,6,18,http://stload.se.ifmo.ru:8080/?token=518472196&&user=-1356113187&config=1,878,0,0
1775999032015,965,HTTP Request 1,200,OK,config 1 1-6,text,false,"The operation lasted too long: It took 965 milliseconds, but should not have lasted longer than 840 milliseconds.",231,168,6,18,http://stload.se.ifmo.ru:8080/?token=518472196&&user=-1356113187&config=1,965,0,0
1775999032701,999,HTTP Request 1,200,OK,config 1 1-1,text,false,"The operation lasted too long: It took 999 milliseconds, but should not have lasted longer than 840 milliseconds.",231,168,6,18,http://stload.se.ifmo.ru:8080/?token=518472196&&user=-1356113187&config=1,999,0,0
1775999032849,889,HTTP Request 1,200,OK,config 1 1-2,text,false,"The operation lasted too long: It took 889 milliseconds, but should not have lasted longer than 840 milliseconds.",231,168,6,18,http://stload.se.ifmo.ru:8080/?token=518472196&&user=-1356113187&config=1,889,0,0
1775999033017,985,HTTP Request 1,200,OK,config 1 1-3,text,false,"The operation lasted too long: It took 985 milliseconds, but should not have lasted longer than 840 milliseconds.",231,168,6,18,http://stload.se.ifmo.ru:8080/?token=518472196&&user=-1356113187&config=1,985,0,0
1775999033183,1008,HTTP Request 1,200,OK,config 1 1-4,text,false,"The operation lasted too long: It took 1,008 milliseconds, but should not have lasted longer than 840 milliseconds.",231,168,6,18,http://stload.se.ifmo.ru:8080/?token=518472196&&user=-1356113187&config=1,1008,0,0
1775999033348,946,HTTP Request 1,200,OK,config 1 1-5,text,false,"The operation lasted too long: It took 946 milliseconds, but should not have lasted longer than 840 milliseconds.",231,168,6,18,http://stload.se.ifmo.ru:8080/?token=518472196&&user=-1356113187&config=1,946,0,0
1775999033516,945,HTTP Request 1,200,OK,config 1 1-6,text,false,"The operation lasted too long: It took 945 milliseconds, but should not have lasted longer than 840 milliseconds.",231,168,6,18,http://stload.se.ifmo.ru:8080/?token=518472196&&user=-1356113187&config=1,945,0,0
1775999034201,897,HTTP Request 1,200,OK,config 1 1-1,text,false,"The operation lasted too long: It took 897 milliseconds, but should not have lasted longer than 840 milliseconds.",231,168,6,18,http://stload.se.ifmo.ru:8080/?token=518472196&&user=-1356113187&config=1,897,0,0
1775999034349,993,HTTP Request 1,200,OK,config 1 1-2,text,false,"The operation lasted too long: It took 993 milliseconds, but should not have lasted longer than 840 milliseconds.",231,168,6,18,http://stload.se.ifmo.ru:8080/?token=518472196&&user=-1356113187&config=1,992,0,0
1775999034516,856,HTTP Request 1,200,OK,config 1 1-3,text,false,"The operation lasted too long: It took 856 milliseconds, but should not have lasted longer than 840 milliseconds.",231,168,6,18,http://stload.se.ifmo.ru:8080/?token=518472196&&user=-1356113187&config=1,856,0,0
1775999034682,884,HTTP Request 1,200,OK,config 1 1-4,text,false,"The operation lasted too long: It took 884 milliseconds, but should not have lasted longer than 840 milliseconds.",231,168,6,18,http://stload.se.ifmo.ru:8080/?token=518472196&&user=-1356113187&config=1,884,0,0
1775999034848,988,HTTP Request 1,200,OK,config 1 1-5,text,false,"The operation lasted too long: It took 988 milliseconds, but should not have lasted longer than 840 milliseconds.",231,168,6,18,http://stload.se.ifmo.ru:8080/?token=518472196&&user=-1356113187&config=1,988,0,0
1775999035015,1429,HTTP Request 1,200,OK,config 1 1-6,text,false,"The operation lasted too long: It took 1,429 milliseconds, but should not have lasted longer than 840 milliseconds.",231,168,6,18,http://stload.se.ifmo.ru:8080/?token=518472196&&user=-1356113187&config=1,1429,0,0
1775999035701,933,HTTP Request 1,200,OK,config 1 1-1,text,false,"The operation lasted too long: It took 933 milliseconds, but should not have lasted longer than 840 milliseconds.",231,168,6,18,http://stload.se.ifmo.ru:8080/?token=518472196&&user=-1356113187&config=1,933,0,0
1775999036016,838,HTTP Request 1,200,OK,config 1 1-3,text,true,,231,168,6,18,http://stload.se.ifmo.ru:8080/?token=518472196&&user=-1356113187&config=1,838,0,0
1775999035848,1020,HTTP Request 1,200,OK,config 1 1-2,text,false,"The operation lasted too long: It took 1,020 milliseconds, but should not have lasted longer than 840 milliseconds.",231,168,6,18,http://stload.se.ifmo.ru:8080/?token=518472196&&user=-1356113187&config=1,1020,0,0
1775999036182,862,HTTP Request 1,200,OK,config 1 1-4,text,false,"The operation lasted too long: It took 862 milliseconds, but should not have lasted longer than 840 milliseconds.",231,168,6,18,http://stload.se.ifmo.ru:8080/?token=518472196&&user=-1356113187&config=1,862,0,0
1775999036349,984,HTTP Request 1,200,OK,config 1 1-5,text,false,"The operation lasted too long: It took 984 milliseconds, but should not have lasted longer than 840 milliseconds.",231,168,6,18,http://stload.se.ifmo.ru:8080/?token=518472196&&user=-1356113187&config=1,984,0,0
1775999036516,942,HTTP Request 1,200,OK,config 1 1-6,text,false,"The operation lasted too long: It took 942 milliseconds, but should not have lasted longer than 840 milliseconds.",231,168,6,18,http://stload.se.ifmo.ru:8080/?token=518472196&&user=-1356113187&config=1,942,0,0
1775999037200,911,HTTP Request 1,200,OK,config 1 1-1,text,false,"The operation lasted too long: It took 911 milliseconds, but should not have lasted longer than 840 milliseconds.",231,168,6,18,http://stload.se.ifmo.ru:8080/?token=518472196&&user=-1356113187&config=1,911,0,0
1775999037349,878,HTTP Request 1,200,OK,config 1 1-2,text,false,"The operation lasted too long: It took 878 milliseconds, but should not have lasted longer than 840 milliseconds.",231,168,6,18,http://stload.se.ifmo.ru:8080/?token=518472196&&user=-1356113187&config=1,878,0,0
1775999037516,851,HTTP Request 1,200,OK,config 1 1-3,text,false,"The operation lasted too long: It took 851 milliseconds, but should not have lasted longer than 840 milliseconds.",231,168,6,18,http://stload.se.ifmo.ru:8080/?token=518472196&&user=-1356113187&config=1,851,0,0
1775999037683,839,HTTP Request 1,200,OK,config 1 1-4,text,true,,231,168,6,18,http://stload.se.ifmo.ru:8080/?token=518472196&&user=-1356113187&config=1,839,0,0
1775999037849,886,HTTP Request 1,200,OK,config 1 1-5,text,false,"The operation lasted too long: It took 886 milliseconds, but should not have lasted longer than 840 milliseconds.",231,168,6,18,http://stload.se.ifmo.ru:8080/?token=518472196&&user=-1356113187&config=1,886,0,0
1775999038016,867,HTTP Request 1,200,OK,config 1 1-6,text,false,"The operation lasted too long: It took 867 milliseconds, but should not have lasted longer than 840 milliseconds.",231,168,6,18,http://stload.se.ifmo.ru:8080/?token=518472196&&user=-1356113187&config=1,867,0,0
1775999038700,894,HTTP Request 1,200,OK,config 1 1-1,text,false,"The operation lasted too long: It took 894 milliseconds, but should not have lasted longer than 840 milliseconds.",231,168,6,18,http://stload.se.ifmo.ru:8080/?token=518472196&&user=-1356113187&config=1,894,0,0
1775999038848,855,HTTP Request 1,200,OK,config 1 1-2,text,false,"The operation lasted too long: It took 855 milliseconds, but should not have lasted longer than 840 milliseconds.",231,168,6,18,http://stload.se.ifmo.ru:8080/?token=518472196&&user=-1356113187&config=1,855,0,0
1775999039016,851,HTTP Request 1,200,OK,config 1 1-3,text,false,"The operation lasted too long: It took 851 milliseconds, but should not have lasted longer than 840 milliseconds.",231,168,6,18,http://stload.se.ifmo.ru:8080/?token=518472196&&user=-1356113187&config=1,851,0,0
1775999039182,933,HTTP Request 1,200,OK,config 1 1-4,text,false,"The operation lasted too long: It took 933 milliseconds, but should not have lasted longer than 840 milliseconds.",231,168,6,18,http://stload.se.ifmo.ru:8080/?token=518472196&&user=-1356113187&config=1,933,0,0
1775999039348,867,HTTP Request 1,200,OK,config 1 1-5,text,false,"The operation lasted too long: It took 867 milliseconds, but should not have lasted longer than 840 milliseconds.",231,168,6,18,http://stload.se.ifmo.ru:8080/?token=518472196&&user=-1356113187&config=1,867,0,0
1775999039515,861,HTTP Request 1,200,OK,config 1 1-6,text,false,"The operation lasted too long: It took 861 milliseconds, but should not have lasted longer than 840 milliseconds.",231,168,6,18,http://stload.se.ifmo.ru:8080/?token=518472196&&user=-1356113187&config=1,861,0,0
1775999040200,870,HTTP Request 1,200,OK,config 1 1-1,text,false,"The operation lasted too long: It took 870 milliseconds, but should not have lasted longer than 840 milliseconds.",231,168,6,18,http://stload.se.ifmo.ru:8080/?token=518472196&&user=-1356113187&config=1,870,0,0
1775999040348,839,HTTP Request 1,200,OK,config 1 1-2,text,true,,231,168,6,18,http://stload.se.ifmo.ru:8080/?token=518472196&&user=-1356113187&config=1,839,0,0
1775999040516,849,HTTP Request 1,200,OK,config 1 1-3,text,false,"The operation lasted too long: It took 849 milliseconds, but should not have lasted longer than 840 milliseconds.",231,168,6,18,http://stload.se.ifmo.ru:8080/?token=518472196&&user=-1356113187&config=1,849,0,0
1775999040683,872,HTTP Request 1,200,OK,config 1 1-4,text,false,"The operation lasted too long: It took 872 milliseconds, but should not have lasted longer than 840 milliseconds.",231,168,6,18,http://stload.se.ifmo.ru:8080/?token=518472196&&user=-1356113187&config=1,872,0,0
1775999040848,851,HTTP Request 1,200,OK,config 1 1-5,text,false,"The operation lasted too long: It took 851 milliseconds, but should not have lasted longer than 840 milliseconds.",231,168,6,18,http://stload.se.ifmo.ru:8080/?token=518472196&&user=-1356113187&config=1,851,0,0
1775999041015,859,HTTP Request 1,200,OK,config 1 1-6,text,false,"The operation lasted too long: It took 859 milliseconds, but should not have lasted longer than 840 milliseconds.",231,168,6,18,http://stload.se.ifmo.ru:8080/?token=518472196&&user=-1356113187&config=1,859,0,0
1775999041700,891,HTTP Request 1,200,OK,config 1 1-1,text,false,"The operation lasted too long: It took 891 milliseconds, but should not have lasted longer than 840 milliseconds.",231,168,6,18,http://stload.se.ifmo.ru:8080/?token=518472196&&user=-1356113187&config=1,891,0,0
1775999041848,845,HTTP Request 1,200,OK,config 1 1-2,text,false,"The operation lasted too long: It took 845 milliseconds, but should not have lasted longer than 840 milliseconds.",231,168,6,18,http://stload.se.ifmo.ru:8080/?token=518472196&&user=-1356113187&config=1,845,0,0
1775999042017,886,HTTP Request 1,200,OK,config 1 1-3,text,false,"The operation lasted too long: It took 886 milliseconds, but should not have lasted longer than 840 milliseconds.",231,168,6,18,http://stload.se.ifmo.ru:8080/?token=518472196&&user=-1356113187&config=1,886,0,0
1775999042182,843,HTTP Request 1,200,OK,config 1 1-4,text,false,"The operation lasted too long: It took 843 milliseconds, but should not have lasted longer than 840 milliseconds.",231,168,6,18,http://stload.se.ifmo.ru:8080/?token=518472196&&user=-1356113187&config=1,843,0,0
1775999042348,887,HTTP Request 1,200,OK,config 1 1-5,text,false,"The operation lasted too long: It took 887 milliseconds, but should not have lasted longer than 840 milliseconds.",231,168,6,18,http://stload.se.ifmo.ru:8080/?token=518472196&&user=-1356113187&config=1,887,0,0
1775999042515,881,HTTP Request 1,200,OK,config 1 1-6,text,false,"The operation lasted too long: It took 881 milliseconds, but should not have lasted longer than 840 milliseconds.",231,168,6,18,http://stload.se.ifmo.ru:8080/?token=518472196&&user=-1356113187&config=1,881,0,0
1775999043200,860,HTTP Request 1,200,OK,config 1 1-1,text,false,"The operation lasted too long: It took 860 milliseconds, but should not have lasted longer than 840 milliseconds.",231,168,6,18,http://stload.se.ifmo.ru:8080/?token=518472196&&user=-1356113187&config=1,860,0,0
1775999043349,874,HTTP Request 1,200,OK,config 1 1-2,text,false,"The operation lasted too long: It took 874 milliseconds, but should not have lasted longer than 840 milliseconds.",231,168,6,18,http://stload.se.ifmo.ru:8080/?token=518472196&&user=-1356113187&config=1,874,0,0
1775999043517,837,HTTP Request 1,200,OK,config 1 1-3,text,true,,231,168,6,18,http://stload.se.ifmo.ru:8080/?token=518472196&&user=-1356113187&config=1,837,0,0
1775999043682,893,HTTP Request 1,200,OK,config 1 1-4,text,false,"The operation lasted too long: It took 893 milliseconds, but should not have lasted longer than 840 milliseconds.",231,168,6,18,http://stload.se.ifmo.ru:8080/?token=518472196&&user=-1356113187&config=1,893,0,0
1775999043848,896,HTTP Request 1,200,OK,config 1 1-5,text,false,"The operation lasted too long: It took 896 milliseconds, but should not have lasted longer than 840 milliseconds.",231,168,6,18,http://stload.se.ifmo.ru:8080/?token=518472196&&user=-1356113187&config=1,896,0,0
1775999044015,848,HTTP Request 1,200,OK,config 1 1-6,text,false,"The operation lasted too long: It took 848 milliseconds, but should not have lasted longer than 840 milliseconds.",231,168,6,18,http://stload.se.ifmo.ru:8080/?token=518472196&&user=-1356113187&config=1,848,0,0
1775999044700,882,HTTP Request 1,200,OK,config 1 1-1,text,false,"The operation lasted too long: It took 882 milliseconds, but should not have lasted longer than 840 milliseconds.",231,168,6,18,http://stload.se.ifmo.ru:8080/?token=518472196&&user=-1356113187&config=1,882,0,0
1775999044848,839,HTTP Request 1,200,OK,config 1 1-2,text,true,,231,168,6,18,http://stload.se.ifmo.ru:8080/?token=518472196&&user=-1356113187&config=1,839,0,0
1775999045016,838,HTTP Request 1,200,OK,config 1 1-3,text,true,,231,168,6,18,http://stload.se.ifmo.ru:8080/?token=518472196&&user=-1356113187&config=1,838,0,0
1775999045183,914,HTTP Request 1,200,OK,config 1 1-4,text,false,"The operation lasted too long: It took 914 milliseconds, but should not have lasted longer than 840 milliseconds.",231,168,6,18,http://stload.se.ifmo.ru:8080/?token=518472196&&user=-1356113187&config=1,914,0,0
1775999045348,873,HTTP Request 1,200,OK,config 1 1-5,text,false,"The operation lasted too long: It took 873 milliseconds, but should not have lasted longer than 840 milliseconds.",231,168,6,18,http://stload.se.ifmo.ru:8080/?token=518472196&&user=-1356113187&config=1,873,0,0
1775999045515,860,HTTP Request 1,200,OK,config 1 1-6,text,false,"The operation lasted too long: It took 860 milliseconds, but should not have lasted longer than 840 milliseconds.",231,168,6,18,http://stload.se.ifmo.ru:8080/?token=518472196&&user=-1356113187&config=1,860,0,0
1775999046200,858,HTTP Request 1,200,OK,config 1 1-1,text,false,"The operation lasted too long: It took 858 milliseconds, but should not have lasted longer than 840 milliseconds.",231,168,6,18,http://stload.se.ifmo.ru:8080/?token=518472196&&user=-1356113187&config=1,858,0,0
1775999046349,839,HTTP Request 1,200,OK,config 1 1-2,text,true,,231,168,6,18,http://stload.se.ifmo.ru:8080/?token=518472196&&user=-1356113187&config=1,839,0,0
1775999046516,842,HTTP Request 1,200,OK,config 1 1-3,text,false,"The operation lasted too long: It took 842 milliseconds, but should not have lasted longer than 840 milliseconds.",231,168,6,18,http://stload.se.ifmo.ru:8080/?token=518472196&&user=-1356113187&config=1,842,0,0
1775999046682,894,HTTP Request 1,200,OK,config 1 1-4,text,false,"The operation lasted too long: It took 894 milliseconds, but should not have lasted longer than 840 milliseconds.",231,168,6,18,http://stload.se.ifmo.ru:8080/?token=518472196&&user=-1356113187&config=1,894,0,0
1775999046849,852,HTTP Request 1,200,OK,config 1 1-5,text,false,"The operation lasted too long: It took 852 milliseconds, but should not have lasted longer than 840 milliseconds.",231,168,6,18,http://stload.se.ifmo.ru:8080/?token=518472196&&user=-1356113187&config=1,852,0,0
1775999047015,914,HTTP Request 1,200,OK,config 1 1-6,text,false,"The operation lasted too long: It took 914 milliseconds, but should not have lasted longer than 840 milliseconds.",231,168,6,18,http://stload.se.ifmo.ru:8080/?token=518472196&&user=-1356113187&config=1,914,0,0
1775999047700,849,HTTP Request 1,200,OK,config 1 1-1,text,false,"The operation lasted too long: It took 849 milliseconds, but should not have lasted longer than 840 milliseconds.",231,168,6,18,http://stload.se.ifmo.ru:8080/?token=518472196&&user=-1356113187&config=1,849,0,0
1775999047848,838,HTTP Request 1,200,OK,config 1 1-2,text,true,,231,168,6,18,http://stload.se.ifmo.ru:8080/?token=518472196&&user=-1356113187&config=1,838,0,0
1775999048016,851,HTTP Request 1,200,OK,config 1 1-3,text,false,"The operation lasted too long: It took 851 milliseconds, but should not have lasted longer than 840 milliseconds.",231,168,6,18,http://stload.se.ifmo.ru:8080/?token=518472196&&user=-1356113187&config=1,851,0,0
1775999048182,848,HTTP Request 1,200,OK,config 1 1-4,text,false,"The operation lasted too long: It took 848 milliseconds, but should not have lasted longer than 840 milliseconds.",231,168,6,18,http://stload.se.ifmo.ru:8080/?token=518472196&&user=-1356113187&config=1,848,0,0
1775999048349,851,HTTP Request 1,200,OK,config 1 1-5,text,false,"The operation lasted too long: It took 851 milliseconds, but should not have lasted longer than 840 milliseconds.",231,168,6,18,http://stload.se.ifmo.ru:8080/?token=518472196&&user=-1356113187&config=1,851,0,0
1775999048515,914,HTTP Request 1,200,OK,config 1 1-6,text,false,"The operation lasted too long: It took 914 milliseconds, but should not have lasted longer than 840 milliseconds.",231,168,6,18,http://stload.se.ifmo.ru:8080/?token=518472196&&user=-1356113187&config=1,914,0,0
1775999049201,898,HTTP Request 1,200,OK,config 1 1-1,text,false,"The operation lasted too long: It took 898 milliseconds, but should not have lasted longer than 840 milliseconds.",231,168,6,18,http://stload.se.ifmo.ru:8080/?token=518472196&&user=-1356113187&config=1,898,0,0
1775999049349,838,HTTP Request 1,200,OK,config 1 1-2,text,true,,231,168,6,18,http://stload.se.ifmo.ru:8080/?token=518472196&&user=-1356113187&config=1,838,0,0
1775999049516,850,HTTP Request 1,200,OK,config 1 1-3,text,false,"The operation lasted too long: It took 850 milliseconds, but should not have lasted longer than 840 milliseconds.",231,168,6,18,http://stload.se.ifmo.ru:8080/?token=518472196&&user=-1356113187&config=1,850,0,0
1775999049682,861,HTTP Request 1,200,OK,config 1 1-4,text,false,"The operation lasted too long: It took 861 milliseconds, but should not have lasted longer than 840 milliseconds.",231,168,6,18,http://stload.se.ifmo.ru:8080/?token=518472196&&user=-1356113187&config=1,861,0,0
1775999049848,852,HTTP Request 1,200,OK,config 1 1-5,text,false,"The operation lasted too long: It took 852 milliseconds, but should not have lasted longer than 840 milliseconds.",231,168,6,18,http://stload.se.ifmo.ru:8080/?token=518472196&&user=-1356113187&config=1,852,0,0
1775999050015,861,HTTP Request 1,200,OK,config 1 1-6,text,false,"The operation lasted too long: It took 861 milliseconds, but should not have lasted longer than 840 milliseconds.",231,168,6,18,http://stload.se.ifmo.ru:8080/?token=518472196&&user=-1356113187&config=1,861,0,0
1775999050700,926,HTTP Request 1,200,OK,config 1 1-1,text,false,"The operation lasted too long: It took 926 milliseconds, but should not have lasted longer than 840 milliseconds.",231,168,6,18,http://stload.se.ifmo.ru:8080/?token=518472196&&user=-1356113187&config=1,926,0,0
1775999050848,839,HTTP Request 1,200,OK,config 1 1-2,text,true,,231,168,6,18,http://stload.se.ifmo.ru:8080/?token=518472196&&user=-1356113187&config=1,839,0,0
1775999051016,854,HTTP Request 1,200,OK,config 1 1-3,text,false,"The operation lasted too long: It took 854 milliseconds, but should not have lasted longer than 840 milliseconds.",231,168,6,18,http://stload.se.ifmo.ru:8080/?token=518472196&&user=-1356113187&config=1,854,0,0
1775999051183,838,HTTP Request 1,200,OK,config 1 1-4,text,true,,231,168,6,18,http://stload.se.ifmo.ru:8080/?token=518472196&&user=-1356113187&config=1,838,0,0
1775999051349,907,HTTP Request 1,200,OK,config 1 1-5,text,false,"The operation lasted too long: It took 907 milliseconds, but should not have lasted longer than 840 milliseconds.",231,168,6,18,http://stload.se.ifmo.ru:8080/?token=518472196&&user=-1356113187&config=1,906,0,0
1775999051515,918,HTTP Request 1,200,OK,config 1 1-6,text,false,"The operation lasted too long: It took 918 milliseconds, but should not have lasted longer than 840 milliseconds.",231,168,6,18,http://stload.se.ifmo.ru:8080/?token=518472196&&user=-1356113187&config=1,918,0,0
1775999052200,833,HTTP Request 1,200,OK,config 1 1-1,text,true,,231,168,6,18,http://stload.se.ifmo.ru:8080/?token=518472196&&user=-1356113187&config=1,833,0,0
1775999052348,839,HTTP Request 1,200,OK,config 1 1-2,text,true,,231,168,6,18,http://stload.se.ifmo.ru:8080/?token=518472196&&user=-1356113187&config=1,839,0,0
1775999052516,845,HTTP Request 1,200,OK,config 1 1-3,text,false,"The operation lasted too long: It took 845 milliseconds, but should not have lasted longer than 840 milliseconds.",231,168,6,18,http://stload.se.ifmo.ru:8080/?token=518472196&&user=-1356113187&config=1,845,0,0
1775999052682,843,HTTP Request 1,200,OK,config 1 1-4,text,false,"The operation lasted too long: It took 843 milliseconds, but should not have lasted longer than 840 milliseconds.",231,168,6,18,http://stload.se.ifmo.ru:8080/?token=518472196&&user=-1356113187&config=1,843,0,0
1775999052848,865,HTTP Request 1,200,OK,config 1 1-5,text,false,"The operation lasted too long: It took 865 milliseconds, but should not have lasted longer than 840 milliseconds.",231,168,6,18,http://stload.se.ifmo.ru:8080/?token=518472196&&user=-1356113187&config=1,865,0,0
1775999053015,871,HTTP Request 1,200,OK,config 1 1-6,text,false,"The operation lasted too long: It took 871 milliseconds, but should not have lasted longer than 840 milliseconds.",231,168,6,18,http://stload.se.ifmo.ru:8080/?token=518472196&&user=-1356113187&config=1,871,0,0
1775999053700,854,HTTP Request 1,200,OK,config 1 1-1,text,false,"The operation lasted too long: It took 854 milliseconds, but should not have lasted longer than 840 milliseconds.",231,168,6,18,http://stload.se.ifmo.ru:8080/?token=518472196&&user=-1356113187&config=1,854,0,0
1775999053849,837,HTTP Request 1,200,OK,config 1 1-2,text,true,,231,168,6,18,http://stload.se.ifmo.ru:8080/?token=518472196&&user=-1356113187&config=1,837,0,0
1775999054016,841,HTTP Request 1,200,OK,config 1 1-3,text,false,"The operation lasted too long: It took 841 milliseconds, but should not have lasted longer than 840 milliseconds.",231,168,6,18,http://stload.se.ifmo.ru:8080/?token=518472196&&user=-1356113187&config=1,841,0,0
1775999054182,864,HTTP Request 1,200,OK,config 1 1-4,text,false,"The operation lasted too long: It took 864 milliseconds, but should not have lasted longer than 840 milliseconds.",231,168,6,18,http://stload.se.ifmo.ru:8080/?token=518472196&&user=-1356113187&config=1,864,0,0
1775999054349,844,HTTP Request 1,200,OK,config 1 1-5,text,false,"The operation lasted too long: It took 844 milliseconds, but should not have lasted longer than 840 milliseconds.",231,168,6,18,http://stload.se.ifmo.ru:8080/?token=518472196&&user=-1356113187&config=1,844,0,0
1775999054516,929,HTTP Request 1,200,OK,config 1 1-6,text,false,"The operation lasted too long: It took 929 milliseconds, but should not have lasted longer than 840 milliseconds.",231,168,6,18,http://stload.se.ifmo.ru:8080/?token=518472196&&user=-1356113187&config=1,929,0,0
1775999055200,852,HTTP Request 1,200,OK,config 1 1-1,text,false,"The operation lasted too long: It took 852 milliseconds, but should not have lasted longer than 840 milliseconds.",231,168,6,18,http://stload.se.ifmo.ru:8080/?token=518472196&&user=-1356113187&config=1,852,0,0
1775999055348,850,HTTP Request 1,200,OK,config 1 1-2,text,false,"The operation lasted too long: It took 850 milliseconds, but should not have lasted longer than 840 milliseconds.",231,168,6,18,http://stload.se.ifmo.ru:8080/?token=518472196&&user=-1356113187&config=1,850,0,0
1775999055517,850,HTTP Request 1,200,OK,config 1 1-3,text,false,"The operation lasted too long: It took 850 milliseconds, but should not have lasted longer than 840 milliseconds.",231,168,6,18,http://stload.se.ifmo.ru:8080/?token=518472196&&user=-1356113187&config=1,850,0,0
1775999055682,867,HTTP Request 1,200,OK,config 1 1-4,text,false,"The operation lasted too long: It took 867 milliseconds, but should not have lasted longer than 840 milliseconds.",231,168,6,18,http://stload.se.ifmo.ru:8080/?token=518472196&&user=-1356113187&config=1,867,0,0
1775999055848,843,HTTP Request 1,200,OK,config 1 1-5,text,false,"The operation lasted too long: It took 843 milliseconds, but should not have lasted longer than 840 milliseconds.",231,168,6,18,http://stload.se.ifmo.ru:8080/?token=518472196&&user=-1356113187&config=1,843,0,0
1775999056015,960,HTTP Request 1,200,OK,config 1 1-6,text,false,"The operation lasted too long: It took 960 milliseconds, but should not have lasted longer than 840 milliseconds.",231,168,6,18,http://stload.se.ifmo.ru:8080/?token=518472196&&user=-1356113187&config=1,960,0,0
1775999056701,841,HTTP Request 1,200,OK,config 1 1-1,text,false,"The operation lasted too long: It took 841 milliseconds, but should not have lasted longer than 840 milliseconds.",231,168,6,18,http://stload.se.ifmo.ru:8080/?token=518472196&&user=-1356113187&config=1,841,0,0
1775999056849,960,HTTP Request 1,200,OK,config 1 1-2,text,false,"The operation lasted too long: It took 960 milliseconds, but should not have lasted longer than 840 milliseconds.",231,168,6,18,http://stload.se.ifmo.ru:8080/?token=518472196&&user=-1356113187&config=1,960,0,0
1775999057016,841,HTTP Request 1,200,OK,config 1 1-3,text,false,"The operation lasted too long: It took 841 milliseconds, but should not have lasted longer than 840 milliseconds.",231,168,6,18,http://stload.se.ifmo.ru:8080/?token=518472196&&user=-1356113187&config=1,841,0,0
1775999057182,861,HTTP Request 1,200,OK,config 1 1-4,text,false,"The operation lasted too long: It took 861 milliseconds, but should not have lasted longer than 840 milliseconds.",231,168,6,18,http://stload.se.ifmo.ru:8080/?token=518472196&&user=-1356113187&config=1,861,0,0
1775999057348,959,HTTP Request 1,200,OK,config 1 1-5,text,false,"The operation lasted too long: It took 959 milliseconds, but should not have lasted longer than 840 milliseconds.",231,168,6,18,http://stload.se.ifmo.ru:8080/?token=518472196&&user=-1356113187&config=1,959,0,0
1775999057515,876,HTTP Request 1,200,OK,config 1 1-6,text,false,"The operation lasted too long: It took 876 milliseconds, but should not have lasted longer than 840 milliseconds.",231,168,6,18,http://stload.se.ifmo.ru:8080/?token=518472196&&user=-1356113187&config=1,876,0,0
1775999058201,902,HTTP Request 1,200,OK,config 1 1-1,text,false,"The operation lasted too long: It took 902 milliseconds, but should not have lasted longer than 840 milliseconds.",231,168,6,18,http://stload.se.ifmo.ru:8080/?token=518472196&&user=-1356113187&config=1,901,0,0
1775999058348,872,HTTP Request 1,200,OK,config 1 1-2,text,false,"The operation lasted too long: It took 872 milliseconds, but should not have lasted longer than 840 milliseconds.",231,168,6,18,http://stload.se.ifmo.ru:8080/?token=518472196&&user=-1356113187&config=1,872,0,0
1775999058516,861,HTTP Request 1,200,OK,config 1 1-3,text,false,"The operation lasted too long: It took 861 milliseconds, but should not have lasted longer than 840 milliseconds.",231,168,6,18,http://stload.se.ifmo.ru:8080/?token=518472196&&user=-1356113187&config=1,861,0,0
1775999058682,923,HTTP Request 1,200,OK,config 1 1-4,text,false,"The operation lasted too long: It took 923 milliseconds, but should not have lasted longer than 840 milliseconds.",231,168,6,18,http://stload.se.ifmo.ru:8080/?token=518472196&&user=-1356113187&config=1,923,0,0
1775999058848,873,HTTP Request 1,200,OK,config 1 1-5,text,false,"The operation lasted too long: It took 873 milliseconds, but should not have lasted longer than 840 milliseconds.",231,168,6,18,http://stload.se.ifmo.ru:8080/?token=518472196&&user=-1356113187&config=1,873,0,0
1775999059015,862,HTTP Request 1,200,OK,config 1 1-6,text,false,"The operation lasted too long: It took 862 milliseconds, but should not have lasted longer than 840 milliseconds.",231,168,6,18,http://stload.se.ifmo.ru:8080/?token=518472196&&user=-1356113187&config=1,862,0,0
1775999059700,854,HTTP Request 1,200,OK,config 1 1-1,text,false,"The operation lasted too long: It took 854 milliseconds, but should not have lasted longer than 840 milliseconds.",231,168,6,18,http://stload.se.ifmo.ru:8080/?token=518472196&&user=-1356113187&config=1,854,0,0
1775999059848,840,HTTP Request 1,200,OK,config 1 1-2,text,true,,231,168,6,18,http://stload.se.ifmo.ru:8080/?token=518472196&&user=-1356113187&config=1,840,0,0
1775999060017,837,HTTP Request 1,200,OK,config 1 1-3,text,true,,231,168,6,18,http://stload.se.ifmo.ru:8080/?token=518472196&&user=-1356113187&config=1,837,0,0
1775999060182,876,HTTP Request 1,200,OK,config 1 1-4,text,false,"The operation lasted too long: It took 876 milliseconds, but should not have lasted longer than 840 milliseconds.",231,168,6,18,http://stload.se.ifmo.ru:8080/?token=518472196&&user=-1356113187&config=1,876,0,0
1775999060348,855,HTTP Request 1,200,OK,config 1 1-5,text,false,"The operation lasted too long: It took 855 milliseconds, but should not have lasted longer than 840 milliseconds.",231,168,6,18,http://stload.se.ifmo.ru:8080/?token=518472196&&user=-1356113187&config=1,855,0,0
1775999060515,916,HTTP Request 1,200,OK,config 1 1-6,text,false,"The operation lasted too long: It took 916 milliseconds, but should not have lasted longer than 840 milliseconds.",231,168,6,18,http://stload.se.ifmo.ru:8080/?token=518472196&&user=-1356113187&config=1,916,0,0
1775999061200,837,HTTP Request 1,200,OK,config 1 1-1,text,true,,231,168,6,18,http://stload.se.ifmo.ru:8080/?token=518472196&&user=-1356113187&config=1,837,0,0
1775999061348,848,HTTP Request 1,200,OK,config 1 1-2,text,false,"The operation lasted too long: It took 848 milliseconds, but should not have lasted longer than 840 milliseconds.",231,168,6,18,http://stload.se.ifmo.ru:8080/?token=518472196&&user=-1356113187&config=1,848,0,0
1775999061516,855,HTTP Request 1,200,OK,config 1 1-3,text,false,"The operation lasted too long: It took 855 milliseconds, but should not have lasted longer than 840 milliseconds.",231,168,6,18,http://stload.se.ifmo.ru:8080/?token=518472196&&user=-1356113187&config=1,855,0,0
1775999061682,840,HTTP Request 1,200,OK,config 1 1-4,text,true,,231,168,6,18,http://stload.se.ifmo.ru:8080/?token=518472196&&user=-1356113187&config=1,840,0,0
1775999061848,860,HTTP Request 1,200,OK,config 1 1-5,text,false,"The operation lasted too long: It took 860 milliseconds, but should not have lasted longer than 840 milliseconds.",231,168,6,18,http://stload.se.ifmo.ru:8080/?token=518472196&&user=-1356113187&config=1,860,0,0
1775999062016,914,HTTP Request 1,200,OK,config 1 1-6,text,false,"The operation lasted too long: It took 914 milliseconds, but should not have lasted longer than 840 milliseconds.",231,168,6,18,http://stload.se.ifmo.ru:8080/?token=518472196&&user=-1356113187&config=1,914,0,0
1775999062700,853,HTTP Request 1,200,OK,config 1 1-1,text,false,"The operation lasted too long: It took 853 milliseconds, but should not have lasted longer than 840 milliseconds.",231,168,6,18,http://stload.se.ifmo.ru:8080/?token=518472196&&user=-1356113187&config=1,853,0,0
1775999062849,838,HTTP Request 1,200,OK,config 1 1-2,text,true,,231,168,6,18,http://stload.se.ifmo.ru:8080/?token=518472196&&user=-1356113187&config=1,838,0,0
1775999063016,838,HTTP Request 1,200,OK,config 1 1-3,text,true,,231,168,6,18,http://stload.se.ifmo.ru:8080/?token=518472196&&user=-1356113187&config=1,838,0,0
1775999063182,853,HTTP Request 1,200,OK,config 1 1-4,text,false,"The operation lasted too long: It took 853 milliseconds, but should not have lasted longer than 840 milliseconds.",231,168,6,18,http://stload.se.ifmo.ru:8080/?token=518472196&&user=-1356113187&config=1,853,0,0
1775999063348,930,HTTP Request 1,200,OK,config 1 1-5,text,false,"The operation lasted too long: It took 930 milliseconds, but should not have lasted longer than 840 milliseconds.",231,168,6,18,http://stload.se.ifmo.ru:8080/?token=518472196&&user=-1356113187&config=1,930,0,0
1775999063516,909,HTTP Request 1,200,OK,config 1 1-6,text,false,"The operation lasted too long: It took 909 milliseconds, but should not have lasted longer than 840 milliseconds.",231,168,6,18,http://stload.se.ifmo.ru:8080/?token=518472196&&user=-1356113187&config=1,909,0,0
1775999064200,922,HTTP Request 1,200,OK,config 1 1-1,text,false,"The operation lasted too long: It took 922 milliseconds, but should not have lasted longer than 840 milliseconds.",231,168,6,18,http://stload.se.ifmo.ru:8080/?token=518472196&&user=-1356113187&config=1,922,0,0
1775999064348,845,HTTP Request 1,200,OK,config 1 1-2,text,false,"The operation lasted too long: It took 845 milliseconds, but should not have lasted longer than 840 milliseconds.",231,168,6,18,http://stload.se.ifmo.ru:8080/?token=518472196&&user=-1356113187&config=1,845,0,0
1775999064516,863,HTTP Request 1,200,OK,config 1 1-3,text,false,"The operation lasted too long: It took 863 milliseconds, but should not have lasted longer than 840 milliseconds.",231,168,6,18,http://stload.se.ifmo.ru:8080/?token=518472196&&user=-1356113187&config=1,863,0,0
1775999064683,840,HTTP Request 1,200,OK,config 1 1-4,text,true,,231,168,6,18,http://stload.se.ifmo.ru:8080/?token=518472196&&user=-1356113187&config=1,840,0,0
1775999064848,851,HTTP Request 1,200,OK,config 1 1-5,text,false,"The operation lasted too long: It took 851 milliseconds, but should not have lasted longer than 840 milliseconds.",231,168,6,18,http://stload.se.ifmo.ru:8080/?token=518472196&&user=-1356113187&config=1,851,0,0
1775999065015,916,HTTP Request 1,200,OK,config 1 1-6,text,false,"The operation lasted too long: It took 916 milliseconds, but should not have lasted longer than 840 milliseconds.",231,168,6,18,http://stload.se.ifmo.ru:8080/?token=518472196&&user=-1356113187&config=1,916,0,0
1775999065700,848,HTTP Request 1,200,OK,config 1 1-1,text,false,"The operation lasted too long: It took 848 milliseconds, but should not have lasted longer than 840 milliseconds.",231,168,6,18,http://stload.se.ifmo.ru:8080/?token=518472196&&user=-1356113187&config=1,848,0,0
1775999065848,872,HTTP Request 1,200,OK,config 1 1-2,text,false,"The operation lasted too long: It took 872 milliseconds, but should not have lasted longer than 840 milliseconds.",231,168,6,18,http://stload.se.ifmo.ru:8080/?token=518472196&&user=-1356113187&config=1,872,0,0
1775999066016,839,HTTP Request 1,200,OK,config 1 1-3,text,true,,231,168,6,18,http://stload.se.ifmo.ru:8080/?token=518472196&&user=-1356113187&config=1,839,0,0
1775999066183,884,HTTP Request 1,200,OK,config 1 1-4,text,false,"The operation lasted too long: It took 884 milliseconds, but should not have lasted longer than 840 milliseconds.",231,168,6,18,http://stload.se.ifmo.ru:8080/?token=518472196&&user=-1356113187&config=1,884,0,0
1775999066349,885,HTTP Request 1,200,OK,config 1 1-5,text,false,"The operation lasted too long: It took 885 milliseconds, but should not have lasted longer than 840 milliseconds.",231,168,6,18,http://stload.se.ifmo.ru:8080/?token=518472196&&user=-1356113187&config=1,885,0,0
1775999066515,889,HTTP Request 1,200,OK,config 1 1-6,text,false,"The operation lasted too long: It took 889 milliseconds, but should not have lasted longer than 840 milliseconds.",231,168,6,18,http://stload.se.ifmo.ru:8080/?token=518472196&&user=-1356113187&config=1,889,0,0
1775999067201,869,HTTP Request 1,200,OK,config 1 1-1,text,false,"The operation lasted too long: It took 869 milliseconds, but should not have lasted longer than 840 milliseconds.",231,168,6,18,http://stload.se.ifmo.ru:8080/?token=518472196&&user=-1356113187&config=1,869,0,0
1775999067349,849,HTTP Request 1,200,OK,config 1 1-2,text,false,"The operation lasted too long: It took 849 milliseconds, but should not have lasted longer than 840 milliseconds.",231,168,6,18,http://stload.se.ifmo.ru:8080/?token=518472196&&user=-1356113187&config=1,849,0,0
1775999067517,856,HTTP Request 1,200,OK,config 1 1-3,text,false,"The operation lasted too long: It took 856 milliseconds, but should not have lasted longer than 840 milliseconds.",231,168,6,18,http://stload.se.ifmo.ru:8080/?token=518472196&&user=-1356113187&config=1,856,0,0
1775999067682,900,HTTP Request 1,200,OK,config 1 1-4,text,false,"The operation lasted too long: It took 900 milliseconds, but should not have lasted longer than 840 milliseconds.",231,168,6,18,http://stload.se.ifmo.ru:8080/?token=518472196&&user=-1356113187&config=1,900,0,0
1775999067848,862,HTTP Request 1,200,OK,config 1 1-5,text,false,"The operation lasted too long: It took 862 milliseconds, but should not have lasted longer than 840 milliseconds.",231,168,6,18,http://stload.se.ifmo.ru:8080/?token=518472196&&user=-1356113187&config=1,862,0,0
1775999068016,918,HTTP Request 1,200,OK,config 1 1-6,text,false,"The operation lasted too long: It took 918 milliseconds, but should not have lasted longer than 840 milliseconds.",231,168,6,18,http://stload.se.ifmo.ru:8080/?token=518472196&&user=-1356113187&config=1,918,0,0
1775999068700,851,HTTP Request 1,200,OK,config 1 1-1,text,false,"The operation lasted too long: It took 851 milliseconds, but should not have lasted longer than 840 milliseconds.",231,168,6,18,http://stload.se.ifmo.ru:8080/?token=518472196&&user=-1356113187&config=1,851,0,0
1775999068848,862,HTTP Request 1,200,OK,config 1 1-2,text,false,"The operation lasted too long: It took 862 milliseconds, but should not have lasted longer than 840 milliseconds.",231,168,6,18,http://stload.se.ifmo.ru:8080/?token=518472196&&user=-1356113187&config=1,862,0,0
1775999069016,859,HTTP Request 1,200,OK,config 1 1-3,text,false,"The operation lasted too long: It took 859 milliseconds, but should not have lasted longer than 840 milliseconds.",231,168,6,18,http://stload.se.ifmo.ru:8080/?token=518472196&&user=-1356113187&config=1,859,0,0
1775999069182,847,HTTP Request 1,200,OK,config 1 1-4,text,false,"The operation lasted too long: It took 847 milliseconds, but should not have lasted longer than 840 milliseconds.",231,168,6,18,http://stload.se.ifmo.ru:8080/?token=518472196&&user=-1356113187&config=1,847,0,0
1775999069350,933,HTTP Request 1,200,OK,config 1 1-5,text,false,"The operation lasted too long: It took 933 milliseconds, but should not have lasted longer than 840 milliseconds.",231,168,6,18,http://stload.se.ifmo.ru:8080/?token=518472196&&user=-1356113187&config=1,933,0,0
1775999069516,920,HTTP Request 1,200,OK,config 1 1-6,text,false,"The operation lasted too long: It took 920 milliseconds, but should not have lasted longer than 840 milliseconds.",231,168,6,18,http://stload.se.ifmo.ru:8080/?token=518472196&&user=-1356113187&config=1,920,0,0
1775999070200,846,HTTP Request 1,200,OK,config 1 1-1,text,false,"The operation lasted too long: It took 846 milliseconds, but should not have lasted longer than 840 milliseconds.",231,168,6,18,http://stload.se.ifmo.ru:8080/?token=518472196&&user=-1356113187&config=1,846,0,0
1775999070348,864,HTTP Request 1,200,OK,config 1 1-2,text,false,"The operation lasted too long: It took 864 milliseconds, but should not have lasted longer than 840 milliseconds.",231,168,6,18,http://stload.se.ifmo.ru:8080/?token=518472196&&user=-1356113187&config=1,864,0,0
1775999070516,875,HTTP Request 1,200,OK,config 1 1-3,text,false,"The operation lasted too long: It took 875 milliseconds, but should not have lasted longer than 840 milliseconds.",231,168,6,18,http://stload.se.ifmo.ru:8080/?token=518472196&&user=-1356113187&config=1,874,0,0
1775999070683,850,HTTP Request 1,200,OK,config 1 1-4,text,false,"The operation lasted too long: It took 850 milliseconds, but should not have lasted longer than 840 milliseconds.",231,168,6,18,http://stload.se.ifmo.ru:8080/?token=518472196&&user=-1356113187&config=1,850,0,0
1775999070848,899,HTTP Request 1,200,OK,config 1 1-5,text,false,"The operation lasted too long: It took 899 milliseconds, but should not have lasted longer than 840 milliseconds.",231,168,6,18,http://stload.se.ifmo.ru:8080/?token=518472196&&user=-1356113187&config=1,899,0,0
1775999071015,920,HTTP Request 1,200,OK,config 1 1-6,text,false,"The operation lasted too long: It took 920 milliseconds, but should not have lasted longer than 840 milliseconds.",231,168,6,18,http://stload.se.ifmo.ru:8080/?token=518472196&&user=-1356113187&config=1,920,0,0
1775999071700,883,HTTP Request 1,200,OK,config 1 1-1,text,false,"The operation lasted too long: It took 883 milliseconds, but should not have lasted longer than 840 milliseconds.",231,168,6,18,http://stload.se.ifmo.ru:8080/?token=518472196&&user=-1356113187&config=1,883,0,0
1775999071848,844,HTTP Request 1,200,OK,config 1 1-2,text,false,"The operation lasted too long: It took 844 milliseconds, but should not have lasted longer than 840 milliseconds.",231,168,6,18,http://stload.se.ifmo.ru:8080/?token=518472196&&user=-1356113187&config=1,844,0,0
1775999072016,851,HTTP Request 1,200,OK,config 1 1-3,text,false,"The operation lasted too long: It took 851 milliseconds, but should not have lasted longer than 840 milliseconds.",231,168,6,18,http://stload.se.ifmo.ru:8080/?token=518472196&&user=-1356113187&config=1,851,0,0
1775999072182,915,HTTP Request 1,200,OK,config 1 1-4,text,false,"The operation lasted too long: It took 915 milliseconds, but should not have lasted longer than 840 milliseconds.",231,168,6,18,http://stload.se.ifmo.ru:8080/?token=518472196&&user=-1356113187&config=1,915,0,0
1775999072348,904,HTTP Request 1,200,OK,config 1 1-5,text,false,"The operation lasted too long: It took 904 milliseconds, but should not have lasted longer than 840 milliseconds.",231,168,6,18,http://stload.se.ifmo.ru:8080/?token=518472196&&user=-1356113187&config=1,904,0,0
1775999072515,928,HTTP Request 1,200,OK,config 1 1-6,text,false,"The operation lasted too long: It took 928 milliseconds, but should not have lasted longer than 840 milliseconds.",231,168,6,18,http://stload.se.ifmo.ru:8080/?token=518472196&&user=-1356113187&config=1,928,0,0
1775999073200,874,HTTP Request 1,200,OK,config 1 1-1,text,false,"The operation lasted too long: It took 874 milliseconds, but should not have lasted longer than 840 milliseconds.",231,168,6,18,http://stload.se.ifmo.ru:8080/?token=518472196&&user=-1356113187&config=1,874,0,0
1775999073348,838,HTTP Request 1,200,OK,config 1 1-2,text,true,,231,168,6,18,http://stload.se.ifmo.ru:8080/?token=518472196&&user=-1356113187&config=1,838,0,0
1775999073516,864,HTTP Request 1,200,OK,config 1 1-3,text,false,"The operation lasted too long: It took 864 milliseconds, but should not have lasted longer than 840 milliseconds.",231,168,6,18,http://stload.se.ifmo.ru:8080/?token=518472196&&user=-1356113187&config=1,864,0,0
1775999073682,885,HTTP Request 1,200,OK,config 1 1-4,text,false,"The operation lasted too long: It took 885 milliseconds, but should not have lasted longer than 840 milliseconds.",231,168,6,18,http://stload.se.ifmo.ru:8080/?token=518472196&&user=-1356113187&config=1,885,0,0
1775999073848,881,HTTP Request 1,200,OK,config 1 1-5,text,false,"The operation lasted too long: It took 881 milliseconds, but should not have lasted longer than 840 milliseconds.",231,168,6,18,http://stload.se.ifmo.ru:8080/?token=518472196&&user=-1356113187&config=1,881,0,0
1775999074015,907,HTTP Request 1,200,OK,config 1 1-6,text,false,"The operation lasted too long: It took 907 milliseconds, but should not have lasted longer than 840 milliseconds.",231,168,6,18,http://stload.se.ifmo.ru:8080/?token=518472196&&user=-1356113187&config=1,907,0,0
1775999074700,944,HTTP Request 1,200,OK,config 1 1-1,text,false,"The operation lasted too long: It took 944 milliseconds, but should not have lasted longer than 840 milliseconds.",231,168,6,18,http://stload.se.ifmo.ru:8080/?token=518472196&&user=-1356113187&config=1,944,0,42
1775999074849,910,HTTP Request 1,200,OK,config 1 1-2,text,false,"The operation lasted too long: It took 910 milliseconds, but should not have lasted longer than 840 milliseconds.",231,168,6,18,http://stload.se.ifmo.ru:8080/?token=518472196&&user=-1356113187&config=1,910,0,56
1775999075016,856,HTTP Request 1,200,OK,config 1 1-3,text,false,"The operation lasted too long: It took 856 milliseconds, but should not have lasted longer than 840 milliseconds.",231,168,6,18,http://stload.se.ifmo.ru:8080/?token=518472196&&user=-1356113187&config=1,856,0,0
1775999075182,888,HTTP Request 1,200,OK,config 1 1-4,text,false,"The operation lasted too long: It took 888 milliseconds, but should not have lasted longer than 840 milliseconds.",231,168,6,18,http://stload.se.ifmo.ru:8080/?token=518472196&&user=-1356113187&config=1,887,0,0
1775999075349,913,HTTP Request 1,200,OK,config 1 1-5,text,false,"The operation lasted too long: It took 913 milliseconds, but should not have lasted longer than 840 milliseconds.",231,168,6,18,http://stload.se.ifmo.ru:8080/?token=518472196&&user=-1356113187&config=1,913,0,0
1775999075515,898,HTTP Request 1,200,OK,config 1 1-6,text,false,"The operation lasted too long: It took 898 milliseconds, but should not have lasted longer than 840 milliseconds.",231,168,6,18,http://stload.se.ifmo.ru:8080/?token=518472196&&user=-1356113187&config=1,898,0,0
1775999076200,894,HTTP Request 1,200,OK,config 1 1-1,text,false,"The operation lasted too long: It took 894 milliseconds, but should not have lasted longer than 840 milliseconds.",231,168,6,18,http://stload.se.ifmo.ru:8080/?token=518472196&&user=-1356113187&config=1,894,0,0
1775999076348,902,HTTP Request 1,200,OK,config 1 1-2,text,false,"The operation lasted too long: It took 902 milliseconds, but should not have lasted longer than 840 milliseconds.",231,168,6,18,http://stload.se.ifmo.ru:8080/?token=518472196&&user=-1356113187&config=1,902,0,0
1775999076516,853,HTTP Request 1,200,OK,config 1 1-3,text,false,"The operation lasted too long: It took 853 milliseconds, but should not have lasted longer than 840 milliseconds.",231,168,6,18,http://stload.se.ifmo.ru:8080/?token=518472196&&user=-1356113187&config=1,853,0,0
1775999076682,874,HTTP Request 1,200,OK,config 1 1-4,text,false,"The operation lasted too long: It took 874 milliseconds, but should not have lasted longer than 840 milliseconds.",231,168,6,18,http://stload.se.ifmo.ru:8080/?token=518472196&&user=-1356113187&config=1,874,0,0
1775999076849,907,HTTP Request 1,200,OK,config 1 1-5,text,false,"The operation lasted too long: It took 907 milliseconds, but should not have lasted longer than 840 milliseconds.",231,168,6,18,http://stload.se.ifmo.ru:8080/?token=518472196&&user=-1356113187&config=1,907,0,0
1775999077015,922,HTTP Request 1,200,OK,config 1 1-6,text,false,"The operation lasted too long: It took 922 milliseconds, but should not have lasted longer than 840 milliseconds.",231,168,6,18,http://stload.se.ifmo.ru:8080/?token=518472196&&user=-1356113187&config=1,922,0,0
1775999077700,955,HTTP Request 1,200,OK,config 1 1-1,text,false,"The operation lasted too long: It took 955 milliseconds, but should not have lasted longer than 840 milliseconds.",231,168,6,18,http://stload.se.ifmo.ru:8080/?token=518472196&&user=-1356113187&config=1,955,0,0
1775999077849,864,HTTP Request 1,200,OK,config 1 1-2,text,false,"The operation lasted too long: It took 864 milliseconds, but should not have lasted longer than 840 milliseconds.",231,168,6,18,http://stload.se.ifmo.ru:8080/?token=518472196&&user=-1356113187&config=1,864,0,0
1775999078016,939,HTTP Request 1,200,OK,config 1 1-3,text,false,"The operation lasted too long: It took 939 milliseconds, but should not have lasted longer than 840 milliseconds.",231,168,6,18,http://stload.se.ifmo.ru:8080/?token=518472196&&user=-1356113187&config=1,939,0,47
1775999078182,853,HTTP Request 1,200,OK,config 1 1-4,text,false,"The operation lasted too long: It took 853 milliseconds, but should not have lasted longer than 840 milliseconds.",231,168,6,18,http://stload.se.ifmo.ru:8080/?token=518472196&&user=-1356113187&config=1,853,0,0
1775999078348,842,HTTP Request 1,200,OK,config 1 1-5,text,false,"The operation lasted too long: It took 842 milliseconds, but should not have lasted longer than 840 milliseconds.",231,168,6,18,http://stload.se.ifmo.ru:8080/?token=518472196&&user=-1356113187&config=1,842,0,0
1775999078515,918,HTTP Request 1,200,OK,config 1 1-6,text,false,"The operation lasted too long: It took 918 milliseconds, but should not have lasted longer than 840 milliseconds.",231,168,6,18,http://stload.se.ifmo.ru:8080/?token=518472196&&user=-1356113187&config=1,918,0,0
1775999079200,884,HTTP Request 1,200,OK,config 1 1-1,text,false,"The operation lasted too long: It took 884 milliseconds, but should not have lasted longer than 840 milliseconds.",231,168,6,18,http://stload.se.ifmo.ru:8080/?token=518472196&&user=-1356113187&config=1,884,0,0
1775999079349,838,HTTP Request 1,200,OK,config 1 1-2,text,true,,231,168,6,18,http://stload.se.ifmo.ru:8080/?token=518472196&&user=-1356113187&config=1,838,0,0
1775999079516,854,HTTP Request 1,200,OK,config 1 1-3,text,false,"The operation lasted too long: It took 854 milliseconds, but should not have lasted longer than 840 milliseconds.",231,168,6,18,http://stload.se.ifmo.ru:8080/?token=518472196&&user=-1356113187&config=1,854,0,0
1775999079683,890,HTTP Request 1,200,OK,config 1 1-4,text,false,"The operation lasted too long: It took 890 milliseconds, but should not have lasted longer than 840 milliseconds.",231,168,6,18,http://stload.se.ifmo.ru:8080/?token=518472196&&user=-1356113187&config=1,890,0,35
1775999079848,913,HTTP Request 1,200,OK,config 1 1-5,text,false,"The operation lasted too long: It took 913 milliseconds, but should not have lasted longer than 840 milliseconds.",231,168,6,18,http://stload.se.ifmo.ru:8080/?token=518472196&&user=-1356113187&config=1,913,0,19
1775999080016,866,HTTP Request 1,200,OK,config 1 1-6,text,false,"The operation lasted too long: It took 866 milliseconds, but should not have lasted longer than 840 milliseconds.",231,168,6,18,http://stload.se.ifmo.ru:8080/?token=518472196&&user=-1356113187&config=1,866,0,0
1775999080700,902,HTTP Request 1,200,OK,config 1 1-1,text,false,"The operation lasted too long: It took 902 milliseconds, but should not have lasted longer than 840 milliseconds.",231,168,6,18,http://stload.se.ifmo.ru:8080/?token=518472196&&user=-1356113187&config=1,902,0,0
1775999080849,847,HTTP Request 1,200,OK,config 1 1-2,text,false,"The operation lasted too long: It took 847 milliseconds, but should not have lasted longer than 840 milliseconds.",231,168,6,18,http://stload.se.ifmo.ru:8080/?token=518472196&&user=-1356113187&config=1,847,0,0
1775999081016,840,HTTP Request 1,200,OK,config 1 1-3,text,true,,231,168,6,18,http://stload.se.ifmo.ru:8080/?token=518472196&&user=-1356113187&config=1,840,0,0
1775999081183,881,HTTP Request 1,200,OK,config 1 1-4,text,false,"The operation lasted too long: It took 881 milliseconds, but should not have lasted longer than 840 milliseconds.",231,168,6,18,http://stload.se.ifmo.ru:8080/?token=518472196&&user=-1356113187&config=1,881,0,0
1775999081348,858,HTTP Request 1,200,OK,config 1 1-5,text,false,"The operation lasted too long: It took 858 milliseconds, but should not have lasted longer than 840 milliseconds.",231,168,6,18,http://stload.se.ifmo.ru:8080/?token=518472196&&user=-1356113187&config=1,858,0,0
1775999081515,930,HTTP Request 1,200,OK,config 1 1-6,text,false,"The operation lasted too long: It took 930 milliseconds, but should not have lasted longer than 840 milliseconds.",231,168,6,18,http://stload.se.ifmo.ru:8080/?token=518472196&&user=-1356113187&config=1,930,0,61
1775999082200,929,HTTP Request 1,200,OK,config 1 1-1,text,false,"The operation lasted too long: It took 929 milliseconds, but should not have lasted longer than 840 milliseconds.",231,168,6,18,http://stload.se.ifmo.ru:8080/?token=518472196&&user=-1356113187&config=1,929,0,0
1775999082348,842,HTTP Request 1,200,OK,config 1 1-2,text,false,"The operation lasted too long: It took 842 milliseconds, but should not have lasted longer than 840 milliseconds.",231,168,6,18,http://stload.se.ifmo.ru:8080/?token=518472196&&user=-1356113187&config=1,842,0,0
1775999082516,858,HTTP Request 1,200,OK,config 1 1-3,text,false,"The operation lasted too long: It took 858 milliseconds, but should not have lasted longer than 840 milliseconds.",231,168,6,18,http://stload.se.ifmo.ru:8080/?token=518472196&&user=-1356113187&config=1,858,0,0
1775999082683,848,HTTP Request 1,200,OK,config 1 1-4,text,false,"The operation lasted too long: It took 848 milliseconds, but should not have lasted longer than 840 milliseconds.",231,168,6,18,http://stload.se.ifmo.ru:8080/?token=518472196&&user=-1356113187&config=1,848,0,0
1775999082849,893,HTTP Request 1,200,OK,config 1 1-5,text,false,"The operation lasted too long: It took 893 milliseconds, but should not have lasted longer than 840 milliseconds.",231,168,6,18,http://stload.se.ifmo.ru:8080/?token=518472196&&user=-1356113187&config=1,893,0,0
1775999083015,931,HTTP Request 1,200,OK,config 1 1-6,text,false,"The operation lasted too long: It took 931 milliseconds, but should not have lasted longer than 840 milliseconds.",231,168,6,18,http://stload.se.ifmo.ru:8080/?token=518472196&&user=-1356113187&config=1,931,0,0
1775999083701,857,HTTP Request 1,200,OK,config 1 1-1,text,false,"The operation lasted too long: It took 857 milliseconds, but should not have lasted longer than 840 milliseconds.",231,168,6,18,http://stload.se.ifmo.ru:8080/?token=518472196&&user=-1356113187&config=1,857,0,0
1775999083848,848,HTTP Request 1,200,OK,config 1 1-2,text,false,"The operation lasted too long: It took 848 milliseconds, but should not have lasted longer than 840 milliseconds.",231,168,6,18,http://stload.se.ifmo.ru:8080/?token=518472196&&user=-1356113187&config=1,848,0,0
1775999084016,856,HTTP Request 1,200,OK,config 1 1-3,text,false,"The operation lasted too long: It took 856 milliseconds, but should not have lasted longer than 840 milliseconds.",231,168,6,18,http://stload.se.ifmo.ru:8080/?token=518472196&&user=-1356113187&config=1,856,0,0
1775999084183,853,HTTP Request 1,200,OK,config 1 1-4,text,false,"The operation lasted too long: It took 853 milliseconds, but should not have lasted longer than 840 milliseconds.",231,168,6,18,http://stload.se.ifmo.ru:8080/?token=518472196&&user=-1356113187&config=1,853,0,0
1775999084348,842,HTTP Request 1,200,OK,config 1 1-5,text,false,"The operation lasted too long: It took 842 milliseconds, but should not have lasted longer than 840 milliseconds.",231,168,6,18,http://stload.se.ifmo.ru:8080/?token=518472196&&user=-1356113187&config=1,842,0,0
1775999084515,921,HTTP Request 1,200,OK,config 1 1-6,text,false,"The operation lasted too long: It took 921 milliseconds, but should not have lasted longer than 840 milliseconds.",231,168,6,18,http://stload.se.ifmo.ru:8080/?token=518472196&&user=-1356113187&config=1,921,0,0
1775999085200,842,HTTP Request 1,200,OK,config 1 1-1,text,false,"The operation lasted too long: It took 842 milliseconds, but should not have lasted longer than 840 milliseconds.",231,168,6,18,http://stload.se.ifmo.ru:8080/?token=518472196&&user=-1356113187&config=1,842,0,0
1775999085349,840,HTTP Request 1,200,OK,config 1 1-2,text,true,,231,168,6,18,http://stload.se.ifmo.ru:8080/?token=518472196&&user=-1356113187&config=1,840,0,0
1775999085517,851,HTTP Request 1,200,OK,config 1 1-3,text,false,"The operation lasted too long: It took 851 milliseconds, but should not have lasted longer than 840 milliseconds.",231,168,6,18,http://stload.se.ifmo.ru:8080/?token=518472196&&user=-1356113187&config=1,851,0,0
1775999085682,852,HTTP Request 1,200,OK,config 1 1-4,text,false,"The operation lasted too long: It took 852 milliseconds, but should not have lasted longer than 840 milliseconds.",231,168,6,18,http://stload.se.ifmo.ru:8080/?token=518472196&&user=-1356113187&config=1,852,0,0
1775999085848,894,HTTP Request 1,200,OK,config 1 1-5,text,false,"The operation lasted too long: It took 894 milliseconds, but should not have lasted longer than 840 milliseconds.",231,168,6,18,http://stload.se.ifmo.ru:8080/?token=518472196&&user=-1356113187&config=1,894,0,0
1775999086015,920,HTTP Request 1,200,OK,config 1 1-6,text,false,"The operation lasted too long: It took 920 milliseconds, but should not have lasted longer than 840 milliseconds.",231,168,6,18,http://stload.se.ifmo.ru:8080/?token=518472196&&user=-1356113187&config=1,920,0,0
1775999086700,881,HTTP Request 1,200,OK,config 1 1-1,text,false,"The operation lasted too long: It took 881 milliseconds, but should not have lasted longer than 840 milliseconds.",231,168,6,18,http://stload.se.ifmo.ru:8080/?token=518472196&&user=-1356113187&config=1,881,0,0
1775999086849,872,HTTP Request 1,200,OK,config 1 1-2,text,false,"The operation lasted too long: It took 872 milliseconds, but should not have lasted longer than 840 milliseconds.",231,168,6,18,http://stload.se.ifmo.ru:8080/?token=518472196&&user=-1356113187&config=1,872,0,0
1775999087017,863,HTTP Request 1,200,OK,config 1 1-3,text,false,"The operation lasted too long: It took 863 milliseconds, but should not have lasted longer than 840 milliseconds.",231,168,6,18,http://stload.se.ifmo.ru:8080/?token=518472196&&user=-1356113187&config=1,863,0,0
1775999087183,895,HTTP Request 1,200,OK,config 1 1-4,text,false,"The operation lasted too long: It took 895 milliseconds, but should not have lasted longer than 840 milliseconds.",231,168,6,18,http://stload.se.ifmo.ru:8080/?token=518472196&&user=-1356113187&config=1,895,0,0
1775999087348,881,HTTP Request 1,200,OK,config 1 1-5,text,false,"The operation lasted too long: It took 881 milliseconds, but should not have lasted longer than 840 milliseconds.",231,168,6,18,http://stload.se.ifmo.ru:8080/?token=518472196&&user=-1356113187&config=1,881,0,0
1775999087516,929,HTTP Request 1,200,OK,config 1 1-6,text,false,"The operation lasted too long: It took 929 milliseconds, but should not have lasted longer than 840 milliseconds.",231,168,6,18,http://stload.se.ifmo.ru:8080/?token=518472196&&user=-1356113187&config=1,929,0,0
1775999088200,867,HTTP Request 1,200,OK,config 1 1-1,text,false,"The operation lasted too long: It took 867 milliseconds, but should not have lasted longer than 840 milliseconds.",231,168,6,18,http://stload.se.ifmo.ru:8080/?token=518472196&&user=-1356113187&config=1,867,0,0
1775999088348,866,HTTP Request 1,200,OK,config 1 1-2,text,false,"The operation lasted too long: It took 866 milliseconds, but should not have lasted longer than 840 milliseconds.",231,168,6,18,http://stload.se.ifmo.ru:8080/?token=518472196&&user=-1356113187&config=1,866,0,0
1775999088517,862,HTTP Request 1,200,OK,config 1 1-3,text,false,"The operation lasted too long: It took 862 milliseconds, but should not have lasted longer than 840 milliseconds.",231,168,6,18,http://stload.se.ifmo.ru:8080/?token=518472196&&user=-1356113187&config=1,862,0,0
1775999088683,880,HTTP Request 1,200,OK,config 1 1-4,text,false,"The operation lasted too long: It took 880 milliseconds, but should not have lasted longer than 840 milliseconds.",231,168,6,18,http://stload.se.ifmo.ru:8080/?token=518472196&&user=-1356113187&config=1,880,0,0
1775999088848,894,HTTP Request 1,200,OK,config 1 1-5,text,false,"The operation lasted too long: It took 894 milliseconds, but should not have lasted longer than 840 milliseconds.",231,168,6,18,http://stload.se.ifmo.ru:8080/?token=518472196&&user=-1356113187&config=1,894,0,0
1775999089015,916,HTTP Request 1,200,OK,config 1 1-6,text,false,"The operation lasted too long: It took 916 milliseconds, but should not have lasted longer than 840 milliseconds.",231,168,6,18,http://stload.se.ifmo.ru:8080/?token=518472196&&user=-1356113187&config=1,916,0,0
1775999089700,861,HTTP Request 1,200,OK,config 1 1-1,text,false,"The operation lasted too long: It took 861 milliseconds, but should not have lasted longer than 840 milliseconds.",231,168,6,18,http://stload.se.ifmo.ru:8080/?token=518472196&&user=-1356113187&config=1,861,0,0
1775999089848,839,HTTP Request 1,200,OK,config 1 1-2,text,true,,231,168,6,18,http://stload.se.ifmo.ru:8080/?token=518472196&&user=-1356113187&config=1,839,0,0
1775999090016,847,HTTP Request 1,200,OK,config 1 1-3,text,false,"The operation lasted too long: It took 847 milliseconds, but should not have lasted longer than 840 milliseconds.",231,168,6,18,http://stload.se.ifmo.ru:8080/?token=518472196&&user=-1356113187&config=1,847,0,0
1775999090182,850,HTTP Request 1,200,OK,config 1 1-4,text,false,"The operation lasted too long: It took 850 milliseconds, but should not have lasted longer than 840 milliseconds.",231,168,6,18,http://stload.se.ifmo.ru:8080/?token=518472196&&user=-1356113187&config=1,850,0,0
1775999090349,850,HTTP Request 1,200,OK,config 1 1-5,text,false,"The operation lasted too long: It took 850 milliseconds, but should not have lasted longer than 840 milliseconds.",231,168,6,18,http://stload.se.ifmo.ru:8080/?token=518472196&&user=-1356113187&config=1,850,0,0
1775999090515,924,HTTP Request 1,200,OK,config 1 1-6,text,false,"The operation lasted too long: It took 924 milliseconds, but should not have lasted longer than 840 milliseconds.",231,168,6,18,http://stload.se.ifmo.ru:8080/?token=518472196&&user=-1356113187&config=1,924,0,0
1775999091200,853,HTTP Request 1,200,OK,config 1 1-1,text,false,"The operation lasted too long: It took 853 milliseconds, but should not have lasted longer than 840 milliseconds.",231,168,6,18,http://stload.se.ifmo.ru:8080/?token=518472196&&user=-1356113187&config=1,853,0,0
1775999091348,840,HTTP Request 1,200,OK,config 1 1-2,text,true,,231,168,6,18,http://stload.se.ifmo.ru:8080/?token=518472196&&user=-1356113187&config=1,840,0,0
1775999091516,839,HTTP Request 1,200,OK,config 1 1-3,text,true,,231,168,6,18,http://stload.se.ifmo.ru:8080/?token=518472196&&user=-1356113187&config=1,839,0,0
1775999091683,907,HTTP Request 1,200,OK,config 1 1-4,text,false,"The operation lasted too long: It took 907 milliseconds, but should not have lasted longer than 840 milliseconds.",231,168,6,18,http://stload.se.ifmo.ru:8080/?token=518472196&&user=-1356113187&config=1,907,0,0
1775999091848,849,HTTP Request 1,200,OK,config 1 1-5,text,false,"The operation lasted too long: It took 849 milliseconds, but should not have lasted longer than 840 milliseconds.",231,168,6,18,http://stload.se.ifmo.ru:8080/?token=518472196&&user=-1356113187&config=1,849,0,0
1775999092015,960,HTTP Request 1,200,OK,config 1 1-6,text,false,"The operation lasted too long: It took 960 milliseconds, but should not have lasted longer than 840 milliseconds.",231,168,6,18,http://stload.se.ifmo.ru:8080/?token=518472196&&user=-1356113187&config=1,960,0,0
1775999092700,847,HTTP Request 1,200,OK,config 1 1-1,text,false,"The operation lasted too long: It took 847 milliseconds, but should not have lasted longer than 840 milliseconds.",231,168,6,18,http://stload.se.ifmo.ru:8080/?token=518472196&&user=-1356113187&config=1,847,0,0
1775999092849,838,HTTP Request 1,200,OK,config 1 1-2,text,true,,231,168,6,18,http://stload.se.ifmo.ru:8080/?token=518472196&&user=-1356113187&config=1,838,0,0
1775999093016,861,HTTP Request 1,200,OK,config 1 1-3,text,false,"The operation lasted too long: It took 861 milliseconds, but should not have lasted longer than 840 milliseconds.",231,168,6,18,http://stload.se.ifmo.ru:8080/?token=518472196&&user=-1356113187&config=1,861,0,0
1775999093183,876,HTTP Request 1,200,OK,config 1 1-4,text,false,"The operation lasted too long: It took 876 milliseconds, but should not have lasted longer than 840 milliseconds.",231,168,6,18,http://stload.se.ifmo.ru:8080/?token=518472196&&user=-1356113187&config=1,876,0,0
1775999093349,896,HTTP Request 1,200,OK,config 1 1-5,text,false,"The operation lasted too long: It took 896 milliseconds, but should not have lasted longer than 840 milliseconds.",231,168,6,18,http://stload.se.ifmo.ru:8080/?token=518472196&&user=-1356113187&config=1,896,0,0
1775999093515,921,HTTP Request 1,200,OK,config 1 1-6,text,false,"The operation lasted too long: It took 921 milliseconds, but should not have lasted longer than 840 milliseconds.",231,168,6,18,http://stload.se.ifmo.ru:8080/?token=518472196&&user=-1356113187&config=1,921,0,0
1775999094200,883,HTTP Request 1,200,OK,config 1 1-1,text,false,"The operation lasted too long: It took 883 milliseconds, but should not have lasted longer than 840 milliseconds.",231,168,6,18,http://stload.se.ifmo.ru:8080/?token=518472196&&user=-1356113187&config=1,883,0,0
1775999094349,837,HTTP Request 1,200,OK,config 1 1-2,text,true,,231,168,6,18,http://stload.se.ifmo.ru:8080/?token=518472196&&user=-1356113187&config=1,837,0,0
1775999094516,839,HTTP Request 1,200,OK,config 1 1-3,text,true,,231,168,6,18,http://stload.se.ifmo.ru:8080/?token=518472196&&user=-1356113187&config=1,839,0,0
1775999094682,920,HTTP Request 1,200,OK,config 1 1-4,text,false,"The operation lasted too long: It took 920 milliseconds, but should not have lasted longer than 840 milliseconds.",231,168,6,18,http://stload.se.ifmo.ru:8080/?token=518472196&&user=-1356113187&config=1,920,0,0
1775999094849,878,HTTP Request 1,200,OK,config 1 1-5,text,false,"The operation lasted too long: It took 878 milliseconds, but should not have lasted longer than 840 milliseconds.",231,168,6,18,http://stload.se.ifmo.ru:8080/?token=518472196&&user=-1356113187&config=1,878,0,0
1775999095015,950,HTTP Request 1,200,OK,config 1 1-6,text,false,"The operation lasted too long: It took 950 milliseconds, but should not have lasted longer than 840 milliseconds.",231,168,6,18,http://stload.se.ifmo.ru:8080/?token=518472196&&user=-1356113187&config=1,950,0,0
1775999095700,844,HTTP Request 1,200,OK,config 1 1-1,text,false,"The operation lasted too long: It took 844 milliseconds, but should not have lasted longer than 840 milliseconds.",231,168,6,18,http://stload.se.ifmo.ru:8080/?token=518472196&&user=-1356113187&config=1,844,0,0
1775999095848,840,HTTP Request 1,200,OK,config 1 1-2,text,true,,231,168,6,18,http://stload.se.ifmo.ru:8080/?token=518472196&&user=-1356113187&config=1,840,0,0
1775999096017,873,HTTP Request 1,200,OK,config 1 1-3,text,false,"The operation lasted too long: It took 873 milliseconds, but should not have lasted longer than 840 milliseconds.",231,168,6,18,http://stload.se.ifmo.ru:8080/?token=518472196&&user=-1356113187&config=1,873,0,0
1775999096182,861,HTTP Request 1,200,OK,config 1 1-4,text,false,"The operation lasted too long: It took 861 milliseconds, but should not have lasted longer than 840 milliseconds.",231,168,6,18,http://stload.se.ifmo.ru:8080/?token=518472196&&user=-1356113187&config=1,861,0,0
1775999096348,846,HTTP Request 1,200,OK,config 1 1-5,text,false,"The operation lasted too long: It took 846 milliseconds, but should not have lasted longer than 840 milliseconds.",231,168,6,18,http://stload.se.ifmo.ru:8080/?token=518472196&&user=-1356113187&config=1,846,0,0
1775999096517,860,HTTP Request 1,200,OK,config 1 1-6,text,false,"The operation lasted too long: It took 860 milliseconds, but should not have lasted longer than 840 milliseconds.",231,168,6,18,http://stload.se.ifmo.ru:8080/?token=518472196&&user=-1356113187&config=1,860,0,0
1775999097201,935,HTTP Request 1,200,OK,config 1 1-1,text,false,"The operation lasted too long: It took 935 milliseconds, but should not have lasted longer than 840 milliseconds.",231,168,6,18,http://stload.se.ifmo.ru:8080/?token=518472196&&user=-1356113187&config=1,935,0,0
1775999097349,840,HTTP Request 1,200,OK,config 1 1-2,text,true,,231,168,6,18,http://stload.se.ifmo.ru:8080/?token=518472196&&user=-1356113187&config=1,840,0,0
1775999097516,839,HTTP Request 1,200,OK,config 1 1-3,text,true,,231,168,6,18,http://stload.se.ifmo.ru:8080/?token=518472196&&user=-1356113187&config=1,839,0,0
1775999097682,842,HTTP Request 1,200,OK,config 1 1-4,text,false,"The operation lasted too long: It took 842 milliseconds, but should not have lasted longer than 840 milliseconds.",231,168,6,18,http://stload.se.ifmo.ru:8080/?token=518472196&&user=-1356113187&config=1,842,0,0
1775999097848,879,HTTP Request 1,200,OK,config 1 1-5,text,false,"The operation lasted too long: It took 879 milliseconds, but should not have lasted longer than 840 milliseconds.",231,168,6,18,http://stload.se.ifmo.ru:8080/?token=518472196&&user=-1356113187&config=1,879,0,0
1775999098015,905,HTTP Request 1,200,OK,config 1 1-6,text,false,"The operation lasted too long: It took 905 milliseconds, but should not have lasted longer than 840 milliseconds.",231,168,6,18,http://stload.se.ifmo.ru:8080/?token=518472196&&user=-1356113187&config=1,905,0,0
1775999098701,858,HTTP Request 1,200,OK,config 1 1-1,text,false,"The operation lasted too long: It took 858 milliseconds, but should not have lasted longer than 840 milliseconds.",231,168,6,18,http://stload.se.ifmo.ru:8080/?token=518472196&&user=-1356113187&config=1,858,0,0
1775999098848,845,HTTP Request 1,200,OK,config 1 1-2,text,false,"The operation lasted too long: It took 845 milliseconds, but should not have lasted longer than 840 milliseconds.",231,168,6,18,http://stload.se.ifmo.ru:8080/?token=518472196&&user=-1356113187&config=1,845,0,0
1775999099016,925,HTTP Request 1,200,OK,config 1 1-3,text,false,"The operation lasted too long: It took 925 milliseconds, but should not have lasted longer than 840 milliseconds.",231,168,6,18,http://stload.se.ifmo.ru:8080/?token=518472196&&user=-1356113187&config=1,925,0,0
1775999099182,871,HTTP Request 1,200,OK,config 1 1-4,text,false,"The operation lasted too long: It took 871 milliseconds, but should not have lasted longer than 840 milliseconds.",231,168,6,18,http://stload.se.ifmo.ru:8080/?token=518472196&&user=-1356113187&config=1,871,0,0
1775999099348,843,HTTP Request 1,200,OK,config 1 1-5,text,false,"The operation lasted too long: It took 843 milliseconds, but should not have lasted longer than 840 milliseconds.",231,168,6,18,http://stload.se.ifmo.ru:8080/?token=518472196&&user=-1356113187&config=1,843,0,0
1775999099515,919,HTTP Request 1,200,OK,config 1 1-6,text,false,"The operation lasted too long: It took 919 milliseconds, but should not have lasted longer than 840 milliseconds.",231,168,6,18,http://stload.se.ifmo.ru:8080/?token=518472196&&user=-1356113187&config=1,919,0,0
1775999100200,852,HTTP Request 1,200,OK,config 1 1-1,text,false,"The operation lasted too long: It took 852 milliseconds, but should not have lasted longer than 840 milliseconds.",231,168,6,18,http://stload.se.ifmo.ru:8080/?token=518472196&&user=-1356113187&config=1,852,0,0
1775999100349,838,HTTP Request 1,200,OK,config 1 1-2,text,true,,231,168,6,18,http://stload.se.ifmo.ru:8080/?token=518472196&&user=-1356113187&config=1,838,0,0
1775999100517,838,HTTP Request 1,200,OK,config 1 1-3,text,true,,231,168,6,18,http://stload.se.ifmo.ru:8080/?token=518472196&&user=-1356113187&config=1,838,0,0
1775999100683,859,HTTP Request 1,200,OK,config 1 1-4,text,false,"The operation lasted too long: It took 859 milliseconds, but should not have lasted longer than 840 milliseconds.",231,168,6,18,http://stload.se.ifmo.ru:8080/?token=518472196&&user=-1356113187&config=1,859,0,0
1775999100848,920,HTTP Request 1,200,OK,config 1 1-5,text,false,"The operation lasted too long: It took 920 milliseconds, but should not have lasted longer than 840 milliseconds.",231,168,6,18,http://stload.se.ifmo.ru:8080/?token=518472196&&user=-1356113187&config=1,920,0,0
1775999101016,917,HTTP Request 1,200,OK,config 1 1-6,text,false,"The operation lasted too long: It took 917 milliseconds, but should not have lasted longer than 840 milliseconds.",231,168,6,18,http://stload.se.ifmo.ru:8080/?token=518472196&&user=-1356113187&config=1,917,0,0
1775999101700,839,HTTP Request 1,200,OK,config 1 1-1,text,true,,231,168,6,16,http://stload.se.ifmo.ru:8080/?token=518472196&&user=-1356113187&config=1,839,0,0
1775999101848,839,HTTP Request 1,200,OK,config 1 1-2,text,true,,231,168,5,15,http://stload.se.ifmo.ru:8080/?token=518472196&&user=-1356113187&config=1,839,0,0
1775999102016,842,HTTP Request 1,200,OK,config 1 1-3,text,false,"The operation lasted too long: It took 842 milliseconds, but should not have lasted longer than 840 milliseconds.",231,168,5,15,http://stload.se.ifmo.ru:8080/?token=518472196&&user=-1356113187&config=1,842,0,0
1775999102183,847,HTTP Request 1,200,OK,config 1 1-4,text,false,"The operation lasted too long: It took 847 milliseconds, but should not have lasted longer than 840 milliseconds.",231,168,5,15,http://stload.se.ifmo.ru:8080/?token=518472196&&user=-1356113187&config=1,847,0,0
1775999102348,868,HTTP Request 1,200,OK,config 1 1-5,text,false,"The operation lasted too long: It took 868 milliseconds, but should not have lasted longer than 840 milliseconds.",231,168,5,15,http://stload.se.ifmo.ru:8080/?token=518472196&&user=-1356113187&config=1,868,0,0
1775999102515,918,HTTP Request 1,200,OK,config 1 1-6,text,false,"The operation lasted too long: It took 918 milliseconds, but should not have lasted longer than 840 milliseconds.",231,168,5,15,http://stload.se.ifmo.ru:8080/?token=518472196&&user=-1356113187&config=1,918,0,0
1775999103349,835,HTTP Request 1,200,OK,config 1 1-2,text,true,,231,168,5,13,http://stload.se.ifmo.ru:8080/?token=518472196&&user=-1356113187&config=1,835,0,0
1775999103517,851,HTTP Request 1,200,OK,config 1 1-3,text,false,"The operation lasted too long: It took 851 milliseconds, but should not have lasted longer than 840 milliseconds.",231,168,4,12,http://stload.se.ifmo.ru:8080/?token=518472196&&user=-1356113187&config=1,851,0,0
1775999103682,834,HTTP Request 1,200,OK,config 1 1-4,text,true,,231,168,4,12,http://stload.se.ifmo.ru:8080/?token=518472196&&user=-1356113187&config=1,834,0,0
1775999103848,936,HTTP Request 1,200,OK,config 1 1-5,text,false,"The operation lasted too long: It took 936 milliseconds, but should not have lasted longer than 840 milliseconds.",231,168,4,12,http://stload.se.ifmo.ru:8080/?token=518472196&&user=-1356113187&config=1,936,0,0
1775999104015,923,HTTP Request 1,200,OK,config 1 1-6,text,false,"The operation lasted too long: It took 923 milliseconds, but should not have lasted longer than 840 milliseconds.",231,168,4,12,http://stload.se.ifmo.ru:8080/?token=518472196&&user=-1356113187&config=1,923,0,0
1775999105017,841,HTTP Request 1,200,OK,config 1 1-3,text,false,"The operation lasted too long: It took 841 milliseconds, but should not have lasted longer than 840 milliseconds.",231,168,4,10,http://stload.se.ifmo.ru:8080/?token=518472196&&user=-1356113187&config=1,841,0,0
1775999105183,824,HTTP Request 1,200,OK,config 1 1-4,text,true,,231,168,3,9,http://stload.se.ifmo.ru:8080/?token=518472196&&user=-1356113187&config=1,824,0,0
1775999105349,834,HTTP Request 1,200,OK,config 1 1-5,text,true,,231,168,3,9,http://stload.se.ifmo.ru:8080/?token=518472196&&user=-1356113187&config=1,834,0,0
1775999105515,853,HTTP Request 1,200,OK,config 1 1-6,text,false,"The operation lasted too long: It took 853 milliseconds, but should not have lasted longer than 840 milliseconds.",231,168,3,9,http://stload.se.ifmo.ru:8080/?token=518472196&&user=-1356113187&config=1,853,0,0
1775999106683,815,HTTP Request 1,200,OK,config 1 1-4,text,true,,231,168,3,7,http://stload.se.ifmo.ru:8080/?token=518472196&&user=-1356113187&config=1,815,0,0
1775999106848,817,HTTP Request 1,200,OK,config 1 1-5,text,true,,231,168,2,6,http://stload.se.ifmo.ru:8080/?token=518472196&&user=-1356113187&config=1,817,0,0
1775999107015,858,HTTP Request 1,200,OK,config 1 1-6,text,false,"The operation lasted too long: It took 858 milliseconds, but should not have lasted longer than 840 milliseconds.",231,168,2,6,http://stload.se.ifmo.ru:8080/?token=518472196&&user=-1356113187&config=1,858,0,0
1775999108348,817,HTTP Request 1,200,OK,config 1 1-5,text,true,,231,168,2,4,http://stload.se.ifmo.ru:8080/?token=518472196&&user=-1356113187&config=1,817,0,0
1775999108515,805,HTTP Request 1,200,OK,config 1 1-6,text,true,,231,168,1,3,http://stload.se.ifmo.ru:8080/?token=518472196&&user=-1356113187&config=1,805,0,0
1775999110016,802,HTTP Request 1,200,OK,config 1 1-6,text,true,,231,168,1,1,http://stload.se.ifmo.ru:8080/?token=518472196&&user=-1356113187&config=1,802,0,0
1775999171797,756,HTTP Request 1,200,OK,config 1 1-1,text,true,,231,168,1,3,http://stload.se.ifmo.ru:8080/?token=518472196&&user=-1356113187&config=1,756,0,28
1775999173255,734,HTTP Request 1,200,OK,config 1 1-1,text,true,,231,168,1,3,http://stload.se.ifmo.ru:8080/?token=518472196&&user=-1356113187&config=1,734,0,0
1775999174754,723,HTTP Request 1,200,OK,config 1 1-1,text,true,,231,168,2,6,http://stload.se.ifmo.ru:8080/?token=518472196&&user=-1356113187&config=1,723,0,0
1775999175068,898,HTTP Request 1,200,OK,config 1 1-2,text,false,"The operation lasted too long: It took 898 milliseconds, but should not have lasted longer than 840 milliseconds.",231,168,2,6,http://stload.se.ifmo.ru:8080/?token=518472196&&user=-1356113187&config=1,898,0,98
1775999176254,726,HTTP Request 1,200,OK,config 1 1-1,text,true,,231,168,2,6,http://stload.se.ifmo.ru:8080/?token=518472196&&user=-1356113187&config=1,726,0,0
1775999176567,727,HTTP Request 1,200,OK,config 1 1-2,text,true,,231,168,2,6,http://stload.se.ifmo.ru:8080/?token=518472196&&user=-1356113187&config=1,727,0,0
1775999177754,757,HTTP Request 1,200,OK,config 1 1-1,text,true,,231,168,3,9,http://stload.se.ifmo.ru:8080/?token=518472196&&user=-1356113187&config=1,757,0,0
1775999178068,742,HTTP Request 1,200,OK,config 1 1-2,text,true,,231,168,3,9,http://stload.se.ifmo.ru:8080/?token=518472196&&user=-1356113187&config=1,742,0,0
1775999178399,808,HTTP Request 1,200,OK,config 1 1-3,text,true,,231,168,3,9,http://stload.se.ifmo.ru:8080/?token=518472196&&user=-1356113187&config=1,808,0,56
1775999179255,753,HTTP Request 1,200,OK,config 1 1-1,text,true,,231,168,3,9,http://stload.se.ifmo.ru:8080/?token=518472196&&user=-1356113187&config=1,753,0,0
1775999179567,754,HTTP Request 1,200,OK,config 1 1-2,text,true,,231,168,3,9,http://stload.se.ifmo.ru:8080/?token=518472196&&user=-1356113187&config=1,754,0,0
1775999179899,745,HTTP Request 1,200,OK,config 1 1-3,text,true,,231,168,3,9,http://stload.se.ifmo.ru:8080/?token=518472196&&user=-1356113187&config=1,745,0,0
1775999180755,765,HTTP Request 1,200,OK,config 1 1-1,text,true,,231,168,3,9,http://stload.se.ifmo.ru:8080/?token=518472196&&user=-1356113187&config=1,765,0,0
1775999181067,790,HTTP Request 1,200,OK,config 1 1-2,text,true,,231,168,4,12,http://stload.se.ifmo.ru:8080/?token=518472196&&user=-1356113187&config=1,790,0,0
1775999181399,756,HTTP Request 1,200,OK,config 1 1-3,text,true,,231,168,4,12,http://stload.se.ifmo.ru:8080/?token=518472196&&user=-1356113187&config=1,756,0,0
1775999181731,783,HTTP Request 1,200,OK,config 1 1-4,text,true,,231,168,4,12,http://stload.se.ifmo.ru:8080/?token=518472196&&user=-1356113187&config=1,783,0,17
1775999182254,760,HTTP Request 1,200,OK,config 1 1-1,text,true,,231,168,4,12,http://stload.se.ifmo.ru:8080/?token=518472196&&user=-1356113187&config=1,760,0,0
1775999182568,768,HTTP Request 1,200,OK,config 1 1-2,text,true,,231,168,4,12,http://stload.se.ifmo.ru:8080/?token=518472196&&user=-1356113187&config=1,768,0,0
1775999182900,770,HTTP Request 1,200,OK,config 1 1-3,text,true,,231,168,4,12,http://stload.se.ifmo.ru:8080/?token=518472196&&user=-1356113187&config=1,769,0,0
1775999183231,772,HTTP Request 1,200,OK,config 1 1-4,text,true,,231,168,4,12,http://stload.se.ifmo.ru:8080/?token=518472196&&user=-1356113187&config=1,772,0,0
1775999183754,779,HTTP Request 1,200,OK,config 1 1-1,text,true,,231,168,4,12,http://stload.se.ifmo.ru:8080/?token=518472196&&user=-1356113187&config=1,778,0,0
1775999184067,826,HTTP Request 1,200,OK,config 1 1-2,text,true,,231,168,4,12,http://stload.se.ifmo.ru:8080/?token=518472196&&user=-1356113187&config=1,826,0,0
1775999184399,802,HTTP Request 1,200,OK,config 1 1-3,text,true,,231,168,5,15,http://stload.se.ifmo.ru:8080/?token=518472196&&user=-1356113187&config=1,802,0,0
1775999184732,789,HTTP Request 1,200,OK,config 1 1-4,text,true,,231,168,5,15,http://stload.se.ifmo.ru:8080/?token=518472196&&user=-1356113187&config=1,789,0,0
1775999185065,799,HTTP Request 1,200,OK,config 1 1-5,text,true,,231,168,5,15,http://stload.se.ifmo.ru:8080/?token=518472196&&user=-1356113187&config=1,799,0,14
1775999185254,783,HTTP Request 1,200,OK,config 1 1-1,text,true,,231,168,5,15,http://stload.se.ifmo.ru:8080/?token=518472196&&user=-1356113187&config=1,783,0,0
1775999185568,783,HTTP Request 1,200,OK,config 1 1-2,text,true,,231,168,5,15,http://stload.se.ifmo.ru:8080/?token=518472196&&user=-1356113187&config=1,783,0,0
1775999185900,800,HTTP Request 1,200,OK,config 1 1-3,text,true,,231,168,5,15,http://stload.se.ifmo.ru:8080/?token=518472196&&user=-1356113187&config=1,800,0,0
1775999186232,781,HTTP Request 1,200,OK,config 1 1-4,text,true,,231,168,5,15,http://stload.se.ifmo.ru:8080/?token=518472196&&user=-1356113187&config=1,781,0,0
1775999186567,781,HTTP Request 1,200,OK,config 1 1-5,text,true,,231,168,5,15,http://stload.se.ifmo.ru:8080/?token=518472196&&user=-1356113187&config=1,781,0,0
1775999186754,800,HTTP Request 1,200,OK,config 1 1-1,text,true,,231,168,5,15,http://stload.se.ifmo.ru:8080/?token=518472196&&user=-1356113187&config=1,800,0,0
1775999187068,947,HTTP Request 1,200,OK,config 1 1-2,text,false,"The operation lasted too long: It took 947 milliseconds, but should not have lasted longer than 840 milliseconds.",231,168,5,15,http://stload.se.ifmo.ru:8080/?token=518472196&&user=-1356113187&config=1,947,0,0
1775999187399,838,HTTP Request 1,200,OK,config 1 1-3,text,true,,231,168,5,15,http://stload.se.ifmo.ru:8080/?token=518472196&&user=-1356113187&config=1,838,0,0
1775999187732,818,HTTP Request 1,200,OK,config 1 1-4,text,true,,231,168,6,18,http://stload.se.ifmo.ru:8080/?token=518472196&&user=-1356113187&config=1,818,0,0
1775999188065,832,HTTP Request 1,200,OK,config 1 1-5,text,true,,231,168,6,18,http://stload.se.ifmo.ru:8080/?token=518472196&&user=-1356113187&config=1,832,0,0
1775999188254,874,HTTP Request 1,200,OK,config 1 1-1,text,false,"The operation lasted too long: It took 874 milliseconds, but should not have lasted longer than 840 milliseconds.",231,168,6,18,http://stload.se.ifmo.ru:8080/?token=518472196&&user=-1356113187&config=1,874,0,0
1775999188399,907,HTTP Request 1,200,OK,config 1 1-6,text,false,"The operation lasted too long: It took 907 milliseconds, but should not have lasted longer than 840 milliseconds.",231,168,6,18,http://stload.se.ifmo.ru:8080/?token=518472196&&user=-1356113187&config=1,906,0,55
1775999188567,829,HTTP Request 1,200,OK,config 1 1-2,text,true,,231,168,6,18,http://stload.se.ifmo.ru:8080/?token=518472196&&user=-1356113187&config=1,829,0,0
1775999188900,808,HTTP Request 1,200,OK,config 1 1-3,text,true,,231,168,6,18,http://stload.se.ifmo.ru:8080/?token=518472196&&user=-1356113187&config=1,808,0,0
1775999189232,838,HTTP Request 1,200,OK,config 1 1-4,text,true,,231,168,6,18,http://stload.se.ifmo.ru:8080/?token=518472196&&user=-1356113187&config=1,838,0,0
1775999189565,813,HTTP Request 1,200,OK,config 1 1-5,text,true,,231,168,6,18,http://stload.se.ifmo.ru:8080/?token=518472196&&user=-1356113187&config=1,813,0,0
1775999189755,824,HTTP Request 1,200,OK,config 1 1-1,text,true,,231,168,6,18,http://stload.se.ifmo.ru:8080/?token=518472196&&user=-1356113187&config=1,824,0,0
1775999189898,835,HTTP Request 1,200,OK,config 1 1-6,text,true,,231,168,6,18,http://stload.se.ifmo.ru:8080/?token=518472196&&user=-1356113187&config=1,835,0,0
1775999190067,814,HTTP Request 1,200,OK,config 1 1-2,text,true,,231,168,6,18,http://stload.se.ifmo.ru:8080/?token=518472196&&user=-1356113187&config=1,814,0,0
1775999190400,863,HTTP Request 1,200,OK,config 1 1-3,text,false,"The operation lasted too long: It took 863 milliseconds, but should not have lasted longer than 840 milliseconds.",231,168,6,18,http://stload.se.ifmo.ru:8080/?token=518472196&&user=-1356113187&config=1,863,0,0
1775999190731,816,HTTP Request 1,200,OK,config 1 1-4,text,true,,231,168,6,18,http://stload.se.ifmo.ru:8080/?token=518472196&&user=-1356113187&config=1,816,0,0
1775999191066,831,HTTP Request 1,200,OK,config 1 1-5,text,true,,231,168,6,18,http://stload.se.ifmo.ru:8080/?token=518472196&&user=-1356113187&config=1,831,0,0
1775999191254,824,HTTP Request 1,200,OK,config 1 1-1,text,true,,231,168,6,18,http://stload.se.ifmo.ru:8080/?token=518472196&&user=-1356113187&config=1,824,0,0
1775999191398,842,HTTP Request 1,200,OK,config 1 1-6,text,false,"The operation lasted too long: It took 842 milliseconds, but should not have lasted longer than 840 milliseconds.",231,168,6,18,http://stload.se.ifmo.ru:8080/?token=518472196&&user=-1356113187&config=1,842,0,0
1775999191567,861,HTTP Request 1,200,OK,config 1 1-2,text,false,"The operation lasted too long: It took 861 milliseconds, but should not have lasted longer than 840 milliseconds.",231,168,6,18,http://stload.se.ifmo.ru:8080/?token=518472196&&user=-1356113187&config=1,861,0,0
1775999191899,904,HTTP Request 1,200,OK,config 1 1-3,text,false,"The operation lasted too long: It took 904 milliseconds, but should not have lasted longer than 840 milliseconds.",231,168,6,18,http://stload.se.ifmo.ru:8080/?token=518472196&&user=-1356113187&config=1,904,0,0
1775999192231,833,HTTP Request 1,200,OK,config 1 1-4,text,true,,231,168,6,18,http://stload.se.ifmo.ru:8080/?token=518472196&&user=-1356113187&config=1,833,0,0
1775999192565,834,HTTP Request 1,200,OK,config 1 1-5,text,true,,231,168,6,18,http://stload.se.ifmo.ru:8080/?token=518472196&&user=-1356113187&config=1,834,0,0
1775999192755,841,HTTP Request 1,200,OK,config 1 1-1,text,false,"The operation lasted too long: It took 841 milliseconds, but should not have lasted longer than 840 milliseconds.",231,168,6,18,http://stload.se.ifmo.ru:8080/?token=518472196&&user=-1356113187&config=1,841,0,0
1775999192898,843,HTTP Request 1,200,OK,config 1 1-6,text,false,"The operation lasted too long: It took 843 milliseconds, but should not have lasted longer than 840 milliseconds.",231,168,6,18,http://stload.se.ifmo.ru:8080/?token=518472196&&user=-1356113187&config=1,843,0,0
1775999193067,880,HTTP Request 1,200,OK,config 1 1-2,text,false,"The operation lasted too long: It took 880 milliseconds, but should not have lasted longer than 840 milliseconds.",231,168,6,18,http://stload.se.ifmo.ru:8080/?token=518472196&&user=-1356113187&config=1,880,0,0
1775999193399,887,HTTP Request 1,200,OK,config 1 1-3,text,false,"The operation lasted too long: It took 887 milliseconds, but should not have lasted longer than 840 milliseconds.",231,168,6,18,http://stload.se.ifmo.ru:8080/?token=518472196&&user=-1356113187&config=1,887,0,0
1775999193731,830,HTTP Request 1,200,OK,config 1 1-4,text,true,,231,168,6,18,http://stload.se.ifmo.ru:8080/?token=518472196&&user=-1356113187&config=1,830,0,0
1775999194065,861,HTTP Request 1,200,OK,config 1 1-5,text,false,"The operation lasted too long: It took 861 milliseconds, but should not have lasted longer than 840 milliseconds.",231,168,6,18,http://stload.se.ifmo.ru:8080/?token=518472196&&user=-1356113187&config=1,861,0,0
1775999194254,853,HTTP Request 1,200,OK,config 1 1-1,text,false,"The operation lasted too long: It took 853 milliseconds, but should not have lasted longer than 840 milliseconds.",231,168,6,18,http://stload.se.ifmo.ru:8080/?token=518472196&&user=-1356113187&config=1,853,0,0
1775999194399,834,HTTP Request 1,200,OK,config 1 1-6,text,true,,231,168,6,18,http://stload.se.ifmo.ru:8080/?token=518472196&&user=-1356113187&config=1,834,0,0
1775999194567,888,HTTP Request 1,200,OK,config 1 1-2,text,false,"The operation lasted too long: It took 888 milliseconds, but should not have lasted longer than 840 milliseconds.",231,168,6,18,http://stload.se.ifmo.ru:8080/?token=518472196&&user=-1356113187&config=1,888,0,0
1775999194900,850,HTTP Request 1,200,OK,config 1 1-3,text,false,"The operation lasted too long: It took 850 milliseconds, but should not have lasted longer than 840 milliseconds.",231,168,6,18,http://stload.se.ifmo.ru:8080/?token=518472196&&user=-1356113187&config=1,850,0,0
1775999195231,834,HTTP Request 1,200,OK,config 1 1-4,text,true,,231,168,6,18,http://stload.se.ifmo.ru:8080/?token=518472196&&user=-1356113187&config=1,834,0,0
1775999195566,916,HTTP Request 1,200,OK,config 1 1-5,text,false,"The operation lasted too long: It took 916 milliseconds, but should not have lasted longer than 840 milliseconds.",231,168,6,18,http://stload.se.ifmo.ru:8080/?token=518472196&&user=-1356113187&config=1,916,0,0
1775999195754,916,HTTP Request 1,200,OK,config 1 1-1,text,false,"The operation lasted too long: It took 916 milliseconds, but should not have lasted longer than 840 milliseconds.",231,168,6,18,http://stload.se.ifmo.ru:8080/?token=518472196&&user=-1356113187&config=1,916,0,0
1775999195898,839,HTTP Request 1,200,OK,config 1 1-6,text,true,,231,168,6,18,http://stload.se.ifmo.ru:8080/?token=518472196&&user=-1356113187&config=1,839,0,0
1775999196068,893,HTTP Request 1,200,OK,config 1 1-2,text,false,"The operation lasted too long: It took 893 milliseconds, but should not have lasted longer than 840 milliseconds.",231,168,6,18,http://stload.se.ifmo.ru:8080/?token=518472196&&user=-1356113187&config=1,893,0,0
1775999196400,852,HTTP Request 1,200,OK,config 1 1-3,text,false,"The operation lasted too long: It took 852 milliseconds, but should not have lasted longer than 840 milliseconds.",231,168,6,18,http://stload.se.ifmo.ru:8080/?token=518472196&&user=-1356113187&config=1,852,0,0
1775999196731,840,HTTP Request 1,200,OK,config 1 1-4,text,true,,231,168,6,18,http://stload.se.ifmo.ru:8080/?token=518472196&&user=-1356113187&config=1,840,0,0
1775999197066,923,HTTP Request 1,200,OK,config 1 1-5,text,false,"The operation lasted too long: It took 923 milliseconds, but should not have lasted longer than 840 milliseconds.",231,168,6,18,http://stload.se.ifmo.ru:8080/?token=518472196&&user=-1356113187&config=1,923,0,0
1775999197254,909,HTTP Request 1,200,OK,config 1 1-1,text,false,"The operation lasted too long: It took 909 milliseconds, but should not have lasted longer than 840 milliseconds.",231,168,6,18,http://stload.se.ifmo.ru:8080/?token=518472196&&user=-1356113187&config=1,909,0,0
1775999197399,842,HTTP Request 1,200,OK,config 1 1-6,text,false,"The operation lasted too long: It took 842 milliseconds, but should not have lasted longer than 840 milliseconds.",231,168,6,18,http://stload.se.ifmo.ru:8080/?token=518472196&&user=-1356113187&config=1,842,0,0
1775999197568,845,HTTP Request 1,200,OK,config 1 1-2,text,false,"The operation lasted too long: It took 845 milliseconds, but should not have lasted longer than 840 milliseconds.",231,168,6,18,http://stload.se.ifmo.ru:8080/?token=518472196&&user=-1356113187&config=1,845,0,0
1775999197900,866,HTTP Request 1,200,OK,config 1 1-3,text,false,"The operation lasted too long: It took 866 milliseconds, but should not have lasted longer than 840 milliseconds.",231,168,6,18,http://stload.se.ifmo.ru:8080/?token=518472196&&user=-1356113187&config=1,866,0,0
1775999198232,853,HTTP Request 1,200,OK,config 1 1-4,text,false,"The operation lasted too long: It took 853 milliseconds, but should not have lasted longer than 840 milliseconds.",231,168,6,18,http://stload.se.ifmo.ru:8080/?token=518472196&&user=-1356113187&config=1,853,0,0
1775999198565,870,HTTP Request 1,200,OK,config 1 1-5,text,false,"The operation lasted too long: It took 870 milliseconds, but should not have lasted longer than 840 milliseconds.",231,168,6,18,http://stload.se.ifmo.ru:8080/?token=518472196&&user=-1356113187&config=1,870,0,0
1775999198755,895,HTTP Request 1,200,OK,config 1 1-1,text,false,"The operation lasted too long: It took 895 milliseconds, but should not have lasted longer than 840 milliseconds.",231,168,6,18,http://stload.se.ifmo.ru:8080/?token=518472196&&user=-1356113187&config=1,894,0,0
1775999198898,896,HTTP Request 1,200,OK,config 1 1-6,text,false,"The operation lasted too long: It took 896 milliseconds, but should not have lasted longer than 840 milliseconds.",231,168,6,18,http://stload.se.ifmo.ru:8080/?token=518472196&&user=-1356113187&config=1,896,0,0
1775999199067,862,HTTP Request 1,200,OK,config 1 1-2,text,false,"The operation lasted too long: It took 862 milliseconds, but should not have lasted longer than 840 milliseconds.",231,168,6,18,http://stload.se.ifmo.ru:8080/?token=518472196&&user=-1356113187&config=1,862,0,0
1775999199399,880,HTTP Request 1,200,OK,config 1 1-3,text,false,"The operation lasted too long: It took 880 milliseconds, but should not have lasted longer than 840 milliseconds.",231,168,6,18,http://stload.se.ifmo.ru:8080/?token=518472196&&user=-1356113187&config=1,880,0,0
1775999199731,911,HTTP Request 1,200,OK,config 1 1-4,text,false,"The operation lasted too long: It took 911 milliseconds, but should not have lasted longer than 840 milliseconds.",231,168,6,18,http://stload.se.ifmo.ru:8080/?token=518472196&&user=-1356113187&config=1,911,0,0
1775999200065,850,HTTP Request 1,200,OK,config 1 1-5,text,false,"The operation lasted too long: It took 850 milliseconds, but should not have lasted longer than 840 milliseconds.",231,168,6,18,http://stload.se.ifmo.ru:8080/?token=518472196&&user=-1356113187&config=1,849,0,0
1775999200254,863,HTTP Request 1,200,OK,config 1 1-1,text,false,"The operation lasted too long: It took 863 milliseconds, but should not have lasted longer than 840 milliseconds.",231,168,6,18,http://stload.se.ifmo.ru:8080/?token=518472196&&user=-1356113187&config=1,863,0,0
1775999200399,842,HTTP Request 1,200,OK,config 1 1-6,text,false,"The operation lasted too long: It took 842 milliseconds, but should not have lasted longer than 840 milliseconds.",231,168,6,18,http://stload.se.ifmo.ru:8080/?token=518472196&&user=-1356113187&config=1,842,0,0
1775999200568,881,HTTP Request 1,200,OK,config 1 1-2,text,false,"The operation lasted too long: It took 881 milliseconds, but should not have lasted longer than 840 milliseconds.",231,168,6,18,http://stload.se.ifmo.ru:8080/?token=518472196&&user=-1356113187&config=1,881,0,0
1775999200900,857,HTTP Request 1,200,OK,config 1 1-3,text,false,"The operation lasted too long: It took 857 milliseconds, but should not have lasted longer than 840 milliseconds.",231,168,6,18,http://stload.se.ifmo.ru:8080/?token=518472196&&user=-1356113187&config=1,857,0,0
1775999201231,858,HTTP Request 1,200,OK,config 1 1-4,text,false,"The operation lasted too long: It took 858 milliseconds, but should not have lasted longer than 840 milliseconds.",231,168,6,18,http://stload.se.ifmo.ru:8080/?token=518472196&&user=-1356113187&config=1,858,0,0
1775999201566,893,HTTP Request 1,200,OK,config 1 1-5,text,false,"The operation lasted too long: It took 893 milliseconds, but should not have lasted longer than 840 milliseconds.",231,168,6,18,http://stload.se.ifmo.ru:8080/?token=518472196&&user=-1356113187&config=1,893,0,0
1775999201754,845,HTTP Request 1,200,OK,config 1 1-1,text,false,"The operation lasted too long: It took 845 milliseconds, but should not have lasted longer than 840 milliseconds.",231,168,6,18,http://stload.se.ifmo.ru:8080/?token=518472196&&user=-1356113187&config=1,845,0,0
1775999201898,954,HTTP Request 1,200,OK,config 1 1-6,text,false,"The operation lasted too long: It took 954 milliseconds, but should not have lasted longer than 840 milliseconds.",231,168,6,18,http://stload.se.ifmo.ru:8080/?token=518472196&&user=-1356113187&config=1,954,0,0
1775999202067,866,HTTP Request 1,200,OK,config 1 1-2,text,false,"The operation lasted too long: It took 866 milliseconds, but should not have lasted longer than 840 milliseconds.",231,168,6,18,http://stload.se.ifmo.ru:8080/?token=518472196&&user=-1356113187&config=1,866,0,0
1775999202399,847,HTTP Request 1,200,OK,config 1 1-3,text,false,"The operation lasted too long: It took 847 milliseconds, but should not have lasted longer than 840 milliseconds.",231,168,6,18,http://stload.se.ifmo.ru:8080/?token=518472196&&user=-1356113187&config=1,847,0,0
1775999202732,843,HTTP Request 1,200,OK,config 1 1-4,text,false,"The operation lasted too long: It took 843 milliseconds, but should not have lasted longer than 840 milliseconds.",231,168,6,18,http://stload.se.ifmo.ru:8080/?token=518472196&&user=-1356113187&config=1,843,0,0
1775999203065,848,HTTP Request 1,200,OK,config 1 1-5,text,false,"The operation lasted too long: It took 848 milliseconds, but should not have lasted longer than 840 milliseconds.",231,168,6,18,http://stload.se.ifmo.ru:8080/?token=518472196&&user=-1356113187&config=1,848,0,0
1775999203255,899,HTTP Request 1,200,OK,config 1 1-1,text,false,"The operation lasted too long: It took 899 milliseconds, but should not have lasted longer than 840 milliseconds.",231,168,6,18,http://stload.se.ifmo.ru:8080/?token=518472196&&user=-1356113187&config=1,899,0,0
1775999203398,852,HTTP Request 1,200,OK,config 1 1-6,text,false,"The operation lasted too long: It took 852 milliseconds, but should not have lasted longer than 840 milliseconds.",231,168,6,18,http://stload.se.ifmo.ru:8080/?token=518472196&&user=-1356113187&config=1,852,0,0
1775999203568,849,HTTP Request 1,200,OK,config 1 1-2,text,false,"The operation lasted too long: It took 849 milliseconds, but should not have lasted longer than 840 milliseconds.",231,168,6,18,http://stload.se.ifmo.ru:8080/?token=518472196&&user=-1356113187&config=1,849,0,0
1775999203900,857,HTTP Request 1,200,OK,config 1 1-3,text,false,"The operation lasted too long: It took 857 milliseconds, but should not have lasted longer than 840 milliseconds.",231,168,6,18,http://stload.se.ifmo.ru:8080/?token=518472196&&user=-1356113187&config=1,857,0,0
1775999204232,865,HTTP Request 1,200,OK,config 1 1-4,text,false,"The operation lasted too long: It took 865 milliseconds, but should not have lasted longer than 840 milliseconds.",231,168,6,18,http://stload.se.ifmo.ru:8080/?token=518472196&&user=-1356113187&config=1,865,0,0
1775999204565,927,HTTP Request 1,200,OK,config 1 1-5,text,false,"The operation lasted too long: It took 927 milliseconds, but should not have lasted longer than 840 milliseconds.",231,168,6,18,http://stload.se.ifmo.ru:8080/?token=518472196&&user=-1356113187&config=1,927,0,0
1775999204754,875,HTTP Request 1,200,OK,config 1 1-1,text,false,"The operation lasted too long: It took 875 milliseconds, but should not have lasted longer than 840 milliseconds.",231,168,6,18,http://stload.se.ifmo.ru:8080/?token=518472196&&user=-1356113187&config=1,875,0,0
1775999204898,885,HTTP Request 1,200,OK,config 1 1-6,text,false,"The operation lasted too long: It took 885 milliseconds, but should not have lasted longer than 840 milliseconds.",231,168,6,18,http://stload.se.ifmo.ru:8080/?token=518472196&&user=-1356113187&config=1,885,0,0
1775999205067,843,HTTP Request 1,200,OK,config 1 1-2,text,false,"The operation lasted too long: It took 843 milliseconds, but should not have lasted longer than 840 milliseconds.",231,168,6,18,http://stload.se.ifmo.ru:8080/?token=518472196&&user=-1356113187&config=1,843,0,0
1775999205399,843,HTTP Request 1,200,OK,config 1 1-3,text,false,"The operation lasted too long: It took 843 milliseconds, but should not have lasted longer than 840 milliseconds.",231,168,6,18,http://stload.se.ifmo.ru:8080/?token=518472196&&user=-1356113187&config=1,843,0,0
1775999205731,896,HTTP Request 1,200,OK,config 1 1-4,text,false,"The operation lasted too long: It took 896 milliseconds, but should not have lasted longer than 840 milliseconds.",231,168,6,18,http://stload.se.ifmo.ru:8080/?token=518472196&&user=-1356113187&config=1,896,0,0
1775999206065,924,HTTP Request 1,200,OK,config 1 1-5,text,false,"The operation lasted too long: It took 924 milliseconds, but should not have lasted longer than 840 milliseconds.",231,168,6,18,http://stload.se.ifmo.ru:8080/?token=518472196&&user=-1356113187&config=1,924,0,0
1775999206255,878,HTTP Request 1,200,OK,config 1 1-1,text,false,"The operation lasted too long: It took 878 milliseconds, but should not have lasted longer than 840 milliseconds.",231,168,6,18,http://stload.se.ifmo.ru:8080/?token=518472196&&user=-1356113187&config=1,878,0,0
1775999206398,847,HTTP Request 1,200,OK,config 1 1-6,text,false,"The operation lasted too long: It took 847 milliseconds, but should not have lasted longer than 840 milliseconds.",231,168,6,18,http://stload.se.ifmo.ru:8080/?token=518472196&&user=-1356113187&config=1,847,0,0
1775999206567,924,HTTP Request 1,200,OK,config 1 1-2,text,false,"The operation lasted too long: It took 924 milliseconds, but should not have lasted longer than 840 milliseconds.",231,168,6,18,http://stload.se.ifmo.ru:8080/?token=518472196&&user=-1356113187&config=1,924,0,0
1775999206899,868,HTTP Request 1,200,OK,config 1 1-3,text,false,"The operation lasted too long: It took 868 milliseconds, but should not have lasted longer than 840 milliseconds.",231,168,6,18,http://stload.se.ifmo.ru:8080/?token=518472196&&user=-1356113187&config=1,868,0,0
1775999207231,873,HTTP Request 1,200,OK,config 1 1-4,text,false,"The operation lasted too long: It took 873 milliseconds, but should not have lasted longer than 840 milliseconds.",231,168,6,18,http://stload.se.ifmo.ru:8080/?token=518472196&&user=-1356113187&config=1,873,0,0
1775999207565,841,HTTP Request 1,200,OK,config 1 1-5,text,false,"The operation lasted too long: It took 841 milliseconds, but should not have lasted longer than 840 milliseconds.",231,168,6,18,http://stload.se.ifmo.ru:8080/?token=518472196&&user=-1356113187&config=1,840,0,0
1775999207754,855,HTTP Request 1,200,OK,config 1 1-1,text,false,"The operation lasted too long: It took 855 milliseconds, but should not have lasted longer than 840 milliseconds.",231,168,6,18,http://stload.se.ifmo.ru:8080/?token=518472196&&user=-1356113187&config=1,855,0,0
1775999207898,931,HTTP Request 1,200,OK,config 1 1-6,text,false,"The operation lasted too long: It took 931 milliseconds, but should not have lasted longer than 840 milliseconds.",231,168,6,18,http://stload.se.ifmo.ru:8080/?token=518472196&&user=-1356113187&config=1,931,0,0
1775999208067,880,HTTP Request 1,200,OK,config 1 1-2,text,false,"The operation lasted too long: It took 880 milliseconds, but should not have lasted longer than 840 milliseconds.",231,168,6,18,http://stload.se.ifmo.ru:8080/?token=518472196&&user=-1356113187&config=1,880,0,0
1775999208399,853,HTTP Request 1,200,OK,config 1 1-3,text,false,"The operation lasted too long: It took 853 milliseconds, but should not have lasted longer than 840 milliseconds.",231,168,6,18,http://stload.se.ifmo.ru:8080/?token=518472196&&user=-1356113187&config=1,853,0,0
1775999208732,842,HTTP Request 1,200,OK,config 1 1-4,text,false,"The operation lasted too long: It took 842 milliseconds, but should not have lasted longer than 840 milliseconds.",231,168,6,18,http://stload.se.ifmo.ru:8080/?token=518472196&&user=-1356113187&config=1,842,0,0
1775999209065,883,HTTP Request 1,200,OK,config 1 1-5,text,false,"The operation lasted too long: It took 883 milliseconds, but should not have lasted longer than 840 milliseconds.",231,168,6,18,http://stload.se.ifmo.ru:8080/?token=518472196&&user=-1356113187&config=1,883,0,0
1775999209255,896,HTTP Request 1,200,OK,config 1 1-1,text,false,"The operation lasted too long: It took 896 milliseconds, but should not have lasted longer than 840 milliseconds.",231,168,6,18,http://stload.se.ifmo.ru:8080/?token=518472196&&user=-1356113187&config=1,896,0,0
1775999209399,889,HTTP Request 1,200,OK,config 1 1-6,text,false,"The operation lasted too long: It took 889 milliseconds, but should not have lasted longer than 840 milliseconds.",231,168,6,18,http://stload.se.ifmo.ru:8080/?token=518472196&&user=-1356113187&config=1,889,0,0
1775999209567,852,HTTP Request 1,200,OK,config 1 1-2,text,false,"The operation lasted too long: It took 852 milliseconds, but should not have lasted longer than 840 milliseconds.",231,168,6,18,http://stload.se.ifmo.ru:8080/?token=518472196&&user=-1356113187&config=1,852,0,0
1775999209899,892,HTTP Request 1,200,OK,config 1 1-3,text,false,"The operation lasted too long: It took 892 milliseconds, but should not have lasted longer than 840 milliseconds.",231,168,6,18,http://stload.se.ifmo.ru:8080/?token=518472196&&user=-1356113187&config=1,892,0,0
1775999210232,889,HTTP Request 1,200,OK,config 1 1-4,text,false,"The operation lasted too long: It took 889 milliseconds, but should not have lasted longer than 840 milliseconds.",231,168,6,18,http://stload.se.ifmo.ru:8080/?token=518472196&&user=-1356113187&config=1,889,0,0
1775999210565,853,HTTP Request 1,200,OK,config 1 1-5,text,false,"The operation lasted too long: It took 853 milliseconds, but should not have lasted longer than 840 milliseconds.",231,168,6,18,http://stload.se.ifmo.ru:8080/?token=518472196&&user=-1356113187&config=1,853,0,0
1775999210754,865,HTTP Request 1,200,OK,config 1 1-1,text,false,"The operation lasted too long: It took 865 milliseconds, but should not have lasted longer than 840 milliseconds.",231,168,6,18,http://stload.se.ifmo.ru:8080/?token=518472196&&user=-1356113187&config=1,865,0,0
1775999210898,843,HTTP Request 1,200,OK,config 1 1-6,text,false,"The operation lasted too long: It took 843 milliseconds, but should not have lasted longer than 840 milliseconds.",231,168,6,18,http://stload.se.ifmo.ru:8080/?token=518472196&&user=-1356113187&config=1,843,0,0
1775999211067,849,HTTP Request 1,200,OK,config 1 1-2,text,false,"The operation lasted too long: It took 849 milliseconds, but should not have lasted longer than 840 milliseconds.",231,168,6,18,http://stload.se.ifmo.ru:8080/?token=518472196&&user=-1356113187&config=1,849,0,0
1775999211399,865,HTTP Request 1,200,OK,config 1 1-3,text,false,"The operation lasted too long: It took 865 milliseconds, but should not have lasted longer than 840 milliseconds.",231,168,6,18,http://stload.se.ifmo.ru:8080/?token=518472196&&user=-1356113187&config=1,865,0,0
1775999211731,854,HTTP Request 1,200,OK,config 1 1-4,text,false,"The operation lasted too long: It took 854 milliseconds, but should not have lasted longer than 840 milliseconds.",231,168,6,18,http://stload.se.ifmo.ru:8080/?token=518472196&&user=-1356113187&config=1,854,0,0
1775999212065,907,HTTP Request 1,200,OK,config 1 1-5,text,false,"The operation lasted too long: It took 907 milliseconds, but should not have lasted longer than 840 milliseconds.",231,168,6,18,http://stload.se.ifmo.ru:8080/?token=518472196&&user=-1356113187&config=1,907,0,0
1775999212255,898,HTTP Request 1,200,OK,config 1 1-1,text,false,"The operation lasted too long: It took 898 milliseconds, but should not have lasted longer than 840 milliseconds.",231,168,6,18,http://stload.se.ifmo.ru:8080/?token=518472196&&user=-1356113187&config=1,898,0,0
1775999212399,846,HTTP Request 1,200,OK,config 1 1-6,text,false,"The operation lasted too long: It took 846 milliseconds, but should not have lasted longer than 840 milliseconds.",231,168,6,18,http://stload.se.ifmo.ru:8080/?token=518472196&&user=-1356113187&config=1,846,0,0
1775999212568,876,HTTP Request 1,200,OK,config 1 1-2,text,false,"The operation lasted too long: It took 876 milliseconds, but should not have lasted longer than 840 milliseconds.",231,168,6,18,http://stload.se.ifmo.ru:8080/?token=518472196&&user=-1356113187&config=1,876,0,0
1775999212899,864,HTTP Request 1,200,OK,config 1 1-3,text,false,"The operation lasted too long: It took 864 milliseconds, but should not have lasted longer than 840 milliseconds.",231,168,6,18,http://stload.se.ifmo.ru:8080/?token=518472196&&user=-1356113187&config=1,864,0,0
1775999213231,855,HTTP Request 1,200,OK,config 1 1-4,text,false,"The operation lasted too long: It took 855 milliseconds, but should not have lasted longer than 840 milliseconds.",231,168,6,18,http://stload.se.ifmo.ru:8080/?token=518472196&&user=-1356113187&config=1,855,0,0
1775999213565,919,HTTP Request 1,200,OK,config 1 1-5,text,false,"The operation lasted too long: It took 919 milliseconds, but should not have lasted longer than 840 milliseconds.",231,168,6,18,http://stload.se.ifmo.ru:8080/?token=518472196&&user=-1356113187&config=1,919,0,0
1775999213754,838,HTTP Request 1,200,OK,config 1 1-1,text,true,,231,168,6,18,http://stload.se.ifmo.ru:8080/?token=518472196&&user=-1356113187&config=1,838,0,0
1775999213899,913,HTTP Request 1,200,OK,config 1 1-6,text,false,"The operation lasted too long: It took 913 milliseconds, but should not have lasted longer than 840 milliseconds.",231,168,6,18,http://stload.se.ifmo.ru:8080/?token=518472196&&user=-1356113187&config=1,913,0,0
1775999214067,863,HTTP Request 1,200,OK,config 1 1-2,text,false,"The operation lasted too long: It took 863 milliseconds, but should not have lasted longer than 840 milliseconds.",231,168,6,18,http://stload.se.ifmo.ru:8080/?token=518472196&&user=-1356113187&config=1,863,0,0
1775999214400,842,HTTP Request 1,200,OK,config 1 1-3,text,false,"The operation lasted too long: It took 842 milliseconds, but should not have lasted longer than 840 milliseconds.",231,168,6,18,http://stload.se.ifmo.ru:8080/?token=518472196&&user=-1356113187&config=1,842,0,0
1775999214731,843,HTTP Request 1,200,OK,config 1 1-4,text,false,"The operation lasted too long: It took 843 milliseconds, but should not have lasted longer than 840 milliseconds.",231,168,6,18,http://stload.se.ifmo.ru:8080/?token=518472196&&user=-1356113187&config=1,843,0,0
1775999215065,897,HTTP Request 1,200,OK,config 1 1-5,text,false,"The operation lasted too long: It took 897 milliseconds, but should not have lasted longer than 840 milliseconds.",231,168,6,18,http://stload.se.ifmo.ru:8080/?token=518472196&&user=-1356113187&config=1,897,0,0
1775999215254,880,HTTP Request 1,200,OK,config 1 1-1,text,false,"The operation lasted too long: It took 880 milliseconds, but should not have lasted longer than 840 milliseconds.",231,168,6,18,http://stload.se.ifmo.ru:8080/?token=518472196&&user=-1356113187&config=1,880,0,0
1775999215398,889,HTTP Request 1,200,OK,config 1 1-6,text,false,"The operation lasted too long: It took 889 milliseconds, but should not have lasted longer than 840 milliseconds.",231,168,6,18,http://stload.se.ifmo.ru:8080/?token=518472196&&user=-1356113187&config=1,889,0,0
1775999215568,848,HTTP Request 1,200,OK,config 1 1-2,text,false,"The operation lasted too long: It took 848 milliseconds, but should not have lasted longer than 840 milliseconds.",231,168,6,18,http://stload.se.ifmo.ru:8080/?token=518472196&&user=-1356113187&config=1,848,0,0
1775999215900,882,HTTP Request 1,200,OK,config 1 1-3,text,false,"The operation lasted too long: It took 882 milliseconds, but should not have lasted longer than 840 milliseconds.",231,168,6,18,http://stload.se.ifmo.ru:8080/?token=518472196&&user=-1356113187&config=1,882,0,0
1775999216231,956,HTTP Request 1,200,OK,config 1 1-4,text,false,"The operation lasted too long: It took 956 milliseconds, but should not have lasted longer than 840 milliseconds.",231,168,6,18,http://stload.se.ifmo.ru:8080/?token=518472196&&user=-1356113187&config=1,956,0,0
1775999216565,908,HTTP Request 1,200,OK,config 1 1-5,text,false,"The operation lasted too long: It took 908 milliseconds, but should not have lasted longer than 840 milliseconds.",231,168,6,18,http://stload.se.ifmo.ru:8080/?token=518472196&&user=-1356113187&config=1,908,0,0
1775999216754,863,HTTP Request 1,200,OK,config 1 1-1,text,false,"The operation lasted too long: It took 863 milliseconds, but should not have lasted longer than 840 milliseconds.",231,168,6,18,http://stload.se.ifmo.ru:8080/?token=518472196&&user=-1356113187&config=1,863,0,0
1775999216898,847,HTTP Request 1,200,OK,config 1 1-6,text,false,"The operation lasted too long: It took 847 milliseconds, but should not have lasted longer than 840 milliseconds.",231,168,6,18,http://stload.se.ifmo.ru:8080/?token=518472196&&user=-1356113187&config=1,847,0,0
1775999217067,891,HTTP Request 1,200,OK,config 1 1-2,text,false,"The operation lasted too long: It took 891 milliseconds, but should not have lasted longer than 840 milliseconds.",231,168,6,18,http://stload.se.ifmo.ru:8080/?token=518472196&&user=-1356113187&config=1,891,0,0
1775999217399,853,HTTP Request 1,200,OK,config 1 1-3,text,false,"The operation lasted too long: It took 853 milliseconds, but should not have lasted longer than 840 milliseconds.",231,168,6,18,http://stload.se.ifmo.ru:8080/?token=518472196&&user=-1356113187&config=1,853,0,0
1775999217732,897,HTTP Request 1,200,OK,config 1 1-4,text,false,"The operation lasted too long: It took 897 milliseconds, but should not have lasted longer than 840 milliseconds.",231,168,6,18,http://stload.se.ifmo.ru:8080/?token=518472196&&user=-1356113187&config=1,897,0,0
1775999218065,940,HTTP Request 1,200,OK,config 1 1-5,text,false,"The operation lasted too long: It took 940 milliseconds, but should not have lasted longer than 840 milliseconds.",231,168,6,18,http://stload.se.ifmo.ru:8080/?token=518472196&&user=-1356113187&config=1,940,0,0
1775999218255,893,HTTP Request 1,200,OK,config 1 1-1,text,false,"The operation lasted too long: It took 893 milliseconds, but should not have lasted longer than 840 milliseconds.",231,168,6,18,http://stload.se.ifmo.ru:8080/?token=518472196&&user=-1356113187&config=1,893,0,0
1775999218398,847,HTTP Request 1,200,OK,config 1 1-6,text,false,"The operation lasted too long: It took 847 milliseconds, but should not have lasted longer than 840 milliseconds.",231,168,6,18,http://stload.se.ifmo.ru:8080/?token=518472196&&user=-1356113187&config=1,847,0,0
1775999218567,909,HTTP Request 1,200,OK,config 1 1-2,text,false,"The operation lasted too long: It took 909 milliseconds, but should not have lasted longer than 840 milliseconds.",231,168,6,18,http://stload.se.ifmo.ru:8080/?token=518472196&&user=-1356113187&config=1,909,0,0
1775999218900,861,HTTP Request 1,200,OK,config 1 1-3,text,false,"The operation lasted too long: It took 861 milliseconds, but should not have lasted longer than 840 milliseconds.",231,168,6,18,http://stload.se.ifmo.ru:8080/?token=518472196&&user=-1356113187&config=1,861,0,0
1775999219232,844,HTTP Request 1,200,OK,config 1 1-4,text,false,"The operation lasted too long: It took 844 milliseconds, but should not have lasted longer than 840 milliseconds.",231,168,6,18,http://stload.se.ifmo.ru:8080/?token=518472196&&user=-1356113187&config=1,844,0,0
1775999219565,894,HTTP Request 1,200,OK,config 1 1-5,text,false,"The operation lasted too long: It took 894 milliseconds, but should not have lasted longer than 840 milliseconds.",231,168,6,18,http://stload.se.ifmo.ru:8080/?token=518472196&&user=-1356113187&config=1,894,0,0
1775999219754,850,HTTP Request 1,200,OK,config 1 1-1,text,false,"The operation lasted too long: It took 850 milliseconds, but should not have lasted longer than 840 milliseconds.",231,168,6,18,http://stload.se.ifmo.ru:8080/?token=518472196&&user=-1356113187&config=1,850,0,0
1775999219899,890,HTTP Request 1,200,OK,config 1 1-6,text,false,"The operation lasted too long: It took 890 milliseconds, but should not have lasted longer than 840 milliseconds.",231,168,6,18,http://stload.se.ifmo.ru:8080/?token=518472196&&user=-1356113187&config=1,890,0,0
1775999220067,855,HTTP Request 1,200,OK,config 1 1-2,text,false,"The operation lasted too long: It took 855 milliseconds, but should not have lasted longer than 840 milliseconds.",231,168,6,18,http://stload.se.ifmo.ru:8080/?token=518472196&&user=-1356113187&config=1,855,0,0
1775999220400,853,HTTP Request 1,200,OK,config 1 1-3,text,false,"The operation lasted too long: It took 853 milliseconds, but should not have lasted longer than 840 milliseconds.",231,168,6,18,http://stload.se.ifmo.ru:8080/?token=518472196&&user=-1356113187&config=1,853,0,0
1775999220732,929,HTTP Request 1,200,OK,config 1 1-4,text,false,"The operation lasted too long: It took 929 milliseconds, but should not have lasted longer than 840 milliseconds.",231,168,6,18,http://stload.se.ifmo.ru:8080/?token=518472196&&user=-1356113187&config=1,929,0,0
1775999221066,922,HTTP Request 1,200,OK,config 1 1-5,text,false,"The operation lasted too long: It took 922 milliseconds, but should not have lasted longer than 840 milliseconds.",231,168,6,18,http://stload.se.ifmo.ru:8080/?token=518472196&&user=-1356113187&config=1,922,0,0
1775999221254,971,HTTP Request 1,200,OK,config 1 1-1,text,false,"The operation lasted too long: It took 971 milliseconds, but should not have lasted longer than 840 milliseconds.",231,168,6,18,http://stload.se.ifmo.ru:8080/?token=518472196&&user=-1356113187&config=1,971,0,0
1775999221398,854,HTTP Request 1,200,OK,config 1 1-6,text,false,"The operation lasted too long: It took 854 milliseconds, but should not have lasted longer than 840 milliseconds.",231,168,6,18,http://stload.se.ifmo.ru:8080/?token=518472196&&user=-1356113187&config=1,854,0,0
1775999221567,870,HTTP Request 1,200,OK,config 1 1-2,text,false,"The operation lasted too long: It took 870 milliseconds, but should not have lasted longer than 840 milliseconds.",231,168,6,18,http://stload.se.ifmo.ru:8080/?token=518472196&&user=-1356113187&config=1,870,0,0
1775999221900,910,HTTP Request 1,200,OK,config 1 1-3,text,false,"The operation lasted too long: It took 910 milliseconds, but should not have lasted longer than 840 milliseconds.",231,168,6,18,http://stload.se.ifmo.ru:8080/?token=518472196&&user=-1356113187&config=1,910,0,0
1775999222232,850,HTTP Request 1,200,OK,config 1 1-4,text,false,"The operation lasted too long: It took 850 milliseconds, but should not have lasted longer than 840 milliseconds.",231,168,6,18,http://stload.se.ifmo.ru:8080/?token=518472196&&user=-1356113187&config=1,850,0,0
1775999222565,841,HTTP Request 1,200,OK,config 1 1-5,text,false,"The operation lasted too long: It took 841 milliseconds, but should not have lasted longer than 840 milliseconds.",231,168,6,18,http://stload.se.ifmo.ru:8080/?token=518472196&&user=-1356113187&config=1,841,0,0
1775999222755,893,HTTP Request 1,200,OK,config 1 1-1,text,false,"The operation lasted too long: It took 893 milliseconds, but should not have lasted longer than 840 milliseconds.",231,168,6,18,http://stload.se.ifmo.ru:8080/?token=518472196&&user=-1356113187&config=1,893,0,0
1775999222898,933,HTTP Request 1,200,OK,config 1 1-6,text,false,"The operation lasted too long: It took 933 milliseconds, but should not have lasted longer than 840 milliseconds.",231,168,6,18,http://stload.se.ifmo.ru:8080/?token=518472196&&user=-1356113187&config=1,933,0,0
1775999223068,893,HTTP Request 1,200,OK,config 1 1-2,text,false,"The operation lasted too long: It took 893 milliseconds, but should not have lasted longer than 840 milliseconds.",231,168,6,18,http://stload.se.ifmo.ru:8080/?token=518472196&&user=-1356113187&config=1,893,0,0
1775999223400,859,HTTP Request 1,200,OK,config 1 1-3,text,false,"The operation lasted too long: It took 859 milliseconds, but should not have lasted longer than 840 milliseconds.",231,168,6,18,http://stload.se.ifmo.ru:8080/?token=518472196&&user=-1356113187&config=1,859,0,0
1775999223731,873,HTTP Request 1,200,OK,config 1 1-4,text,false,"The operation lasted too long: It took 873 milliseconds, but should not have lasted longer than 840 milliseconds.",231,168,6,18,http://stload.se.ifmo.ru:8080/?token=518472196&&user=-1356113187&config=1,873,0,0
1775999224066,880,HTTP Request 1,200,OK,config 1 1-5,text,false,"The operation lasted too long: It took 880 milliseconds, but should not have lasted longer than 840 milliseconds.",231,168,6,18,http://stload.se.ifmo.ru:8080/?token=518472196&&user=-1356113187&config=1,880,0,0
1775999224254,881,HTTP Request 1,200,OK,config 1 1-1,text,false,"The operation lasted too long: It took 881 milliseconds, but should not have lasted longer than 840 milliseconds.",231,168,6,18,http://stload.se.ifmo.ru:8080/?token=518472196&&user=-1356113187&config=1,881,0,0
1775999224398,842,HTTP Request 1,200,OK,config 1 1-6,text,false,"The operation lasted too long: It took 842 milliseconds, but should not have lasted longer than 840 milliseconds.",231,168,6,18,http://stload.se.ifmo.ru:8080/?token=518472196&&user=-1356113187&config=1,842,0,0
1775999224567,857,HTTP Request 1,200,OK,config 1 1-2,text,false,"The operation lasted too long: It took 857 milliseconds, but should not have lasted longer than 840 milliseconds.",231,168,6,18,http://stload.se.ifmo.ru:8080/?token=518472196&&user=-1356113187&config=1,857,0,0
1775999224899,867,HTTP Request 1,200,OK,config 1 1-3,text,false,"The operation lasted too long: It took 867 milliseconds, but should not have lasted longer than 840 milliseconds.",231,168,6,18,http://stload.se.ifmo.ru:8080/?token=518472196&&user=-1356113187&config=1,867,0,0
1775999225231,871,HTTP Request 1,200,OK,config 1 1-4,text,false,"The operation lasted too long: It took 871 milliseconds, but should not have lasted longer than 840 milliseconds.",231,168,6,18,http://stload.se.ifmo.ru:8080/?token=518472196&&user=-1356113187&config=1,871,0,0
1775999225565,855,HTTP Request 1,200,OK,config 1 1-5,text,false,"The operation lasted too long: It took 855 milliseconds, but should not have lasted longer than 840 milliseconds.",231,168,6,18,http://stload.se.ifmo.ru:8080/?token=518472196&&user=-1356113187&config=1,855,0,0
1775999225754,850,HTTP Request 1,200,OK,config 1 1-1,text,false,"The operation lasted too long: It took 850 milliseconds, but should not have lasted longer than 840 milliseconds.",231,168,6,18,http://stload.se.ifmo.ru:8080/?token=518472196&&user=-1356113187&config=1,850,0,0
1775999225898,894,HTTP Request 1,200,OK,config 1 1-6,text,false,"The operation lasted too long: It took 894 milliseconds, but should not have lasted longer than 840 milliseconds.",231,168,6,18,http://stload.se.ifmo.ru:8080/?token=518472196&&user=-1356113187&config=1,894,0,0
1775999226067,858,HTTP Request 1,200,OK,config 1 1-2,text,false,"The operation lasted too long: It took 858 milliseconds, but should not have lasted longer than 840 milliseconds.",231,168,6,18,http://stload.se.ifmo.ru:8080/?token=518472196&&user=-1356113187&config=1,858,0,0
1775999226399,854,HTTP Request 1,200,OK,config 1 1-3,text,false,"The operation lasted too long: It took 854 milliseconds, but should not have lasted longer than 840 milliseconds.",231,168,6,18,http://stload.se.ifmo.ru:8080/?token=518472196&&user=-1356113187&config=1,854,0,0
1775999226731,892,HTTP Request 1,200,OK,config 1 1-4,text,false,"The operation lasted too long: It took 892 milliseconds, but should not have lasted longer than 840 milliseconds.",231,168,6,18,http://stload.se.ifmo.ru:8080/?token=518472196&&user=-1356113187&config=1,892,0,0
1775999227065,894,HTTP Request 1,200,OK,config 1 1-5,text,false,"The operation lasted too long: It took 894 milliseconds, but should not have lasted longer than 840 milliseconds.",231,168,6,18,http://stload.se.ifmo.ru:8080/?token=518472196&&user=-1356113187&config=1,894,0,0
1775999227254,853,HTTP Request 1,200,OK,config 1 1-1,text,false,"The operation lasted too long: It took 853 milliseconds, but should not have lasted longer than 840 milliseconds.",231,168,6,18,http://stload.se.ifmo.ru:8080/?token=518472196&&user=-1356113187&config=1,853,0,0
1775999227398,848,HTTP Request 1,200,OK,config 1 1-6,text,false,"The operation lasted too long: It took 848 milliseconds, but should not have lasted longer than 840 milliseconds.",231,168,6,18,http://stload.se.ifmo.ru:8080/?token=518472196&&user=-1356113187&config=1,848,0,0
1775999227567,852,HTTP Request 1,200,OK,config 1 1-2,text,false,"The operation lasted too long: It took 852 milliseconds, but should not have lasted longer than 840 milliseconds.",231,168,6,18,http://stload.se.ifmo.ru:8080/?token=518472196&&user=-1356113187&config=1,852,0,0
1775999227899,862,HTTP Request 1,200,OK,config 1 1-3,text,false,"The operation lasted too long: It took 862 milliseconds, but should not have lasted longer than 840 milliseconds.",231,168,6,18,http://stload.se.ifmo.ru:8080/?token=518472196&&user=-1356113187&config=1,862,0,0
1775999228231,855,HTTP Request 1,200,OK,config 1 1-4,text,false,"The operation lasted too long: It took 855 milliseconds, but should not have lasted longer than 840 milliseconds.",231,168,6,18,http://stload.se.ifmo.ru:8080/?token=518472196&&user=-1356113187&config=1,855,0,0
1775999228566,884,HTTP Request 1,200,OK,config 1 1-5,text,false,"The operation lasted too long: It took 884 milliseconds, but should not have lasted longer than 840 milliseconds.",231,168,6,18,http://stload.se.ifmo.ru:8080/?token=518472196&&user=-1356113187&config=1,884,0,0
1775999228755,847,HTTP Request 1,200,OK,config 1 1-1,text,false,"The operation lasted too long: It took 847 milliseconds, but should not have lasted longer than 840 milliseconds.",231,168,6,18,http://stload.se.ifmo.ru:8080/?token=518472196&&user=-1356113187&config=1,847,0,0
1775999228898,861,HTTP Request 1,200,OK,config 1 1-6,text,false,"The operation lasted too long: It took 861 milliseconds, but should not have lasted longer than 840 milliseconds.",231,168,6,18,http://stload.se.ifmo.ru:8080/?token=518472196&&user=-1356113187&config=1,861,0,0
1775999229067,848,HTTP Request 1,200,OK,config 1 1-2,text,false,"The operation lasted too long: It took 848 milliseconds, but should not have lasted longer than 840 milliseconds.",231,168,6,18,http://stload.se.ifmo.ru:8080/?token=518472196&&user=-1356113187&config=1,848,0,0
1775999229399,857,HTTP Request 1,200,OK,config 1 1-3,text,false,"The operation lasted too long: It took 857 milliseconds, but should not have lasted longer than 840 milliseconds.",231,168,6,18,http://stload.se.ifmo.ru:8080/?token=518472196&&user=-1356113187&config=1,857,0,0
1775999229732,852,HTTP Request 1,200,OK,config 1 1-4,text,false,"The operation lasted too long: It took 852 milliseconds, but should not have lasted longer than 840 milliseconds.",231,168,6,18,http://stload.se.ifmo.ru:8080/?token=518472196&&user=-1356113187&config=1,852,0,0
1775999230065,872,HTTP Request 1,200,OK,config 1 1-5,text,false,"The operation lasted too long: It took 872 milliseconds, but should not have lasted longer than 840 milliseconds.",231,168,6,18,http://stload.se.ifmo.ru:8080/?token=518472196&&user=-1356113187&config=1,872,0,0
1775999230254,849,HTTP Request 1,200,OK,config 1 1-1,text,false,"The operation lasted too long: It took 849 milliseconds, but should not have lasted longer than 840 milliseconds.",231,168,6,18,http://stload.se.ifmo.ru:8080/?token=518472196&&user=-1356113187&config=1,849,0,0
1775999230399,842,HTTP Request 1,200,OK,config 1 1-6,text,false,"The operation lasted too long: It took 842 milliseconds, but should not have lasted longer than 840 milliseconds.",231,168,6,18,http://stload.se.ifmo.ru:8080/?token=518472196&&user=-1356113187&config=1,842,0,0
1775999230568,841,HTTP Request 1,200,OK,config 1 1-2,text,false,"The operation lasted too long: It took 841 milliseconds, but should not have lasted longer than 840 milliseconds.",231,168,6,18,http://stload.se.ifmo.ru:8080/?token=518472196&&user=-1356113187&config=1,841,0,0
1775999230900,844,HTTP Request 1,200,OK,config 1 1-3,text,false,"The operation lasted too long: It took 844 milliseconds, but should not have lasted longer than 840 milliseconds.",231,168,6,18,http://stload.se.ifmo.ru:8080/?token=518472196&&user=-1356113187&config=1,844,0,0
1775999231232,854,HTTP Request 1,200,OK,config 1 1-4,text,false,"The operation lasted too long: It took 854 milliseconds, but should not have lasted longer than 840 milliseconds.",231,168,6,18,http://stload.se.ifmo.ru:8080/?token=518472196&&user=-1356113187&config=1,854,0,0
1775999231565,840,HTTP Request 1,200,OK,config 1 1-5,text,true,,231,168,6,18,http://stload.se.ifmo.ru:8080/?token=518472196&&user=-1356113187&config=1,840,0,0
1775999231755,914,HTTP Request 1,200,OK,config 1 1-1,text,false,"The operation lasted too long: It took 914 milliseconds, but should not have lasted longer than 840 milliseconds.",231,168,6,18,http://stload.se.ifmo.ru:8080/?token=518472196&&user=-1356113187&config=1,914,0,0
1775999231898,866,HTTP Request 1,200,OK,config 1 1-6,text,false,"The operation lasted too long: It took 866 milliseconds, but should not have lasted longer than 840 milliseconds.",231,168,6,18,http://stload.se.ifmo.ru:8080/?token=518472196&&user=-1356113187&config=1,866,0,0
1775999232067,873,HTTP Request 1,200,OK,config 1 1-2,text,false,"The operation lasted too long: It took 873 milliseconds, but should not have lasted longer than 840 milliseconds.",231,168,6,18,http://stload.se.ifmo.ru:8080/?token=518472196&&user=-1356113187&config=1,873,0,0
1775999232399,869,HTTP Request 1,200,OK,config 1 1-3,text,false,"The operation lasted too long: It took 869 milliseconds, but should not have lasted longer than 840 milliseconds.",231,168,6,18,http://stload.se.ifmo.ru:8080/?token=518472196&&user=-1356113187&config=1,869,0,0
1775999232732,866,HTTP Request 1,200,OK,config 1 1-4,text,false,"The operation lasted too long: It took 866 milliseconds, but should not have lasted longer than 840 milliseconds.",231,168,6,18,http://stload.se.ifmo.ru:8080/?token=518472196&&user=-1356113187&config=1,866,0,0
1775999233066,882,HTTP Request 1,200,OK,config 1 1-5,text,false,"The operation lasted too long: It took 882 milliseconds, but should not have lasted longer than 840 milliseconds.",231,168,6,18,http://stload.se.ifmo.ru:8080/?token=518472196&&user=-1356113187&config=1,882,0,0
1775999233254,905,HTTP Request 1,200,OK,config 1 1-1,text,false,"The operation lasted too long: It took 905 milliseconds, but should not have lasted longer than 840 milliseconds.",231,168,6,18,http://stload.se.ifmo.ru:8080/?token=518472196&&user=-1356113187&config=1,905,0,36
1775999233399,855,HTTP Request 1,200,OK,config 1 1-6,text,false,"The operation lasted too long: It took 855 milliseconds, but should not have lasted longer than 840 milliseconds.",231,168,6,18,http://stload.se.ifmo.ru:8080/?token=518472196&&user=-1356113187&config=1,855,0,0
1775999233567,848,HTTP Request 1,200,OK,config 1 1-2,text,false,"The operation lasted too long: It took 848 milliseconds, but should not have lasted longer than 840 milliseconds.",231,168,6,18,http://stload.se.ifmo.ru:8080/?token=518472196&&user=-1356113187&config=1,848,0,0
1775999233899,845,HTTP Request 1,200,OK,config 1 1-3,text,false,"The operation lasted too long: It took 845 milliseconds, but should not have lasted longer than 840 milliseconds.",231,168,6,18,http://stload.se.ifmo.ru:8080/?token=518472196&&user=-1356113187&config=1,845,0,0
1775999234231,881,HTTP Request 1,200,OK,config 1 1-4,text,false,"The operation lasted too long: It took 881 milliseconds, but should not have lasted longer than 840 milliseconds.",231,168,6,18,http://stload.se.ifmo.ru:8080/?token=518472196&&user=-1356113187&config=1,881,0,0
1775999234565,913,HTTP Request 1,200,OK,config 1 1-5,text,false,"The operation lasted too long: It took 913 milliseconds, but should not have lasted longer than 840 milliseconds.",231,168,6,18,http://stload.se.ifmo.ru:8080/?token=518472196&&user=-1356113187&config=1,913,0,0
1775999234754,889,HTTP Request 1,200,OK,config 1 1-1,text,false,"The operation lasted too long: It took 889 milliseconds, but should not have lasted longer than 840 milliseconds.",231,168,6,18,http://stload.se.ifmo.ru:8080/?token=518472196&&user=-1356113187&config=1,889,0,0
1775999234898,882,HTTP Request 1,200,OK,config 1 1-6,text,false,"The operation lasted too long: It took 882 milliseconds, but should not have lasted longer than 840 milliseconds.",231,168,6,18,http://stload.se.ifmo.ru:8080/?token=518472196&&user=-1356113187&config=1,882,0,0
1775999235067,850,HTTP Request 1,200,OK,config 1 1-2,text,false,"The operation lasted too long: It took 850 milliseconds, but should not have lasted longer than 840 milliseconds.",231,168,6,18,http://stload.se.ifmo.ru:8080/?token=518472196&&user=-1356113187&config=1,850,0,0
1775999235399,855,HTTP Request 1,200,OK,config 1 1-3,text,false,"The operation lasted too long: It took 855 milliseconds, but should not have lasted longer than 840 milliseconds.",231,168,6,18,http://stload.se.ifmo.ru:8080/?token=518472196&&user=-1356113187&config=1,855,0,0
1775999235731,877,HTTP Request 1,200,OK,config 1 1-4,text,false,"The operation lasted too long: It took 877 milliseconds, but should not have lasted longer than 840 milliseconds.",231,168,6,18,http://stload.se.ifmo.ru:8080/?token=518472196&&user=-1356113187&config=1,877,0,0
1775999236065,878,HTTP Request 1,200,OK,config 1 1-5,text,false,"The operation lasted too long: It took 878 milliseconds, but should not have lasted longer than 840 milliseconds.",231,168,6,18,http://stload.se.ifmo.ru:8080/?token=518472196&&user=-1356113187&config=1,878,0,0
1775999236254,905,HTTP Request 1,200,OK,config 1 1-1,text,false,"The operation lasted too long: It took 905 milliseconds, but should not have lasted longer than 840 milliseconds.",231,168,6,18,http://stload.se.ifmo.ru:8080/?token=518472196&&user=-1356113187&config=1,905,0,0
1775999236399,842,HTTP Request 1,200,OK,config 1 1-6,text,false,"The operation lasted too long: It took 842 milliseconds, but should not have lasted longer than 840 milliseconds.",231,168,6,18,http://stload.se.ifmo.ru:8080/?token=518472196&&user=-1356113187&config=1,842,0,0
1775999236567,991,HTTP Request 1,200,OK,config 1 1-2,text,false,"The operation lasted too long: It took 991 milliseconds, but should not have lasted longer than 840 milliseconds.",231,168,6,18,http://stload.se.ifmo.ru:8080/?token=518472196&&user=-1356113187&config=1,991,0,90
1775999236899,936,HTTP Request 1,200,OK,config 1 1-3,text,false,"The operation lasted too long: It took 936 milliseconds, but should not have lasted longer than 840 milliseconds.",231,168,6,18,http://stload.se.ifmo.ru:8080/?token=518472196&&user=-1356113187&config=1,936,0,0
1775999237232,865,HTTP Request 1,200,OK,config 1 1-4,text,false,"The operation lasted too long: It took 865 milliseconds, but should not have lasted longer than 840 milliseconds.",231,168,6,18,http://stload.se.ifmo.ru:8080/?token=518472196&&user=-1356113187&config=1,865,0,0
1775999237565,858,HTTP Request 1,200,OK,config 1 1-5,text,false,"The operation lasted too long: It took 858 milliseconds, but should not have lasted longer than 840 milliseconds.",231,168,6,18,http://stload.se.ifmo.ru:8080/?token=518472196&&user=-1356113187&config=1,858,0,0
1775999237754,838,HTTP Request 1,200,OK,config 1 1-1,text,true,,231,168,6,18,http://stload.se.ifmo.ru:8080/?token=518472196&&user=-1356113187&config=1,838,0,0
1775999237898,877,HTTP Request 1,200,OK,config 1 1-6,text,false,"The operation lasted too long: It took 877 milliseconds, but should not have lasted longer than 840 milliseconds.",231,168,6,18,http://stload.se.ifmo.ru:8080/?token=518472196&&user=-1356113187&config=1,877,0,0
1775999238067,846,HTTP Request 1,200,OK,config 1 1-2,text,false,"The operation lasted too long: It took 846 milliseconds, but should not have lasted longer than 840 milliseconds.",231,168,6,18,http://stload.se.ifmo.ru:8080/?token=518472196&&user=-1356113187&config=1,846,0,0
1775999238400,942,HTTP Request 1,200,OK,config 1 1-3,text,false,"The operation lasted too long: It took 942 milliseconds, but should not have lasted longer than 840 milliseconds.",231,168,6,18,http://stload.se.ifmo.ru:8080/?token=518472196&&user=-1356113187&config=1,942,0,38
1775999238732,923,HTTP Request 1,200,OK,config 1 1-4,text,false,"The operation lasted too long: It took 923 milliseconds, but should not have lasted longer than 840 milliseconds.",231,168,6,18,http://stload.se.ifmo.ru:8080/?token=518472196&&user=-1356113187&config=1,923,0,0
1775999239066,849,HTTP Request 1,200,OK,config 1 1-5,text,false,"The operation lasted too long: It took 849 milliseconds, but should not have lasted longer than 840 milliseconds.",231,168,6,18,http://stload.se.ifmo.ru:8080/?token=518472196&&user=-1356113187&config=1,849,0,0
1775999239255,857,HTTP Request 1,200,OK,config 1 1-1,text,false,"The operation lasted too long: It took 857 milliseconds, but should not have lasted longer than 840 milliseconds.",231,168,6,18,http://stload.se.ifmo.ru:8080/?token=518472196&&user=-1356113187&config=1,857,0,0
1775999239399,843,HTTP Request 1,200,OK,config 1 1-6,text,false,"The operation lasted too long: It took 843 milliseconds, but should not have lasted longer than 840 milliseconds.",231,168,6,18,http://stload.se.ifmo.ru:8080/?token=518472196&&user=-1356113187&config=1,843,0,0
1775999239568,861,HTTP Request 1,200,OK,config 1 1-2,text,false,"The operation lasted too long: It took 861 milliseconds, but should not have lasted longer than 840 milliseconds.",231,168,6,18,http://stload.se.ifmo.ru:8080/?token=518472196&&user=-1356113187&config=1,861,0,0
1775999239900,856,HTTP Request 1,200,OK,config 1 1-3,text,false,"The operation lasted too long: It took 856 milliseconds, but should not have lasted longer than 840 milliseconds.",231,168,6,18,http://stload.se.ifmo.ru:8080/?token=518472196&&user=-1356113187&config=1,856,0,0
1775999240232,854,HTTP Request 1,200,OK,config 1 1-4,text,false,"The operation lasted too long: It took 854 milliseconds, but should not have lasted longer than 840 milliseconds.",231,168,6,18,http://stload.se.ifmo.ru:8080/?token=518472196&&user=-1356113187&config=1,854,0,0
1775999240565,845,HTTP Request 1,200,OK,config 1 1-5,text,false,"The operation lasted too long: It took 845 milliseconds, but should not have lasted longer than 840 milliseconds.",231,168,6,18,http://stload.se.ifmo.ru:8080/?token=518472196&&user=-1356113187&config=1,845,0,0
1775999240755,838,HTTP Request 1,200,OK,config 1 1-1,text,true,,231,168,6,18,http://stload.se.ifmo.ru:8080/?token=518472196&&user=-1356113187&config=1,838,0,0
1775999240899,965,HTTP Request 1,200,OK,config 1 1-6,text,false,"The operation lasted too long: It took 965 milliseconds, but should not have lasted longer than 840 milliseconds.",231,168,6,18,http://stload.se.ifmo.ru:8080/?token=518472196&&user=-1356113187&config=1,965,0,0
1775999241067,865,HTTP Request 1,200,OK,config 1 1-2,text,false,"The operation lasted too long: It took 865 milliseconds, but should not have lasted longer than 840 milliseconds.",231,168,6,18,http://stload.se.ifmo.ru:8080/?token=518472196&&user=-1356113187&config=1,865,0,0
1775999241399,853,HTTP Request 1,200,OK,config 1 1-3,text,false,"The operation lasted too long: It took 853 milliseconds, but should not have lasted longer than 840 milliseconds.",231,168,6,18,http://stload.se.ifmo.ru:8080/?token=518472196&&user=-1356113187&config=1,853,0,0
1775999241731,908,HTTP Request 1,200,OK,config 1 1-4,text,false,"The operation lasted too long: It took 908 milliseconds, but should not have lasted longer than 840 milliseconds.",231,168,6,18,http://stload.se.ifmo.ru:8080/?token=518472196&&user=-1356113187&config=1,908,0,0
1775999242065,915,HTTP Request 1,200,OK,config 1 1-5,text,false,"The operation lasted too long: It took 915 milliseconds, but should not have lasted longer than 840 milliseconds.",231,168,6,18,http://stload.se.ifmo.ru:8080/?token=518472196&&user=-1356113187&config=1,915,0,0
1775999242254,905,HTTP Request 1,200,OK,config 1 1-1,text,false,"The operation lasted too long: It took 905 milliseconds, but should not have lasted longer than 840 milliseconds.",231,168,6,18,http://stload.se.ifmo.ru:8080/?token=518472196&&user=-1356113187&config=1,905,0,0
1775999242399,842,HTTP Request 1,200,OK,config 1 1-6,text,false,"The operation lasted too long: It took 842 milliseconds, but should not have lasted longer than 840 milliseconds.",231,168,6,18,http://stload.se.ifmo.ru:8080/?token=518472196&&user=-1356113187&config=1,842,0,0
1775999242568,917,HTTP Request 1,200,OK,config 1 1-2,text,false,"The operation lasted too long: It took 917 milliseconds, but should not have lasted longer than 840 milliseconds.",231,168,6,18,http://stload.se.ifmo.ru:8080/?token=518472196&&user=-1356113187&config=1,917,0,0
1775999242900,857,HTTP Request 1,200,OK,config 1 1-3,text,false,"The operation lasted too long: It took 857 milliseconds, but should not have lasted longer than 840 milliseconds.",231,168,6,18,http://stload.se.ifmo.ru:8080/?token=518472196&&user=-1356113187&config=1,857,0,0
1775999243232,955,HTTP Request 1,200,OK,config 1 1-4,text,false,"The operation lasted too long: It took 955 milliseconds, but should not have lasted longer than 840 milliseconds.",231,168,6,18,http://stload.se.ifmo.ru:8080/?token=518472196&&user=-1356113187&config=1,955,0,55
1775999243566,935,HTTP Request 1,200,OK,config 1 1-5,text,false,"The operation lasted too long: It took 935 milliseconds, but should not have lasted longer than 840 milliseconds.",231,168,6,18,http://stload.se.ifmo.ru:8080/?token=518472196&&user=-1356113187&config=1,935,0,0
1775999243754,858,HTTP Request 1,200,OK,config 1 1-1,text,false,"The operation lasted too long: It took 858 milliseconds, but should not have lasted longer than 840 milliseconds.",231,168,6,18,http://stload.se.ifmo.ru:8080/?token=518472196&&user=-1356113187&config=1,858,0,0
1775999243899,880,HTTP Request 1,200,OK,config 1 1-6,text,false,"The operation lasted too long: It took 880 milliseconds, but should not have lasted longer than 840 milliseconds.",231,168,6,18,http://stload.se.ifmo.ru:8080/?token=518472196&&user=-1356113187&config=1,880,0,0
1775999244067,897,HTTP Request 1,200,OK,config 1 1-2,text,false,"The operation lasted too long: It took 897 milliseconds, but should not have lasted longer than 840 milliseconds.",231,168,6,18,http://stload.se.ifmo.ru:8080/?token=518472196&&user=-1356113187&config=1,897,0,0
1775999244400,868,HTTP Request 1,200,OK,config 1 1-3,text,false,"The operation lasted too long: It took 868 milliseconds, but should not have lasted longer than 840 milliseconds.",231,168,6,18,http://stload.se.ifmo.ru:8080/?token=518472196&&user=-1356113187&config=1,868,0,0
1775999244732,856,HTTP Request 1,200,OK,config 1 1-4,text,false,"The operation lasted too long: It took 856 milliseconds, but should not have lasted longer than 840 milliseconds.",231,168,6,18,http://stload.se.ifmo.ru:8080/?token=518472196&&user=-1356113187&config=1,856,0,0
1775999245066,919,HTTP Request 1,200,OK,config 1 1-5,text,false,"The operation lasted too long: It took 919 milliseconds, but should not have lasted longer than 840 milliseconds.",231,168,6,18,http://stload.se.ifmo.ru:8080/?token=518472196&&user=-1356113187&config=1,919,0,43
1775999245254,895,HTTP Request 1,200,OK,config 1 1-1,text,false,"The operation lasted too long: It took 895 milliseconds, but should not have lasted longer than 840 milliseconds.",231,168,6,18,http://stload.se.ifmo.ru:8080/?token=518472196&&user=-1356113187&config=1,895,0,0
1775999245399,850,HTTP Request 1,200,OK,config 1 1-6,text,false,"The operation lasted too long: It took 850 milliseconds, but should not have lasted longer than 840 milliseconds.",231,168,6,18,http://stload.se.ifmo.ru:8080/?token=518472196&&user=-1356113187&config=1,850,0,0
1775999245568,869,HTTP Request 1,200,OK,config 1 1-2,text,false,"The operation lasted too long: It took 869 milliseconds, but should not have lasted longer than 840 milliseconds.",231,168,6,18,http://stload.se.ifmo.ru:8080/?token=518472196&&user=-1356113187&config=1,869,0,0
1775999245900,865,HTTP Request 1,200,OK,config 1 1-3,text,false,"The operation lasted too long: It took 865 milliseconds, but should not have lasted longer than 840 milliseconds.",231,168,6,18,http://stload.se.ifmo.ru:8080/?token=518472196&&user=-1356113187&config=1,865,0,0
1775999246232,846,HTTP Request 1,200,OK,config 1 1-4,text,false,"The operation lasted too long: It took 846 milliseconds, but should not have lasted longer than 840 milliseconds.",231,168,6,18,http://stload.se.ifmo.ru:8080/?token=518472196&&user=-1356113187&config=1,846,0,0
1775999246566,888,HTTP Request 1,200,OK,config 1 1-5,text,false,"The operation lasted too long: It took 888 milliseconds, but should not have lasted longer than 840 milliseconds.",231,168,6,18,http://stload.se.ifmo.ru:8080/?token=518472196&&user=-1356113187&config=1,888,0,0
1775999246755,839,HTTP Request 1,200,OK,config 1 1-1,text,true,,231,168,6,18,http://stload.se.ifmo.ru:8080/?token=518472196&&user=-1356113187&config=1,838,0,0
1775999246899,908,HTTP Request 1,200,OK,config 1 1-6,text,false,"The operation lasted too long: It took 908 milliseconds, but should not have lasted longer than 840 milliseconds.",231,168,6,18,http://stload.se.ifmo.ru:8080/?token=518472196&&user=-1356113187&config=1,908,0,0
1775999247067,856,HTTP Request 1,200,OK,config 1 1-2,text,false,"The operation lasted too long: It took 856 milliseconds, but should not have lasted longer than 840 milliseconds.",231,168,6,18,http://stload.se.ifmo.ru:8080/?token=518472196&&user=-1356113187&config=1,856,0,0
1775999247399,843,HTTP Request 1,200,OK,config 1 1-3,text,false,"The operation lasted too long: It took 843 milliseconds, but should not have lasted longer than 840 milliseconds.",231,168,6,18,http://stload.se.ifmo.ru:8080/?token=518472196&&user=-1356113187&config=1,843,0,0
1775999247731,888,HTTP Request 1,200,OK,config 1 1-4,text,false,"The operation lasted too long: It took 888 milliseconds, but should not have lasted longer than 840 milliseconds.",231,168,6,18,http://stload.se.ifmo.ru:8080/?token=518472196&&user=-1356113187&config=1,888,0,0
1775999248065,874,HTTP Request 1,200,OK,config 1 1-5,text,false,"The operation lasted too long: It took 874 milliseconds, but should not have lasted longer than 840 milliseconds.",231,168,6,18,http://stload.se.ifmo.ru:8080/?token=518472196&&user=-1356113187&config=1,874,0,0
1775999248254,875,HTTP Request 1,200,OK,config 1 1-1,text,false,"The operation lasted too long: It took 875 milliseconds, but should not have lasted longer than 840 milliseconds.",231,168,6,18,http://stload.se.ifmo.ru:8080/?token=518472196&&user=-1356113187&config=1,875,0,0
1775999248398,842,HTTP Request 1,200,OK,config 1 1-6,text,false,"The operation lasted too long: It took 842 milliseconds, but should not have lasted longer than 840 milliseconds.",231,168,6,18,http://stload.se.ifmo.ru:8080/?token=518472196&&user=-1356113187&config=1,842,0,0
1775999248567,842,HTTP Request 1,200,OK,config 1 1-2,text,false,"The operation lasted too long: It took 842 milliseconds, but should not have lasted longer than 840 milliseconds.",231,168,6,18,http://stload.se.ifmo.ru:8080/?token=518472196&&user=-1356113187&config=1,842,0,0
1775999248900,876,HTTP Request 1,200,OK,config 1 1-3,text,false,"The operation lasted too long: It took 876 milliseconds, but should not have lasted longer than 840 milliseconds.",231,168,6,18,http://stload.se.ifmo.ru:8080/?token=518472196&&user=-1356113187&config=1,876,0,0
1775999249231,860,HTTP Request 1,200,OK,config 1 1-4,text,false,"The operation lasted too long: It took 860 milliseconds, but should not have lasted longer than 840 milliseconds.",231,168,6,18,http://stload.se.ifmo.ru:8080/?token=518472196&&user=-1356113187&config=1,860,0,0
1775999249565,881,HTTP Request 1,200,OK,config 1 1-5,text,false,"The operation lasted too long: It took 881 milliseconds, but should not have lasted longer than 840 milliseconds.",231,168,6,18,http://stload.se.ifmo.ru:8080/?token=518472196&&user=-1356113187&config=1,881,0,0
1775999249755,863,HTTP Request 1,200,OK,config 1 1-1,text,false,"The operation lasted too long: It took 863 milliseconds, but should not have lasted longer than 840 milliseconds.",231,168,6,18,http://stload.se.ifmo.ru:8080/?token=518472196&&user=-1356113187&config=1,863,0,0
1775999249898,964,HTTP Request 1,200,OK,config 1 1-6,text,false,"The operation lasted too long: It took 964 milliseconds, but should not have lasted longer than 840 milliseconds.",231,168,6,18,http://stload.se.ifmo.ru:8080/?token=518472196&&user=-1356113187&config=1,964,0,56
1775999250067,873,HTTP Request 1,200,OK,config 1 1-2,text,false,"The operation lasted too long: It took 873 milliseconds, but should not have lasted longer than 840 milliseconds.",231,168,6,18,http://stload.se.ifmo.ru:8080/?token=518472196&&user=-1356113187&config=1,873,0,0
1775999250399,866,HTTP Request 1,200,OK,config 1 1-3,text,false,"The operation lasted too long: It took 866 milliseconds, but should not have lasted longer than 840 milliseconds.",231,168,6,18,http://stload.se.ifmo.ru:8080/?token=518472196&&user=-1356113187&config=1,865,0,0
1775999250732,844,HTTP Request 1,200,OK,config 1 1-4,text,false,"The operation lasted too long: It took 844 milliseconds, but should not have lasted longer than 840 milliseconds.",231,168,6,18,http://stload.se.ifmo.ru:8080/?token=518472196&&user=-1356113187&config=1,844,0,0
1775999251066,919,HTTP Request 1,200,OK,config 1 1-5,text,false,"The operation lasted too long: It took 919 milliseconds, but should not have lasted longer than 840 milliseconds.",231,168,6,18,http://stload.se.ifmo.ru:8080/?token=518472196&&user=-1356113187&config=1,919,0,0
1775999251254,849,HTTP Request 1,200,OK,config 1 1-1,text,false,"The operation lasted too long: It took 849 milliseconds, but should not have lasted longer than 840 milliseconds.",231,168,6,18,http://stload.se.ifmo.ru:8080/?token=518472196&&user=-1356113187&config=1,849,0,0
1775999251399,845,HTTP Request 1,200,OK,config 1 1-6,text,false,"The operation lasted too long: It took 845 milliseconds, but should not have lasted longer than 840 milliseconds.",231,168,6,18,http://stload.se.ifmo.ru:8080/?token=518472196&&user=-1356113187&config=1,845,0,0
1775999251567,850,HTTP Request 1,200,OK,config 1 1-2,text,false,"The operation lasted too long: It took 850 milliseconds, but should not have lasted longer than 840 milliseconds.",231,168,6,18,http://stload.se.ifmo.ru:8080/?token=518472196&&user=-1356113187&config=1,850,0,0
1775999251899,851,HTTP Request 1,200,OK,config 1 1-3,text,false,"The operation lasted too long: It took 851 milliseconds, but should not have lasted longer than 840 milliseconds.",231,168,6,18,http://stload.se.ifmo.ru:8080/?token=518472196&&user=-1356113187&config=1,851,0,0
1775999252231,858,HTTP Request 1,200,OK,config 1 1-4,text,false,"The operation lasted too long: It took 858 milliseconds, but should not have lasted longer than 840 milliseconds.",231,168,6,18,http://stload.se.ifmo.ru:8080/?token=518472196&&user=-1356113187&config=1,858,0,0
1775999252565,884,HTTP Request 1,200,OK,config 1 1-5,text,false,"The operation lasted too long: It took 884 milliseconds, but should not have lasted longer than 840 milliseconds.",231,168,6,18,http://stload.se.ifmo.ru:8080/?token=518472196&&user=-1356113187&config=1,884,0,0
1775999252754,891,HTTP Request 1,200,OK,config 1 1-1,text,false,"The operation lasted too long: It took 891 milliseconds, but should not have lasted longer than 840 milliseconds.",231,168,6,18,http://stload.se.ifmo.ru:8080/?token=518472196&&user=-1356113187&config=1,891,0,0
1775999252898,890,HTTP Request 1,200,OK,config 1 1-6,text,false,"The operation lasted too long: It took 890 milliseconds, but should not have lasted longer than 840 milliseconds.",231,168,6,18,http://stload.se.ifmo.ru:8080/?token=518472196&&user=-1356113187&config=1,890,0,0
1775999253067,864,HTTP Request 1,200,OK,config 1 1-2,text,false,"The operation lasted too long: It took 864 milliseconds, but should not have lasted longer than 840 milliseconds.",231,168,6,18,http://stload.se.ifmo.ru:8080/?token=518472196&&user=-1356113187&config=1,864,0,0
1775999253400,867,HTTP Request 1,200,OK,config 1 1-3,text,false,"The operation lasted too long: It took 867 milliseconds, but should not have lasted longer than 840 milliseconds.",231,168,6,18,http://stload.se.ifmo.ru:8080/?token=518472196&&user=-1356113187&config=1,867,0,0
1775999253732,842,HTTP Request 1,200,OK,config 1 1-4,text,false,"The operation lasted too long: It took 842 milliseconds, but should not have lasted longer than 840 milliseconds.",231,168,6,18,http://stload.se.ifmo.ru:8080/?token=518472196&&user=-1356113187&config=1,842,0,0
1775999254066,843,HTTP Request 1,200,OK,config 1 1-5,text,false,"The operation lasted too long: It took 843 milliseconds, but should not have lasted longer than 840 milliseconds.",231,168,6,18,http://stload.se.ifmo.ru:8080/?token=518472196&&user=-1356113187&config=1,843,0,0
1775999254254,852,HTTP Request 1,200,OK,config 1 1-1,text,false,"The operation lasted too long: It took 852 milliseconds, but should not have lasted longer than 840 milliseconds.",231,168,6,18,http://stload.se.ifmo.ru:8080/?token=518472196&&user=-1356113187&config=1,852,0,0
1775999254398,846,HTTP Request 1,200,OK,config 1 1-6,text,false,"The operation lasted too long: It took 846 milliseconds, but should not have lasted longer than 840 milliseconds.",231,168,6,18,http://stload.se.ifmo.ru:8080/?token=518472196&&user=-1356113187&config=1,846,0,0
1775999254568,852,HTTP Request 1,200,OK,config 1 1-2,text,false,"The operation lasted too long: It took 852 milliseconds, but should not have lasted longer than 840 milliseconds.",231,168,6,18,http://stload.se.ifmo.ru:8080/?token=518472196&&user=-1356113187&config=1,852,0,0
1775999254899,854,HTTP Request 1,200,OK,config 1 1-3,text,false,"The operation lasted too long: It took 854 milliseconds, but should not have lasted longer than 840 milliseconds.",231,168,6,18,http://stload.se.ifmo.ru:8080/?token=518472196&&user=-1356113187&config=1,854,0,0
1775999255231,856,HTTP Request 1,200,OK,config 1 1-4,text,false,"The operation lasted too long: It took 856 milliseconds, but should not have lasted longer than 840 milliseconds.",231,168,6,18,http://stload.se.ifmo.ru:8080/?token=518472196&&user=-1356113187&config=1,856,0,0
1775999255565,887,HTTP Request 1,200,OK,config 1 1-5,text,false,"The operation lasted too long: It took 887 milliseconds, but should not have lasted longer than 840 milliseconds.",231,168,6,18,http://stload.se.ifmo.ru:8080/?token=518472196&&user=-1356113187&config=1,887,0,0
1775999255755,898,HTTP Request 1,200,OK,config 1 1-1,text,false,"The operation lasted too long: It took 898 milliseconds, but should not have lasted longer than 840 milliseconds.",231,168,6,18,http://stload.se.ifmo.ru:8080/?token=518472196&&user=-1356113187&config=1,898,0,0
1775999255898,901,HTTP Request 1,200,OK,config 1 1-6,text,false,"The operation lasted too long: It took 901 milliseconds, but should not have lasted longer than 840 milliseconds.",231,168,6,18,http://stload.se.ifmo.ru:8080/?token=518472196&&user=-1356113187&config=1,901,0,0
1775999256067,865,HTTP Request 1,200,OK,config 1 1-2,text,false,"The operation lasted too long: It took 865 milliseconds, but should not have lasted longer than 840 milliseconds.",231,168,6,18,http://stload.se.ifmo.ru:8080/?token=518472196&&user=-1356113187&config=1,865,0,0
1775999256399,899,HTTP Request 1,200,OK,config 1 1-3,text,false,"The operation lasted too long: It took 899 milliseconds, but should not have lasted longer than 840 milliseconds.",231,168,6,18,http://stload.se.ifmo.ru:8080/?token=518472196&&user=-1356113187&config=1,899,0,0
1775999256731,863,HTTP Request 1,200,OK,config 1 1-4,text,false,"The operation lasted too long: It took 863 milliseconds, but should not have lasted longer than 840 milliseconds.",231,168,6,18,http://stload.se.ifmo.ru:8080/?token=518472196&&user=-1356113187&config=1,863,0,0
1775999257065,848,HTTP Request 1,200,OK,config 1 1-5,text,false,"The operation lasted too long: It took 848 milliseconds, but should not have lasted longer than 840 milliseconds.",231,168,6,18,http://stload.se.ifmo.ru:8080/?token=518472196&&user=-1356113187&config=1,848,0,0
1775999257254,869,HTTP Request 1,200,OK,config 1 1-1,text,false,"The operation lasted too long: It took 869 milliseconds, but should not have lasted longer than 840 milliseconds.",231,168,6,18,http://stload.se.ifmo.ru:8080/?token=518472196&&user=-1356113187&config=1,869,0,0
1775999257398,854,HTTP Request 1,200,OK,config 1 1-6,text,false,"The operation lasted too long: It took 854 milliseconds, but should not have lasted longer than 840 milliseconds.",231,168,6,18,http://stload.se.ifmo.ru:8080/?token=518472196&&user=-1356113187&config=1,854,0,0
1775999257567,850,HTTP Request 1,200,OK,config 1 1-2,text,false,"The operation lasted too long: It took 850 milliseconds, but should not have lasted longer than 840 milliseconds.",231,168,6,18,http://stload.se.ifmo.ru:8080/?token=518472196&&user=-1356113187&config=1,850,0,0
1775999257899,843,HTTP Request 1,200,OK,config 1 1-3,text,false,"The operation lasted too long: It took 843 milliseconds, but should not have lasted longer than 840 milliseconds.",231,168,6,18,http://stload.se.ifmo.ru:8080/?token=518472196&&user=-1356113187&config=1,843,0,0
1775999258231,863,HTTP Request 1,200,OK,config 1 1-4,text,false,"The operation lasted too long: It took 863 milliseconds, but should not have lasted longer than 840 milliseconds.",231,168,6,18,http://stload.se.ifmo.ru:8080/?token=518472196&&user=-1356113187&config=1,863,0,0
1775999258565,860,HTTP Request 1,200,OK,config 1 1-5,text,false,"The operation lasted too long: It took 860 milliseconds, but should not have lasted longer than 840 milliseconds.",231,168,6,18,http://stload.se.ifmo.ru:8080/?token=518472196&&user=-1356113187&config=1,860,0,0
1775999258755,889,HTTP Request 1,200,OK,config 1 1-1,text,false,"The operation lasted too long: It took 889 milliseconds, but should not have lasted longer than 840 milliseconds.",231,168,6,18,http://stload.se.ifmo.ru:8080/?token=518472196&&user=-1356113187&config=1,889,0,0
1775999258898,897,HTTP Request 1,200,OK,config 1 1-6,text,false,"The operation lasted too long: It took 897 milliseconds, but should not have lasted longer than 840 milliseconds.",231,168,6,18,http://stload.se.ifmo.ru:8080/?token=518472196&&user=-1356113187&config=1,897,0,0
1775999259067,879,HTTP Request 1,200,OK,config 1 1-2,text,false,"The operation lasted too long: It took 879 milliseconds, but should not have lasted longer than 840 milliseconds.",231,168,6,18,http://stload.se.ifmo.ru:8080/?token=518472196&&user=-1356113187&config=1,879,0,0
1775999259399,874,HTTP Request 1,200,OK,config 1 1-3,text,false,"The operation lasted too long: It took 874 milliseconds, but should not have lasted longer than 840 milliseconds.",231,168,6,18,http://stload.se.ifmo.ru:8080/?token=518472196&&user=-1356113187&config=1,874,0,0
1775999259731,851,HTTP Request 1,200,OK,config 1 1-4,text,false,"The operation lasted too long: It took 851 milliseconds, but should not have lasted longer than 840 milliseconds.",231,168,6,18,http://stload.se.ifmo.ru:8080/?token=518472196&&user=-1356113187&config=1,851,0,0
1775999260065,848,HTTP Request 1,200,OK,config 1 1-5,text,false,"The operation lasted too long: It took 848 milliseconds, but should not have lasted longer than 840 milliseconds.",231,168,6,16,http://stload.se.ifmo.ru:8080/?token=518472196&&user=-1356113187&config=1,848,0,0
1775999260254,847,HTTP Request 1,200,OK,config 1 1-1,text,false,"The operation lasted too long: It took 847 milliseconds, but should not have lasted longer than 840 milliseconds.",231,168,6,16,http://stload.se.ifmo.ru:8080/?token=518472196&&user=-1356113187&config=1,847,0,0
1775999260398,850,HTTP Request 1,200,OK,config 1 1-6,text,false,"The operation lasted too long: It took 850 milliseconds, but should not have lasted longer than 840 milliseconds.",231,168,5,15,http://stload.se.ifmo.ru:8080/?token=518472196&&user=-1356113187&config=1,850,0,0
1775999260567,859,HTTP Request 1,200,OK,config 1 1-2,text,false,"The operation lasted too long: It took 859 milliseconds, but should not have lasted longer than 840 milliseconds.",231,168,5,15,http://stload.se.ifmo.ru:8080/?token=518472196&&user=-1356113187&config=1,859,0,0
1775999260899,849,HTTP Request 1,200,OK,config 1 1-3,text,false,"The operation lasted too long: It took 849 milliseconds, but should not have lasted longer than 840 milliseconds.",231,168,5,15,http://stload.se.ifmo.ru:8080/?token=518472196&&user=-1356113187&config=1,849,0,0
1775999261231,852,HTTP Request 1,200,OK,config 1 1-4,text,false,"The operation lasted too long: It took 852 milliseconds, but should not have lasted longer than 840 milliseconds.",231,168,5,15,http://stload.se.ifmo.ru:8080/?token=518472196&&user=-1356113187&config=1,852,0,0
1775999261565,929,HTTP Request 1,200,OK,config 1 1-5,text,false,"The operation lasted too long: It took 929 milliseconds, but should not have lasted longer than 840 milliseconds.",231,168,5,15,http://stload.se.ifmo.ru:8080/?token=518472196&&user=-1356113187&config=1,929,0,0
1775999261898,866,HTTP Request 1,200,OK,config 1 1-6,text,false,"The operation lasted too long: It took 866 milliseconds, but should not have lasted longer than 840 milliseconds.",231,168,5,15,http://stload.se.ifmo.ru:8080/?token=518472196&&user=-1356113187&config=1,866,0,0
1775999262067,854,HTTP Request 1,200,OK,config 1 1-2,text,false,"The operation lasted too long: It took 854 milliseconds, but should not have lasted longer than 840 milliseconds.",231,168,5,15,http://stload.se.ifmo.ru:8080/?token=518472196&&user=-1356113187&config=1,854,0,0
1775999262399,839,HTTP Request 1,200,OK,config 1 1-3,text,true,,231,168,5,15,http://stload.se.ifmo.ru:8080/?token=518472196&&user=-1356113187&config=1,839,0,0
1775999262731,858,HTTP Request 1,200,OK,config 1 1-4,text,false,"The operation lasted too long: It took 858 milliseconds, but should not have lasted longer than 840 milliseconds.",231,168,5,15,http://stload.se.ifmo.ru:8080/?token=518472196&&user=-1356113187&config=1,858,0,0
1775999263065,883,HTTP Request 1,200,OK,config 1 1-5,text,false,"The operation lasted too long: It took 883 milliseconds, but should not have lasted longer than 840 milliseconds.",231,168,5,15,http://stload.se.ifmo.ru:8080/?token=518472196&&user=-1356113187&config=1,883,0,0
1775999263398,837,HTTP Request 1,200,OK,config 1 1-6,text,true,,231,168,5,13,http://stload.se.ifmo.ru:8080/?token=518472196&&user=-1356113187&config=1,837,0,0
1775999263567,857,HTTP Request 1,200,OK,config 1 1-2,text,false,"The operation lasted too long: It took 857 milliseconds, but should not have lasted longer than 840 milliseconds.",231,168,5,13,http://stload.se.ifmo.ru:8080/?token=518472196&&user=-1356113187&config=1,857,0,0
1775999263899,859,HTTP Request 1,200,OK,config 1 1-3,text,false,"The operation lasted too long: It took 859 milliseconds, but should not have lasted longer than 840 milliseconds.",231,168,4,12,http://stload.se.ifmo.ru:8080/?token=518472196&&user=-1356113187&config=1,859,0,0
1775999264231,874,HTTP Request 1,200,OK,config 1 1-4,text,false,"The operation lasted too long: It took 874 milliseconds, but should not have lasted longer than 840 milliseconds.",231,168,4,12,http://stload.se.ifmo.ru:8080/?token=518472196&&user=-1356113187&config=1,874,0,0
1775999264565,898,HTTP Request 1,200,OK,config 1 1-5,text,false,"The operation lasted too long: It took 898 milliseconds, but should not have lasted longer than 840 milliseconds.",231,168,4,12,http://stload.se.ifmo.ru:8080/?token=518472196&&user=-1356113187&config=1,898,0,0
1775999264898,846,HTTP Request 1,200,OK,config 1 1-6,text,false,"The operation lasted too long: It took 846 milliseconds, but should not have lasted longer than 840 milliseconds.",231,168,4,12,http://stload.se.ifmo.ru:8080/?token=518472196&&user=-1356113187&config=1,846,0,0
1775999265399,832,HTTP Request 1,200,OK,config 1 1-3,text,true,,231,168,4,12,http://stload.se.ifmo.ru:8080/?token=518472196&&user=-1356113187&config=1,832,0,0
1775999265731,824,HTTP Request 1,200,OK,config 1 1-4,text,true,,231,168,4,12,http://stload.se.ifmo.ru:8080/?token=518472196&&user=-1356113187&config=1,824,0,0
1775999266066,834,HTTP Request 1,200,OK,config 1 1-5,text,true,,231,168,4,12,http://stload.se.ifmo.ru:8080/?token=518472196&&user=-1356113187&config=1,834,0,0
1775999266399,843,HTTP Request 1,200,OK,config 1 1-6,text,false,"The operation lasted too long: It took 843 milliseconds, but should not have lasted longer than 840 milliseconds.",231,168,4,12,http://stload.se.ifmo.ru:8080/?token=518472196&&user=-1356113187&config=1,843,0,0
1775999266899,865,HTTP Request 1,200,OK,config 1 1-3,text,false,"The operation lasted too long: It took 865 milliseconds, but should not have lasted longer than 840 milliseconds.",231,168,4,10,http://stload.se.ifmo.ru:8080/?token=518472196&&user=-1356113187&config=1,865,0,0
1775999267231,835,HTTP Request 1,200,OK,config 1 1-4,text,true,,231,168,3,9,http://stload.se.ifmo.ru:8080/?token=518472196&&user=-1356113187&config=1,835,0,0
1775999267565,858,HTTP Request 1,200,OK,config 1 1-5,text,false,"The operation lasted too long: It took 858 milliseconds, but should not have lasted longer than 840 milliseconds.",231,168,3,9,http://stload.se.ifmo.ru:8080/?token=518472196&&user=-1356113187&config=1,858,0,0
1775999267898,870,HTTP Request 1,200,OK,config 1 1-6,text,false,"The operation lasted too long: It took 870 milliseconds, but should not have lasted longer than 840 milliseconds.",231,168,3,9,http://stload.se.ifmo.ru:8080/?token=518472196&&user=-1356113187&config=1,870,0,0
1775999268731,827,HTTP Request 1,200,OK,config 1 1-4,text,true,,231,168,3,9,http://stload.se.ifmo.ru:8080/?token=518472196&&user=-1356113187&config=1,827,0,0
1775999269066,846,HTTP Request 1,200,OK,config 1 1-5,text,false,"The operation lasted too long: It took 846 milliseconds, but should not have lasted longer than 840 milliseconds.",231,168,3,9,http://stload.se.ifmo.ru:8080/?token=518472196&&user=-1356113187&config=1,846,0,0
1775999269399,801,HTTP Request 1,200,OK,config 1 1-6,text,true,,231,168,3,9,http://stload.se.ifmo.ru:8080/?token=518472196&&user=-1356113187&config=1,801,0,0
1775999270231,818,HTTP Request 1,200,OK,config 1 1-4,text,true,,231,168,3,7,http://stload.se.ifmo.ru:8080/?token=518472196&&user=-1356113187&config=1,818,0,0
1775999270565,805,HTTP Request 1,200,OK,config 1 1-5,text,true,,231,168,2,6,http://stload.se.ifmo.ru:8080/?token=518472196&&user=-1356113187&config=1,805,0,0
1775999270899,789,HTTP Request 1,200,OK,config 1 1-6,text,true,,231,168,2,6,http://stload.se.ifmo.ru:8080/?token=518472196&&user=-1356113187&config=1,789,0,0
1775999272066,817,HTTP Request 1,200,OK,config 1 1-5,text,true,,231,168,2,6,http://stload.se.ifmo.ru:8080/?token=518472196&&user=-1356113187&config=1,817,0,0
1775999272398,796,HTTP Request 1,200,OK,config 1 1-6,text,true,,231,168,2,6,http://stload.se.ifmo.ru:8080/?token=518472196&&user=-1356113187&config=1,796,0,0
1775999273565,781,HTTP Request 1,200,OK,config 1 1-5,text,true,,231,168,2,4,http://stload.se.ifmo.ru:8080/?token=518472196&&user=-1356113187&config=1,781,0,0
1775999273898,818,HTTP Request 1,200,OK,config 1 1-6,text,true,,231,168,1,3,http://stload.se.ifmo.ru:8080/?token=518472196&&user=-1356113187&config=1,818,0,0
1775999275398,770,HTTP Request 1,200,OK,config 1 1-6,text,true,,231,168,1,3,http://stload.se.ifmo.ru:8080/?token=518472196&&user=-1356113187&config=1,770,0,0
1775999276898,752,HTTP Request 1,200,OK,config 1 1-6,text,true,,231,168,1,1,http://stload.se.ifmo.ru:8080/?token=518472196&&user=-1356113187&config=1,752,0,0
1776021770923,983,HTTP Request 1,200,OK,config 1 1-1,text,false,"The operation lasted too long: It took 983 milliseconds, but should not have lasted longer than 840 milliseconds.",231,168,1,3,http://stload.se.ifmo.ru:8080/?token=518472196&&user=-1356113187&config=1,983,0,81
1776021772370,870,HTTP Request 1,200,OK,config 1 1-1,text,false,"The operation lasted too long: It took 870 milliseconds, but should not have lasted longer than 840 milliseconds.",231,168,1,3,http://stload.se.ifmo.ru:8080/?token=518472196&&user=-1356113187&config=1,869,0,0
1776021773871,914,HTTP Request 1,200,OK,config 1 1-1,text,false,"The operation lasted too long: It took 914 milliseconds, but should not have lasted longer than 840 milliseconds.",231,168,2,6,http://stload.se.ifmo.ru:8080/?token=518472196&&user=-1356113187&config=1,914,0,0
1776021774181,985,HTTP Request 1,200,OK,config 1 1-2,text,false,"The operation lasted too long: It took 985 milliseconds, but should not have lasted longer than 840 milliseconds.",231,168,2,6,http://stload.se.ifmo.ru:8080/?token=518472196&&user=-1356113187&config=1,985,0,87
1776021779760,1192,HTTP Request 1,200,OK,config 1 1-1,text,false,"The operation lasted too long: It took 1,192 milliseconds, but should not have lasted longer than 840 milliseconds.",231,168,1,3,http://stload.se.ifmo.ru:8080/?token=518472196&&user=-1356113187&config=1,1192,0,294
1776021781206,973,HTTP Request 1,200,OK,config 1 1-1,text,false,"The operation lasted too long: It took 973 milliseconds, but should not have lasted longer than 840 milliseconds.",231,168,1,3,http://stload.se.ifmo.ru:8080/?token=518472196&&user=-1356113187&config=1,973,0,0
1776021782705,830,HTTP Request 1,200,OK,config 1 1-1,text,true,,231,168,2,6,http://stload.se.ifmo.ru:8080/?token=518472196&&user=-1356113187&config=1,830,0,0
1776021783017,903,HTTP Request 1,200,OK,config 1 1-2,text,false,"The operation lasted too long: It took 903 milliseconds, but should not have lasted longer than 840 milliseconds.",231,168,2,6,http://stload.se.ifmo.ru:8080/?token=518472196&&user=-1356113187&config=1,903,0,67
1776021784205,854,HTTP Request 1,200,OK,config 1 1-1,text,false,"The operation lasted too long: It took 854 milliseconds, but should not have lasted longer than 840 milliseconds.",231,168,2,6,http://stload.se.ifmo.ru:8080/?token=518472196&&user=-1356113187&config=1,853,0,0
1776021784516,790,HTTP Request 1,200,OK,config 1 1-2,text,true,,231,168,2,6,http://stload.se.ifmo.ru:8080/?token=518472196&&user=-1356113187&config=1,790,0,0
1776021785706,865,HTTP Request 1,200,OK,config 1 1-1,text,false,"The operation lasted too long: It took 865 milliseconds, but should not have lasted longer than 840 milliseconds.",231,168,3,9,http://stload.se.ifmo.ru:8080/?token=518472196&&user=-1356113187&config=1,865,0,0
1776021786017,844,HTTP Request 1,200,OK,config 1 1-2,text,false,"The operation lasted too long: It took 844 milliseconds, but should not have lasted longer than 840 milliseconds.",231,168,3,9,http://stload.se.ifmo.ru:8080/?token=518472196&&user=-1356113187&config=1,844,0,0
1776021786350,944,HTTP Request 1,200,OK,config 1 1-3,text,false,"The operation lasted too long: It took 944 milliseconds, but should not have lasted longer than 840 milliseconds.",231,168,3,9,http://stload.se.ifmo.ru:8080/?token=518472196&&user=-1356113187&config=1,944,0,87
1776021787205,878,HTTP Request 1,200,OK,config 1 1-1,text,false,"The operation lasted too long: It took 878 milliseconds, but should not have lasted longer than 840 milliseconds.",231,168,3,9,http://stload.se.ifmo.ru:8080/?token=518472196&&user=-1356113187&config=1,878,0,0
1776021787515,925,HTTP Request 1,200,OK,config 1 1-2,text,false,"The operation lasted too long: It took 925 milliseconds, but should not have lasted longer than 840 milliseconds.",231,168,3,9,http://stload.se.ifmo.ru:8080/?token=518472196&&user=-1356113187&config=1,925,0,0
1776021787849,923,HTTP Request 1,200,OK,config 1 1-3,text,false,"The operation lasted too long: It took 923 milliseconds, but should not have lasted longer than 840 milliseconds.",231,168,3,9,http://stload.se.ifmo.ru:8080/?token=518472196&&user=-1356113187&config=1,923,0,0
1776021788705,849,HTTP Request 1,200,OK,config 1 1-1,text,false,"The operation lasted too long: It took 849 milliseconds, but should not have lasted longer than 840 milliseconds.",231,168,3,9,http://stload.se.ifmo.ru:8080/?token=518472196&&user=-1356113187&config=1,849,0,0
1776021789016,794,HTTP Request 1,200,OK,config 1 1-2,text,true,,231,168,4,12,http://stload.se.ifmo.ru:8080/?token=518472196&&user=-1356113187&config=1,794,0,0
1776021789349,916,HTTP Request 1,200,OK,config 1 1-3,text,false,"The operation lasted too long: It took 916 milliseconds, but should not have lasted longer than 840 milliseconds.",231,168,4,12,http://stload.se.ifmo.ru:8080/?token=518472196&&user=-1356113187&config=1,916,0,0
1776021789682,1129,HTTP Request 1,200,OK,config 1 1-4,text,false,"The operation lasted too long: It took 1,129 milliseconds, but should not have lasted longer than 840 milliseconds.",231,168,4,12,http://stload.se.ifmo.ru:8080/?token=518472196&&user=-1356113187&config=1,1129,0,176
1776021790206,902,HTTP Request 1,200,OK,config 1 1-1,text,false,"The operation lasted too long: It took 902 milliseconds, but should not have lasted longer than 840 milliseconds.",231,168,4,12,http://stload.se.ifmo.ru:8080/?token=518472196&&user=-1356113187&config=1,902,0,0
1776021790517,813,HTTP Request 1,200,OK,config 1 1-2,text,true,,231,168,4,12,http://stload.se.ifmo.ru:8080/?token=518472196&&user=-1356113187&config=1,813,0,0
1776021790850,877,HTTP Request 1,200,OK,config 1 1-3,text,false,"The operation lasted too long: It took 877 milliseconds, but should not have lasted longer than 840 milliseconds.",231,168,4,12,http://stload.se.ifmo.ru:8080/?token=518472196&&user=-1356113187&config=1,877,0,0
1776021791182,848,HTTP Request 1,200,OK,config 1 1-4,text,false,"The operation lasted too long: It took 848 milliseconds, but should not have lasted longer than 840 milliseconds.",231,168,4,12,http://stload.se.ifmo.ru:8080/?token=518472196&&user=-1356113187&config=1,848,0,0
1776021791706,898,HTTP Request 1,200,OK,config 1 1-1,text,false,"The operation lasted too long: It took 898 milliseconds, but should not have lasted longer than 840 milliseconds.",231,168,4,12,http://stload.se.ifmo.ru:8080/?token=518472196&&user=-1356113187&config=1,898,0,0
1776021792018,931,HTTP Request 1,200,OK,config 1 1-2,text,false,"The operation lasted too long: It took 931 milliseconds, but should not have lasted longer than 840 milliseconds.",231,168,4,12,http://stload.se.ifmo.ru:8080/?token=518472196&&user=-1356113187&config=1,930,0,0
1776021792350,844,HTTP Request 1,200,OK,config 1 1-3,text,false,"The operation lasted too long: It took 844 milliseconds, but should not have lasted longer than 840 milliseconds.",231,168,5,15,http://stload.se.ifmo.ru:8080/?token=518472196&&user=-1356113187&config=1,844,0,0
1776021792682,830,HTTP Request 1,200,OK,config 1 1-4,text,true,,231,168,5,15,http://stload.se.ifmo.ru:8080/?token=518472196&&user=-1356113187&config=1,830,0,0
1776021793016,1018,HTTP Request 1,200,OK,config 1 1-5,text,false,"The operation lasted too long: It took 1,018 milliseconds, but should not have lasted longer than 840 milliseconds.",231,168,5,15,http://stload.se.ifmo.ru:8080/?token=518472196&&user=-1356113187&config=1,1018,0,111
1776021793207,887,HTTP Request 1,200,OK,config 1 1-1,text,false,"The operation lasted too long: It took 887 milliseconds, but should not have lasted longer than 840 milliseconds.",231,168,5,15,http://stload.se.ifmo.ru:8080/?token=518472196&&user=-1356113187&config=1,887,0,0
1776021793518,957,HTTP Request 1,200,OK,config 1 1-2,text,false,"The operation lasted too long: It took 957 milliseconds, but should not have lasted longer than 840 milliseconds.",231,168,5,15,http://stload.se.ifmo.ru:8080/?token=518472196&&user=-1356113187&config=1,957,0,0
1776021793851,894,HTTP Request 1,200,OK,config 1 1-3,text,false,"The operation lasted too long: It took 894 milliseconds, but should not have lasted longer than 840 milliseconds.",231,168,5,15,http://stload.se.ifmo.ru:8080/?token=518472196&&user=-1356113187&config=1,894,0,0
1776021794183,876,HTTP Request 1,200,OK,config 1 1-4,text,false,"The operation lasted too long: It took 876 milliseconds, but should not have lasted longer than 840 milliseconds.",231,168,5,15,http://stload.se.ifmo.ru:8080/?token=518472196&&user=-1356113187&config=1,875,0,0
1776021794516,934,HTTP Request 1,200,OK,config 1 1-5,text,false,"The operation lasted too long: It took 934 milliseconds, but should not have lasted longer than 840 milliseconds.",231,168,5,15,http://stload.se.ifmo.ru:8080/?token=518472196&&user=-1356113187&config=1,934,0,0
1776021794707,871,HTTP Request 1,200,OK,config 1 1-1,text,false,"The operation lasted too long: It took 871 milliseconds, but should not have lasted longer than 840 milliseconds.",231,168,5,15,http://stload.se.ifmo.ru:8080/?token=518472196&&user=-1356113187&config=1,871,0,0
1776021795017,941,HTTP Request 1,200,OK,config 1 1-2,text,false,"The operation lasted too long: It took 941 milliseconds, but should not have lasted longer than 840 milliseconds.",231,168,5,15,http://stload.se.ifmo.ru:8080/?token=518472196&&user=-1356113187&config=1,941,0,0
1776021795351,904,HTTP Request 1,200,OK,config 1 1-3,text,false,"The operation lasted too long: It took 904 milliseconds, but should not have lasted longer than 840 milliseconds.",231,168,5,15,http://stload.se.ifmo.ru:8080/?token=518472196&&user=-1356113187&config=1,904,0,0
1776021795682,999,HTTP Request 1,200,OK,config 1 1-4,text,false,"The operation lasted too long: It took 999 milliseconds, but should not have lasted longer than 840 milliseconds.",231,168,6,18,http://stload.se.ifmo.ru:8080/?token=518472196&&user=-1356113187&config=1,999,0,0
1776021796017,937,HTTP Request 1,200,OK,config 1 1-5,text,false,"The operation lasted too long: It took 937 milliseconds, but should not have lasted longer than 840 milliseconds.",231,168,6,18,http://stload.se.ifmo.ru:8080/?token=518472196&&user=-1356113187&config=1,937,0,0
1776021796206,1006,HTTP Request 1,200,OK,config 1 1-1,text,false,"The operation lasted too long: It took 1,006 milliseconds, but should not have lasted longer than 840 milliseconds.",231,168,6,18,http://stload.se.ifmo.ru:8080/?token=518472196&&user=-1356113187&config=1,1006,0,0
1776021796518,896,HTTP Request 1,200,OK,config 1 1-2,text,false,"The operation lasted too long: It took 896 milliseconds, but should not have lasted longer than 840 milliseconds.",231,168,6,18,http://stload.se.ifmo.ru:8080/?token=518472196&&user=-1356113187&config=1,896,0,0
1776021796349,1187,HTTP Request 1,200,OK,config 1 1-6,text,false,"The operation lasted too long: It took 1,187 milliseconds, but should not have lasted longer than 840 milliseconds.",231,168,6,18,http://stload.se.ifmo.ru:8080/?token=518472196&&user=-1356113187&config=1,1187,0,221
1776021796850,999,HTTP Request 1,200,OK,config 1 1-3,text,false,"The operation lasted too long: It took 999 milliseconds, but should not have lasted longer than 840 milliseconds.",231,168,6,18,http://stload.se.ifmo.ru:8080/?token=518472196&&user=-1356113187&config=1,999,0,0
1776021797182,918,HTTP Request 1,200,OK,config 1 1-4,text,false,"The operation lasted too long: It took 918 milliseconds, but should not have lasted longer than 840 milliseconds.",231,168,6,18,http://stload.se.ifmo.ru:8080/?token=518472196&&user=-1356113187&config=1,918,0,0
1776021797517,952,HTTP Request 1,200,OK,config 1 1-5,text,false,"The operation lasted too long: It took 952 milliseconds, but should not have lasted longer than 840 milliseconds.",231,168,6,18,http://stload.se.ifmo.ru:8080/?token=518472196&&user=-1356113187&config=1,952,0,0
1776021797706,907,HTTP Request 1,200,OK,config 1 1-1,text,false,"The operation lasted too long: It took 907 milliseconds, but should not have lasted longer than 840 milliseconds.",231,168,6,18,http://stload.se.ifmo.ru:8080/?token=518472196&&user=-1356113187&config=1,907,0,0
1776021797848,968,HTTP Request 1,200,OK,config 1 1-6,text,false,"The operation lasted too long: It took 968 milliseconds, but should not have lasted longer than 840 milliseconds.",231,168,6,18,http://stload.se.ifmo.ru:8080/?token=518472196&&user=-1356113187&config=1,968,0,0
1776021798018,916,HTTP Request 1,200,OK,config 1 1-2,text,false,"The operation lasted too long: It took 916 milliseconds, but should not have lasted longer than 840 milliseconds.",231,168,6,18,http://stload.se.ifmo.ru:8080/?token=518472196&&user=-1356113187&config=1,916,0,0
1776021798351,908,HTTP Request 1,200,OK,config 1 1-3,text,false,"The operation lasted too long: It took 908 milliseconds, but should not have lasted longer than 840 milliseconds.",231,168,6,18,http://stload.se.ifmo.ru:8080/?token=518472196&&user=-1356113187&config=1,908,0,0
1776021798682,904,HTTP Request 1,200,OK,config 1 1-4,text,false,"The operation lasted too long: It took 904 milliseconds, but should not have lasted longer than 840 milliseconds.",231,168,6,18,http://stload.se.ifmo.ru:8080/?token=518472196&&user=-1356113187&config=1,904,0,0
1776021799016,971,HTTP Request 1,200,OK,config 1 1-5,text,false,"The operation lasted too long: It took 971 milliseconds, but should not have lasted longer than 840 milliseconds.",231,168,6,18,http://stload.se.ifmo.ru:8080/?token=518472196&&user=-1356113187&config=1,971,0,0
1776021799206,939,HTTP Request 1,200,OK,config 1 1-1,text,false,"The operation lasted too long: It took 939 milliseconds, but should not have lasted longer than 840 milliseconds.",231,168,6,18,http://stload.se.ifmo.ru:8080/?token=518472196&&user=-1356113187&config=1,939,0,0
1776021799349,909,HTTP Request 1,200,OK,config 1 1-6,text,false,"The operation lasted too long: It took 909 milliseconds, but should not have lasted longer than 840 milliseconds.",231,168,6,18,http://stload.se.ifmo.ru:8080/?token=518472196&&user=-1356113187&config=1,908,0,0
1776021799517,878,HTTP Request 1,200,OK,config 1 1-2,text,false,"The operation lasted too long: It took 878 milliseconds, but should not have lasted longer than 840 milliseconds.",231,168,6,18,http://stload.se.ifmo.ru:8080/?token=518472196&&user=-1356113187&config=1,878,0,0
1776021799850,944,HTTP Request 1,200,OK,config 1 1-3,text,false,"The operation lasted too long: It took 944 milliseconds, but should not have lasted longer than 840 milliseconds.",231,168,6,18,http://stload.se.ifmo.ru:8080/?token=518472196&&user=-1356113187&config=1,944,0,0
1776021800182,962,HTTP Request 1,200,OK,config 1 1-4,text,false,"The operation lasted too long: It took 962 milliseconds, but should not have lasted longer than 840 milliseconds.",231,168,6,18,http://stload.se.ifmo.ru:8080/?token=518472196&&user=-1356113187&config=1,962,0,0
1776021800517,965,HTTP Request 1,200,OK,config 1 1-5,text,false,"The operation lasted too long: It took 965 milliseconds, but should not have lasted longer than 840 milliseconds.",231,168,6,18,http://stload.se.ifmo.ru:8080/?token=518472196&&user=-1356113187&config=1,965,0,0
1776021800706,912,HTTP Request 1,200,OK,config 1 1-1,text,false,"The operation lasted too long: It took 912 milliseconds, but should not have lasted longer than 840 milliseconds.",231,168,6,18,http://stload.se.ifmo.ru:8080/?token=518472196&&user=-1356113187&config=1,912,0,0
1776021800848,916,HTTP Request 1,200,OK,config 1 1-6,text,false,"The operation lasted too long: It took 916 milliseconds, but should not have lasted longer than 840 milliseconds.",231,168,6,18,http://stload.se.ifmo.ru:8080/?token=518472196&&user=-1356113187&config=1,916,0,0
1776021801017,945,HTTP Request 1,200,OK,config 1 1-2,text,false,"The operation lasted too long: It took 945 milliseconds, but should not have lasted longer than 840 milliseconds.",231,168,6,18,http://stload.se.ifmo.ru:8080/?token=518472196&&user=-1356113187&config=1,945,0,0
1776021801350,958,HTTP Request 1,200,OK,config 1 1-3,text,false,"The operation lasted too long: It took 958 milliseconds, but should not have lasted longer than 840 milliseconds.",231,168,6,18,http://stload.se.ifmo.ru:8080/?token=518472196&&user=-1356113187&config=1,958,0,0
1776021801682,906,HTTP Request 1,200,OK,config 1 1-4,text,false,"The operation lasted too long: It took 906 milliseconds, but should not have lasted longer than 840 milliseconds.",231,168,6,18,http://stload.se.ifmo.ru:8080/?token=518472196&&user=-1356113187&config=1,906,0,0
1776021802017,938,HTTP Request 1,200,OK,config 1 1-5,text,false,"The operation lasted too long: It took 938 milliseconds, but should not have lasted longer than 840 milliseconds.",231,168,6,18,http://stload.se.ifmo.ru:8080/?token=518472196&&user=-1356113187&config=1,937,0,0
1776021802206,948,HTTP Request 1,200,OK,config 1 1-1,text,false,"The operation lasted too long: It took 948 milliseconds, but should not have lasted longer than 840 milliseconds.",231,168,6,18,http://stload.se.ifmo.ru:8080/?token=518472196&&user=-1356113187&config=1,948,0,0
1776021802347,920,HTTP Request 1,200,OK,config 1 1-6,text,false,"The operation lasted too long: It took 920 milliseconds, but should not have lasted longer than 840 milliseconds.",231,168,6,18,http://stload.se.ifmo.ru:8080/?token=518472196&&user=-1356113187&config=1,920,0,0
1776021802518,1114,HTTP Request 1,200,OK,config 1 1-2,text,false,"The operation lasted too long: It took 1,114 milliseconds, but should not have lasted longer than 840 milliseconds.",231,168,6,18,http://stload.se.ifmo.ru:8080/?token=518472196&&user=-1356113187&config=1,1114,0,0
1776021802850,1014,HTTP Request 1,200,OK,config 1 1-3,text,false,"The operation lasted too long: It took 1,014 milliseconds, but should not have lasted longer than 840 milliseconds.",231,168,6,18,http://stload.se.ifmo.ru:8080/?token=518472196&&user=-1356113187&config=1,1014,0,0
1776021803182,1352,HTTP Request 1,200,OK,config 1 1-4,text,false,"The operation lasted too long: It took 1,352 milliseconds, but should not have lasted longer than 840 milliseconds.",231,168,6,18,http://stload.se.ifmo.ru:8080/?token=518472196&&user=-1356113187&config=1,1352,0,0
1776021803516,1018,HTTP Request 1,200,OK,config 1 1-5,text,false,"The operation lasted too long: It took 1,018 milliseconds, but should not have lasted longer than 840 milliseconds.",231,168,6,18,http://stload.se.ifmo.ru:8080/?token=518472196&&user=-1356113187&config=1,1018,0,0
1776021803706,977,HTTP Request 1,200,OK,config 1 1-1,text,false,"The operation lasted too long: It took 977 milliseconds, but should not have lasted longer than 840 milliseconds.",231,168,6,18,http://stload.se.ifmo.ru:8080/?token=518472196&&user=-1356113187&config=1,977,0,0
1776021803848,916,HTTP Request 1,200,OK,config 1 1-6,text,false,"The operation lasted too long: It took 916 milliseconds, but should not have lasted longer than 840 milliseconds.",231,168,6,18,http://stload.se.ifmo.ru:8080/?token=518472196&&user=-1356113187&config=1,916,0,0
1776021804017,944,HTTP Request 1,200,OK,config 1 1-2,text,false,"The operation lasted too long: It took 944 milliseconds, but should not have lasted longer than 840 milliseconds.",231,168,6,18,http://stload.se.ifmo.ru:8080/?token=518472196&&user=-1356113187&config=1,944,0,0
1776021804350,977,HTTP Request 1,200,OK,config 1 1-3,text,false,"The operation lasted too long: It took 977 milliseconds, but should not have lasted longer than 840 milliseconds.",231,168,6,18,http://stload.se.ifmo.ru:8080/?token=518472196&&user=-1356113187&config=1,977,0,0
1776021804682,1026,HTTP Request 1,200,OK,config 1 1-4,text,false,"The operation lasted too long: It took 1,026 milliseconds, but should not have lasted longer than 840 milliseconds.",231,168,6,18,http://stload.se.ifmo.ru:8080/?token=518472196&&user=-1356113187&config=1,1026,0,0
1776021805015,1029,HTTP Request 1,200,OK,config 1 1-5,text,false,"The operation lasted too long: It took 1,029 milliseconds, but should not have lasted longer than 840 milliseconds.",231,168,6,18,http://stload.se.ifmo.ru:8080/?token=518472196&&user=-1356113187&config=1,1029,0,0
1776021805206,976,HTTP Request 1,200,OK,config 1 1-1,text,false,"The operation lasted too long: It took 976 milliseconds, but should not have lasted longer than 840 milliseconds.",231,168,6,18,http://stload.se.ifmo.ru:8080/?token=518472196&&user=-1356113187&config=1,976,0,0
1776021805348,1006,HTTP Request 1,200,OK,config 1 1-6,text,false,"The operation lasted too long: It took 1,006 milliseconds, but should not have lasted longer than 840 milliseconds.",231,168,6,18,http://stload.se.ifmo.ru:8080/?token=518472196&&user=-1356113187&config=1,1006,0,0
1776021805517,902,HTTP Request 1,200,OK,config 1 1-2,text,false,"The operation lasted too long: It took 902 milliseconds, but should not have lasted longer than 840 milliseconds.",231,168,6,18,http://stload.se.ifmo.ru:8080/?token=518472196&&user=-1356113187&config=1,902,0,0
1776021805850,1048,HTTP Request 1,200,OK,config 1 1-3,text,false,"The operation lasted too long: It took 1,048 milliseconds, but should not have lasted longer than 840 milliseconds.",231,168,6,18,http://stload.se.ifmo.ru:8080/?token=518472196&&user=-1356113187&config=1,1048,0,0
1776021806182,1021,HTTP Request 1,200,OK,config 1 1-4,text,false,"The operation lasted too long: It took 1,021 milliseconds, but should not have lasted longer than 840 milliseconds.",231,168,6,18,http://stload.se.ifmo.ru:8080/?token=518472196&&user=-1356113187&config=1,1021,0,0
1776021806515,1008,HTTP Request 1,200,OK,config 1 1-5,text,false,"The operation lasted too long: It took 1,008 milliseconds, but should not have lasted longer than 840 milliseconds.",231,168,6,18,http://stload.se.ifmo.ru:8080/?token=518472196&&user=-1356113187&config=1,1008,0,0
1776021806705,980,HTTP Request 1,200,OK,config 1 1-1,text,false,"The operation lasted too long: It took 980 milliseconds, but should not have lasted longer than 840 milliseconds.",231,168,6,18,http://stload.se.ifmo.ru:8080/?token=518472196&&user=-1356113187&config=1,980,0,0
1776021806847,975,HTTP Request 1,200,OK,config 1 1-6,text,false,"The operation lasted too long: It took 975 milliseconds, but should not have lasted longer than 840 milliseconds.",231,168,6,18,http://stload.se.ifmo.ru:8080/?token=518472196&&user=-1356113187&config=1,975,0,0
1776021807016,934,HTTP Request 1,200,OK,config 1 1-2,text,false,"The operation lasted too long: It took 934 milliseconds, but should not have lasted longer than 840 milliseconds.",231,168,6,18,http://stload.se.ifmo.ru:8080/?token=518472196&&user=-1356113187&config=1,934,0,0
1776021807349,957,HTTP Request 1,200,OK,config 1 1-3,text,false,"The operation lasted too long: It took 957 milliseconds, but should not have lasted longer than 840 milliseconds.",231,168,6,18,http://stload.se.ifmo.ru:8080/?token=518472196&&user=-1356113187&config=1,957,0,0
1776021807681,992,HTTP Request 1,200,OK,config 1 1-4,text,false,"The operation lasted too long: It took 992 milliseconds, but should not have lasted longer than 840 milliseconds.",231,168,6,18,http://stload.se.ifmo.ru:8080/?token=518472196&&user=-1356113187&config=1,992,0,0
1776021808015,989,HTTP Request 1,200,OK,config 1 1-5,text,false,"The operation lasted too long: It took 989 milliseconds, but should not have lasted longer than 840 milliseconds.",231,168,6,18,http://stload.se.ifmo.ru:8080/?token=518472196&&user=-1356113187&config=1,988,0,0
1776021808205,983,HTTP Request 1,200,OK,config 1 1-1,text,false,"The operation lasted too long: It took 983 milliseconds, but should not have lasted longer than 840 milliseconds.",231,168,6,18,http://stload.se.ifmo.ru:8080/?token=518472196&&user=-1356113187&config=1,983,0,0
1776021808347,917,HTTP Request 1,200,OK,config 1 1-6,text,false,"The operation lasted too long: It took 917 milliseconds, but should not have lasted longer than 840 milliseconds.",231,168,6,18,http://stload.se.ifmo.ru:8080/?token=518472196&&user=-1356113187&config=1,917,0,0
1776021808516,937,HTTP Request 1,200,OK,config 1 1-2,text,false,"The operation lasted too long: It took 937 milliseconds, but should not have lasted longer than 840 milliseconds.",231,168,6,18,http://stload.se.ifmo.ru:8080/?token=518472196&&user=-1356113187&config=1,937,0,0
1776021808850,923,HTTP Request 1,200,OK,config 1 1-3,text,false,"The operation lasted too long: It took 923 milliseconds, but should not have lasted longer than 840 milliseconds.",231,168,6,18,http://stload.se.ifmo.ru:8080/?token=518472196&&user=-1356113187&config=1,923,0,0
1776021809181,926,HTTP Request 1,200,OK,config 1 1-4,text,false,"The operation lasted too long: It took 926 milliseconds, but should not have lasted longer than 840 milliseconds.",231,168,6,18,http://stload.se.ifmo.ru:8080/?token=518472196&&user=-1356113187&config=1,926,0,0
1776021809515,956,HTTP Request 1,200,OK,config 1 1-5,text,false,"The operation lasted too long: It took 956 milliseconds, but should not have lasted longer than 840 milliseconds.",231,168,6,18,http://stload.se.ifmo.ru:8080/?token=518472196&&user=-1356113187&config=1,956,0,0
1776021809706,1002,HTTP Request 1,200,OK,config 1 1-1,text,false,"The operation lasted too long: It took 1,002 milliseconds, but should not have lasted longer than 840 milliseconds.",231,168,6,18,http://stload.se.ifmo.ru:8080/?token=518472196&&user=-1356113187&config=1,1002,0,0
1776021809849,1001,HTTP Request 1,200,OK,config 1 1-6,text,false,"The operation lasted too long: It took 1,001 milliseconds, but should not have lasted longer than 840 milliseconds.",231,168,6,18,http://stload.se.ifmo.ru:8080/?token=518472196&&user=-1356113187&config=1,1000,0,0
1776021810018,959,HTTP Request 1,200,OK,config 1 1-2,text,false,"The operation lasted too long: It took 959 milliseconds, but should not have lasted longer than 840 milliseconds.",231,168,6,18,http://stload.se.ifmo.ru:8080/?token=518472196&&user=-1356113187&config=1,959,0,0
1776021810350,960,HTTP Request 1,200,OK,config 1 1-3,text,false,"The operation lasted too long: It took 960 milliseconds, but should not have lasted longer than 840 milliseconds.",231,168,6,18,http://stload.se.ifmo.ru:8080/?token=518472196&&user=-1356113187&config=1,960,0,0
1776021810682,962,HTTP Request 1,200,OK,config 1 1-4,text,false,"The operation lasted too long: It took 962 milliseconds, but should not have lasted longer than 840 milliseconds.",231,168,6,18,http://stload.se.ifmo.ru:8080/?token=518472196&&user=-1356113187&config=1,962,0,0
1776021811016,990,HTTP Request 1,200,OK,config 1 1-5,text,false,"The operation lasted too long: It took 990 milliseconds, but should not have lasted longer than 840 milliseconds.",231,168,6,18,http://stload.se.ifmo.ru:8080/?token=518472196&&user=-1356113187&config=1,990,0,0
1776021811206,996,HTTP Request 1,200,OK,config 1 1-1,text,false,"The operation lasted too long: It took 996 milliseconds, but should not have lasted longer than 840 milliseconds.",231,168,6,18,http://stload.se.ifmo.ru:8080/?token=518472196&&user=-1356113187&config=1,996,0,0
1776021811347,933,HTTP Request 1,200,OK,config 1 1-6,text,false,"The operation lasted too long: It took 933 milliseconds, but should not have lasted longer than 840 milliseconds.",231,168,6,18,http://stload.se.ifmo.ru:8080/?token=518472196&&user=-1356113187&config=1,933,0,0
1776021811518,951,HTTP Request 1,200,OK,config 1 1-2,text,false,"The operation lasted too long: It took 951 milliseconds, but should not have lasted longer than 840 milliseconds.",231,168,6,18,http://stload.se.ifmo.ru:8080/?token=518472196&&user=-1356113187&config=1,951,0,0
1776021811850,987,HTTP Request 1,200,OK,config 1 1-3,text,false,"The operation lasted too long: It took 987 milliseconds, but should not have lasted longer than 840 milliseconds.",231,168,6,18,http://stload.se.ifmo.ru:8080/?token=518472196&&user=-1356113187&config=1,987,0,0
1776021812182,962,HTTP Request 1,200,OK,config 1 1-4,text,false,"The operation lasted too long: It took 962 milliseconds, but should not have lasted longer than 840 milliseconds.",231,168,6,18,http://stload.se.ifmo.ru:8080/?token=518472196&&user=-1356113187&config=1,962,0,0
1776021812516,1023,HTTP Request 1,200,OK,config 1 1-5,text,false,"The operation lasted too long: It took 1,023 milliseconds, but should not have lasted longer than 840 milliseconds.",231,168,6,18,http://stload.se.ifmo.ru:8080/?token=518472196&&user=-1356113187&config=1,1023,0,0
1776021812706,948,HTTP Request 1,200,OK,config 1 1-1,text,false,"The operation lasted too long: It took 948 milliseconds, but should not have lasted longer than 840 milliseconds.",231,168,6,18,http://stload.se.ifmo.ru:8080/?token=518472196&&user=-1356113187&config=1,948,0,0
1776021812848,954,HTTP Request 1,200,OK,config 1 1-6,text,false,"The operation lasted too long: It took 954 milliseconds, but should not have lasted longer than 840 milliseconds.",231,168,6,18,http://stload.se.ifmo.ru:8080/?token=518472196&&user=-1356113187&config=1,953,0,0
1776021813017,902,HTTP Request 1,200,OK,config 1 1-2,text,false,"The operation lasted too long: It took 902 milliseconds, but should not have lasted longer than 840 milliseconds.",231,168,6,18,http://stload.se.ifmo.ru:8080/?token=518472196&&user=-1356113187&config=1,902,0,0
1776021813350,1003,HTTP Request 1,200,OK,config 1 1-3,text,false,"The operation lasted too long: It took 1,003 milliseconds, but should not have lasted longer than 840 milliseconds.",231,168,6,18,http://stload.se.ifmo.ru:8080/?token=518472196&&user=-1356113187&config=1,1003,0,0
1776021813682,1046,HTTP Request 1,200,OK,config 1 1-4,text,false,"The operation lasted too long: It took 1,046 milliseconds, but should not have lasted longer than 840 milliseconds.",231,168,6,18,http://stload.se.ifmo.ru:8080/?token=518472196&&user=-1356113187&config=1,1046,0,0
1776021814016,1145,HTTP Request 1,200,OK,config 1 1-5,text,false,"The operation lasted too long: It took 1,145 milliseconds, but should not have lasted longer than 840 milliseconds.",231,168,6,18,http://stload.se.ifmo.ru:8080/?token=518472196&&user=-1356113187&config=1,1145,0,0
1776021814206,968,HTTP Request 1,200,OK,config 1 1-1,text,false,"The operation lasted too long: It took 968 milliseconds, but should not have lasted longer than 840 milliseconds.",231,168,6,18,http://stload.se.ifmo.ru:8080/?token=518472196&&user=-1356113187&config=1,967,0,0
1776021814348,904,HTTP Request 1,200,OK,config 1 1-6,text,false,"The operation lasted too long: It took 904 milliseconds, but should not have lasted longer than 840 milliseconds.",231,168,6,18,http://stload.se.ifmo.ru:8080/?token=518472196&&user=-1356113187&config=1,904,0,0
1776021814518,1027,HTTP Request 1,200,OK,config 1 1-2,text,false,"The operation lasted too long: It took 1,027 milliseconds, but should not have lasted longer than 840 milliseconds.",231,168,6,18,http://stload.se.ifmo.ru:8080/?token=518472196&&user=-1356113187&config=1,1027,0,0
1776021814849,1130,HTTP Request 1,200,OK,config 1 1-3,text,false,"The operation lasted too long: It took 1,130 milliseconds, but should not have lasted longer than 840 milliseconds.",231,168,6,18,http://stload.se.ifmo.ru:8080/?token=518472196&&user=-1356113187&config=1,1130,0,0
1776021815181,997,HTTP Request 1,200,OK,config 1 1-4,text,false,"The operation lasted too long: It took 997 milliseconds, but should not have lasted longer than 840 milliseconds.",231,168,6,18,http://stload.se.ifmo.ru:8080/?token=518472196&&user=-1356113187&config=1,997,0,0
1776021815516,917,HTTP Request 1,200,OK,config 1 1-5,text,false,"The operation lasted too long: It took 917 milliseconds, but should not have lasted longer than 840 milliseconds.",231,168,6,18,http://stload.se.ifmo.ru:8080/?token=518472196&&user=-1356113187&config=1,917,0,0
1776021815705,979,HTTP Request 1,200,OK,config 1 1-1,text,false,"The operation lasted too long: It took 979 milliseconds, but should not have lasted longer than 840 milliseconds.",231,168,6,18,http://stload.se.ifmo.ru:8080/?token=518472196&&user=-1356113187&config=1,979,0,0
1776021815847,966,HTTP Request 1,200,OK,config 1 1-6,text,false,"The operation lasted too long: It took 966 milliseconds, but should not have lasted longer than 840 milliseconds.",231,168,6,18,http://stload.se.ifmo.ru:8080/?token=518472196&&user=-1356113187&config=1,966,0,0
1776021816016,937,HTTP Request 1,200,OK,config 1 1-2,text,false,"The operation lasted too long: It took 937 milliseconds, but should not have lasted longer than 840 milliseconds.",231,168,6,18,http://stload.se.ifmo.ru:8080/?token=518472196&&user=-1356113187&config=1,937,0,0
1776021816350,961,HTTP Request 1,200,OK,config 1 1-3,text,false,"The operation lasted too long: It took 961 milliseconds, but should not have lasted longer than 840 milliseconds.",231,168,6,18,http://stload.se.ifmo.ru:8080/?token=518472196&&user=-1356113187&config=1,961,0,0
1776021816681,942,HTTP Request 1,200,OK,config 1 1-4,text,false,"The operation lasted too long: It took 942 milliseconds, but should not have lasted longer than 840 milliseconds.",231,168,6,18,http://stload.se.ifmo.ru:8080/?token=518472196&&user=-1356113187&config=1,941,0,0
1776021817016,994,HTTP Request 1,200,OK,config 1 1-5,text,false,"The operation lasted too long: It took 994 milliseconds, but should not have lasted longer than 840 milliseconds.",231,168,6,18,http://stload.se.ifmo.ru:8080/?token=518472196&&user=-1356113187&config=1,994,0,0
1776021817205,987,HTTP Request 1,200,OK,config 1 1-1,text,false,"The operation lasted too long: It took 987 milliseconds, but should not have lasted longer than 840 milliseconds.",231,168,6,18,http://stload.se.ifmo.ru:8080/?token=518472196&&user=-1356113187&config=1,987,0,0
1776021817347,972,HTTP Request 1,200,OK,config 1 1-6,text,false,"The operation lasted too long: It took 972 milliseconds, but should not have lasted longer than 840 milliseconds.",231,168,6,18,http://stload.se.ifmo.ru:8080/?token=518472196&&user=-1356113187&config=1,972,0,0
1776021817516,916,HTTP Request 1,200,OK,config 1 1-2,text,false,"The operation lasted too long: It took 916 milliseconds, but should not have lasted longer than 840 milliseconds.",231,168,6,18,http://stload.se.ifmo.ru:8080/?token=518472196&&user=-1356113187&config=1,916,0,0
1776021817849,930,HTTP Request 1,200,OK,config 1 1-3,text,false,"The operation lasted too long: It took 930 milliseconds, but should not have lasted longer than 840 milliseconds.",231,168,6,18,http://stload.se.ifmo.ru:8080/?token=518472196&&user=-1356113187&config=1,930,0,0
1776021818182,919,HTTP Request 1,200,OK,config 1 1-4,text,false,"The operation lasted too long: It took 919 milliseconds, but should not have lasted longer than 840 milliseconds.",231,168,6,18,http://stload.se.ifmo.ru:8080/?token=518472196&&user=-1356113187&config=1,919,0,0
1776021818515,1008,HTTP Request 1,200,OK,config 1 1-5,text,false,"The operation lasted too long: It took 1,008 milliseconds, but should not have lasted longer than 840 milliseconds.",231,168,6,18,http://stload.se.ifmo.ru:8080/?token=518472196&&user=-1356113187&config=1,1008,0,0
1776021818705,941,HTTP Request 1,200,OK,config 1 1-1,text,false,"The operation lasted too long: It took 941 milliseconds, but should not have lasted longer than 840 milliseconds.",231,168,6,18,http://stload.se.ifmo.ru:8080/?token=518472196&&user=-1356113187&config=1,941,0,0
1776021818847,984,HTTP Request 1,200,OK,config 1 1-6,text,false,"The operation lasted too long: It took 984 milliseconds, but should not have lasted longer than 840 milliseconds.",231,168,6,18,http://stload.se.ifmo.ru:8080/?token=518472196&&user=-1356113187&config=1,984,0,0
1776021819017,983,HTTP Request 1,200,OK,config 1 1-2,text,false,"The operation lasted too long: It took 983 milliseconds, but should not have lasted longer than 840 milliseconds.",231,168,6,18,http://stload.se.ifmo.ru:8080/?token=518472196&&user=-1356113187&config=1,983,0,0
1776021819349,995,HTTP Request 1,200,OK,config 1 1-3,text,false,"The operation lasted too long: It took 995 milliseconds, but should not have lasted longer than 840 milliseconds.",231,168,6,18,http://stload.se.ifmo.ru:8080/?token=518472196&&user=-1356113187&config=1,995,0,0
1776021819681,1011,HTTP Request 1,200,OK,config 1 1-4,text,false,"The operation lasted too long: It took 1,011 milliseconds, but should not have lasted longer than 840 milliseconds.",231,168,6,18,http://stload.se.ifmo.ru:8080/?token=518472196&&user=-1356113187&config=1,1011,0,0
1776021820015,1085,HTTP Request 1,200,OK,config 1 1-5,text,false,"The operation lasted too long: It took 1,085 milliseconds, but should not have lasted longer than 840 milliseconds.",231,168,6,18,http://stload.se.ifmo.ru:8080/?token=518472196&&user=-1356113187&config=1,1085,0,0
1776021820205,960,HTTP Request 1,200,OK,config 1 1-1,text,false,"The operation lasted too long: It took 960 milliseconds, but should not have lasted longer than 840 milliseconds.",231,168,6,18,http://stload.se.ifmo.ru:8080/?token=518472196&&user=-1356113187&config=1,960,0,0
1776021820347,990,HTTP Request 1,200,OK,config 1 1-6,text,false,"The operation lasted too long: It took 990 milliseconds, but should not have lasted longer than 840 milliseconds.",231,168,6,18,http://stload.se.ifmo.ru:8080/?token=518472196&&user=-1356113187&config=1,990,0,0
1776021820516,957,HTTP Request 1,200,OK,config 1 1-2,text,false,"The operation lasted too long: It took 957 milliseconds, but should not have lasted longer than 840 milliseconds.",231,168,6,18,http://stload.se.ifmo.ru:8080/?token=518472196&&user=-1356113187&config=1,957,0,0
1776021820849,984,HTTP Request 1,200,OK,config 1 1-3,text,false,"The operation lasted too long: It took 984 milliseconds, but should not have lasted longer than 840 milliseconds.",231,168,6,18,http://stload.se.ifmo.ru:8080/?token=518472196&&user=-1356113187&config=1,984,0,0
1776021821182,1034,HTTP Request 1,200,OK,config 1 1-4,text,false,"The operation lasted too long: It took 1,034 milliseconds, but should not have lasted longer than 840 milliseconds.",231,168,6,18,http://stload.se.ifmo.ru:8080/?token=518472196&&user=-1356113187&config=1,1034,0,0
1776021821516,965,HTTP Request 1,200,OK,config 1 1-5,text,false,"The operation lasted too long: It took 965 milliseconds, but should not have lasted longer than 840 milliseconds.",231,168,6,18,http://stload.se.ifmo.ru:8080/?token=518472196&&user=-1356113187&config=1,965,0,0
1776021821706,969,HTTP Request 1,200,OK,config 1 1-1,text,false,"The operation lasted too long: It took 969 milliseconds, but should not have lasted longer than 840 milliseconds.",231,168,6,18,http://stload.se.ifmo.ru:8080/?token=518472196&&user=-1356113187&config=1,969,0,0
1776021821848,1043,HTTP Request 1,200,OK,config 1 1-6,text,false,"The operation lasted too long: It took 1,043 milliseconds, but should not have lasted longer than 840 milliseconds.",231,168,6,18,http://stload.se.ifmo.ru:8080/?token=518472196&&user=-1356113187&config=1,1043,0,0
1776021822017,1021,HTTP Request 1,200,OK,config 1 1-2,text,false,"The operation lasted too long: It took 1,021 milliseconds, but should not have lasted longer than 840 milliseconds.",231,168,6,18,http://stload.se.ifmo.ru:8080/?token=518472196&&user=-1356113187&config=1,1021,0,0
1776021822349,933,HTTP Request 1,200,OK,config 1 1-3,text,false,"The operation lasted too long: It took 933 milliseconds, but should not have lasted longer than 840 milliseconds.",231,168,6,18,http://stload.se.ifmo.ru:8080/?token=518472196&&user=-1356113187&config=1,933,0,0
1776021822681,1020,HTTP Request 1,200,OK,config 1 1-4,text,false,"The operation lasted too long: It took 1,020 milliseconds, but should not have lasted longer than 840 milliseconds.",231,168,6,18,http://stload.se.ifmo.ru:8080/?token=518472196&&user=-1356113187&config=1,1020,0,0
1776021823015,948,HTTP Request 1,200,OK,config 1 1-5,text,false,"The operation lasted too long: It took 948 milliseconds, but should not have lasted longer than 840 milliseconds.",231,168,6,18,http://stload.se.ifmo.ru:8080/?token=518472196&&user=-1356113187&config=1,948,0,0
1776021823205,1004,HTTP Request 1,200,OK,config 1 1-1,text,false,"The operation lasted too long: It took 1,004 milliseconds, but should not have lasted longer than 840 milliseconds.",231,168,6,18,http://stload.se.ifmo.ru:8080/?token=518472196&&user=-1356113187&config=1,1004,0,0
1776021823346,934,HTTP Request 1,200,OK,config 1 1-6,text,false,"The operation lasted too long: It took 934 milliseconds, but should not have lasted longer than 840 milliseconds.",231,168,6,18,http://stload.se.ifmo.ru:8080/?token=518472196&&user=-1356113187&config=1,934,0,0
1776021823516,1016,HTTP Request 1,200,OK,config 1 1-2,text,false,"The operation lasted too long: It took 1,016 milliseconds, but should not have lasted longer than 840 milliseconds.",231,168,6,18,http://stload.se.ifmo.ru:8080/?token=518472196&&user=-1356113187&config=1,1016,0,0
1776021823849,997,HTTP Request 1,200,OK,config 1 1-3,text,false,"The operation lasted too long: It took 997 milliseconds, but should not have lasted longer than 840 milliseconds.",231,168,6,18,http://stload.se.ifmo.ru:8080/?token=518472196&&user=-1356113187&config=1,997,0,0
1776021824181,957,HTTP Request 1,200,OK,config 1 1-4,text,false,"The operation lasted too long: It took 957 milliseconds, but should not have lasted longer than 840 milliseconds.",231,168,6,18,http://stload.se.ifmo.ru:8080/?token=518472196&&user=-1356113187&config=1,957,0,0
1776021824516,970,HTTP Request 1,200,OK,config 1 1-5,text,false,"The operation lasted too long: It took 970 milliseconds, but should not have lasted longer than 840 milliseconds.",231,168,6,18,http://stload.se.ifmo.ru:8080/?token=518472196&&user=-1356113187&config=1,970,0,0
1776021824705,925,HTTP Request 1,200,OK,config 1 1-1,text,false,"The operation lasted too long: It took 925 milliseconds, but should not have lasted longer than 840 milliseconds.",231,168,6,18,http://stload.se.ifmo.ru:8080/?token=518472196&&user=-1356113187&config=1,925,0,0
1776021824848,1021,HTTP Request 1,200,OK,config 1 1-6,text,false,"The operation lasted too long: It took 1,021 milliseconds, but should not have lasted longer than 840 milliseconds.",231,168,6,18,http://stload.se.ifmo.ru:8080/?token=518472196&&user=-1356113187&config=1,1021,0,0
1776021825017,971,HTTP Request 1,200,OK,config 1 1-2,text,false,"The operation lasted too long: It took 971 milliseconds, but should not have lasted longer than 840 milliseconds.",231,168,6,18,http://stload.se.ifmo.ru:8080/?token=518472196&&user=-1356113187&config=1,971,0,0
1776021825351,981,HTTP Request 1,200,OK,config 1 1-3,text,false,"The operation lasted too long: It took 981 milliseconds, but should not have lasted longer than 840 milliseconds.",231,168,6,18,http://stload.se.ifmo.ru:8080/?token=518472196&&user=-1356113187&config=1,981,0,0
1776021825682,998,HTTP Request 1,200,OK,config 1 1-4,text,false,"The operation lasted too long: It took 998 milliseconds, but should not have lasted longer than 840 milliseconds.",231,168,6,18,http://stload.se.ifmo.ru:8080/?token=518472196&&user=-1356113187&config=1,998,0,0
1776021826016,1008,HTTP Request 1,200,OK,config 1 1-5,text,false,"The operation lasted too long: It took 1,008 milliseconds, but should not have lasted longer than 840 milliseconds.",231,168,6,18,http://stload.se.ifmo.ru:8080/?token=518472196&&user=-1356113187&config=1,1008,0,0
1776021826206,945,HTTP Request 1,200,OK,config 1 1-1,text,false,"The operation lasted too long: It took 945 milliseconds, but should not have lasted longer than 840 milliseconds.",231,168,6,18,http://stload.se.ifmo.ru:8080/?token=518472196&&user=-1356113187&config=1,945,0,0
1776021826349,1043,HTTP Request 1,200,OK,config 1 1-6,text,false,"The operation lasted too long: It took 1,043 milliseconds, but should not have lasted longer than 840 milliseconds.",231,168,6,18,http://stload.se.ifmo.ru:8080/?token=518472196&&user=-1356113187&config=1,1043,0,0
1776021826518,942,HTTP Request 1,200,OK,config 1 1-2,text,false,"The operation lasted too long: It took 942 milliseconds, but should not have lasted longer than 840 milliseconds.",231,168,6,18,http://stload.se.ifmo.ru:8080/?token=518472196&&user=-1356113187&config=1,942,0,0
1776021826850,955,HTTP Request 1,200,OK,config 1 1-3,text,false,"The operation lasted too long: It took 955 milliseconds, but should not have lasted longer than 840 milliseconds.",231,168,6,18,http://stload.se.ifmo.ru:8080/?token=518472196&&user=-1356113187&config=1,955,0,0
1776021827182,997,HTTP Request 1,200,OK,config 1 1-4,text,false,"The operation lasted too long: It took 997 milliseconds, but should not have lasted longer than 840 milliseconds.",231,168,6,18,http://stload.se.ifmo.ru:8080/?token=518472196&&user=-1356113187&config=1,997,0,0
1776021827516,1033,HTTP Request 1,200,OK,config 1 1-5,text,false,"The operation lasted too long: It took 1,033 milliseconds, but should not have lasted longer than 840 milliseconds.",231,168,6,18,http://stload.se.ifmo.ru:8080/?token=518472196&&user=-1356113187&config=1,1033,0,0
1776021827706,972,HTTP Request 1,200,OK,config 1 1-1,text,false,"The operation lasted too long: It took 972 milliseconds, but should not have lasted longer than 840 milliseconds.",231,168,6,18,http://stload.se.ifmo.ru:8080/?token=518472196&&user=-1356113187&config=1,972,0,0
1776021827848,909,HTTP Request 1,200,OK,config 1 1-6,text,false,"The operation lasted too long: It took 909 milliseconds, but should not have lasted longer than 840 milliseconds.",231,168,6,18,http://stload.se.ifmo.ru:8080/?token=518472196&&user=-1356113187&config=1,909,0,0
1776021828017,933,HTTP Request 1,200,OK,config 1 1-2,text,false,"The operation lasted too long: It took 933 milliseconds, but should not have lasted longer than 840 milliseconds.",231,168,6,18,http://stload.se.ifmo.ru:8080/?token=518472196&&user=-1356113187&config=1,933,0,0
1776021828350,983,HTTP Request 1,200,OK,config 1 1-3,text,false,"The operation lasted too long: It took 983 milliseconds, but should not have lasted longer than 840 milliseconds.",231,168,6,18,http://stload.se.ifmo.ru:8080/?token=518472196&&user=-1356113187&config=1,983,0,0
1776021828682,1003,HTTP Request 1,200,OK,config 1 1-4,text,false,"The operation lasted too long: It took 1,003 milliseconds, but should not have lasted longer than 840 milliseconds.",231,168,6,18,http://stload.se.ifmo.ru:8080/?token=518472196&&user=-1356113187&config=1,1003,0,0
1776021829016,1030,HTTP Request 1,200,OK,config 1 1-5,text,false,"The operation lasted too long: It took 1,030 milliseconds, but should not have lasted longer than 840 milliseconds.",231,168,6,18,http://stload.se.ifmo.ru:8080/?token=518472196&&user=-1356113187&config=1,1030,0,0
1776021829206,974,HTTP Request 1,200,OK,config 1 1-1,text,false,"The operation lasted too long: It took 974 milliseconds, but should not have lasted longer than 840 milliseconds.",231,168,6,18,http://stload.se.ifmo.ru:8080/?token=518472196&&user=-1356113187&config=1,974,0,0
1776021829347,968,HTTP Request 1,200,OK,config 1 1-6,text,false,"The operation lasted too long: It took 968 milliseconds, but should not have lasted longer than 840 milliseconds.",231,168,6,18,http://stload.se.ifmo.ru:8080/?token=518472196&&user=-1356113187&config=1,968,0,0
1776021829517,923,HTTP Request 1,200,OK,config 1 1-2,text,false,"The operation lasted too long: It took 923 milliseconds, but should not have lasted longer than 840 milliseconds.",231,168,6,18,http://stload.se.ifmo.ru:8080/?token=518472196&&user=-1356113187&config=1,923,0,0
1776021829849,952,HTTP Request 1,200,OK,config 1 1-3,text,false,"The operation lasted too long: It took 952 milliseconds, but should not have lasted longer than 840 milliseconds.",231,168,6,18,http://stload.se.ifmo.ru:8080/?token=518472196&&user=-1356113187&config=1,952,0,0
1776021830181,1011,HTTP Request 1,200,OK,config 1 1-4,text,false,"The operation lasted too long: It took 1,011 milliseconds, but should not have lasted longer than 840 milliseconds.",231,168,6,18,http://stload.se.ifmo.ru:8080/?token=518472196&&user=-1356113187&config=1,1010,0,0
1776021830514,978,HTTP Request 1,200,OK,config 1 1-5,text,false,"The operation lasted too long: It took 978 milliseconds, but should not have lasted longer than 840 milliseconds.",231,168,6,18,http://stload.se.ifmo.ru:8080/?token=518472196&&user=-1356113187&config=1,978,0,0
1776021830704,945,HTTP Request 1,200,OK,config 1 1-1,text,false,"The operation lasted too long: It took 945 milliseconds, but should not have lasted longer than 840 milliseconds.",231,168,6,18,http://stload.se.ifmo.ru:8080/?token=518472196&&user=-1356113187&config=1,945,0,0
1776021830847,941,HTTP Request 1,200,OK,config 1 1-6,text,false,"The operation lasted too long: It took 941 milliseconds, but should not have lasted longer than 840 milliseconds.",231,168,6,18,http://stload.se.ifmo.ru:8080/?token=518472196&&user=-1356113187&config=1,941,0,0
1776021831016,1002,HTTP Request 1,200,OK,config 1 1-2,text,false,"The operation lasted too long: It took 1,002 milliseconds, but should not have lasted longer than 840 milliseconds.",231,168,6,18,http://stload.se.ifmo.ru:8080/?token=518472196&&user=-1356113187&config=1,1002,0,0
1776021831349,972,HTTP Request 1,200,OK,config 1 1-3,text,false,"The operation lasted too long: It took 972 milliseconds, but should not have lasted longer than 840 milliseconds.",231,168,6,18,http://stload.se.ifmo.ru:8080/?token=518472196&&user=-1356113187&config=1,972,0,0
1776021831680,947,HTTP Request 1,200,OK,config 1 1-4,text,false,"The operation lasted too long: It took 947 milliseconds, but should not have lasted longer than 840 milliseconds.",231,168,6,18,http://stload.se.ifmo.ru:8080/?token=518472196&&user=-1356113187&config=1,947,0,0
1776021832014,945,HTTP Request 1,200,OK,config 1 1-5,text,false,"The operation lasted too long: It took 945 milliseconds, but should not have lasted longer than 840 milliseconds.",231,168,6,18,http://stload.se.ifmo.ru:8080/?token=518472196&&user=-1356113187&config=1,945,0,0
1776021832205,964,HTTP Request 1,200,OK,config 1 1-1,text,false,"The operation lasted too long: It took 964 milliseconds, but should not have lasted longer than 840 milliseconds.",231,168,6,18,http://stload.se.ifmo.ru:8080/?token=518472196&&user=-1356113187&config=1,963,0,0
1776021832348,949,HTTP Request 1,200,OK,config 1 1-6,text,false,"The operation lasted too long: It took 949 milliseconds, but should not have lasted longer than 840 milliseconds.",231,168,6,18,http://stload.se.ifmo.ru:8080/?token=518472196&&user=-1356113187&config=1,949,0,0
1776021832516,948,HTTP Request 1,200,OK,config 1 1-2,text,false,"The operation lasted too long: It took 948 milliseconds, but should not have lasted longer than 840 milliseconds.",231,168,6,18,http://stload.se.ifmo.ru:8080/?token=518472196&&user=-1356113187&config=1,948,0,0
1776021832848,921,HTTP Request 1,200,OK,config 1 1-3,text,false,"The operation lasted too long: It took 921 milliseconds, but should not have lasted longer than 840 milliseconds.",231,168,6,18,http://stload.se.ifmo.ru:8080/?token=518472196&&user=-1356113187&config=1,921,0,0
1776021833181,974,HTTP Request 1,200,OK,config 1 1-4,text,false,"The operation lasted too long: It took 974 milliseconds, but should not have lasted longer than 840 milliseconds.",231,168,6,18,http://stload.se.ifmo.ru:8080/?token=518472196&&user=-1356113187&config=1,974,0,0
1776021833515,944,HTTP Request 1,200,OK,config 1 1-5,text,false,"The operation lasted too long: It took 944 milliseconds, but should not have lasted longer than 840 milliseconds.",231,168,6,18,http://stload.se.ifmo.ru:8080/?token=518472196&&user=-1356113187&config=1,943,0,0
1776021833704,945,HTTP Request 1,200,OK,config 1 1-1,text,false,"The operation lasted too long: It took 945 milliseconds, but should not have lasted longer than 840 milliseconds.",231,168,6,18,http://stload.se.ifmo.ru:8080/?token=518472196&&user=-1356113187&config=1,945,0,0
1776021833847,935,HTTP Request 1,200,OK,config 1 1-6,text,false,"The operation lasted too long: It took 935 milliseconds, but should not have lasted longer than 840 milliseconds.",231,168,6,18,http://stload.se.ifmo.ru:8080/?token=518472196&&user=-1356113187&config=1,935,0,0
1776021834016,933,HTTP Request 1,200,OK,config 1 1-2,text,false,"The operation lasted too long: It took 933 milliseconds, but should not have lasted longer than 840 milliseconds.",231,168,6,18,http://stload.se.ifmo.ru:8080/?token=518472196&&user=-1356113187&config=1,933,0,0
1776021834349,988,HTTP Request 1,200,OK,config 1 1-3,text,false,"The operation lasted too long: It took 988 milliseconds, but should not have lasted longer than 840 milliseconds.",231,168,6,18,http://stload.se.ifmo.ru:8080/?token=518472196&&user=-1356113187&config=1,988,0,0
1776021834681,1005,HTTP Request 1,200,OK,config 1 1-4,text,false,"The operation lasted too long: It took 1,005 milliseconds, but should not have lasted longer than 840 milliseconds.",231,168,6,18,http://stload.se.ifmo.ru:8080/?token=518472196&&user=-1356113187&config=1,1005,0,0
1776021835014,1013,HTTP Request 1,200,OK,config 1 1-5,text,false,"The operation lasted too long: It took 1,013 milliseconds, but should not have lasted longer than 840 milliseconds.",231,168,6,18,http://stload.se.ifmo.ru:8080/?token=518472196&&user=-1356113187&config=1,1013,0,0
1776021835205,984,HTTP Request 1,200,OK,config 1 1-1,text,false,"The operation lasted too long: It took 984 milliseconds, but should not have lasted longer than 840 milliseconds.",231,168,6,18,http://stload.se.ifmo.ru:8080/?token=518472196&&user=-1356113187&config=1,984,0,0
1776021835346,971,HTTP Request 1,200,OK,config 1 1-6,text,false,"The operation lasted too long: It took 971 milliseconds, but should not have lasted longer than 840 milliseconds.",231,168,6,18,http://stload.se.ifmo.ru:8080/?token=518472196&&user=-1356113187&config=1,971,0,0
1776021835516,918,HTTP Request 1,200,OK,config 1 1-2,text,false,"The operation lasted too long: It took 918 milliseconds, but should not have lasted longer than 840 milliseconds.",231,168,6,18,http://stload.se.ifmo.ru:8080/?token=518472196&&user=-1356113187&config=1,918,0,0
1776021835849,993,HTTP Request 1,200,OK,config 1 1-3,text,false,"The operation lasted too long: It took 993 milliseconds, but should not have lasted longer than 840 milliseconds.",231,168,6,18,http://stload.se.ifmo.ru:8080/?token=518472196&&user=-1356113187&config=1,993,0,0
1776021836181,992,HTTP Request 1,200,OK,config 1 1-4,text,false,"The operation lasted too long: It took 992 milliseconds, but should not have lasted longer than 840 milliseconds.",231,168,6,18,http://stload.se.ifmo.ru:8080/?token=518472196&&user=-1356113187&config=1,992,0,0
1776021836515,984,HTTP Request 1,200,OK,config 1 1-5,text,false,"The operation lasted too long: It took 984 milliseconds, but should not have lasted longer than 840 milliseconds.",231,168,6,18,http://stload.se.ifmo.ru:8080/?token=518472196&&user=-1356113187&config=1,984,0,0
1776021836705,979,HTTP Request 1,200,OK,config 1 1-1,text,false,"The operation lasted too long: It took 979 milliseconds, but should not have lasted longer than 840 milliseconds.",231,168,6,18,http://stload.se.ifmo.ru:8080/?token=518472196&&user=-1356113187&config=1,979,0,0
1776021836847,973,HTTP Request 1,200,OK,config 1 1-6,text,false,"The operation lasted too long: It took 973 milliseconds, but should not have lasted longer than 840 milliseconds.",231,168,6,18,http://stload.se.ifmo.ru:8080/?token=518472196&&user=-1356113187&config=1,973,0,0
1776021837016,932,HTTP Request 1,200,OK,config 1 1-2,text,false,"The operation lasted too long: It took 932 milliseconds, but should not have lasted longer than 840 milliseconds.",231,168,6,18,http://stload.se.ifmo.ru:8080/?token=518472196&&user=-1356113187&config=1,932,0,0
1776021837349,961,HTTP Request 1,200,OK,config 1 1-3,text,false,"The operation lasted too long: It took 961 milliseconds, but should not have lasted longer than 840 milliseconds.",231,168,6,18,http://stload.se.ifmo.ru:8080/?token=518472196&&user=-1356113187&config=1,961,0,0
1776021837681,953,HTTP Request 1,200,OK,config 1 1-4,text,false,"The operation lasted too long: It took 953 milliseconds, but should not have lasted longer than 840 milliseconds.",231,168,6,18,http://stload.se.ifmo.ru:8080/?token=518472196&&user=-1356113187&config=1,953,0,0
1776021838015,954,HTTP Request 1,200,OK,config 1 1-5,text,false,"The operation lasted too long: It took 954 milliseconds, but should not have lasted longer than 840 milliseconds.",231,168,6,18,http://stload.se.ifmo.ru:8080/?token=518472196&&user=-1356113187&config=1,954,0,0
1776021838205,996,HTTP Request 1,200,OK,config 1 1-1,text,false,"The operation lasted too long: It took 996 milliseconds, but should not have lasted longer than 840 milliseconds.",231,168,6,18,http://stload.se.ifmo.ru:8080/?token=518472196&&user=-1356113187&config=1,996,0,0
1776021838346,996,HTTP Request 1,200,OK,config 1 1-6,text,false,"The operation lasted too long: It took 996 milliseconds, but should not have lasted longer than 840 milliseconds.",231,168,6,18,http://stload.se.ifmo.ru:8080/?token=518472196&&user=-1356113187&config=1,996,0,0
1776021838516,889,HTTP Request 1,200,OK,config 1 1-2,text,false,"The operation lasted too long: It took 889 milliseconds, but should not have lasted longer than 840 milliseconds.",231,168,6,18,http://stload.se.ifmo.ru:8080/?token=518472196&&user=-1356113187&config=1,889,0,0
1776021838849,925,HTTP Request 1,200,OK,config 1 1-3,text,false,"The operation lasted too long: It took 925 milliseconds, but should not have lasted longer than 840 milliseconds.",231,168,6,18,http://stload.se.ifmo.ru:8080/?token=518472196&&user=-1356113187&config=1,925,0,0
1776021839180,941,HTTP Request 1,200,OK,config 1 1-4,text,false,"The operation lasted too long: It took 941 milliseconds, but should not have lasted longer than 840 milliseconds.",231,168,6,18,http://stload.se.ifmo.ru:8080/?token=518472196&&user=-1356113187&config=1,941,0,0
1776021839515,929,HTTP Request 1,200,OK,config 1 1-5,text,false,"The operation lasted too long: It took 929 milliseconds, but should not have lasted longer than 840 milliseconds.",231,168,6,18,http://stload.se.ifmo.ru:8080/?token=518472196&&user=-1356113187&config=1,929,0,0
1776021839705,919,HTTP Request 1,200,OK,config 1 1-1,text,false,"The operation lasted too long: It took 919 milliseconds, but should not have lasted longer than 840 milliseconds.",231,168,6,18,http://stload.se.ifmo.ru:8080/?token=518472196&&user=-1356113187&config=1,919,0,0
1776021839848,976,HTTP Request 1,200,OK,config 1 1-6,text,false,"The operation lasted too long: It took 976 milliseconds, but should not have lasted longer than 840 milliseconds.",231,168,6,18,http://stload.se.ifmo.ru:8080/?token=518472196&&user=-1356113187&config=1,976,0,0
1776021840017,938,HTTP Request 1,200,OK,config 1 1-2,text,false,"The operation lasted too long: It took 938 milliseconds, but should not have lasted longer than 840 milliseconds.",231,168,6,18,http://stload.se.ifmo.ru:8080/?token=518472196&&user=-1356113187&config=1,938,0,0
1776021840349,938,HTTP Request 1,200,OK,config 1 1-3,text,false,"The operation lasted too long: It took 938 milliseconds, but should not have lasted longer than 840 milliseconds.",231,168,6,18,http://stload.se.ifmo.ru:8080/?token=518472196&&user=-1356113187&config=1,938,0,0
1776021840681,916,HTTP Request 1,200,OK,config 1 1-4,text,false,"The operation lasted too long: It took 916 milliseconds, but should not have lasted longer than 840 milliseconds.",231,168,6,18,http://stload.se.ifmo.ru:8080/?token=518472196&&user=-1356113187&config=1,916,0,0
1776021841015,973,HTTP Request 1,200,OK,config 1 1-5,text,false,"The operation lasted too long: It took 973 milliseconds, but should not have lasted longer than 840 milliseconds.",231,168,6,18,http://stload.se.ifmo.ru:8080/?token=518472196&&user=-1356113187&config=1,973,0,0
1776021841205,1103,HTTP Request 1,200,OK,config 1 1-1,text,false,"The operation lasted too long: It took 1,103 milliseconds, but should not have lasted longer than 840 milliseconds.",231,168,6,18,http://stload.se.ifmo.ru:8080/?token=518472196&&user=-1356113187&config=1,1103,0,147
1776021841348,960,HTTP Request 1,200,OK,config 1 1-6,text,false,"The operation lasted too long: It took 960 milliseconds, but should not have lasted longer than 840 milliseconds.",231,168,6,18,http://stload.se.ifmo.ru:8080/?token=518472196&&user=-1356113187&config=1,960,0,0
1776021841517,978,HTTP Request 1,200,OK,config 1 1-2,text,false,"The operation lasted too long: It took 978 milliseconds, but should not have lasted longer than 840 milliseconds.",231,168,6,18,http://stload.se.ifmo.ru:8080/?token=518472196&&user=-1356113187&config=1,978,0,0
1776021841850,932,HTTP Request 1,200,OK,config 1 1-3,text,false,"The operation lasted too long: It took 932 milliseconds, but should not have lasted longer than 840 milliseconds.",231,168,6,18,http://stload.se.ifmo.ru:8080/?token=518472196&&user=-1356113187&config=1,932,0,0
1776021842182,980,HTTP Request 1,200,OK,config 1 1-4,text,false,"The operation lasted too long: It took 980 milliseconds, but should not have lasted longer than 840 milliseconds.",231,168,6,18,http://stload.se.ifmo.ru:8080/?token=518472196&&user=-1356113187&config=1,980,0,0
1776021842516,1018,HTTP Request 1,200,OK,config 1 1-5,text,false,"The operation lasted too long: It took 1,018 milliseconds, but should not have lasted longer than 840 milliseconds.",231,168,6,18,http://stload.se.ifmo.ru:8080/?token=518472196&&user=-1356113187&config=1,1018,0,0
1776021842705,957,HTTP Request 1,200,OK,config 1 1-1,text,false,"The operation lasted too long: It took 957 milliseconds, but should not have lasted longer than 840 milliseconds.",231,168,6,18,http://stload.se.ifmo.ru:8080/?token=518472196&&user=-1356113187&config=1,957,0,0
1776021842848,1029,HTTP Request 1,200,OK,config 1 1-6,text,false,"The operation lasted too long: It took 1,029 milliseconds, but should not have lasted longer than 840 milliseconds.",231,168,6,18,http://stload.se.ifmo.ru:8080/?token=518472196&&user=-1356113187&config=1,1029,0,0
1776021843016,988,HTTP Request 1,200,OK,config 1 1-2,text,false,"The operation lasted too long: It took 988 milliseconds, but should not have lasted longer than 840 milliseconds.",231,168,6,18,http://stload.se.ifmo.ru:8080/?token=518472196&&user=-1356113187&config=1,988,0,0
1776021843350,972,HTTP Request 1,200,OK,config 1 1-3,text,false,"The operation lasted too long: It took 972 milliseconds, but should not have lasted longer than 840 milliseconds.",231,168,6,18,http://stload.se.ifmo.ru:8080/?token=518472196&&user=-1356113187&config=1,972,0,0
1776021843682,1044,HTTP Request 1,200,OK,config 1 1-4,text,false,"The operation lasted too long: It took 1,044 milliseconds, but should not have lasted longer than 840 milliseconds.",231,168,6,18,http://stload.se.ifmo.ru:8080/?token=518472196&&user=-1356113187&config=1,1044,0,0
1776021844016,1016,HTTP Request 1,200,OK,config 1 1-5,text,false,"The operation lasted too long: It took 1,016 milliseconds, but should not have lasted longer than 840 milliseconds.",231,168,6,18,http://stload.se.ifmo.ru:8080/?token=518472196&&user=-1356113187&config=1,1016,0,0
1776021844206,994,HTTP Request 1,200,OK,config 1 1-1,text,false,"The operation lasted too long: It took 994 milliseconds, but should not have lasted longer than 840 milliseconds.",231,168,6,18,http://stload.se.ifmo.ru:8080/?token=518472196&&user=-1356113187&config=1,994,0,0
1776021844347,995,HTTP Request 1,200,OK,config 1 1-6,text,false,"The operation lasted too long: It took 995 milliseconds, but should not have lasted longer than 840 milliseconds.",231,168,6,18,http://stload.se.ifmo.ru:8080/?token=518472196&&user=-1356113187&config=1,995,0,0
1776021844517,1207,HTTP Request 1,200,OK,config 1 1-2,text,false,"The operation lasted too long: It took 1,207 milliseconds, but should not have lasted longer than 840 milliseconds.",231,168,6,18,http://stload.se.ifmo.ru:8080/?token=518472196&&user=-1356113187&config=1,1207,0,273
1776021844849,942,HTTP Request 1,200,OK,config 1 1-3,text,false,"The operation lasted too long: It took 942 milliseconds, but should not have lasted longer than 840 milliseconds.",231,168,6,18,http://stload.se.ifmo.ru:8080/?token=518472196&&user=-1356113187&config=1,942,0,0
1776021845180,948,HTTP Request 1,200,OK,config 1 1-4,text,false,"The operation lasted too long: It took 948 milliseconds, but should not have lasted longer than 840 milliseconds.",231,168,6,18,http://stload.se.ifmo.ru:8080/?token=518472196&&user=-1356113187&config=1,948,0,0
1776021845515,984,HTTP Request 1,200,OK,config 1 1-5,text,false,"The operation lasted too long: It took 984 milliseconds, but should not have lasted longer than 840 milliseconds.",231,168,6,18,http://stload.se.ifmo.ru:8080/?token=518472196&&user=-1356113187&config=1,984,0,0
1776021845705,958,HTTP Request 1,200,OK,config 1 1-1,text,false,"The operation lasted too long: It took 958 milliseconds, but should not have lasted longer than 840 milliseconds.",231,168,6,18,http://stload.se.ifmo.ru:8080/?token=518472196&&user=-1356113187&config=1,958,0,0
1776021845847,909,HTTP Request 1,200,OK,config 1 1-6,text,false,"The operation lasted too long: It took 909 milliseconds, but should not have lasted longer than 840 milliseconds.",231,168,6,18,http://stload.se.ifmo.ru:8080/?token=518472196&&user=-1356113187&config=1,909,0,0
1776021846015,1004,HTTP Request 1,200,OK,config 1 1-2,text,false,"The operation lasted too long: It took 1,004 milliseconds, but should not have lasted longer than 840 milliseconds.",231,168,6,18,http://stload.se.ifmo.ru:8080/?token=518472196&&user=-1356113187&config=1,1004,0,0
1776021846348,1009,HTTP Request 1,200,OK,config 1 1-3,text,false,"The operation lasted too long: It took 1,009 milliseconds, but should not have lasted longer than 840 milliseconds.",231,168,6,18,http://stload.se.ifmo.ru:8080/?token=518472196&&user=-1356113187&config=1,1009,0,0
1776021846681,992,HTTP Request 1,200,OK,config 1 1-4,text,false,"The operation lasted too long: It took 992 milliseconds, but should not have lasted longer than 840 milliseconds.",231,168,6,18,http://stload.se.ifmo.ru:8080/?token=518472196&&user=-1356113187&config=1,992,0,0
1776021847015,1003,HTTP Request 1,200,OK,config 1 1-5,text,false,"The operation lasted too long: It took 1,003 milliseconds, but should not have lasted longer than 840 milliseconds.",231,168,6,18,http://stload.se.ifmo.ru:8080/?token=518472196&&user=-1356113187&config=1,1003,0,0
1776021847205,947,HTTP Request 1,200,OK,config 1 1-1,text,false,"The operation lasted too long: It took 947 milliseconds, but should not have lasted longer than 840 milliseconds.",231,168,6,18,http://stload.se.ifmo.ru:8080/?token=518472196&&user=-1356113187&config=1,947,0,0
1776021847347,934,HTTP Request 1,200,OK,config 1 1-6,text,false,"The operation lasted too long: It took 934 milliseconds, but should not have lasted longer than 840 milliseconds.",231,168,6,18,http://stload.se.ifmo.ru:8080/?token=518472196&&user=-1356113187&config=1,934,0,0
1776021847515,951,HTTP Request 1,200,OK,config 1 1-2,text,false,"The operation lasted too long: It took 951 milliseconds, but should not have lasted longer than 840 milliseconds.",231,168,6,18,http://stload.se.ifmo.ru:8080/?token=518472196&&user=-1356113187&config=1,951,0,0
1776021847848,1211,HTTP Request 1,200,OK,config 1 1-3,text,false,"The operation lasted too long: It took 1,211 milliseconds, but should not have lasted longer than 840 milliseconds.",231,168,6,18,http://stload.se.ifmo.ru:8080/?token=518472196&&user=-1356113187&config=1,1211,0,303
1776021848180,946,HTTP Request 1,200,OK,config 1 1-4,text,false,"The operation lasted too long: It took 946 milliseconds, but should not have lasted longer than 840 milliseconds.",231,168,6,18,http://stload.se.ifmo.ru:8080/?token=518472196&&user=-1356113187&config=1,946,0,0
1776021848515,974,HTTP Request 1,200,OK,config 1 1-5,text,false,"The operation lasted too long: It took 974 milliseconds, but should not have lasted longer than 840 milliseconds.",231,168,6,18,http://stload.se.ifmo.ru:8080/?token=518472196&&user=-1356113187&config=1,974,0,0
1776021848705,996,HTTP Request 1,200,OK,config 1 1-1,text,false,"The operation lasted too long: It took 996 milliseconds, but should not have lasted longer than 840 milliseconds.",231,168,6,18,http://stload.se.ifmo.ru:8080/?token=518472196&&user=-1356113187&config=1,996,0,0
1776021848847,927,HTTP Request 1,200,OK,config 1 1-6,text,false,"The operation lasted too long: It took 927 milliseconds, but should not have lasted longer than 840 milliseconds.",231,168,6,18,http://stload.se.ifmo.ru:8080/?token=518472196&&user=-1356113187&config=1,927,0,0
1776021849015,963,HTTP Request 1,200,OK,config 1 1-2,text,false,"The operation lasted too long: It took 963 milliseconds, but should not have lasted longer than 840 milliseconds.",231,168,6,18,http://stload.se.ifmo.ru:8080/?token=518472196&&user=-1356113187&config=1,963,0,0
1776021849349,972,HTTP Request 1,200,OK,config 1 1-3,text,false,"The operation lasted too long: It took 972 milliseconds, but should not have lasted longer than 840 milliseconds.",231,168,6,18,http://stload.se.ifmo.ru:8080/?token=518472196&&user=-1356113187&config=1,972,0,0
1776021849681,993,HTTP Request 1,200,OK,config 1 1-4,text,false,"The operation lasted too long: It took 993 milliseconds, but should not have lasted longer than 840 milliseconds.",231,168,6,18,http://stload.se.ifmo.ru:8080/?token=518472196&&user=-1356113187&config=1,993,0,0
1776021850015,975,HTTP Request 1,200,OK,config 1 1-5,text,false,"The operation lasted too long: It took 975 milliseconds, but should not have lasted longer than 840 milliseconds.",231,168,6,18,http://stload.se.ifmo.ru:8080/?token=518472196&&user=-1356113187&config=1,975,0,0
1776021850204,1018,HTTP Request 1,200,OK,config 1 1-1,text,false,"The operation lasted too long: It took 1,018 milliseconds, but should not have lasted longer than 840 milliseconds.",231,168,6,18,http://stload.se.ifmo.ru:8080/?token=518472196&&user=-1356113187&config=1,1018,0,0
1776021850346,998,HTTP Request 1,200,OK,config 1 1-6,text,false,"The operation lasted too long: It took 998 milliseconds, but should not have lasted longer than 840 milliseconds.",231,168,6,18,http://stload.se.ifmo.ru:8080/?token=518472196&&user=-1356113187&config=1,998,0,0
1776021850515,994,HTTP Request 1,200,OK,config 1 1-2,text,false,"The operation lasted too long: It took 994 milliseconds, but should not have lasted longer than 840 milliseconds.",231,168,6,18,http://stload.se.ifmo.ru:8080/?token=518472196&&user=-1356113187&config=1,994,0,0
1776021850849,983,HTTP Request 1,200,OK,config 1 1-3,text,false,"The operation lasted too long: It took 983 milliseconds, but should not have lasted longer than 840 milliseconds.",231,168,6,18,http://stload.se.ifmo.ru:8080/?token=518472196&&user=-1356113187&config=1,983,0,0
1776021851181,1064,HTTP Request 1,200,OK,config 1 1-4,text,false,"The operation lasted too long: It took 1,064 milliseconds, but should not have lasted longer than 840 milliseconds.",231,168,6,18,http://stload.se.ifmo.ru:8080/?token=518472196&&user=-1356113187&config=1,1064,0,162
1776021851515,1006,HTTP Request 1,200,OK,config 1 1-5,text,false,"The operation lasted too long: It took 1,006 milliseconds, but should not have lasted longer than 840 milliseconds.",231,168,6,18,http://stload.se.ifmo.ru:8080/?token=518472196&&user=-1356113187&config=1,1006,0,0
1776021851704,969,HTTP Request 1,200,OK,config 1 1-1,text,false,"The operation lasted too long: It took 969 milliseconds, but should not have lasted longer than 840 milliseconds.",231,168,6,18,http://stload.se.ifmo.ru:8080/?token=518472196&&user=-1356113187&config=1,969,0,0
1776021851847,1060,HTTP Request 1,200,OK,config 1 1-6,text,false,"The operation lasted too long: It took 1,060 milliseconds, but should not have lasted longer than 840 milliseconds.",231,168,6,18,http://stload.se.ifmo.ru:8080/?token=518472196&&user=-1356113187&config=1,1060,0,0
1776021852016,993,HTTP Request 1,200,OK,config 1 1-2,text,false,"The operation lasted too long: It took 993 milliseconds, but should not have lasted longer than 840 milliseconds.",231,168,6,18,http://stload.se.ifmo.ru:8080/?token=518472196&&user=-1356113187&config=1,993,0,0
1776021852348,1063,HTTP Request 1,200,OK,config 1 1-3,text,false,"The operation lasted too long: It took 1,063 milliseconds, but should not have lasted longer than 840 milliseconds.",231,168,6,18,http://stload.se.ifmo.ru:8080/?token=518472196&&user=-1356113187&config=1,1063,0,0
1776021852680,1033,HTTP Request 1,200,OK,config 1 1-4,text,false,"The operation lasted too long: It took 1,033 milliseconds, but should not have lasted longer than 840 milliseconds.",231,168,6,18,http://stload.se.ifmo.ru:8080/?token=518472196&&user=-1356113187&config=1,1033,0,0
1776021853205,929,HTTP Request 1,200,OK,config 1 1-1,text,false,"The operation lasted too long: It took 929 milliseconds, but should not have lasted longer than 840 milliseconds.",231,168,6,18,http://stload.se.ifmo.ru:8080/?token=518472196&&user=-1356113187&config=1,929,0,0
1776021853015,1177,HTTP Request 1,200,OK,config 1 1-5,text,false,"The operation lasted too long: It took 1,177 milliseconds, but should not have lasted longer than 840 milliseconds.",231,168,6,18,http://stload.se.ifmo.ru:8080/?token=518472196&&user=-1356113187&config=1,1177,0,207
1776021853347,1005,HTTP Request 1,200,OK,config 1 1-6,text,false,"The operation lasted too long: It took 1,005 milliseconds, but should not have lasted longer than 840 milliseconds.",231,168,6,18,http://stload.se.ifmo.ru:8080/?token=518472196&&user=-1356113187&config=1,1005,0,0
1776021853516,960,HTTP Request 1,200,OK,config 1 1-2,text,false,"The operation lasted too long: It took 960 milliseconds, but should not have lasted longer than 840 milliseconds.",231,168,6,18,http://stload.se.ifmo.ru:8080/?token=518472196&&user=-1356113187&config=1,960,0,0
1776021853849,995,HTTP Request 1,200,OK,config 1 1-3,text,false,"The operation lasted too long: It took 995 milliseconds, but should not have lasted longer than 840 milliseconds.",231,168,6,18,http://stload.se.ifmo.ru:8080/?token=518472196&&user=-1356113187&config=1,995,0,0
1776021854181,920,HTTP Request 1,200,OK,config 1 1-4,text,false,"The operation lasted too long: It took 920 milliseconds, but should not have lasted longer than 840 milliseconds.",231,168,6,18,http://stload.se.ifmo.ru:8080/?token=518472196&&user=-1356113187&config=1,920,0,0
1776021854515,966,HTTP Request 1,200,OK,config 1 1-5,text,false,"The operation lasted too long: It took 966 milliseconds, but should not have lasted longer than 840 milliseconds.",231,168,6,18,http://stload.se.ifmo.ru:8080/?token=518472196&&user=-1356113187&config=1,966,0,0
1776021854705,971,HTTP Request 1,200,OK,config 1 1-1,text,false,"The operation lasted too long: It took 971 milliseconds, but should not have lasted longer than 840 milliseconds.",231,168,6,18,http://stload.se.ifmo.ru:8080/?token=518472196&&user=-1356113187&config=1,971,0,0
1776021854848,963,HTTP Request 1,200,OK,config 1 1-6,text,false,"The operation lasted too long: It took 963 milliseconds, but should not have lasted longer than 840 milliseconds.",231,168,6,18,http://stload.se.ifmo.ru:8080/?token=518472196&&user=-1356113187&config=1,963,0,0
1776021855016,916,HTTP Request 1,200,OK,config 1 1-2,text,false,"The operation lasted too long: It took 916 milliseconds, but should not have lasted longer than 840 milliseconds.",231,168,6,18,http://stload.se.ifmo.ru:8080/?token=518472196&&user=-1356113187&config=1,916,0,0
1776021855348,998,HTTP Request 1,200,OK,config 1 1-3,text,false,"The operation lasted too long: It took 998 milliseconds, but should not have lasted longer than 840 milliseconds.",231,168,6,18,http://stload.se.ifmo.ru:8080/?token=518472196&&user=-1356113187&config=1,998,0,0
1776021855681,991,HTTP Request 1,200,OK,config 1 1-4,text,false,"The operation lasted too long: It took 991 milliseconds, but should not have lasted longer than 840 milliseconds.",231,168,6,18,http://stload.se.ifmo.ru:8080/?token=518472196&&user=-1356113187&config=1,991,0,0
1776021856015,996,HTTP Request 1,200,OK,config 1 1-5,text,false,"The operation lasted too long: It took 996 milliseconds, but should not have lasted longer than 840 milliseconds.",231,168,6,18,http://stload.se.ifmo.ru:8080/?token=518472196&&user=-1356113187&config=1,996,0,0
1776021856205,928,HTTP Request 1,200,OK,config 1 1-1,text,false,"The operation lasted too long: It took 928 milliseconds, but should not have lasted longer than 840 milliseconds.",231,168,6,18,http://stload.se.ifmo.ru:8080/?token=518472196&&user=-1356113187&config=1,928,0,0
1776021856347,963,HTTP Request 1,200,OK,config 1 1-6,text,false,"The operation lasted too long: It took 963 milliseconds, but should not have lasted longer than 840 milliseconds.",231,168,6,18,http://stload.se.ifmo.ru:8080/?token=518472196&&user=-1356113187&config=1,963,0,0
1776021856516,967,HTTP Request 1,200,OK,config 1 1-2,text,false,"The operation lasted too long: It took 967 milliseconds, but should not have lasted longer than 840 milliseconds.",231,168,6,18,http://stload.se.ifmo.ru:8080/?token=518472196&&user=-1356113187&config=1,967,0,0
1776021856849,988,HTTP Request 1,200,OK,config 1 1-3,text,false,"The operation lasted too long: It took 988 milliseconds, but should not have lasted longer than 840 milliseconds.",231,168,6,18,http://stload.se.ifmo.ru:8080/?token=518472196&&user=-1356113187&config=1,988,0,0
1776021857181,1022,HTTP Request 1,200,OK,config 1 1-4,text,false,"The operation lasted too long: It took 1,022 milliseconds, but should not have lasted longer than 840 milliseconds.",231,168,6,18,http://stload.se.ifmo.ru:8080/?token=518472196&&user=-1356113187&config=1,1022,0,0
1776021857515,1021,HTTP Request 1,200,OK,config 1 1-5,text,false,"The operation lasted too long: It took 1,021 milliseconds, but should not have lasted longer than 840 milliseconds.",231,168,6,18,http://stload.se.ifmo.ru:8080/?token=518472196&&user=-1356113187&config=1,1021,0,0
1776021857705,971,HTTP Request 1,200,OK,config 1 1-1,text,false,"The operation lasted too long: It took 971 milliseconds, but should not have lasted longer than 840 milliseconds.",231,168,6,18,http://stload.se.ifmo.ru:8080/?token=518472196&&user=-1356113187&config=1,971,0,0
1776021858016,974,HTTP Request 1,200,OK,config 1 1-2,text,false,"The operation lasted too long: It took 974 milliseconds, but should not have lasted longer than 840 milliseconds.",231,168,6,18,http://stload.se.ifmo.ru:8080/?token=518472196&&user=-1356113187&config=1,974,0,0
1776021857847,1201,HTTP Request 1,200,OK,config 1 1-6,text,false,"The operation lasted too long: It took 1,201 milliseconds, but should not have lasted longer than 840 milliseconds.",231,168,6,18,http://stload.se.ifmo.ru:8080/?token=518472196&&user=-1356113187&config=1,1201,0,194
1776021858349,991,HTTP Request 1,200,OK,config 1 1-3,text,false,"The operation lasted too long: It took 991 milliseconds, but should not have lasted longer than 840 milliseconds.",231,168,6,18,http://stload.se.ifmo.ru:8080/?token=518472196&&user=-1356113187&config=1,991,0,0
1776021858681,999,HTTP Request 1,200,OK,config 1 1-4,text,false,"The operation lasted too long: It took 999 milliseconds, but should not have lasted longer than 840 milliseconds.",231,168,6,18,http://stload.se.ifmo.ru:8080/?token=518472196&&user=-1356113187&config=1,999,0,0
1776021859015,1034,HTTP Request 1,200,OK,config 1 1-5,text,false,"The operation lasted too long: It took 1,034 milliseconds, but should not have lasted longer than 840 milliseconds.",231,168,6,18,http://stload.se.ifmo.ru:8080/?token=518472196&&user=-1356113187&config=1,1034,0,0
1776021859204,1029,HTTP Request 1,200,OK,config 1 1-1,text,false,"The operation lasted too long: It took 1,029 milliseconds, but should not have lasted longer than 840 milliseconds.",231,168,6,18,http://stload.se.ifmo.ru:8080/?token=518472196&&user=-1356113187&config=1,1029,0,0
1776021859346,958,HTTP Request 1,200,OK,config 1 1-6,text,false,"The operation lasted too long: It took 958 milliseconds, but should not have lasted longer than 840 milliseconds.",231,168,6,18,http://stload.se.ifmo.ru:8080/?token=518472196&&user=-1356113187&config=1,958,0,0
1776021859516,977,HTTP Request 1,200,OK,config 1 1-2,text,false,"The operation lasted too long: It took 977 milliseconds, but should not have lasted longer than 840 milliseconds.",231,168,6,18,http://stload.se.ifmo.ru:8080/?token=518472196&&user=-1356113187&config=1,977,0,0
1776021859850,975,HTTP Request 1,200,OK,config 1 1-3,text,false,"The operation lasted too long: It took 975 milliseconds, but should not have lasted longer than 840 milliseconds.",231,168,6,18,http://stload.se.ifmo.ru:8080/?token=518472196&&user=-1356113187&config=1,975,0,0
1776021860182,967,HTTP Request 1,200,OK,config 1 1-4,text,false,"The operation lasted too long: It took 967 milliseconds, but should not have lasted longer than 840 milliseconds.",231,168,6,18,http://stload.se.ifmo.ru:8080/?token=518472196&&user=-1356113187&config=1,967,0,0
1776021860516,1063,HTTP Request 1,200,OK,config 1 1-5,text,false,"The operation lasted too long: It took 1,063 milliseconds, but should not have lasted longer than 840 milliseconds.",231,168,6,18,http://stload.se.ifmo.ru:8080/?token=518472196&&user=-1356113187&config=1,1063,0,0
1776021860706,1003,HTTP Request 1,200,OK,config 1 1-1,text,false,"The operation lasted too long: It took 1,003 milliseconds, but should not have lasted longer than 840 milliseconds.",231,168,6,18,http://stload.se.ifmo.ru:8080/?token=518472196&&user=-1356113187&config=1,1003,0,0
1776021860848,981,HTTP Request 1,200,OK,config 1 1-6,text,false,"The operation lasted too long: It took 981 milliseconds, but should not have lasted longer than 840 milliseconds.",231,168,6,18,http://stload.se.ifmo.ru:8080/?token=518472196&&user=-1356113187&config=1,981,0,0
1776021861017,885,HTTP Request 1,200,OK,config 1 1-2,text,false,"The operation lasted too long: It took 885 milliseconds, but should not have lasted longer than 840 milliseconds.",231,168,6,18,http://stload.se.ifmo.ru:8080/?token=518472196&&user=-1356113187&config=1,885,0,0
1776021861349,1102,HTTP Request 1,200,OK,config 1 1-3,text,false,"The operation lasted too long: It took 1,102 milliseconds, but should not have lasted longer than 840 milliseconds.",231,168,6,18,http://stload.se.ifmo.ru:8080/?token=518472196&&user=-1356113187&config=1,1102,0,0
1776021861682,1018,HTTP Request 1,200,OK,config 1 1-4,text,false,"The operation lasted too long: It took 1,018 milliseconds, but should not have lasted longer than 840 milliseconds.",231,168,6,18,http://stload.se.ifmo.ru:8080/?token=518472196&&user=-1356113187&config=1,1018,0,0
1776021862016,1054,HTTP Request 1,200,OK,config 1 1-5,text,false,"The operation lasted too long: It took 1,054 milliseconds, but should not have lasted longer than 840 milliseconds.",231,168,6,18,http://stload.se.ifmo.ru:8080/?token=518472196&&user=-1356113187&config=1,1054,0,0
1776021862206,978,HTTP Request 1,200,OK,config 1 1-1,text,false,"The operation lasted too long: It took 978 milliseconds, but should not have lasted longer than 840 milliseconds.",231,168,6,18,http://stload.se.ifmo.ru:8080/?token=518472196&&user=-1356113187&config=1,978,0,0
1776021862348,964,HTTP Request 1,200,OK,config 1 1-6,text,false,"The operation lasted too long: It took 964 milliseconds, but should not have lasted longer than 840 milliseconds.",231,168,6,18,http://stload.se.ifmo.ru:8080/?token=518472196&&user=-1356113187&config=1,964,0,0
1776021862517,917,HTTP Request 1,200,OK,config 1 1-2,text,false,"The operation lasted too long: It took 917 milliseconds, but should not have lasted longer than 840 milliseconds.",231,168,6,18,http://stload.se.ifmo.ru:8080/?token=518472196&&user=-1356113187&config=1,917,0,0
1776021862850,960,HTTP Request 1,200,OK,config 1 1-3,text,false,"The operation lasted too long: It took 960 milliseconds, but should not have lasted longer than 840 milliseconds.",231,168,6,18,http://stload.se.ifmo.ru:8080/?token=518472196&&user=-1356113187&config=1,960,0,0
1776021863182,912,HTTP Request 1,200,OK,config 1 1-4,text,false,"The operation lasted too long: It took 912 milliseconds, but should not have lasted longer than 840 milliseconds.",231,168,6,18,http://stload.se.ifmo.ru:8080/?token=518472196&&user=-1356113187&config=1,911,0,0
1776021863515,913,HTTP Request 1,200,OK,config 1 1-5,text,false,"The operation lasted too long: It took 913 milliseconds, but should not have lasted longer than 840 milliseconds.",231,168,6,18,http://stload.se.ifmo.ru:8080/?token=518472196&&user=-1356113187&config=1,913,0,0
1776021863705,1000,HTTP Request 1,200,OK,config 1 1-1,text,false,"The operation lasted too long: It took 1,000 milliseconds, but should not have lasted longer than 840 milliseconds.",231,168,6,18,http://stload.se.ifmo.ru:8080/?token=518472196&&user=-1356113187&config=1,1000,0,0
1776021863848,924,HTTP Request 1,200,OK,config 1 1-6,text,false,"The operation lasted too long: It took 924 milliseconds, but should not have lasted longer than 840 milliseconds.",231,168,6,18,http://stload.se.ifmo.ru:8080/?token=518472196&&user=-1356113187&config=1,924,0,0
1776021864017,906,HTTP Request 1,200,OK,config 1 1-2,text,false,"The operation lasted too long: It took 906 milliseconds, but should not have lasted longer than 840 milliseconds.",231,168,6,18,http://stload.se.ifmo.ru:8080/?token=518472196&&user=-1356113187&config=1,906,0,0
1776021864349,985,HTTP Request 1,200,OK,config 1 1-3,text,false,"The operation lasted too long: It took 985 milliseconds, but should not have lasted longer than 840 milliseconds.",231,168,6,18,http://stload.se.ifmo.ru:8080/?token=518472196&&user=-1356113187&config=1,985,0,0
1776021864681,989,HTTP Request 1,200,OK,config 1 1-4,text,false,"The operation lasted too long: It took 989 milliseconds, but should not have lasted longer than 840 milliseconds.",231,168,6,18,http://stload.se.ifmo.ru:8080/?token=518472196&&user=-1356113187&config=1,989,0,0
1776021865015,1078,HTTP Request 1,200,OK,config 1 1-5,text,false,"The operation lasted too long: It took 1,078 milliseconds, but should not have lasted longer than 840 milliseconds.",231,168,6,18,http://stload.se.ifmo.ru:8080/?token=518472196&&user=-1356113187&config=1,1078,0,0
1776021865206,937,HTTP Request 1,200,OK,config 1 1-1,text,false,"The operation lasted too long: It took 937 milliseconds, but should not have lasted longer than 840 milliseconds.",231,168,6,18,http://stload.se.ifmo.ru:8080/?token=518472196&&user=-1356113187&config=1,937,0,0
1776021865348,973,HTTP Request 1,200,OK,config 1 1-6,text,false,"The operation lasted too long: It took 973 milliseconds, but should not have lasted longer than 840 milliseconds.",231,168,6,18,http://stload.se.ifmo.ru:8080/?token=518472196&&user=-1356113187&config=1,973,0,0
1776021865517,935,HTTP Request 1,200,OK,config 1 1-2,text,false,"The operation lasted too long: It took 935 milliseconds, but should not have lasted longer than 840 milliseconds.",231,168,6,18,http://stload.se.ifmo.ru:8080/?token=518472196&&user=-1356113187&config=1,935,0,0
1776021865850,966,HTTP Request 1,200,OK,config 1 1-3,text,false,"The operation lasted too long: It took 966 milliseconds, but should not have lasted longer than 840 milliseconds.",231,168,6,18,http://stload.se.ifmo.ru:8080/?token=518472196&&user=-1356113187&config=1,966,0,0
1776021866182,994,HTTP Request 1,200,OK,config 1 1-4,text,false,"The operation lasted too long: It took 994 milliseconds, but should not have lasted longer than 840 milliseconds.",231,168,6,18,http://stload.se.ifmo.ru:8080/?token=518472196&&user=-1356113187&config=1,994,0,0
1776021866515,995,HTTP Request 1,200,OK,config 1 1-5,text,false,"The operation lasted too long: It took 995 milliseconds, but should not have lasted longer than 840 milliseconds.",231,168,6,18,http://stload.se.ifmo.ru:8080/?token=518472196&&user=-1356113187&config=1,995,0,0
1776021866706,995,HTTP Request 1,200,OK,config 1 1-1,text,false,"The operation lasted too long: It took 995 milliseconds, but should not have lasted longer than 840 milliseconds.",231,168,6,18,http://stload.se.ifmo.ru:8080/?token=518472196&&user=-1356113187&config=1,995,0,0
1776021866848,981,HTTP Request 1,200,OK,config 1 1-6,text,false,"The operation lasted too long: It took 981 milliseconds, but should not have lasted longer than 840 milliseconds.",231,168,6,18,http://stload.se.ifmo.ru:8080/?token=518472196&&user=-1356113187&config=1,981,0,0
1776021867017,939,HTTP Request 1,200,OK,config 1 1-2,text,false,"The operation lasted too long: It took 939 milliseconds, but should not have lasted longer than 840 milliseconds.",231,168,6,18,http://stload.se.ifmo.ru:8080/?token=518472196&&user=-1356113187&config=1,939,0,0
1776021867350,937,HTTP Request 1,200,OK,config 1 1-3,text,false,"The operation lasted too long: It took 937 milliseconds, but should not have lasted longer than 840 milliseconds.",231,168,6,18,http://stload.se.ifmo.ru:8080/?token=518472196&&user=-1356113187&config=1,937,0,0
1776021867682,940,HTTP Request 1,200,OK,config 1 1-4,text,false,"The operation lasted too long: It took 940 milliseconds, but should not have lasted longer than 840 milliseconds.",231,168,6,18,http://stload.se.ifmo.ru:8080/?token=518472196&&user=-1356113187&config=1,940,0,0
1776021868015,1019,HTTP Request 1,200,OK,config 1 1-5,text,false,"The operation lasted too long: It took 1,019 milliseconds, but should not have lasted longer than 840 milliseconds.",231,168,6,16,http://stload.se.ifmo.ru:8080/?token=518472196&&user=-1356113187&config=1,1019,0,0
1776021868206,958,HTTP Request 1,200,OK,config 1 1-1,text,false,"The operation lasted too long: It took 958 milliseconds, but should not have lasted longer than 840 milliseconds.",231,168,6,16,http://stload.se.ifmo.ru:8080/?token=518472196&&user=-1356113187&config=1,958,0,0
1776021868347,899,HTTP Request 1,200,OK,config 1 1-6,text,false,"The operation lasted too long: It took 899 milliseconds, but should not have lasted longer than 840 milliseconds.",231,168,5,15,http://stload.se.ifmo.ru:8080/?token=518472196&&user=-1356113187&config=1,899,0,0
1776021868517,977,HTTP Request 1,200,OK,config 1 1-2,text,false,"The operation lasted too long: It took 977 milliseconds, but should not have lasted longer than 840 milliseconds.",231,168,5,15,http://stload.se.ifmo.ru:8080/?token=518472196&&user=-1356113187&config=1,977,0,0
1776021868849,980,HTTP Request 1,200,OK,config 1 1-3,text,false,"The operation lasted too long: It took 980 milliseconds, but should not have lasted longer than 840 milliseconds.",231,168,5,15,http://stload.se.ifmo.ru:8080/?token=518472196&&user=-1356113187&config=1,980,0,0
1776021869182,982,HTTP Request 1,200,OK,config 1 1-4,text,false,"The operation lasted too long: It took 982 milliseconds, but should not have lasted longer than 840 milliseconds.",231,168,5,15,http://stload.se.ifmo.ru:8080/?token=518472196&&user=-1356113187&config=1,982,0,0
1776021869516,1013,HTTP Request 1,200,OK,config 1 1-5,text,false,"The operation lasted too long: It took 1,013 milliseconds, but should not have lasted longer than 840 milliseconds.",231,168,5,15,http://stload.se.ifmo.ru:8080/?token=518472196&&user=-1356113187&config=1,1013,0,0
1776021869847,1047,HTTP Request 1,200,OK,config 1 1-6,text,false,"The operation lasted too long: It took 1,047 milliseconds, but should not have lasted longer than 840 milliseconds.",231,168,5,15,http://stload.se.ifmo.ru:8080/?token=518472196&&user=-1356113187&config=1,1047,0,0
1776021870016,1043,HTTP Request 1,200,OK,config 1 1-2,text,false,"The operation lasted too long: It took 1,043 milliseconds, but should not have lasted longer than 840 milliseconds.",231,168,5,15,http://stload.se.ifmo.ru:8080/?token=518472196&&user=-1356113187&config=1,1043,0,0
1776021870350,974,HTTP Request 1,200,OK,config 1 1-3,text,false,"The operation lasted too long: It took 974 milliseconds, but should not have lasted longer than 840 milliseconds.",231,168,5,15,http://stload.se.ifmo.ru:8080/?token=518472196&&user=-1356113187&config=1,974,0,0
1776021870681,963,HTTP Request 1,200,OK,config 1 1-4,text,false,"The operation lasted too long: It took 963 milliseconds, but should not have lasted longer than 840 milliseconds.",231,168,5,15,http://stload.se.ifmo.ru:8080/?token=518472196&&user=-1356113187&config=1,963,0,0
1776021871015,1031,HTTP Request 1,200,OK,config 1 1-5,text,false,"The operation lasted too long: It took 1,031 milliseconds, but should not have lasted longer than 840 milliseconds.",231,168,5,15,http://stload.se.ifmo.ru:8080/?token=518472196&&user=-1356113187&config=1,1031,0,0
1776021871516,897,HTTP Request 1,200,OK,config 1 1-2,text,false,"The operation lasted too long: It took 897 milliseconds, but should not have lasted longer than 840 milliseconds.",231,168,5,13,http://stload.se.ifmo.ru:8080/?token=518472196&&user=-1356113187&config=1,897,0,0
1776021871348,1065,HTTP Request 1,200,OK,config 1 1-6,text,false,"The operation lasted too long: It took 1,065 milliseconds, but should not have lasted longer than 840 milliseconds.",231,168,5,13,http://stload.se.ifmo.ru:8080/?token=518472196&&user=-1356113187&config=1,1065,0,0
1776021871850,963,HTTP Request 1,200,OK,config 1 1-3,text,false,"The operation lasted too long: It took 963 milliseconds, but should not have lasted longer than 840 milliseconds.",231,168,4,12,http://stload.se.ifmo.ru:8080/?token=518472196&&user=-1356113187&config=1,963,0,0
1776021872182,986,HTTP Request 1,200,OK,config 1 1-4,text,false,"The operation lasted too long: It took 986 milliseconds, but should not have lasted longer than 840 milliseconds.",231,168,4,12,http://stload.se.ifmo.ru:8080/?token=518472196&&user=-1356113187&config=1,986,0,0
1776021872515,889,HTTP Request 1,200,OK,config 1 1-5,text,false,"The operation lasted too long: It took 889 milliseconds, but should not have lasted longer than 840 milliseconds.",231,168,4,12,http://stload.se.ifmo.ru:8080/?token=518472196&&user=-1356113187&config=1,889,0,0
1776021872848,1037,HTTP Request 1,200,OK,config 1 1-6,text,false,"The operation lasted too long: It took 1,037 milliseconds, but should not have lasted longer than 840 milliseconds.",231,168,4,12,http://stload.se.ifmo.ru:8080/?token=518472196&&user=-1356113187&config=1,1037,0,0
1776021873351,938,HTTP Request 1,200,OK,config 1 1-3,text,false,"The operation lasted too long: It took 938 milliseconds, but should not have lasted longer than 840 milliseconds.",231,168,4,12,http://stload.se.ifmo.ru:8080/?token=518472196&&user=-1356113187&config=1,938,0,0
1776021873682,923,HTTP Request 1,200,OK,config 1 1-4,text,false,"The operation lasted too long: It took 923 milliseconds, but should not have lasted longer than 840 milliseconds.",231,168,4,12,http://stload.se.ifmo.ru:8080/?token=518472196&&user=-1356113187&config=1,923,0,0
1776021874015,934,HTTP Request 1,200,OK,config 1 1-5,text,false,"The operation lasted too long: It took 934 milliseconds, but should not have lasted longer than 840 milliseconds.",231,168,4,12,http://stload.se.ifmo.ru:8080/?token=518472196&&user=-1356113187&config=1,934,0,0
1776021874347,982,HTTP Request 1,200,OK,config 1 1-6,text,false,"The operation lasted too long: It took 982 milliseconds, but should not have lasted longer than 840 milliseconds.",231,168,4,12,http://stload.se.ifmo.ru:8080/?token=518472196&&user=-1356113187&config=1,982,0,0
1776021874850,959,HTTP Request 1,200,OK,config 1 1-3,text,false,"The operation lasted too long: It took 959 milliseconds, but should not have lasted longer than 840 milliseconds.",231,168,4,10,http://stload.se.ifmo.ru:8080/?token=518472196&&user=-1356113187&config=1,959,0,0
1776021875182,927,HTTP Request 1,200,OK,config 1 1-4,text,false,"The operation lasted too long: It took 927 milliseconds, but should not have lasted longer than 840 milliseconds.",231,168,3,9,http://stload.se.ifmo.ru:8080/?token=518472196&&user=-1356113187&config=1,927,0,0
1776021875515,1003,HTTP Request 1,200,OK,config 1 1-5,text,false,"The operation lasted too long: It took 1,003 milliseconds, but should not have lasted longer than 840 milliseconds.",231,168,3,9,http://stload.se.ifmo.ru:8080/?token=518472196&&user=-1356113187&config=1,1003,0,0
1776021875848,931,HTTP Request 1,200,OK,config 1 1-6,text,false,"The operation lasted too long: It took 931 milliseconds, but should not have lasted longer than 840 milliseconds.",231,168,3,9,http://stload.se.ifmo.ru:8080/?token=518472196&&user=-1356113187&config=1,931,0,0
1776021876682,927,HTTP Request 1,200,OK,config 1 1-4,text,false,"The operation lasted too long: It took 927 milliseconds, but should not have lasted longer than 840 milliseconds.",231,168,3,9,http://stload.se.ifmo.ru:8080/?token=518472196&&user=-1356113187&config=1,927,0,0
1776021877016,865,HTTP Request 1,200,OK,config 1 1-5,text,false,"The operation lasted too long: It took 865 milliseconds, but should not have lasted longer than 840 milliseconds.",231,168,3,9,http://stload.se.ifmo.ru:8080/?token=518472196&&user=-1356113187&config=1,865,0,0
1776021877348,875,HTTP Request 1,200,OK,config 1 1-6,text,false,"The operation lasted too long: It took 875 milliseconds, but should not have lasted longer than 840 milliseconds.",231,168,3,9,http://stload.se.ifmo.ru:8080/?token=518472196&&user=-1356113187&config=1,875,0,0
1776021878181,1005,HTTP Request 1,200,OK,config 1 1-4,text,false,"The operation lasted too long: It took 1,005 milliseconds, but should not have lasted longer than 840 milliseconds.",231,168,3,7,http://stload.se.ifmo.ru:8080/?token=518472196&&user=-1356113187&config=1,1005,0,0
1776021878516,886,HTTP Request 1,200,OK,config 1 1-5,text,false,"The operation lasted too long: It took 886 milliseconds, but should not have lasted longer than 840 milliseconds.",231,168,2,6,http://stload.se.ifmo.ru:8080/?token=518472196&&user=-1356113187&config=1,886,0,0
1776021878848,958,HTTP Request 1,200,OK,config 1 1-6,text,false,"The operation lasted too long: It took 958 milliseconds, but should not have lasted longer than 840 milliseconds.",231,168,2,6,http://stload.se.ifmo.ru:8080/?token=518472196&&user=-1356113187&config=1,958,0,0
1776021880016,870,HTTP Request 1,200,OK,config 1 1-5,text,false,"The operation lasted too long: It took 870 milliseconds, but should not have lasted longer than 840 milliseconds.",231,168,2,6,http://stload.se.ifmo.ru:8080/?token=518472196&&user=-1356113187&config=1,870,0,0
1776021880348,850,HTTP Request 1,200,OK,config 1 1-6,text,false,"The operation lasted too long: It took 850 milliseconds, but should not have lasted longer than 840 milliseconds.",231,168,2,6,http://stload.se.ifmo.ru:8080/?token=518472196&&user=-1356113187&config=1,850,0,0
1776021881516,925,HTTP Request 1,200,OK,config 1 1-5,text,false,"The operation lasted too long: It took 925 milliseconds, but should not have lasted longer than 840 milliseconds.",231,168,2,4,http://stload.se.ifmo.ru:8080/?token=518472196&&user=-1356113187&config=1,925,0,0
1776021881848,869,HTTP Request 1,200,OK,config 1 1-6,text,false,"The operation lasted too long: It took 869 milliseconds, but should not have lasted longer than 840 milliseconds.",231,168,1,3,http://stload.se.ifmo.ru:8080/?token=518472196&&user=-1356113187&config=1,869,0,0
1776021883348,845,HTTP Request 1,200,OK,config 1 1-6,text,false,"The operation lasted too long: It took 845 milliseconds, but should not have lasted longer than 840 milliseconds.",231,168,1,3,http://stload.se.ifmo.ru:8080/?token=518472196&&user=-1356113187&config=1,845,0,0
1776021884846,848,HTTP Request 1,200,OK,config 1 1-6,text,false,"The operation lasted too long: It took 848 milliseconds, but should not have lasted longer than 840 milliseconds.",231,168,1,1,http://stload.se.ifmo.ru:8080/?token=518472196&&user=-1356113187&config=1,848,0,0
