timeStamp,elapsed,label,responseCode,responseMessage,threadName,dataType,success,failureMessage,bytes,sentBytes,grpThreads,allThreads,URL,Latency,IdleTime,Connect
1775997393042,621,HTTP Request 2,200,OK,config 2 2-1,text,true,,231,168,4,11,http://stload.se.ifmo.ru:8080/?token=518472196&&user=-1356113187&config=2,621,0,35
1775997393127,584,HTTP Request 2,200,OK,config 2 2-2,text,true,,231,168,4,11,http://stload.se.ifmo.ru:8080/?token=518472196&&user=-1356113187&config=2,584,0,40
1775997393283,573,HTTP Request 2,200,OK,config 2 2-3,text,true,,231,168,4,12,http://stload.se.ifmo.ru:8080/?token=518472196&&user=-1356113187&config=2,573,0,27
1775997393498,621,HTTP Request 2,200,OK,config 2 2-4,text,true,,231,168,3,8,http://stload.se.ifmo.ru:8080/?token=518472196&&user=-1356113187&config=2,621,0,55
1775997393677,634,HTTP Request 2,200,OK,config 2 2-5,text,true,,231,168,2,5,http://stload.se.ifmo.ru:8080/?token=518472196&&user=-1356113187&config=2,634,0,84
1775997393770,559,HTTP Request 2,200,OK,config 2 2-6,text,true,,231,168,1,3,http://stload.se.ifmo.ru:8080/?token=518472196&&user=-1356113187&config=2,559,0,19
1775997415510,587,HTTP Request 2,200,OK,config 2 2-1,text,true,,231,168,4,10,http://stload.se.ifmo.ru:8080/?token=518472196&&user=-1356113187&config=2,587,0,40
1775997415617,597,HTTP Request 2,200,OK,config 2 2-2,text,true,,231,168,4,11,http://stload.se.ifmo.ru:8080/?token=518472196&&user=-1356113187&config=2,597,0,27
1775997415784,570,HTTP Request 2,200,OK,config 2 2-3,text,true,,231,168,4,12,http://stload.se.ifmo.ru:8080/?token=518472196&&user=-1356113187&config=2,570,0,27
1775997415951,637,HTTP Request 2,200,OK,config 2 2-4,text,true,,231,168,3,7,http://stload.se.ifmo.ru:8080/?token=518472196&&user=-1356113187&config=2,636,0,97
1775997416286,714,HTTP Request 2,200,OK,config 2 2-6,text,true,,231,168,2,5,http://stload.se.ifmo.ru:8080/?token=518472196&&user=-1356113187&config=2,714,0,39
1775997416119,881,HTTP Request 2,200,OK,config 2 2-5,text,false,"The operation lasted too long: It took 881 milliseconds, but should not have lasted longer than 840 milliseconds.",231,168,2,5,http://stload.se.ifmo.ru:8080/?token=518472196&&user=-1356113187&config=2,881,0,95
1775997421518,611,HTTP Request 2,200,OK,config 2 2-1,text,true,,231,168,5,13,http://stload.se.ifmo.ru:8080/?token=518472196&&user=-1356113187&config=2,611,0,63
1775997421622,576,HTTP Request 2,200,OK,config 2 2-2,text,true,,231,168,4,12,http://stload.se.ifmo.ru:8080/?token=518472196&&user=-1356113187&config=2,576,0,28
1775997421790,602,HTTP Request 2,200,OK,config 2 2-3,text,true,,231,168,4,12,http://stload.se.ifmo.ru:8080/?token=518472196&&user=-1356113187&config=2,602,0,27
1775997421957,623,HTTP Request 2,200,OK,config 2 2-4,text,true,,231,168,3,7,http://stload.se.ifmo.ru:8080/?token=518472196&&user=-1356113187&config=2,623,0,68
1775997422123,606,HTTP Request 2,200,OK,config 2 2-5,text,true,,231,168,2,5,http://stload.se.ifmo.ru:8080/?token=518472196&&user=-1356113187&config=2,606,0,34
1775997422291,620,HTTP Request 2,200,OK,config 2 2-6,text,true,,231,168,1,2,http://stload.se.ifmo.ru:8080/?token=518472196&&user=-1356113187&config=2,620,0,60
1775997462696,581,HTTP Request 2,200,OK,config 2 2-1,text,true,,231,168,4,10,http://stload.se.ifmo.ru:8080/?token=518472196&&user=-1356113187&config=2,581,0,49
1775997462800,585,HTTP Request 2,200,OK,config 2 2-2,text,true,,231,168,4,11,http://stload.se.ifmo.ru:8080/?token=518472196&&user=-1356113187&config=2,585,0,44
1775997462967,582,HTTP Request 2,200,OK,config 2 2-3,text,true,,231,168,4,12,http://stload.se.ifmo.ru:8080/?token=518472196&&user=-1356113187&config=2,582,0,39
1775997463134,574,HTTP Request 2,200,OK,config 2 2-4,text,true,,231,168,3,10,http://stload.se.ifmo.ru:8080/?token=518472196&&user=-1356113187&config=2,574,0,37
1775997463302,609,HTTP Request 2,200,OK,config 2 2-5,text,true,,231,168,2,8,http://stload.se.ifmo.ru:8080/?token=518472196&&user=-1356113187&config=2,609,0,43
1775997463469,580,HTTP Request 2,200,OK,config 2 2-6,text,true,,231,168,1,7,http://stload.se.ifmo.ru:8080/?token=518472196&&user=-1356113187&config=2,580,0,33
1775997539781,573,HTTP Request 2,200,OK,config 2 2-1,text,true,,231,168,4,12,http://stload.se.ifmo.ru:8080/?token=518472196&&user=-1356113187&config=2,572,0,40
1775997539890,577,HTTP Request 2,200,OK,config 2 2-2,text,true,,231,168,5,15,http://stload.se.ifmo.ru:8080/?token=518472196&&user=-1356113187&config=2,576,0,39
1775997540056,569,HTTP Request 2,200,OK,config 2 2-3,text,true,,231,168,6,18,http://stload.se.ifmo.ru:8080/?token=518472196&&user=-1356113187&config=2,569,0,27
1775997540224,654,HTTP Request 2,200,OK,config 2 2-4,text,true,,231,168,6,18,http://stload.se.ifmo.ru:8080/?token=518472196&&user=-1356113187&config=2,654,0,89
1775997540390,579,HTTP Request 2,200,OK,config 2 2-5,text,true,,231,168,6,18,http://stload.se.ifmo.ru:8080/?token=518472196&&user=-1356113187&config=2,578,0,27
1775997540557,582,HTTP Request 2,200,OK,config 2 2-6,text,true,,231,168,6,18,http://stload.se.ifmo.ru:8080/?token=518472196&&user=-1356113187&config=2,582,0,41
1775997541240,580,HTTP Request 2,200,OK,config 2 2-1,text,true,,231,168,6,18,http://stload.se.ifmo.ru:8080/?token=518472196&&user=-1356113187&config=2,580,0,0
1775997541390,627,HTTP Request 2,200,OK,config 2 2-2,text,true,,231,168,6,18,http://stload.se.ifmo.ru:8080/?token=518472196&&user=-1356113187&config=2,627,0,0
1775997541557,571,HTTP Request 2,200,OK,config 2 2-3,text,true,,231,168,6,18,http://stload.se.ifmo.ru:8080/?token=518472196&&user=-1356113187&config=2,571,0,0
1775997541723,550,HTTP Request 2,200,OK,config 2 2-4,text,true,,231,168,6,18,http://stload.se.ifmo.ru:8080/?token=518472196&&user=-1356113187&config=2,550,0,0
1775997541891,551,HTTP Request 2,200,OK,config 2 2-5,text,true,,231,168,6,18,http://stload.se.ifmo.ru:8080/?token=518472196&&user=-1356113187&config=2,551,0,0
1775997542057,562,HTTP Request 2,200,OK,config 2 2-6,text,true,,231,168,6,18,http://stload.se.ifmo.ru:8080/?token=518472196&&user=-1356113187&config=2,562,0,0
1775997542739,596,HTTP Request 2,200,OK,config 2 2-1,text,true,,231,168,6,18,http://stload.se.ifmo.ru:8080/?token=518472196&&user=-1356113187&config=2,596,0,0
1775997542889,603,HTTP Request 2,200,OK,config 2 2-2,text,true,,231,168,6,18,http://stload.se.ifmo.ru:8080/?token=518472196&&user=-1356113187&config=2,603,0,0
1775997543057,565,HTTP Request 2,200,OK,config 2 2-3,text,true,,231,168,6,18,http://stload.se.ifmo.ru:8080/?token=518472196&&user=-1356113187&config=2,565,0,0
1775997543224,589,HTTP Request 2,200,OK,config 2 2-4,text,true,,231,168,6,18,http://stload.se.ifmo.ru:8080/?token=518472196&&user=-1356113187&config=2,589,0,0
1775997543391,624,HTTP Request 2,200,OK,config 2 2-5,text,true,,231,168,6,18,http://stload.se.ifmo.ru:8080/?token=518472196&&user=-1356113187&config=2,624,0,0
1775997543557,608,HTTP Request 2,200,OK,config 2 2-6,text,true,,231,168,6,18,http://stload.se.ifmo.ru:8080/?token=518472196&&user=-1356113187&config=2,608,0,0
1775997544239,600,HTTP Request 2,200,OK,config 2 2-1,text,true,,231,168,6,18,http://stload.se.ifmo.ru:8080/?token=518472196&&user=-1356113187&config=2,600,0,0
1775997544390,606,HTTP Request 2,200,OK,config 2 2-2,text,true,,231,168,6,18,http://stload.se.ifmo.ru:8080/?token=518472196&&user=-1356113187&config=2,606,0,0
1775997544556,590,HTTP Request 2,200,OK,config 2 2-3,text,true,,231,168,6,18,http://stload.se.ifmo.ru:8080/?token=518472196&&user=-1356113187&config=2,590,0,0
1775997544723,621,HTTP Request 2,200,OK,config 2 2-4,text,true,,231,168,6,18,http://stload.se.ifmo.ru:8080/?token=518472196&&user=-1356113187&config=2,621,0,0
1775997544890,613,HTTP Request 2,200,OK,config 2 2-5,text,true,,231,168,6,18,http://stload.se.ifmo.ru:8080/?token=518472196&&user=-1356113187&config=2,613,0,0
1775997545056,597,HTTP Request 2,200,OK,config 2 2-6,text,true,,231,168,6,18,http://stload.se.ifmo.ru:8080/?token=518472196&&user=-1356113187&config=2,597,0,0
1775997545739,611,HTTP Request 2,200,OK,config 2 2-1,text,true,,231,168,6,18,http://stload.se.ifmo.ru:8080/?token=518472196&&user=-1356113187&config=2,611,0,0
1775997545890,627,HTTP Request 2,200,OK,config 2 2-2,text,true,,231,168,6,18,http://stload.se.ifmo.ru:8080/?token=518472196&&user=-1356113187&config=2,627,0,0
1775997546056,617,HTTP Request 2,200,OK,config 2 2-3,text,true,,231,168,6,18,http://stload.se.ifmo.ru:8080/?token=518472196&&user=-1356113187&config=2,617,0,0
1775997546223,604,HTTP Request 2,200,OK,config 2 2-4,text,true,,231,168,6,18,http://stload.se.ifmo.ru:8080/?token=518472196&&user=-1356113187&config=2,604,0,0
1775997546390,654,HTTP Request 2,200,OK,config 2 2-5,text,true,,231,168,6,18,http://stload.se.ifmo.ru:8080/?token=518472196&&user=-1356113187&config=2,654,0,0
1775997546557,664,HTTP Request 2,200,OK,config 2 2-6,text,true,,231,168,6,18,http://stload.se.ifmo.ru:8080/?token=518472196&&user=-1356113187&config=2,664,0,0
1775997547240,610,HTTP Request 2,200,OK,config 2 2-1,text,true,,231,168,6,18,http://stload.se.ifmo.ru:8080/?token=518472196&&user=-1356113187&config=2,610,0,0
1775997547389,624,HTTP Request 2,200,OK,config 2 2-2,text,true,,231,168,6,18,http://stload.se.ifmo.ru:8080/?token=518472196&&user=-1356113187&config=2,624,0,0
1775997547556,628,HTTP Request 2,200,OK,config 2 2-3,text,true,,231,168,6,18,http://stload.se.ifmo.ru:8080/?token=518472196&&user=-1356113187&config=2,628,0,0
1775997547724,634,HTTP Request 2,200,OK,config 2 2-4,text,true,,231,168,6,18,http://stload.se.ifmo.ru:8080/?token=518472196&&user=-1356113187&config=2,634,0,0
1775997547892,666,HTTP Request 2,200,OK,config 2 2-5,text,true,,231,168,6,18,http://stload.se.ifmo.ru:8080/?token=518472196&&user=-1356113187&config=2,666,0,0
1775997548056,678,HTTP Request 2,200,OK,config 2 2-6,text,true,,231,168,6,18,http://stload.se.ifmo.ru:8080/?token=518472196&&user=-1356113187&config=2,678,0,0
1775997548739,639,HTTP Request 2,200,OK,config 2 2-1,text,true,,231,168,6,18,http://stload.se.ifmo.ru:8080/?token=518472196&&user=-1356113187&config=2,639,0,0
1775997548889,660,HTTP Request 2,200,OK,config 2 2-2,text,true,,231,168,6,18,http://stload.se.ifmo.ru:8080/?token=518472196&&user=-1356113187&config=2,660,0,0
1775997549056,727,HTTP Request 2,200,OK,config 2 2-3,text,true,,231,168,6,18,http://stload.se.ifmo.ru:8080/?token=518472196&&user=-1356113187&config=2,727,0,0
1775997549223,669,HTTP Request 2,200,OK,config 2 2-4,text,true,,231,168,6,18,http://stload.se.ifmo.ru:8080/?token=518472196&&user=-1356113187&config=2,669,0,0
1775997549391,732,HTTP Request 2,200,OK,config 2 2-5,text,true,,231,168,6,18,http://stload.se.ifmo.ru:8080/?token=518472196&&user=-1356113187&config=2,732,0,0
1775997549557,697,HTTP Request 2,200,OK,config 2 2-6,text,true,,231,168,6,18,http://stload.se.ifmo.ru:8080/?token=518472196&&user=-1356113187&config=2,696,0,0
1775997550239,695,HTTP Request 2,200,OK,config 2 2-1,text,true,,231,168,6,18,http://stload.se.ifmo.ru:8080/?token=518472196&&user=-1356113187&config=2,694,0,0
1775997550390,683,HTTP Request 2,200,OK,config 2 2-2,text,true,,231,168,6,18,http://stload.se.ifmo.ru:8080/?token=518472196&&user=-1356113187&config=2,683,0,0
1775997550556,653,HTTP Request 2,200,OK,config 2 2-3,text,true,,231,168,6,18,http://stload.se.ifmo.ru:8080/?token=518472196&&user=-1356113187&config=2,653,0,0
1775997550724,744,HTTP Request 2,200,OK,config 2 2-4,text,true,,231,168,6,18,http://stload.se.ifmo.ru:8080/?token=518472196&&user=-1356113187&config=2,744,0,0
1775997550890,743,HTTP Request 2,200,OK,config 2 2-5,text,true,,231,168,6,18,http://stload.se.ifmo.ru:8080/?token=518472196&&user=-1356113187&config=2,743,0,0
1775997551056,697,HTTP Request 2,200,OK,config 2 2-6,text,true,,231,168,6,18,http://stload.se.ifmo.ru:8080/?token=518472196&&user=-1356113187&config=2,697,0,0
1775997551739,649,HTTP Request 2,200,OK,config 2 2-1,text,true,,231,168,6,18,http://stload.se.ifmo.ru:8080/?token=518472196&&user=-1356113187&config=2,649,0,0
1775997551889,652,HTTP Request 2,200,OK,config 2 2-2,text,true,,231,168,6,18,http://stload.se.ifmo.ru:8080/?token=518472196&&user=-1356113187&config=2,652,0,0
1775997552056,653,HTTP Request 2,200,OK,config 2 2-3,text,true,,231,168,6,18,http://stload.se.ifmo.ru:8080/?token=518472196&&user=-1356113187&config=2,653,0,0
1775997552224,656,HTTP Request 2,200,OK,config 2 2-4,text,true,,231,168,6,18,http://stload.se.ifmo.ru:8080/?token=518472196&&user=-1356113187&config=2,656,0,0
1775997552390,703,HTTP Request 2,200,OK,config 2 2-5,text,true,,231,168,6,18,http://stload.se.ifmo.ru:8080/?token=518472196&&user=-1356113187&config=2,703,0,0
1775997552557,682,HTTP Request 2,200,OK,config 2 2-6,text,true,,231,168,6,18,http://stload.se.ifmo.ru:8080/?token=518472196&&user=-1356113187&config=2,682,0,0
1775997553239,652,HTTP Request 2,200,OK,config 2 2-1,text,true,,231,168,6,18,http://stload.se.ifmo.ru:8080/?token=518472196&&user=-1356113187&config=2,652,0,0
1775997553389,656,HTTP Request 2,200,OK,config 2 2-2,text,true,,231,168,6,18,http://stload.se.ifmo.ru:8080/?token=518472196&&user=-1356113187&config=2,656,0,0
1775997553556,672,HTTP Request 2,200,OK,config 2 2-3,text,true,,231,168,6,18,http://stload.se.ifmo.ru:8080/?token=518472196&&user=-1356113187&config=2,672,0,0
1775997553724,652,HTTP Request 2,200,OK,config 2 2-4,text,true,,231,168,6,18,http://stload.se.ifmo.ru:8080/?token=518472196&&user=-1356113187&config=2,652,0,0
1775997553890,649,HTTP Request 2,200,OK,config 2 2-5,text,true,,231,168,6,18,http://stload.se.ifmo.ru:8080/?token=518472196&&user=-1356113187&config=2,649,0,0
1775997554056,695,HTTP Request 2,200,OK,config 2 2-6,text,true,,231,168,6,18,http://stload.se.ifmo.ru:8080/?token=518472196&&user=-1356113187&config=2,695,0,0
1775997554740,650,HTTP Request 2,200,OK,config 2 2-1,text,true,,231,168,6,18,http://stload.se.ifmo.ru:8080/?token=518472196&&user=-1356113187&config=2,650,0,0
1775997554890,654,HTTP Request 2,200,OK,config 2 2-2,text,true,,231,168,6,18,http://stload.se.ifmo.ru:8080/?token=518472196&&user=-1356113187&config=2,654,0,0
1775997555056,650,HTTP Request 2,200,OK,config 2 2-3,text,true,,231,168,6,18,http://stload.se.ifmo.ru:8080/?token=518472196&&user=-1356113187&config=2,650,0,0
1775997555223,666,HTTP Request 2,200,OK,config 2 2-4,text,true,,231,168,6,18,http://stload.se.ifmo.ru:8080/?token=518472196&&user=-1356113187&config=2,666,0,0
1775997555390,665,HTTP Request 2,200,OK,config 2 2-5,text,true,,231,168,6,18,http://stload.se.ifmo.ru:8080/?token=518472196&&user=-1356113187&config=2,665,0,0
1775997555557,696,HTTP Request 2,200,OK,config 2 2-6,text,true,,231,168,6,18,http://stload.se.ifmo.ru:8080/?token=518472196&&user=-1356113187&config=2,696,0,0
1775997556239,646,HTTP Request 2,200,OK,config 2 2-1,text,true,,231,168,6,18,http://stload.se.ifmo.ru:8080/?token=518472196&&user=-1356113187&config=2,646,0,0
1775997556390,654,HTTP Request 2,200,OK,config 2 2-2,text,true,,231,168,6,18,http://stload.se.ifmo.ru:8080/?token=518472196&&user=-1356113187&config=2,654,0,0
1775997556556,654,HTTP Request 2,200,OK,config 2 2-3,text,true,,231,168,6,18,http://stload.se.ifmo.ru:8080/?token=518472196&&user=-1356113187&config=2,654,0,0
1775997556723,1059,HTTP Request 2,200,OK,config 2 2-4,text,false,"The operation lasted too long: It took 1,059 milliseconds, but should not have lasted longer than 840 milliseconds.",231,168,6,18,http://stload.se.ifmo.ru:8080/?token=518472196&&user=-1356113187&config=2,1059,0,0
1775997557056,740,HTTP Request 2,200,OK,config 2 2-6,text,true,,231,168,6,18,http://stload.se.ifmo.ru:8080/?token=518472196&&user=-1356113187&config=2,740,0,0
1775997556891,905,HTTP Request 2,200,OK,config 2 2-5,text,false,"The operation lasted too long: It took 905 milliseconds, but should not have lasted longer than 840 milliseconds.",231,168,6,18,http://stload.se.ifmo.ru:8080/?token=518472196&&user=-1356113187&config=2,905,0,0
1775997557739,728,HTTP Request 2,200,OK,config 2 2-1,text,true,,231,168,6,18,http://stload.se.ifmo.ru:8080/?token=518472196&&user=-1356113187&config=2,728,0,0
1775997557890,654,HTTP Request 2,200,OK,config 2 2-2,text,true,,231,168,6,18,http://stload.se.ifmo.ru:8080/?token=518472196&&user=-1356113187&config=2,653,0,0
1775997558057,656,HTTP Request 2,200,OK,config 2 2-3,text,true,,231,168,6,18,http://stload.se.ifmo.ru:8080/?token=518472196&&user=-1356113187&config=2,656,0,0
1775997558223,691,HTTP Request 2,200,OK,config 2 2-4,text,true,,231,168,6,18,http://stload.se.ifmo.ru:8080/?token=518472196&&user=-1356113187&config=2,691,0,0
1775997558391,671,HTTP Request 2,200,OK,config 2 2-5,text,true,,231,168,6,18,http://stload.se.ifmo.ru:8080/?token=518472196&&user=-1356113187&config=2,671,0,0
1775997558556,687,HTTP Request 2,200,OK,config 2 2-6,text,true,,231,168,6,18,http://stload.se.ifmo.ru:8080/?token=518472196&&user=-1356113187&config=2,687,0,0
1775997559239,733,HTTP Request 2,200,OK,config 2 2-1,text,true,,231,168,6,18,http://stload.se.ifmo.ru:8080/?token=518472196&&user=-1356113187&config=2,733,0,0
1775997559389,655,HTTP Request 2,200,OK,config 2 2-2,text,true,,231,168,6,18,http://stload.se.ifmo.ru:8080/?token=518472196&&user=-1356113187&config=2,655,0,0
1775997559556,653,HTTP Request 2,200,OK,config 2 2-3,text,true,,231,168,6,18,http://stload.se.ifmo.ru:8080/?token=518472196&&user=-1356113187&config=2,653,0,0
1775997559723,667,HTTP Request 2,200,OK,config 2 2-4,text,true,,231,168,6,18,http://stload.se.ifmo.ru:8080/?token=518472196&&user=-1356113187&config=2,667,0,0
1775997559890,729,HTTP Request 2,200,OK,config 2 2-5,text,true,,231,168,6,18,http://stload.se.ifmo.ru:8080/?token=518472196&&user=-1356113187&config=2,729,0,0
1775997560056,675,HTTP Request 2,200,OK,config 2 2-6,text,true,,231,168,6,18,http://stload.se.ifmo.ru:8080/?token=518472196&&user=-1356113187&config=2,675,0,0
1775997560740,683,HTTP Request 2,200,OK,config 2 2-1,text,true,,231,168,6,18,http://stload.se.ifmo.ru:8080/?token=518472196&&user=-1356113187&config=2,683,0,0
1775997560890,678,HTTP Request 2,200,OK,config 2 2-2,text,true,,231,168,6,18,http://stload.se.ifmo.ru:8080/?token=518472196&&user=-1356113187&config=2,678,0,0
1775997561056,653,HTTP Request 2,200,OK,config 2 2-3,text,true,,231,168,6,18,http://stload.se.ifmo.ru:8080/?token=518472196&&user=-1356113187&config=2,653,0,0
1775997561224,663,HTTP Request 2,200,OK,config 2 2-4,text,true,,231,168,6,18,http://stload.se.ifmo.ru:8080/?token=518472196&&user=-1356113187&config=2,663,0,0
1775997561390,676,HTTP Request 2,200,OK,config 2 2-5,text,true,,231,168,6,18,http://stload.se.ifmo.ru:8080/?token=518472196&&user=-1356113187&config=2,676,0,0
1775997561556,678,HTTP Request 2,200,OK,config 2 2-6,text,true,,231,168,6,18,http://stload.se.ifmo.ru:8080/?token=518472196&&user=-1356113187&config=2,678,0,0
1775997562239,667,HTTP Request 2,200,OK,config 2 2-1,text,true,,231,168,6,18,http://stload.se.ifmo.ru:8080/?token=518472196&&user=-1356113187&config=2,667,0,0
1775997562390,655,HTTP Request 2,200,OK,config 2 2-2,text,true,,231,168,6,18,http://stload.se.ifmo.ru:8080/?token=518472196&&user=-1356113187&config=2,655,0,0
1775997562556,639,HTTP Request 2,200,OK,config 2 2-3,text,true,,231,168,6,18,http://stload.se.ifmo.ru:8080/?token=518472196&&user=-1356113187&config=2,639,0,0
1775997562723,674,HTTP Request 2,200,OK,config 2 2-4,text,true,,231,168,6,18,http://stload.se.ifmo.ru:8080/?token=518472196&&user=-1356113187&config=2,674,0,0
1775997562890,660,HTTP Request 2,200,OK,config 2 2-5,text,true,,231,168,6,18,http://stload.se.ifmo.ru:8080/?token=518472196&&user=-1356113187&config=2,660,0,0
1775997563057,652,HTTP Request 2,200,OK,config 2 2-6,text,true,,231,168,6,18,http://stload.se.ifmo.ru:8080/?token=518472196&&user=-1356113187&config=2,652,0,0
1775997563739,667,HTTP Request 2,200,OK,config 2 2-1,text,true,,231,168,6,18,http://stload.se.ifmo.ru:8080/?token=518472196&&user=-1356113187&config=2,667,0,0
1775997563889,678,HTTP Request 2,200,OK,config 2 2-2,text,true,,231,168,6,18,http://stload.se.ifmo.ru:8080/?token=518472196&&user=-1356113187&config=2,678,0,0
1775997564057,651,HTTP Request 2,200,OK,config 2 2-3,text,true,,231,168,6,18,http://stload.se.ifmo.ru:8080/?token=518472196&&user=-1356113187&config=2,651,0,0
1775997564224,665,HTTP Request 2,200,OK,config 2 2-4,text,true,,231,168,6,18,http://stload.se.ifmo.ru:8080/?token=518472196&&user=-1356113187&config=2,665,0,0
1775997564391,670,HTTP Request 2,200,OK,config 2 2-5,text,true,,231,168,6,18,http://stload.se.ifmo.ru:8080/?token=518472196&&user=-1356113187&config=2,670,0,0
1775997564556,661,HTTP Request 2,200,OK,config 2 2-6,text,true,,231,168,6,18,http://stload.se.ifmo.ru:8080/?token=518472196&&user=-1356113187&config=2,661,0,0
1775997565239,653,HTTP Request 2,200,OK,config 2 2-1,text,true,,231,168,6,18,http://stload.se.ifmo.ru:8080/?token=518472196&&user=-1356113187&config=2,653,0,0
1775997565390,641,HTTP Request 2,200,OK,config 2 2-2,text,true,,231,168,6,18,http://stload.se.ifmo.ru:8080/?token=518472196&&user=-1356113187&config=2,641,0,0
1775997565557,689,HTTP Request 2,200,OK,config 2 2-3,text,true,,231,168,6,18,http://stload.se.ifmo.ru:8080/?token=518472196&&user=-1356113187&config=2,689,0,0
1775997565724,668,HTTP Request 2,200,OK,config 2 2-4,text,true,,231,168,6,18,http://stload.se.ifmo.ru:8080/?token=518472196&&user=-1356113187&config=2,668,0,0
1775997565891,690,HTTP Request 2,200,OK,config 2 2-5,text,true,,231,168,6,18,http://stload.se.ifmo.ru:8080/?token=518472196&&user=-1356113187&config=2,690,0,0
1775997566056,682,HTTP Request 2,200,OK,config 2 2-6,text,true,,231,168,6,18,http://stload.se.ifmo.ru:8080/?token=518472196&&user=-1356113187&config=2,682,0,0
1775997566739,679,HTTP Request 2,200,OK,config 2 2-1,text,true,,231,168,6,18,http://stload.se.ifmo.ru:8080/?token=518472196&&user=-1356113187&config=2,679,0,0
1775997566889,656,HTTP Request 2,200,OK,config 2 2-2,text,true,,231,168,6,18,http://stload.se.ifmo.ru:8080/?token=518472196&&user=-1356113187&config=2,656,0,0
1775997567056,641,HTTP Request 2,200,OK,config 2 2-3,text,true,,231,168,6,18,http://stload.se.ifmo.ru:8080/?token=518472196&&user=-1356113187&config=2,641,0,0
1775997567223,734,HTTP Request 2,200,OK,config 2 2-4,text,true,,231,168,6,18,http://stload.se.ifmo.ru:8080/?token=518472196&&user=-1356113187&config=2,734,0,0
1775997567391,677,HTTP Request 2,200,OK,config 2 2-5,text,true,,231,168,6,18,http://stload.se.ifmo.ru:8080/?token=518472196&&user=-1356113187&config=2,677,0,0
1775997567556,737,HTTP Request 2,200,OK,config 2 2-6,text,true,,231,168,6,18,http://stload.se.ifmo.ru:8080/?token=518472196&&user=-1356113187&config=2,737,0,0
1775997568239,690,HTTP Request 2,200,OK,config 2 2-1,text,true,,231,168,6,16,http://stload.se.ifmo.ru:8080/?token=518472196&&user=-1356113187&config=2,690,0,0
1775997568390,649,HTTP Request 2,200,OK,config 2 2-2,text,true,,231,168,5,14,http://stload.se.ifmo.ru:8080/?token=518472196&&user=-1356113187&config=2,649,0,0
1775997568556,644,HTTP Request 2,200,OK,config 2 2-3,text,true,,231,168,4,11,http://stload.se.ifmo.ru:8080/?token=518472196&&user=-1356113187&config=2,644,0,0
1775997568723,651,HTTP Request 2,200,OK,config 2 2-4,text,true,,231,168,3,8,http://stload.se.ifmo.ru:8080/?token=518472196&&user=-1356113187&config=2,650,0,0
1775997568890,656,HTTP Request 2,200,OK,config 2 2-5,text,true,,231,168,2,5,http://stload.se.ifmo.ru:8080/?token=518472196&&user=-1356113187&config=2,656,0,0
1775997569057,660,HTTP Request 2,200,OK,config 2 2-6,text,true,,231,168,1,3,http://stload.se.ifmo.ru:8080/?token=518472196&&user=-1356113187&config=2,660,0,0
1775997640652,593,HTTP Request 2,200,OK,config 2 2-1,text,true,,231,168,4,12,http://stload.se.ifmo.ru:8080/?token=518472196&&user=-1356113187&config=2,593,0,53
1775997640758,648,HTTP Request 2,200,OK,config 2 2-2,text,true,,231,168,5,15,http://stload.se.ifmo.ru:8080/?token=518472196&&user=-1356113187&config=2,648,0,79
1775997640925,620,HTTP Request 2,200,OK,config 2 2-3,text,true,,231,168,6,18,http://stload.se.ifmo.ru:8080/?token=518472196&&user=-1356113187&config=2,620,0,40
1775997641092,615,HTTP Request 2,200,OK,config 2 2-4,text,true,,231,168,6,18,http://stload.se.ifmo.ru:8080/?token=518472196&&user=-1356113187&config=2,615,0,69
1775997641260,672,HTTP Request 2,200,OK,config 2 2-5,text,true,,231,168,6,18,http://stload.se.ifmo.ru:8080/?token=518472196&&user=-1356113187&config=2,671,0,97
1775997641427,576,HTTP Request 2,200,OK,config 2 2-6,text,true,,231,168,6,18,http://stload.se.ifmo.ru:8080/?token=518472196&&user=-1356113187&config=2,576,0,34
1775997642109,604,HTTP Request 2,200,OK,config 2 2-1,text,true,,231,168,6,18,http://stload.se.ifmo.ru:8080/?token=518472196&&user=-1356113187&config=2,603,0,0
1775997642258,581,HTTP Request 2,200,OK,config 2 2-2,text,true,,231,168,6,18,http://stload.se.ifmo.ru:8080/?token=518472196&&user=-1356113187&config=2,581,0,0
1775997642426,593,HTTP Request 2,200,OK,config 2 2-3,text,true,,231,168,6,18,http://stload.se.ifmo.ru:8080/?token=518472196&&user=-1356113187&config=2,593,0,0
1775997642592,550,HTTP Request 2,200,OK,config 2 2-4,text,true,,231,168,6,18,http://stload.se.ifmo.ru:8080/?token=518472196&&user=-1356113187&config=2,550,0,0
1775997642761,549,HTTP Request 2,200,OK,config 2 2-5,text,true,,231,168,6,18,http://stload.se.ifmo.ru:8080/?token=518472196&&user=-1356113187&config=2,549,0,0
1775997642928,556,HTTP Request 2,200,OK,config 2 2-6,text,true,,231,168,6,18,http://stload.se.ifmo.ru:8080/?token=518472196&&user=-1356113187&config=2,556,0,0
1775997643609,584,HTTP Request 2,200,OK,config 2 2-1,text,true,,231,168,6,18,http://stload.se.ifmo.ru:8080/?token=518472196&&user=-1356113187&config=2,584,0,0
1775997643758,596,HTTP Request 2,200,OK,config 2 2-2,text,true,,231,168,6,18,http://stload.se.ifmo.ru:8080/?token=518472196&&user=-1356113187&config=2,596,0,0
1775997643926,572,HTTP Request 2,200,OK,config 2 2-3,text,true,,231,168,6,18,http://stload.se.ifmo.ru:8080/?token=518472196&&user=-1356113187&config=2,572,0,0
1775997644092,570,HTTP Request 2,200,OK,config 2 2-4,text,true,,231,168,6,18,http://stload.se.ifmo.ru:8080/?token=518472196&&user=-1356113187&config=2,570,0,0
1775997644260,569,HTTP Request 2,200,OK,config 2 2-5,text,true,,231,168,6,18,http://stload.se.ifmo.ru:8080/?token=518472196&&user=-1356113187&config=2,569,0,0
1775997644428,561,HTTP Request 2,200,OK,config 2 2-6,text,true,,231,168,6,18,http://stload.se.ifmo.ru:8080/?token=518472196&&user=-1356113187&config=2,561,0,0
1775997645109,567,HTTP Request 2,200,OK,config 2 2-1,text,true,,231,168,6,18,http://stload.se.ifmo.ru:8080/?token=518472196&&user=-1356113187&config=2,567,0,0
1775997645258,587,HTTP Request 2,200,OK,config 2 2-2,text,true,,231,168,6,18,http://stload.se.ifmo.ru:8080/?token=518472196&&user=-1356113187&config=2,587,0,0
1775997645426,587,HTTP Request 2,200,OK,config 2 2-3,text,true,,231,168,6,18,http://stload.se.ifmo.ru:8080/?token=518472196&&user=-1356113187&config=2,587,0,0
1775997645592,594,HTTP Request 2,200,OK,config 2 2-4,text,true,,231,168,6,18,http://stload.se.ifmo.ru:8080/?token=518472196&&user=-1356113187&config=2,594,0,0
1775997645760,589,HTTP Request 2,200,OK,config 2 2-5,text,true,,231,168,6,18,http://stload.se.ifmo.ru:8080/?token=518472196&&user=-1356113187&config=2,589,0,0
1775997645927,602,HTTP Request 2,200,OK,config 2 2-6,text,true,,231,168,6,18,http://stload.se.ifmo.ru:8080/?token=518472196&&user=-1356113187&config=2,601,0,0
1775997646608,580,HTTP Request 2,200,OK,config 2 2-1,text,true,,231,168,6,18,http://stload.se.ifmo.ru:8080/?token=518472196&&user=-1356113187&config=2,580,0,0
1775997646758,601,HTTP Request 2,200,OK,config 2 2-2,text,true,,231,168,6,18,http://stload.se.ifmo.ru:8080/?token=518472196&&user=-1356113187&config=2,601,0,0
1775997646926,614,HTTP Request 2,200,OK,config 2 2-3,text,true,,231,168,6,18,http://stload.se.ifmo.ru:8080/?token=518472196&&user=-1356113187&config=2,614,0,0
1775997647093,604,HTTP Request 2,200,OK,config 2 2-4,text,true,,231,168,6,18,http://stload.se.ifmo.ru:8080/?token=518472196&&user=-1356113187&config=2,604,0,0
1775997647260,693,HTTP Request 2,200,OK,config 2 2-5,text,true,,231,168,6,18,http://stload.se.ifmo.ru:8080/?token=518472196&&user=-1356113187&config=2,693,0,0
1775997647427,638,HTTP Request 2,200,OK,config 2 2-6,text,true,,231,168,6,18,http://stload.se.ifmo.ru:8080/?token=518472196&&user=-1356113187&config=2,638,0,0
1775997648109,647,HTTP Request 2,200,OK,config 2 2-1,text,true,,231,168,6,18,http://stload.se.ifmo.ru:8080/?token=518472196&&user=-1356113187&config=2,647,0,0
1775997648257,805,HTTP Request 2,200,OK,config 2 2-2,text,true,,231,168,6,18,http://stload.se.ifmo.ru:8080/?token=518472196&&user=-1356113187&config=2,805,0,0
1775997648425,651,HTTP Request 2,200,OK,config 2 2-3,text,true,,231,168,6,18,http://stload.se.ifmo.ru:8080/?token=518472196&&user=-1356113187&config=2,651,0,0
1775997648593,619,HTTP Request 2,200,OK,config 2 2-4,text,true,,231,168,6,18,http://stload.se.ifmo.ru:8080/?token=518472196&&user=-1356113187&config=2,619,0,0
1775997648761,664,HTTP Request 2,200,OK,config 2 2-5,text,true,,231,168,6,18,http://stload.se.ifmo.ru:8080/?token=518472196&&user=-1356113187&config=2,664,0,0
1775997648928,642,HTTP Request 2,200,OK,config 2 2-6,text,true,,231,168,6,18,http://stload.se.ifmo.ru:8080/?token=518472196&&user=-1356113187&config=2,642,0,0
1775997649608,639,HTTP Request 2,200,OK,config 2 2-1,text,true,,231,168,6,18,http://stload.se.ifmo.ru:8080/?token=518472196&&user=-1356113187&config=2,639,0,0
1775997649758,655,HTTP Request 2,200,OK,config 2 2-2,text,true,,231,168,6,18,http://stload.se.ifmo.ru:8080/?token=518472196&&user=-1356113187&config=2,655,0,0
1775997649925,661,HTTP Request 2,200,OK,config 2 2-3,text,true,,231,168,6,18,http://stload.se.ifmo.ru:8080/?token=518472196&&user=-1356113187&config=2,661,0,0
1775997650092,679,HTTP Request 2,200,OK,config 2 2-4,text,true,,231,168,6,18,http://stload.se.ifmo.ru:8080/?token=518472196&&user=-1356113187&config=2,679,0,0
1775997650261,697,HTTP Request 2,200,OK,config 2 2-5,text,true,,231,168,6,18,http://stload.se.ifmo.ru:8080/?token=518472196&&user=-1356113187&config=2,697,0,0
1775997650428,670,HTTP Request 2,200,OK,config 2 2-6,text,true,,231,168,6,18,http://stload.se.ifmo.ru:8080/?token=518472196&&user=-1356113187&config=2,670,0,0
1775997651109,688,HTTP Request 2,200,OK,config 2 2-1,text,true,,231,168,6,18,http://stload.se.ifmo.ru:8080/?token=518472196&&user=-1356113187&config=2,688,0,0
1775997651258,666,HTTP Request 2,200,OK,config 2 2-2,text,true,,231,168,6,18,http://stload.se.ifmo.ru:8080/?token=518472196&&user=-1356113187&config=2,666,0,0
1775997651425,663,HTTP Request 2,200,OK,config 2 2-3,text,true,,231,168,6,18,http://stload.se.ifmo.ru:8080/?token=518472196&&user=-1356113187&config=2,663,0,0
1775997651593,669,HTTP Request 2,200,OK,config 2 2-4,text,true,,231,168,6,18,http://stload.se.ifmo.ru:8080/?token=518472196&&user=-1356113187&config=2,669,0,0
1775997651760,682,HTTP Request 2,200,OK,config 2 2-5,text,true,,231,168,6,18,http://stload.se.ifmo.ru:8080/?token=518472196&&user=-1356113187&config=2,682,0,0
1775997651927,726,HTTP Request 2,200,OK,config 2 2-6,text,true,,231,168,6,18,http://stload.se.ifmo.ru:8080/?token=518472196&&user=-1356113187&config=2,726,0,0
1775997652609,636,HTTP Request 2,200,OK,config 2 2-1,text,true,,231,168,6,18,http://stload.se.ifmo.ru:8080/?token=518472196&&user=-1356113187&config=2,636,0,0
1775997652757,656,HTTP Request 2,200,OK,config 2 2-2,text,true,,231,168,6,18,http://stload.se.ifmo.ru:8080/?token=518472196&&user=-1356113187&config=2,656,0,0
1775997652926,656,HTTP Request 2,200,OK,config 2 2-3,text,true,,231,168,6,18,http://stload.se.ifmo.ru:8080/?token=518472196&&user=-1356113187&config=2,656,0,0
1775997653093,720,HTTP Request 2,200,OK,config 2 2-4,text,true,,231,168,6,18,http://stload.se.ifmo.ru:8080/?token=518472196&&user=-1356113187&config=2,720,0,0
1775997653260,713,HTTP Request 2,200,OK,config 2 2-5,text,true,,231,168,6,18,http://stload.se.ifmo.ru:8080/?token=518472196&&user=-1356113187&config=2,713,0,0
1775997653428,684,HTTP Request 2,200,OK,config 2 2-6,text,true,,231,168,6,18,http://stload.se.ifmo.ru:8080/?token=518472196&&user=-1356113187&config=2,684,0,0
1775997654109,639,HTTP Request 2,200,OK,config 2 2-1,text,true,,231,168,6,18,http://stload.se.ifmo.ru:8080/?token=518472196&&user=-1356113187&config=2,639,0,0
1775997654258,655,HTTP Request 2,200,OK,config 2 2-2,text,true,,231,168,6,18,http://stload.se.ifmo.ru:8080/?token=518472196&&user=-1356113187&config=2,655,0,0
1775997654425,684,HTTP Request 2,200,OK,config 2 2-3,text,true,,231,168,6,18,http://stload.se.ifmo.ru:8080/?token=518472196&&user=-1356113187&config=2,684,0,0
1775997654592,653,HTTP Request 2,200,OK,config 2 2-4,text,true,,231,168,6,18,http://stload.se.ifmo.ru:8080/?token=518472196&&user=-1356113187&config=2,653,0,0
1775997654761,694,HTTP Request 2,200,OK,config 2 2-5,text,true,,231,168,6,18,http://stload.se.ifmo.ru:8080/?token=518472196&&user=-1356113187&config=2,694,0,0
1775997654927,677,HTTP Request 2,200,OK,config 2 2-6,text,true,,231,168,6,18,http://stload.se.ifmo.ru:8080/?token=518472196&&user=-1356113187&config=2,677,0,0
1775997655609,733,HTTP Request 2,200,OK,config 2 2-1,text,true,,231,168,6,18,http://stload.se.ifmo.ru:8080/?token=518472196&&user=-1356113187&config=2,733,0,0
1775997655758,650,HTTP Request 2,200,OK,config 2 2-2,text,true,,231,168,6,18,http://stload.se.ifmo.ru:8080/?token=518472196&&user=-1356113187&config=2,650,0,0
1775997655926,647,HTTP Request 2,200,OK,config 2 2-3,text,true,,231,168,6,18,http://stload.se.ifmo.ru:8080/?token=518472196&&user=-1356113187&config=2,647,0,0
1775997656093,664,HTTP Request 2,200,OK,config 2 2-4,text,true,,231,168,6,18,http://stload.se.ifmo.ru:8080/?token=518472196&&user=-1356113187&config=2,664,0,0
1775997656261,647,HTTP Request 2,200,OK,config 2 2-5,text,true,,231,168,6,18,http://stload.se.ifmo.ru:8080/?token=518472196&&user=-1356113187&config=2,647,0,0
1775997656427,683,HTTP Request 2,200,OK,config 2 2-6,text,true,,231,168,6,18,http://stload.se.ifmo.ru:8080/?token=518472196&&user=-1356113187&config=2,683,0,0
1775997657108,635,HTTP Request 2,200,OK,config 2 2-1,text,true,,231,168,6,18,http://stload.se.ifmo.ru:8080/?token=518472196&&user=-1356113187&config=2,635,0,0
1775997657258,654,HTTP Request 2,200,OK,config 2 2-2,text,true,,231,168,6,18,http://stload.se.ifmo.ru:8080/?token=518472196&&user=-1356113187&config=2,654,0,0
1775997657426,650,HTTP Request 2,200,OK,config 2 2-3,text,true,,231,168,6,18,http://stload.se.ifmo.ru:8080/?token=518472196&&user=-1356113187&config=2,650,0,0
1775997657593,679,HTTP Request 2,200,OK,config 2 2-4,text,true,,231,168,6,18,http://stload.se.ifmo.ru:8080/?token=518472196&&user=-1356113187&config=2,679,0,0
1775997657761,682,HTTP Request 2,200,OK,config 2 2-5,text,true,,231,168,6,18,http://stload.se.ifmo.ru:8080/?token=518472196&&user=-1356113187&config=2,682,0,0
1775997657927,691,HTTP Request 2,200,OK,config 2 2-6,text,true,,231,168,6,18,http://stload.se.ifmo.ru:8080/?token=518472196&&user=-1356113187&config=2,691,0,0
1775997658609,694,HTTP Request 2,200,OK,config 2 2-1,text,true,,231,168,6,18,http://stload.se.ifmo.ru:8080/?token=518472196&&user=-1356113187&config=2,694,0,0
1775997658758,653,HTTP Request 2,200,OK,config 2 2-2,text,true,,231,168,6,18,http://stload.se.ifmo.ru:8080/?token=518472196&&user=-1356113187&config=2,653,0,0
1775997658925,655,HTTP Request 2,200,OK,config 2 2-3,text,true,,231,168,6,18,http://stload.se.ifmo.ru:8080/?token=518472196&&user=-1356113187&config=2,655,0,0
1775997659092,661,HTTP Request 2,200,OK,config 2 2-4,text,true,,231,168,6,18,http://stload.se.ifmo.ru:8080/?token=518472196&&user=-1356113187&config=2,661,0,0
1775997659261,684,HTTP Request 2,200,OK,config 2 2-5,text,true,,231,168,6,18,http://stload.se.ifmo.ru:8080/?token=518472196&&user=-1356113187&config=2,684,0,0
1775997659427,672,HTTP Request 2,200,OK,config 2 2-6,text,true,,231,168,6,18,http://stload.se.ifmo.ru:8080/?token=518472196&&user=-1356113187&config=2,672,0,0
1775997660108,678,HTTP Request 2,200,OK,config 2 2-1,text,true,,231,168,6,18,http://stload.se.ifmo.ru:8080/?token=518472196&&user=-1356113187&config=2,678,0,0
1775997660257,661,HTTP Request 2,200,OK,config 2 2-2,text,true,,231,168,6,18,http://stload.se.ifmo.ru:8080/?token=518472196&&user=-1356113187&config=2,661,0,0
1775997660425,660,HTTP Request 2,200,OK,config 2 2-3,text,true,,231,168,6,18,http://stload.se.ifmo.ru:8080/?token=518472196&&user=-1356113187&config=2,660,0,0
1775997660592,706,HTTP Request 2,200,OK,config 2 2-4,text,true,,231,168,6,18,http://stload.se.ifmo.ru:8080/?token=518472196&&user=-1356113187&config=2,706,0,0
1775997660761,670,HTTP Request 2,200,OK,config 2 2-5,text,true,,231,168,6,18,http://stload.se.ifmo.ru:8080/?token=518472196&&user=-1356113187&config=2,670,0,0
1775997660927,710,HTTP Request 2,200,OK,config 2 2-6,text,true,,231,168,6,18,http://stload.se.ifmo.ru:8080/?token=518472196&&user=-1356113187&config=2,710,0,0
1775997661608,649,HTTP Request 2,200,OK,config 2 2-1,text,true,,231,168,6,18,http://stload.se.ifmo.ru:8080/?token=518472196&&user=-1356113187&config=2,649,0,0
1775997661757,657,HTTP Request 2,200,OK,config 2 2-2,text,true,,231,168,6,18,http://stload.se.ifmo.ru:8080/?token=518472196&&user=-1356113187&config=2,657,0,0
1775997661925,650,HTTP Request 2,200,OK,config 2 2-3,text,true,,231,168,6,18,http://stload.se.ifmo.ru:8080/?token=518472196&&user=-1356113187&config=2,650,0,0
1775997662092,655,HTTP Request 2,200,OK,config 2 2-4,text,true,,231,168,6,18,http://stload.se.ifmo.ru:8080/?token=518472196&&user=-1356113187&config=2,655,0,0
1775997662260,700,HTTP Request 2,200,OK,config 2 2-5,text,true,,231,168,6,18,http://stload.se.ifmo.ru:8080/?token=518472196&&user=-1356113187&config=2,700,0,0
1775997662427,679,HTTP Request 2,200,OK,config 2 2-6,text,true,,231,168,6,18,http://stload.se.ifmo.ru:8080/?token=518472196&&user=-1356113187&config=2,679,0,0
1775997663108,736,HTTP Request 2,200,OK,config 2 2-1,text,true,,231,168,6,18,http://stload.se.ifmo.ru:8080/?token=518472196&&user=-1356113187&config=2,736,0,0
1775997663257,656,HTTP Request 2,200,OK,config 2 2-2,text,true,,231,168,6,18,http://stload.se.ifmo.ru:8080/?token=518472196&&user=-1356113187&config=2,656,0,0
1775997663425,682,HTTP Request 2,200,OK,config 2 2-3,text,true,,231,168,6,18,http://stload.se.ifmo.ru:8080/?token=518472196&&user=-1356113187&config=2,682,0,0
1775997663592,655,HTTP Request 2,200,OK,config 2 2-4,text,true,,231,168,6,18,http://stload.se.ifmo.ru:8080/?token=518472196&&user=-1356113187&config=2,655,0,0
1775997663760,648,HTTP Request 2,200,OK,config 2 2-5,text,true,,231,168,6,18,http://stload.se.ifmo.ru:8080/?token=518472196&&user=-1356113187&config=2,648,0,0
1775997663927,699,HTTP Request 2,200,OK,config 2 2-6,text,true,,231,168,6,18,http://stload.se.ifmo.ru:8080/?token=518472196&&user=-1356113187&config=2,699,0,0
1775997664609,662,HTTP Request 2,200,OK,config 2 2-1,text,true,,231,168,6,18,http://stload.se.ifmo.ru:8080/?token=518472196&&user=-1356113187&config=2,662,0,0
1775997664757,661,HTTP Request 2,200,OK,config 2 2-2,text,true,,231,168,6,18,http://stload.se.ifmo.ru:8080/?token=518472196&&user=-1356113187&config=2,661,0,0
1775997664925,653,HTTP Request 2,200,OK,config 2 2-3,text,true,,231,168,6,18,http://stload.se.ifmo.ru:8080/?token=518472196&&user=-1356113187&config=2,653,0,0
1775997665092,662,HTTP Request 2,200,OK,config 2 2-4,text,true,,231,168,6,18,http://stload.se.ifmo.ru:8080/?token=518472196&&user=-1356113187&config=2,662,0,0
1775997665261,669,HTTP Request 2,200,OK,config 2 2-5,text,true,,231,168,6,18,http://stload.se.ifmo.ru:8080/?token=518472196&&user=-1356113187&config=2,669,0,0
1775997665427,691,HTTP Request 2,200,OK,config 2 2-6,text,true,,231,168,6,18,http://stload.se.ifmo.ru:8080/?token=518472196&&user=-1356113187&config=2,691,0,0
1775997666108,646,HTTP Request 2,200,OK,config 2 2-1,text,true,,231,168,6,18,http://stload.se.ifmo.ru:8080/?token=518472196&&user=-1356113187&config=2,646,0,0
1775997666258,650,HTTP Request 2,200,OK,config 2 2-2,text,true,,231,168,6,18,http://stload.se.ifmo.ru:8080/?token=518472196&&user=-1356113187&config=2,650,0,0
1775997666425,653,HTTP Request 2,200,OK,config 2 2-3,text,true,,231,168,6,18,http://stload.se.ifmo.ru:8080/?token=518472196&&user=-1356113187&config=2,653,0,0
1775997666592,667,HTTP Request 2,200,OK,config 2 2-4,text,true,,231,168,6,18,http://stload.se.ifmo.ru:8080/?token=518472196&&user=-1356113187&config=2,667,0,0
1775997666761,700,HTTP Request 2,200,OK,config 2 2-5,text,true,,231,168,6,18,http://stload.se.ifmo.ru:8080/?token=518472196&&user=-1356113187&config=2,700,0,0
1775997666927,685,HTTP Request 2,200,OK,config 2 2-6,text,true,,231,168,6,18,http://stload.se.ifmo.ru:8080/?token=518472196&&user=-1356113187&config=2,685,0,0
1775997667608,654,HTTP Request 2,200,OK,config 2 2-1,text,true,,231,168,6,18,http://stload.se.ifmo.ru:8080/?token=518472196&&user=-1356113187&config=2,654,0,0
1775997667757,656,HTTP Request 2,200,OK,config 2 2-2,text,true,,231,168,6,18,http://stload.se.ifmo.ru:8080/?token=518472196&&user=-1356113187&config=2,656,0,0
1775997667926,655,HTTP Request 2,200,OK,config 2 2-3,text,true,,231,168,6,18,http://stload.se.ifmo.ru:8080/?token=518472196&&user=-1356113187&config=2,655,0,0
1775997668093,671,HTTP Request 2,200,OK,config 2 2-4,text,true,,231,168,6,18,http://stload.se.ifmo.ru:8080/?token=518472196&&user=-1356113187&config=2,671,0,0
1775997668261,650,HTTP Request 2,200,OK,config 2 2-5,text,true,,231,168,6,18,http://stload.se.ifmo.ru:8080/?token=518472196&&user=-1356113187&config=2,650,0,0
1775997668427,672,HTTP Request 2,200,OK,config 2 2-6,text,true,,231,168,6,18,http://stload.se.ifmo.ru:8080/?token=518472196&&user=-1356113187&config=2,672,0,0
1775997669109,639,HTTP Request 2,200,OK,config 2 2-1,text,true,,231,168,6,18,http://stload.se.ifmo.ru:8080/?token=518472196&&user=-1356113187&config=2,639,0,0
1775997669258,659,HTTP Request 2,200,OK,config 2 2-2,text,true,,231,168,6,18,http://stload.se.ifmo.ru:8080/?token=518472196&&user=-1356113187&config=2,659,0,0
1775997669425,676,HTTP Request 2,200,OK,config 2 2-3,text,true,,231,168,6,18,http://stload.se.ifmo.ru:8080/?token=518472196&&user=-1356113187&config=2,675,0,0
1775997669594,689,HTTP Request 2,200,OK,config 2 2-4,text,true,,231,168,6,18,http://stload.se.ifmo.ru:8080/?token=518472196&&user=-1356113187&config=2,689,0,0
1775997669762,689,HTTP Request 2,200,OK,config 2 2-5,text,true,,231,168,6,18,http://stload.se.ifmo.ru:8080/?token=518472196&&user=-1356113187&config=2,689,0,0
1775997669928,668,HTTP Request 2,200,OK,config 2 2-6,text,true,,231,168,6,18,http://stload.se.ifmo.ru:8080/?token=518472196&&user=-1356113187&config=2,668,0,0
1775997670609,735,HTTP Request 2,200,OK,config 2 2-1,text,true,,231,168,6,18,http://stload.se.ifmo.ru:8080/?token=518472196&&user=-1356113187&config=2,735,0,0
1775997670757,652,HTTP Request 2,200,OK,config 2 2-2,text,true,,231,168,6,18,http://stload.se.ifmo.ru:8080/?token=518472196&&user=-1356113187&config=2,652,0,0
1775997670926,652,HTTP Request 2,200,OK,config 2 2-3,text,true,,231,168,6,18,http://stload.se.ifmo.ru:8080/?token=518472196&&user=-1356113187&config=2,652,0,0
1775997671093,731,HTTP Request 2,200,OK,config 2 2-4,text,true,,231,168,6,18,http://stload.se.ifmo.ru:8080/?token=518472196&&user=-1356113187&config=2,730,0,0
1775997671261,655,HTTP Request 2,200,OK,config 2 2-5,text,true,,231,168,6,18,http://stload.se.ifmo.ru:8080/?token=518472196&&user=-1356113187&config=2,655,0,0
1775997671428,743,HTTP Request 2,200,OK,config 2 2-6,text,true,,231,168,6,18,http://stload.se.ifmo.ru:8080/?token=518472196&&user=-1356113187&config=2,743,0,0
1775997672108,644,HTTP Request 2,200,OK,config 2 2-1,text,true,,231,168,6,18,http://stload.se.ifmo.ru:8080/?token=518472196&&user=-1356113187&config=2,644,0,0
1775997672257,648,HTTP Request 2,200,OK,config 2 2-2,text,true,,231,168,6,18,http://stload.se.ifmo.ru:8080/?token=518472196&&user=-1356113187&config=2,648,0,0
1775997672426,655,HTTP Request 2,200,OK,config 2 2-3,text,true,,231,168,6,18,http://stload.se.ifmo.ru:8080/?token=518472196&&user=-1356113187&config=2,654,0,0
1775997672592,653,HTTP Request 2,200,OK,config 2 2-4,text,true,,231,168,6,18,http://stload.se.ifmo.ru:8080/?token=518472196&&user=-1356113187&config=2,653,0,0
1775997672760,696,HTTP Request 2,200,OK,config 2 2-5,text,true,,231,168,6,18,http://stload.se.ifmo.ru:8080/?token=518472196&&user=-1356113187&config=2,695,0,0
1775997672928,672,HTTP Request 2,200,OK,config 2 2-6,text,true,,231,168,6,18,http://stload.se.ifmo.ru:8080/?token=518472196&&user=-1356113187&config=2,672,0,0
1775997673609,729,HTTP Request 2,200,OK,config 2 2-1,text,true,,231,168,6,18,http://stload.se.ifmo.ru:8080/?token=518472196&&user=-1356113187&config=2,729,0,0
1775997673757,639,HTTP Request 2,200,OK,config 2 2-2,text,true,,231,168,6,18,http://stload.se.ifmo.ru:8080/?token=518472196&&user=-1356113187&config=2,638,0,0
1775997673925,652,HTTP Request 2,200,OK,config 2 2-3,text,true,,231,168,6,18,http://stload.se.ifmo.ru:8080/?token=518472196&&user=-1356113187&config=2,652,0,0
1775997674092,664,HTTP Request 2,200,OK,config 2 2-4,text,true,,231,168,6,18,http://stload.se.ifmo.ru:8080/?token=518472196&&user=-1356113187&config=2,664,0,0
1775997674260,652,HTTP Request 2,200,OK,config 2 2-5,text,true,,231,168,6,18,http://stload.se.ifmo.ru:8080/?token=518472196&&user=-1356113187&config=2,652,0,0
1775997674427,741,HTTP Request 2,200,OK,config 2 2-6,text,true,,231,168,6,18,http://stload.se.ifmo.ru:8080/?token=518472196&&user=-1356113187&config=2,741,0,0
1775997675109,698,HTTP Request 2,200,OK,config 2 2-1,text,true,,231,168,6,18,http://stload.se.ifmo.ru:8080/?token=518472196&&user=-1356113187&config=2,698,0,0
1775997675257,653,HTTP Request 2,200,OK,config 2 2-2,text,true,,231,168,6,18,http://stload.se.ifmo.ru:8080/?token=518472196&&user=-1356113187&config=2,653,0,0
1775997675426,650,HTTP Request 2,200,OK,config 2 2-3,text,true,,231,168,6,18,http://stload.se.ifmo.ru:8080/?token=518472196&&user=-1356113187&config=2,650,0,0
1775997675592,682,HTTP Request 2,200,OK,config 2 2-4,text,true,,231,168,6,18,http://stload.se.ifmo.ru:8080/?token=518472196&&user=-1356113187&config=2,682,0,0
1775997675761,680,HTTP Request 2,200,OK,config 2 2-5,text,true,,231,168,6,18,http://stload.se.ifmo.ru:8080/?token=518472196&&user=-1356113187&config=2,680,0,0
1775997675927,674,HTTP Request 2,200,OK,config 2 2-6,text,true,,231,168,6,18,http://stload.se.ifmo.ru:8080/?token=518472196&&user=-1356113187&config=2,674,0,0
1775997676609,659,HTTP Request 2,200,OK,config 2 2-1,text,true,,231,168,6,18,http://stload.se.ifmo.ru:8080/?token=518472196&&user=-1356113187&config=2,659,0,0
1775997676757,660,HTTP Request 2,200,OK,config 2 2-2,text,true,,231,168,6,18,http://stload.se.ifmo.ru:8080/?token=518472196&&user=-1356113187&config=2,660,0,0
1775997676925,656,HTTP Request 2,200,OK,config 2 2-3,text,true,,231,168,6,18,http://stload.se.ifmo.ru:8080/?token=518472196&&user=-1356113187&config=2,656,0,0
1775997677092,685,HTTP Request 2,200,OK,config 2 2-4,text,true,,231,168,6,18,http://stload.se.ifmo.ru:8080/?token=518472196&&user=-1356113187&config=2,685,0,0
1775997677260,651,HTTP Request 2,200,OK,config 2 2-5,text,true,,231,168,6,18,http://stload.se.ifmo.ru:8080/?token=518472196&&user=-1356113187&config=2,650,0,0
1775997677427,737,HTTP Request 2,200,OK,config 2 2-6,text,true,,231,168,6,18,http://stload.se.ifmo.ru:8080/?token=518472196&&user=-1356113187&config=2,737,0,0
1775997678108,639,HTTP Request 2,200,OK,config 2 2-1,text,true,,231,168,6,18,http://stload.se.ifmo.ru:8080/?token=518472196&&user=-1356113187&config=2,639,0,0
1775997678257,652,HTTP Request 2,200,OK,config 2 2-2,text,true,,231,168,6,18,http://stload.se.ifmo.ru:8080/?token=518472196&&user=-1356113187&config=2,652,0,0
1775997678425,652,HTTP Request 2,200,OK,config 2 2-3,text,true,,231,168,6,18,http://stload.se.ifmo.ru:8080/?token=518472196&&user=-1356113187&config=2,652,0,0
1775997678593,668,HTTP Request 2,200,OK,config 2 2-4,text,true,,231,168,6,18,http://stload.se.ifmo.ru:8080/?token=518472196&&user=-1356113187&config=2,668,0,0
1775997678760,682,HTTP Request 2,200,OK,config 2 2-5,text,true,,231,168,6,18,http://stload.se.ifmo.ru:8080/?token=518472196&&user=-1356113187&config=2,682,0,0
1775997678927,679,HTTP Request 2,200,OK,config 2 2-6,text,true,,231,168,6,18,http://stload.se.ifmo.ru:8080/?token=518472196&&user=-1356113187&config=2,679,0,0
1775997679608,838,HTTP Request 2,200,OK,config 2 2-1,text,true,,231,168,6,18,http://stload.se.ifmo.ru:8080/?token=518472196&&user=-1356113187&config=2,838,0,0
1775997679757,689,HTTP Request 2,200,OK,config 2 2-2,text,true,,231,168,6,18,http://stload.se.ifmo.ru:8080/?token=518472196&&user=-1356113187&config=2,689,0,0
1775997679925,1055,HTTP Request 2,200,OK,config 2 2-3,text,false,"The operation lasted too long: It took 1,055 milliseconds, but should not have lasted longer than 840 milliseconds.",231,168,6,18,http://stload.se.ifmo.ru:8080/?token=518472196&&user=-1356113187&config=2,1055,0,0
1775997680092,888,HTTP Request 2,200,OK,config 2 2-4,text,false,"The operation lasted too long: It took 888 milliseconds, but should not have lasted longer than 840 milliseconds.",231,168,6,18,http://stload.se.ifmo.ru:8080/?token=518472196&&user=-1356113187&config=2,888,0,0
1775997680427,1174,HTTP Request 2,200,OK,config 2 2-6,text,false,"The operation lasted too long: It took 1,174 milliseconds, but should not have lasted longer than 840 milliseconds.",231,168,6,18,http://stload.se.ifmo.ru:8080/?token=518472196&&user=-1356113187&config=2,1174,0,0
1775997680261,1355,HTTP Request 2,200,OK,config 2 2-5,text,false,"The operation lasted too long: It took 1,355 milliseconds, but should not have lasted longer than 840 milliseconds.",231,168,6,18,http://stload.se.ifmo.ru:8080/?token=518472196&&user=-1356113187&config=2,1355,0,0
1775997681108,646,HTTP Request 2,200,OK,config 2 2-1,text,true,,231,168,6,18,http://stload.se.ifmo.ru:8080/?token=518472196&&user=-1356113187&config=2,646,0,0
1775997681257,655,HTTP Request 2,200,OK,config 2 2-2,text,true,,231,168,6,18,http://stload.se.ifmo.ru:8080/?token=518472196&&user=-1356113187&config=2,655,0,0
1775997681425,697,HTTP Request 2,200,OK,config 2 2-3,text,true,,231,168,6,18,http://stload.se.ifmo.ru:8080/?token=518472196&&user=-1356113187&config=2,697,0,0
1775997681593,666,HTTP Request 2,200,OK,config 2 2-4,text,true,,231,168,6,18,http://stload.se.ifmo.ru:8080/?token=518472196&&user=-1356113187&config=2,666,0,0
1775997681761,679,HTTP Request 2,200,OK,config 2 2-5,text,true,,231,168,6,18,http://stload.se.ifmo.ru:8080/?token=518472196&&user=-1356113187&config=2,679,0,0
1775997681927,694,HTTP Request 2,200,OK,config 2 2-6,text,true,,231,168,6,18,http://stload.se.ifmo.ru:8080/?token=518472196&&user=-1356113187&config=2,694,0,0
1775997682609,703,HTTP Request 2,200,OK,config 2 2-1,text,true,,231,168,6,18,http://stload.se.ifmo.ru:8080/?token=518472196&&user=-1356113187&config=2,703,0,0
1775997682758,654,HTTP Request 2,200,OK,config 2 2-2,text,true,,231,168,6,18,http://stload.se.ifmo.ru:8080/?token=518472196&&user=-1356113187&config=2,654,0,0
1775997682925,657,HTTP Request 2,200,OK,config 2 2-3,text,true,,231,168,6,18,http://stload.se.ifmo.ru:8080/?token=518472196&&user=-1356113187&config=2,657,0,0
1775997683092,651,HTTP Request 2,200,OK,config 2 2-4,text,true,,231,168,6,18,http://stload.se.ifmo.ru:8080/?token=518472196&&user=-1356113187&config=2,651,0,0
1775997683261,662,HTTP Request 2,200,OK,config 2 2-5,text,true,,231,168,6,18,http://stload.se.ifmo.ru:8080/?token=518472196&&user=-1356113187&config=2,662,0,0
1775997683428,670,HTTP Request 2,200,OK,config 2 2-6,text,true,,231,168,6,18,http://stload.se.ifmo.ru:8080/?token=518472196&&user=-1356113187&config=2,670,0,0
1775997684108,675,HTTP Request 2,200,OK,config 2 2-1,text,true,,231,168,6,18,http://stload.se.ifmo.ru:8080/?token=518472196&&user=-1356113187&config=2,675,0,0
1775997684257,650,HTTP Request 2,200,OK,config 2 2-2,text,true,,231,168,6,18,http://stload.se.ifmo.ru:8080/?token=518472196&&user=-1356113187&config=2,650,0,0
1775997684426,665,HTTP Request 2,200,OK,config 2 2-3,text,true,,231,168,6,18,http://stload.se.ifmo.ru:8080/?token=518472196&&user=-1356113187&config=2,665,0,0
1775997684592,701,HTTP Request 2,200,OK,config 2 2-4,text,true,,231,168,6,18,http://stload.se.ifmo.ru:8080/?token=518472196&&user=-1356113187&config=2,701,0,0
1775997684761,678,HTTP Request 2,200,OK,config 2 2-5,text,true,,231,168,6,18,http://stload.se.ifmo.ru:8080/?token=518472196&&user=-1356113187&config=2,678,0,0
1775997684927,694,HTTP Request 2,200,OK,config 2 2-6,text,true,,231,168,6,18,http://stload.se.ifmo.ru:8080/?token=518472196&&user=-1356113187&config=2,694,0,0
1775997685608,694,HTTP Request 2,200,OK,config 2 2-1,text,true,,231,168,6,18,http://stload.se.ifmo.ru:8080/?token=518472196&&user=-1356113187&config=2,694,0,0
1775997685758,672,HTTP Request 2,200,OK,config 2 2-2,text,true,,231,168,6,18,http://stload.se.ifmo.ru:8080/?token=518472196&&user=-1356113187&config=2,672,0,0
1775997685925,655,HTTP Request 2,200,OK,config 2 2-3,text,true,,231,168,6,18,http://stload.se.ifmo.ru:8080/?token=518472196&&user=-1356113187&config=2,655,0,0
1775997686093,660,HTTP Request 2,200,OK,config 2 2-4,text,true,,231,168,6,18,http://stload.se.ifmo.ru:8080/?token=518472196&&user=-1356113187&config=2,660,0,0
1775997686261,680,HTTP Request 2,200,OK,config 2 2-5,text,true,,231,168,6,18,http://stload.se.ifmo.ru:8080/?token=518472196&&user=-1356113187&config=2,679,0,0
1775997686427,695,HTTP Request 2,200,OK,config 2 2-6,text,true,,231,168,6,18,http://stload.se.ifmo.ru:8080/?token=518472196&&user=-1356113187&config=2,695,0,0
1775997687108,692,HTTP Request 2,200,OK,config 2 2-1,text,true,,231,168,6,18,http://stload.se.ifmo.ru:8080/?token=518472196&&user=-1356113187&config=2,692,0,0
1775997687258,679,HTTP Request 2,200,OK,config 2 2-2,text,true,,231,168,6,18,http://stload.se.ifmo.ru:8080/?token=518472196&&user=-1356113187&config=2,679,0,0
1775997687426,663,HTTP Request 2,200,OK,config 2 2-3,text,true,,231,168,6,18,http://stload.se.ifmo.ru:8080/?token=518472196&&user=-1356113187&config=2,663,0,0
1775997687592,661,HTTP Request 2,200,OK,config 2 2-4,text,true,,231,168,6,18,http://stload.se.ifmo.ru:8080/?token=518472196&&user=-1356113187&config=2,661,0,0
1775997687761,672,HTTP Request 2,200,OK,config 2 2-5,text,true,,231,168,6,18,http://stload.se.ifmo.ru:8080/?token=518472196&&user=-1356113187&config=2,672,0,0
1775997687927,660,HTTP Request 2,200,OK,config 2 2-6,text,true,,231,168,6,18,http://stload.se.ifmo.ru:8080/?token=518472196&&user=-1356113187&config=2,660,0,0
1775997688609,676,HTTP Request 2,200,OK,config 2 2-1,text,true,,231,168,6,18,http://stload.se.ifmo.ru:8080/?token=518472196&&user=-1356113187&config=2,676,0,0
1775997688758,659,HTTP Request 2,200,OK,config 2 2-2,text,true,,231,168,6,18,http://stload.se.ifmo.ru:8080/?token=518472196&&user=-1356113187&config=2,659,0,0
1775997688926,663,HTTP Request 2,200,OK,config 2 2-3,text,true,,231,168,6,18,http://stload.se.ifmo.ru:8080/?token=518472196&&user=-1356113187&config=2,663,0,0
1775997689092,660,HTTP Request 2,200,OK,config 2 2-4,text,true,,231,168,6,18,http://stload.se.ifmo.ru:8080/?token=518472196&&user=-1356113187&config=2,660,0,0
1775997689261,658,HTTP Request 2,200,OK,config 2 2-5,text,true,,231,168,6,18,http://stload.se.ifmo.ru:8080/?token=518472196&&user=-1356113187&config=2,658,0,0
1775997689428,693,HTTP Request 2,200,OK,config 2 2-6,text,true,,231,168,6,18,http://stload.se.ifmo.ru:8080/?token=518472196&&user=-1356113187&config=2,693,0,0
1775997690108,706,HTTP Request 2,200,OK,config 2 2-1,text,true,,231,168,6,18,http://stload.se.ifmo.ru:8080/?token=518472196&&user=-1356113187&config=2,706,0,0
1775997690257,750,HTTP Request 2,200,OK,config 2 2-2,text,true,,231,168,6,18,http://stload.se.ifmo.ru:8080/?token=518472196&&user=-1356113187&config=2,750,0,0
1775997690426,656,HTTP Request 2,200,OK,config 2 2-3,text,true,,231,168,6,18,http://stload.se.ifmo.ru:8080/?token=518472196&&user=-1356113187&config=2,656,0,0
1775997690592,670,HTTP Request 2,200,OK,config 2 2-4,text,true,,231,168,6,18,http://stload.se.ifmo.ru:8080/?token=518472196&&user=-1356113187&config=2,670,0,0
1775997690760,669,HTTP Request 2,200,OK,config 2 2-5,text,true,,231,168,6,18,http://stload.se.ifmo.ru:8080/?token=518472196&&user=-1356113187&config=2,669,0,0
1775997690927,686,HTTP Request 2,200,OK,config 2 2-6,text,true,,231,168,6,18,http://stload.se.ifmo.ru:8080/?token=518472196&&user=-1356113187&config=2,686,0,0
1775997691609,636,HTTP Request 2,200,OK,config 2 2-1,text,true,,231,168,6,18,http://stload.se.ifmo.ru:8080/?token=518472196&&user=-1356113187&config=2,636,0,0
1775997691757,657,HTTP Request 2,200,OK,config 2 2-2,text,true,,231,168,6,18,http://stload.se.ifmo.ru:8080/?token=518472196&&user=-1356113187&config=2,657,0,0
1775997691925,654,HTTP Request 2,200,OK,config 2 2-3,text,true,,231,168,6,18,http://stload.se.ifmo.ru:8080/?token=518472196&&user=-1356113187&config=2,654,0,0
1775997692092,678,HTTP Request 2,200,OK,config 2 2-4,text,true,,231,168,6,18,http://stload.se.ifmo.ru:8080/?token=518472196&&user=-1356113187&config=2,678,0,0
1775997692261,692,HTTP Request 2,200,OK,config 2 2-5,text,true,,231,168,6,18,http://stload.se.ifmo.ru:8080/?token=518472196&&user=-1356113187&config=2,692,0,0
1775997692427,694,HTTP Request 2,200,OK,config 2 2-6,text,true,,231,168,6,18,http://stload.se.ifmo.ru:8080/?token=518472196&&user=-1356113187&config=2,694,0,0
1775997693109,638,HTTP Request 2,200,OK,config 2 2-1,text,true,,231,168,6,18,http://stload.se.ifmo.ru:8080/?token=518472196&&user=-1356113187&config=2,638,0,0
1775997693258,674,HTTP Request 2,200,OK,config 2 2-2,text,true,,231,168,6,18,http://stload.se.ifmo.ru:8080/?token=518472196&&user=-1356113187&config=2,674,0,0
1775997693425,653,HTTP Request 2,200,OK,config 2 2-3,text,true,,231,168,6,18,http://stload.se.ifmo.ru:8080/?token=518472196&&user=-1356113187&config=2,653,0,0
1775997693592,667,HTTP Request 2,200,OK,config 2 2-4,text,true,,231,168,6,18,http://stload.se.ifmo.ru:8080/?token=518472196&&user=-1356113187&config=2,667,0,0
1775997693761,684,HTTP Request 2,200,OK,config 2 2-5,text,true,,231,168,6,18,http://stload.se.ifmo.ru:8080/?token=518472196&&user=-1356113187&config=2,684,0,0
1775997693927,655,HTTP Request 2,200,OK,config 2 2-6,text,true,,231,168,6,18,http://stload.se.ifmo.ru:8080/?token=518472196&&user=-1356113187&config=2,655,0,0
1775997694608,666,HTTP Request 2,200,OK,config 2 2-1,text,true,,231,168,6,18,http://stload.se.ifmo.ru:8080/?token=518472196&&user=-1356113187&config=2,666,0,0
1775997694757,646,HTTP Request 2,200,OK,config 2 2-2,text,true,,231,168,6,18,http://stload.se.ifmo.ru:8080/?token=518472196&&user=-1356113187&config=2,646,0,0
1775997694925,671,HTTP Request 2,200,OK,config 2 2-3,text,true,,231,168,6,18,http://stload.se.ifmo.ru:8080/?token=518472196&&user=-1356113187&config=2,671,0,0
1775997695092,691,HTTP Request 2,200,OK,config 2 2-4,text,true,,231,168,6,18,http://stload.se.ifmo.ru:8080/?token=518472196&&user=-1356113187&config=2,691,0,0
1775997695260,656,HTTP Request 2,200,OK,config 2 2-5,text,true,,231,168,6,18,http://stload.se.ifmo.ru:8080/?token=518472196&&user=-1356113187&config=2,656,0,0
1775997695428,702,HTTP Request 2,200,OK,config 2 2-6,text,true,,231,168,6,18,http://stload.se.ifmo.ru:8080/?token=518472196&&user=-1356113187&config=2,702,0,0
1775997696108,640,HTTP Request 2,200,OK,config 2 2-1,text,true,,231,168,6,18,http://stload.se.ifmo.ru:8080/?token=518472196&&user=-1356113187&config=2,639,0,0
1775997696257,673,HTTP Request 2,200,OK,config 2 2-2,text,true,,231,168,6,18,http://stload.se.ifmo.ru:8080/?token=518472196&&user=-1356113187&config=2,673,0,0
1775997696426,653,HTTP Request 2,200,OK,config 2 2-3,text,true,,231,168,6,18,http://stload.se.ifmo.ru:8080/?token=518472196&&user=-1356113187&config=2,653,0,0
1775997696592,662,HTTP Request 2,200,OK,config 2 2-4,text,true,,231,168,6,18,http://stload.se.ifmo.ru:8080/?token=518472196&&user=-1356113187&config=2,662,0,0
1775997696760,700,HTTP Request 2,200,OK,config 2 2-5,text,true,,231,168,6,18,http://stload.se.ifmo.ru:8080/?token=518472196&&user=-1356113187&config=2,700,0,0
1775997696927,653,HTTP Request 2,200,OK,config 2 2-6,text,true,,231,168,6,18,http://stload.se.ifmo.ru:8080/?token=518472196&&user=-1356113187&config=2,653,0,0
1775997697608,678,HTTP Request 2,200,OK,config 2 2-1,text,true,,231,168,6,18,http://stload.se.ifmo.ru:8080/?token=518472196&&user=-1356113187&config=2,678,0,0
1775997697757,655,HTTP Request 2,200,OK,config 2 2-2,text,true,,231,168,6,18,http://stload.se.ifmo.ru:8080/?token=518472196&&user=-1356113187&config=2,655,0,0
1775997697926,658,HTTP Request 2,200,OK,config 2 2-3,text,true,,231,168,6,18,http://stload.se.ifmo.ru:8080/?token=518472196&&user=-1356113187&config=2,657,0,0
1775997698092,682,HTTP Request 2,200,OK,config 2 2-4,text,true,,231,168,6,18,http://stload.se.ifmo.ru:8080/?token=518472196&&user=-1356113187&config=2,682,0,0
1775997698260,693,HTTP Request 2,200,OK,config 2 2-5,text,true,,231,168,6,18,http://stload.se.ifmo.ru:8080/?token=518472196&&user=-1356113187&config=2,693,0,0
1775997698428,711,HTTP Request 2,200,OK,config 2 2-6,text,true,,231,168,6,18,http://stload.se.ifmo.ru:8080/?token=518472196&&user=-1356113187&config=2,711,0,0
1775997699109,699,HTTP Request 2,200,OK,config 2 2-1,text,true,,231,168,6,18,http://stload.se.ifmo.ru:8080/?token=518472196&&user=-1356113187&config=2,699,0,0
1775997699258,694,HTTP Request 2,200,OK,config 2 2-2,text,true,,231,168,6,18,http://stload.se.ifmo.ru:8080/?token=518472196&&user=-1356113187&config=2,694,0,0
1775997699425,670,HTTP Request 2,200,OK,config 2 2-3,text,true,,231,168,6,18,http://stload.se.ifmo.ru:8080/?token=518472196&&user=-1356113187&config=2,670,0,0
1775997699592,647,HTTP Request 2,200,OK,config 2 2-4,text,true,,231,168,6,18,http://stload.se.ifmo.ru:8080/?token=518472196&&user=-1356113187&config=2,647,0,0
1775997699760,692,HTTP Request 2,200,OK,config 2 2-5,text,true,,231,168,6,18,http://stload.se.ifmo.ru:8080/?token=518472196&&user=-1356113187&config=2,692,0,0
1775997699928,674,HTTP Request 2,200,OK,config 2 2-6,text,true,,231,168,6,18,http://stload.se.ifmo.ru:8080/?token=518472196&&user=-1356113187&config=2,674,0,0
1775997700609,642,HTTP Request 2,200,OK,config 2 2-1,text,true,,231,168,6,18,http://stload.se.ifmo.ru:8080/?token=518472196&&user=-1356113187&config=2,642,0,0
1775997700757,723,HTTP Request 2,200,OK,config 2 2-2,text,true,,231,168,6,18,http://stload.se.ifmo.ru:8080/?token=518472196&&user=-1356113187&config=2,723,0,41
1775997700925,697,HTTP Request 2,200,OK,config 2 2-3,text,true,,231,168,6,18,http://stload.se.ifmo.ru:8080/?token=518472196&&user=-1356113187&config=2,697,0,47
1775997701092,764,HTTP Request 2,200,OK,config 2 2-4,text,true,,231,168,6,18,http://stload.se.ifmo.ru:8080/?token=518472196&&user=-1356113187&config=2,764,0,96
1775997701261,703,HTTP Request 2,200,OK,config 2 2-5,text,true,,231,168,6,18,http://stload.se.ifmo.ru:8080/?token=518472196&&user=-1356113187&config=2,703,0,23
1775997701427,712,HTTP Request 2,200,OK,config 2 2-6,text,true,,231,168,6,18,http://stload.se.ifmo.ru:8080/?token=518472196&&user=-1356113187&config=2,712,0,0
1775997702109,704,HTTP Request 2,200,OK,config 2 2-1,text,true,,231,168,6,18,http://stload.se.ifmo.ru:8080/?token=518472196&&user=-1356113187&config=2,704,0,43
1775997702257,671,HTTP Request 2,200,OK,config 2 2-2,text,true,,231,168,6,18,http://stload.se.ifmo.ru:8080/?token=518472196&&user=-1356113187&config=2,671,0,0
1775997702425,652,HTTP Request 2,200,OK,config 2 2-3,text,true,,231,168,6,18,http://stload.se.ifmo.ru:8080/?token=518472196&&user=-1356113187&config=2,652,0,0
1775997702593,662,HTTP Request 2,200,OK,config 2 2-4,text,true,,231,168,6,18,http://stload.se.ifmo.ru:8080/?token=518472196&&user=-1356113187&config=2,662,0,0
1775997702761,643,HTTP Request 2,200,OK,config 2 2-5,text,true,,231,168,6,18,http://stload.se.ifmo.ru:8080/?token=518472196&&user=-1356113187&config=2,643,0,0
1775997702927,767,HTTP Request 2,200,OK,config 2 2-6,text,true,,231,168,6,18,http://stload.se.ifmo.ru:8080/?token=518472196&&user=-1356113187&config=2,767,0,43
1775997703609,661,HTTP Request 2,200,OK,config 2 2-1,text,true,,231,168,6,18,http://stload.se.ifmo.ru:8080/?token=518472196&&user=-1356113187&config=2,661,0,0
1775997703757,655,HTTP Request 2,200,OK,config 2 2-2,text,true,,231,168,6,18,http://stload.se.ifmo.ru:8080/?token=518472196&&user=-1356113187&config=2,655,0,0
1775997703926,645,HTTP Request 2,200,OK,config 2 2-3,text,true,,231,168,6,18,http://stload.se.ifmo.ru:8080/?token=518472196&&user=-1356113187&config=2,645,0,0
1775997704092,652,HTTP Request 2,200,OK,config 2 2-4,text,true,,231,168,6,18,http://stload.se.ifmo.ru:8080/?token=518472196&&user=-1356113187&config=2,652,0,0
1775997704261,697,HTTP Request 2,200,OK,config 2 2-5,text,true,,231,168,6,18,http://stload.se.ifmo.ru:8080/?token=518472196&&user=-1356113187&config=2,697,0,0
1775997704427,685,HTTP Request 2,200,OK,config 2 2-6,text,true,,231,168,6,18,http://stload.se.ifmo.ru:8080/?token=518472196&&user=-1356113187&config=2,685,0,0
1775997705109,705,HTTP Request 2,200,OK,config 2 2-1,text,true,,231,168,6,18,http://stload.se.ifmo.ru:8080/?token=518472196&&user=-1356113187&config=2,705,0,0
1775997705257,652,HTTP Request 2,200,OK,config 2 2-2,text,true,,231,168,6,18,http://stload.se.ifmo.ru:8080/?token=518472196&&user=-1356113187&config=2,652,0,0
1775997705425,652,HTTP Request 2,200,OK,config 2 2-3,text,true,,231,168,6,18,http://stload.se.ifmo.ru:8080/?token=518472196&&user=-1356113187&config=2,652,0,0
1775997705593,661,HTTP Request 2,200,OK,config 2 2-4,text,true,,231,168,6,18,http://stload.se.ifmo.ru:8080/?token=518472196&&user=-1356113187&config=2,661,0,0
1775997705760,677,HTTP Request 2,200,OK,config 2 2-5,text,true,,231,168,6,18,http://stload.se.ifmo.ru:8080/?token=518472196&&user=-1356113187&config=2,677,0,0
1775997705927,690,HTTP Request 2,200,OK,config 2 2-6,text,true,,231,168,6,18,http://stload.se.ifmo.ru:8080/?token=518472196&&user=-1356113187&config=2,690,0,0
1775997706608,704,HTTP Request 2,200,OK,config 2 2-1,text,true,,231,168,6,18,http://stload.se.ifmo.ru:8080/?token=518472196&&user=-1356113187&config=2,704,0,0
1775997706758,655,HTTP Request 2,200,OK,config 2 2-2,text,true,,231,168,6,18,http://stload.se.ifmo.ru:8080/?token=518472196&&user=-1356113187&config=2,655,0,0
1775997706925,646,HTTP Request 2,200,OK,config 2 2-3,text,true,,231,168,6,18,http://stload.se.ifmo.ru:8080/?token=518472196&&user=-1356113187&config=2,646,0,0
1775997707092,660,HTTP Request 2,200,OK,config 2 2-4,text,true,,231,168,6,18,http://stload.se.ifmo.ru:8080/?token=518472196&&user=-1356113187&config=2,660,0,0
1775997707260,655,HTTP Request 2,200,OK,config 2 2-5,text,true,,231,168,6,18,http://stload.se.ifmo.ru:8080/?token=518472196&&user=-1356113187&config=2,655,0,0
1775997707427,669,HTTP Request 2,200,OK,config 2 2-6,text,true,,231,168,6,18,http://stload.se.ifmo.ru:8080/?token=518472196&&user=-1356113187&config=2,669,0,0
1775997708109,672,HTTP Request 2,200,OK,config 2 2-1,text,true,,231,168,6,18,http://stload.se.ifmo.ru:8080/?token=518472196&&user=-1356113187&config=2,672,0,0
1775997708257,655,HTTP Request 2,200,OK,config 2 2-2,text,true,,231,168,6,18,http://stload.se.ifmo.ru:8080/?token=518472196&&user=-1356113187&config=2,655,0,0
1775997708425,662,HTTP Request 2,200,OK,config 2 2-3,text,true,,231,168,6,18,http://stload.se.ifmo.ru:8080/?token=518472196&&user=-1356113187&config=2,662,0,0
1775997708592,687,HTTP Request 2,200,OK,config 2 2-4,text,true,,231,168,6,18,http://stload.se.ifmo.ru:8080/?token=518472196&&user=-1356113187&config=2,687,0,0
1775997708761,672,HTTP Request 2,200,OK,config 2 2-5,text,true,,231,168,6,18,http://stload.se.ifmo.ru:8080/?token=518472196&&user=-1356113187&config=2,672,0,0
1775997708928,697,HTTP Request 2,200,OK,config 2 2-6,text,true,,231,168,6,18,http://stload.se.ifmo.ru:8080/?token=518472196&&user=-1356113187&config=2,697,0,0
1775997709609,658,HTTP Request 2,200,OK,config 2 2-1,text,true,,231,168,6,18,http://stload.se.ifmo.ru:8080/?token=518472196&&user=-1356113187&config=2,658,0,0
1775997709758,654,HTTP Request 2,200,OK,config 2 2-2,text,true,,231,168,6,18,http://stload.se.ifmo.ru:8080/?token=518472196&&user=-1356113187&config=2,654,0,0
1775997709925,712,HTTP Request 2,200,OK,config 2 2-3,text,true,,231,168,6,18,http://stload.se.ifmo.ru:8080/?token=518472196&&user=-1356113187&config=2,712,0,0
1775997710093,677,HTTP Request 2,200,OK,config 2 2-4,text,true,,231,168,6,18,http://stload.se.ifmo.ru:8080/?token=518472196&&user=-1356113187&config=2,677,0,0
1775997710260,738,HTTP Request 2,200,OK,config 2 2-5,text,true,,231,168,6,18,http://stload.se.ifmo.ru:8080/?token=518472196&&user=-1356113187&config=2,738,0,0
1775997710427,827,HTTP Request 2,200,OK,config 2 2-6,text,true,,231,168,6,18,http://stload.se.ifmo.ru:8080/?token=518472196&&user=-1356113187&config=2,827,0,0
1775997711257,813,HTTP Request 2,200,OK,config 2 2-2,text,true,,231,168,6,18,http://stload.se.ifmo.ru:8080/?token=518472196&&user=-1356113187&config=2,813,0,0
1775997711108,962,HTTP Request 2,200,OK,config 2 2-1,text,false,"The operation lasted too long: It took 962 milliseconds, but should not have lasted longer than 840 milliseconds.",231,168,6,18,http://stload.se.ifmo.ru:8080/?token=518472196&&user=-1356113187&config=2,962,0,0
1775997711593,777,HTTP Request 2,200,OK,config 2 2-4,text,true,,231,168,6,18,http://stload.se.ifmo.ru:8080/?token=518472196&&user=-1356113187&config=2,776,0,0
1775997711426,944,HTTP Request 2,200,OK,config 2 2-3,text,false,"The operation lasted too long: It took 944 milliseconds, but should not have lasted longer than 840 milliseconds.",231,168,6,18,http://stload.se.ifmo.ru:8080/?token=518472196&&user=-1356113187&config=2,943,0,0
1775997711761,826,HTTP Request 2,200,OK,config 2 2-5,text,true,,231,168,6,18,http://stload.se.ifmo.ru:8080/?token=518472196&&user=-1356113187&config=2,826,0,0
1775997711928,927,HTTP Request 2,200,OK,config 2 2-6,text,false,"The operation lasted too long: It took 927 milliseconds, but should not have lasted longer than 840 milliseconds.",231,168,6,18,http://stload.se.ifmo.ru:8080/?token=518472196&&user=-1356113187&config=2,927,0,0
1775997712608,710,HTTP Request 2,200,OK,config 2 2-1,text,true,,231,168,6,18,http://stload.se.ifmo.ru:8080/?token=518472196&&user=-1356113187&config=2,710,0,0
1775997712757,755,HTTP Request 2,200,OK,config 2 2-2,text,true,,231,168,6,18,http://stload.se.ifmo.ru:8080/?token=518472196&&user=-1356113187&config=2,755,0,0
1775997712925,654,HTTP Request 2,200,OK,config 2 2-3,text,true,,231,168,6,18,http://stload.se.ifmo.ru:8080/?token=518472196&&user=-1356113187&config=2,654,0,0
1775997713092,687,HTTP Request 2,200,OK,config 2 2-4,text,true,,231,168,6,18,http://stload.se.ifmo.ru:8080/?token=518472196&&user=-1356113187&config=2,687,0,0
1775997713260,768,HTTP Request 2,200,OK,config 2 2-5,text,true,,231,168,6,18,http://stload.se.ifmo.ru:8080/?token=518472196&&user=-1356113187&config=2,768,0,0
1775997713427,836,HTTP Request 2,200,OK,config 2 2-6,text,true,,231,168,6,18,http://stload.se.ifmo.ru:8080/?token=518472196&&user=-1356113187&config=2,836,0,0
1775997714108,802,HTTP Request 2,200,OK,config 2 2-1,text,true,,231,168,6,18,http://stload.se.ifmo.ru:8080/?token=518472196&&user=-1356113187&config=2,802,0,0
1775997714257,653,HTTP Request 2,200,OK,config 2 2-2,text,true,,231,168,6,18,http://stload.se.ifmo.ru:8080/?token=518472196&&user=-1356113187&config=2,653,0,0
1775997714426,778,HTTP Request 2,200,OK,config 2 2-3,text,true,,231,168,6,18,http://stload.se.ifmo.ru:8080/?token=518472196&&user=-1356113187&config=2,778,0,0
1775997714593,740,HTTP Request 2,200,OK,config 2 2-4,text,true,,231,168,6,18,http://stload.se.ifmo.ru:8080/?token=518472196&&user=-1356113187&config=2,740,0,0
1775997714761,801,HTTP Request 2,200,OK,config 2 2-5,text,true,,231,168,6,18,http://stload.se.ifmo.ru:8080/?token=518472196&&user=-1356113187&config=2,801,0,0
1775997714927,713,HTTP Request 2,200,OK,config 2 2-6,text,true,,231,168,6,18,http://stload.se.ifmo.ru:8080/?token=518472196&&user=-1356113187&config=2,713,0,0
1775997715609,671,HTTP Request 2,200,OK,config 2 2-1,text,true,,231,168,6,18,http://stload.se.ifmo.ru:8080/?token=518472196&&user=-1356113187&config=2,671,0,0
1775997715757,673,HTTP Request 2,200,OK,config 2 2-2,text,true,,231,168,6,18,http://stload.se.ifmo.ru:8080/?token=518472196&&user=-1356113187&config=2,673,0,0
1775997715926,757,HTTP Request 2,200,OK,config 2 2-3,text,true,,231,168,6,18,http://stload.se.ifmo.ru:8080/?token=518472196&&user=-1356113187&config=2,757,0,0
1775997716092,673,HTTP Request 2,200,OK,config 2 2-4,text,true,,231,168,6,18,http://stload.se.ifmo.ru:8080/?token=518472196&&user=-1356113187&config=2,673,0,0
1775997716260,666,HTTP Request 2,200,OK,config 2 2-5,text,true,,231,168,6,18,http://stload.se.ifmo.ru:8080/?token=518472196&&user=-1356113187&config=2,666,0,0
1775997716428,668,HTTP Request 2,200,OK,config 2 2-6,text,true,,231,168,6,18,http://stload.se.ifmo.ru:8080/?token=518472196&&user=-1356113187&config=2,668,0,0
1775997717108,820,HTTP Request 2,200,OK,config 2 2-1,text,true,,231,168,6,18,http://stload.se.ifmo.ru:8080/?token=518472196&&user=-1356113187&config=2,820,0,0
1775997717257,672,HTTP Request 2,200,OK,config 2 2-2,text,true,,231,168,6,18,http://stload.se.ifmo.ru:8080/?token=518472196&&user=-1356113187&config=2,672,0,0
1775997717425,949,HTTP Request 2,200,OK,config 2 2-3,text,false,"The operation lasted too long: It took 949 milliseconds, but should not have lasted longer than 840 milliseconds.",231,168,6,18,http://stload.se.ifmo.ru:8080/?token=518472196&&user=-1356113187&config=2,949,0,0
1775997717592,799,HTTP Request 2,200,OK,config 2 2-4,text,true,,231,168,6,18,http://stload.se.ifmo.ru:8080/?token=518472196&&user=-1356113187&config=2,799,0,0
1775997717761,881,HTTP Request 2,200,OK,config 2 2-5,text,false,"The operation lasted too long: It took 881 milliseconds, but should not have lasted longer than 840 milliseconds.",231,168,6,18,http://stload.se.ifmo.ru:8080/?token=518472196&&user=-1356113187&config=2,881,0,0
1775997717927,984,HTTP Request 2,200,OK,config 2 2-6,text,false,"The operation lasted too long: It took 984 milliseconds, but should not have lasted longer than 840 milliseconds.",231,168,6,18,http://stload.se.ifmo.ru:8080/?token=518472196&&user=-1356113187&config=2,984,0,0
1775997718608,831,HTTP Request 2,200,OK,config 2 2-1,text,true,,231,168,6,18,http://stload.se.ifmo.ru:8080/?token=518472196&&user=-1356113187&config=2,831,0,0
1775997718757,887,HTTP Request 2,200,OK,config 2 2-2,text,false,"The operation lasted too long: It took 887 milliseconds, but should not have lasted longer than 840 milliseconds.",231,168,6,18,http://stload.se.ifmo.ru:8080/?token=518472196&&user=-1356113187&config=2,887,0,0
1775997718926,731,HTTP Request 2,200,OK,config 2 2-3,text,true,,231,168,6,18,http://stload.se.ifmo.ru:8080/?token=518472196&&user=-1356113187&config=2,731,0,0
1775997719092,771,HTTP Request 2,200,OK,config 2 2-4,text,true,,231,168,6,18,http://stload.se.ifmo.ru:8080/?token=518472196&&user=-1356113187&config=2,771,0,0
1775997719260,642,HTTP Request 2,200,OK,config 2 2-5,text,true,,231,168,6,18,http://stload.se.ifmo.ru:8080/?token=518472196&&user=-1356113187&config=2,642,0,0
1775997719428,729,HTTP Request 2,200,OK,config 2 2-6,text,true,,231,168,6,18,http://stload.se.ifmo.ru:8080/?token=518472196&&user=-1356113187&config=2,729,0,0
1775997720109,762,HTTP Request 2,200,OK,config 2 2-1,text,true,,231,168,6,18,http://stload.se.ifmo.ru:8080/?token=518472196&&user=-1356113187&config=2,762,0,0
1775997720257,899,HTTP Request 2,200,OK,config 2 2-2,text,false,"The operation lasted too long: It took 899 milliseconds, but should not have lasted longer than 840 milliseconds.",231,168,6,18,http://stload.se.ifmo.ru:8080/?token=518472196&&user=-1356113187&config=2,899,0,0
1775997720425,778,HTTP Request 2,200,OK,config 2 2-3,text,true,,231,168,6,18,http://stload.se.ifmo.ru:8080/?token=518472196&&user=-1356113187&config=2,778,0,0
1775997720592,686,HTTP Request 2,200,OK,config 2 2-4,text,true,,231,168,6,18,http://stload.se.ifmo.ru:8080/?token=518472196&&user=-1356113187&config=2,686,0,0
1775997720761,754,HTTP Request 2,200,OK,config 2 2-5,text,true,,231,168,6,18,http://stload.se.ifmo.ru:8080/?token=518472196&&user=-1356113187&config=2,754,0,0
1775997720927,994,HTTP Request 2,200,OK,config 2 2-6,text,false,"The operation lasted too long: It took 994 milliseconds, but should not have lasted longer than 840 milliseconds.",231,168,6,18,http://stload.se.ifmo.ru:8080/?token=518472196&&user=-1356113187&config=2,994,0,0
1775997721608,767,HTTP Request 2,200,OK,config 2 2-1,text,true,,231,168,6,18,http://stload.se.ifmo.ru:8080/?token=518472196&&user=-1356113187&config=2,767,0,0
1775997721925,703,HTTP Request 2,200,OK,config 2 2-3,text,true,,231,168,6,18,http://stload.se.ifmo.ru:8080/?token=518472196&&user=-1356113187&config=2,703,0,0
1775997721757,871,HTTP Request 2,200,OK,config 2 2-2,text,false,"The operation lasted too long: It took 871 milliseconds, but should not have lasted longer than 840 milliseconds.",231,168,6,18,http://stload.se.ifmo.ru:8080/?token=518472196&&user=-1356113187&config=2,871,0,0
1775997722093,697,HTTP Request 2,200,OK,config 2 2-4,text,true,,231,168,6,18,http://stload.se.ifmo.ru:8080/?token=518472196&&user=-1356113187&config=2,697,0,0
1775997722260,758,HTTP Request 2,200,OK,config 2 2-5,text,true,,231,168,6,18,http://stload.se.ifmo.ru:8080/?token=518472196&&user=-1356113187&config=2,758,0,0
1775997722427,649,HTTP Request 2,200,OK,config 2 2-6,text,true,,231,168,6,18,http://stload.se.ifmo.ru:8080/?token=518472196&&user=-1356113187&config=2,649,0,0
1775997723108,710,HTTP Request 2,200,OK,config 2 2-1,text,true,,231,168,6,18,http://stload.se.ifmo.ru:8080/?token=518472196&&user=-1356113187&config=2,710,0,0
1775997723257,659,HTTP Request 2,200,OK,config 2 2-2,text,true,,231,168,6,18,http://stload.se.ifmo.ru:8080/?token=518472196&&user=-1356113187&config=2,659,0,0
1775997723426,675,HTTP Request 2,200,OK,config 2 2-3,text,true,,231,168,6,18,http://stload.se.ifmo.ru:8080/?token=518472196&&user=-1356113187&config=2,675,0,0
1775997723592,657,HTTP Request 2,200,OK,config 2 2-4,text,true,,231,168,6,18,http://stload.se.ifmo.ru:8080/?token=518472196&&user=-1356113187&config=2,657,0,0
1775997723761,680,HTTP Request 2,200,OK,config 2 2-5,text,true,,231,168,6,18,http://stload.se.ifmo.ru:8080/?token=518472196&&user=-1356113187&config=2,679,0,0
1775997723927,708,HTTP Request 2,200,OK,config 2 2-6,text,true,,231,168,6,18,http://stload.se.ifmo.ru:8080/?token=518472196&&user=-1356113187&config=2,708,0,0
1775997724609,648,HTTP Request 2,200,OK,config 2 2-1,text,true,,231,168,6,18,http://stload.se.ifmo.ru:8080/?token=518472196&&user=-1356113187&config=2,648,0,0
1775997724758,649,HTTP Request 2,200,OK,config 2 2-2,text,true,,231,168,6,18,http://stload.se.ifmo.ru:8080/?token=518472196&&user=-1356113187&config=2,649,0,0
1775997724925,666,HTTP Request 2,200,OK,config 2 2-3,text,true,,231,168,6,18,http://stload.se.ifmo.ru:8080/?token=518472196&&user=-1356113187&config=2,666,0,0
1775997725093,664,HTTP Request 2,200,OK,config 2 2-4,text,true,,231,168,6,18,http://stload.se.ifmo.ru:8080/?token=518472196&&user=-1356113187&config=2,664,0,0
1775997725260,719,HTTP Request 2,200,OK,config 2 2-5,text,true,,231,168,6,18,http://stload.se.ifmo.ru:8080/?token=518472196&&user=-1356113187&config=2,719,0,0
1775997725428,671,HTTP Request 2,200,OK,config 2 2-6,text,true,,231,168,6,18,http://stload.se.ifmo.ru:8080/?token=518472196&&user=-1356113187&config=2,671,0,0
1775997726108,681,HTTP Request 2,200,OK,config 2 2-1,text,true,,231,168,6,18,http://stload.se.ifmo.ru:8080/?token=518472196&&user=-1356113187&config=2,681,0,0
1775997726257,659,HTTP Request 2,200,OK,config 2 2-2,text,true,,231,168,6,18,http://stload.se.ifmo.ru:8080/?token=518472196&&user=-1356113187&config=2,659,0,0
1775997726426,651,HTTP Request 2,200,OK,config 2 2-3,text,true,,231,168,6,18,http://stload.se.ifmo.ru:8080/?token=518472196&&user=-1356113187&config=2,651,0,0
1775997726593,700,HTTP Request 2,200,OK,config 2 2-4,text,true,,231,168,6,18,http://stload.se.ifmo.ru:8080/?token=518472196&&user=-1356113187&config=2,700,0,0
1775997726761,661,HTTP Request 2,200,OK,config 2 2-5,text,true,,231,168,6,18,http://stload.se.ifmo.ru:8080/?token=518472196&&user=-1356113187&config=2,661,0,0
1775997726928,673,HTTP Request 2,200,OK,config 2 2-6,text,true,,231,168,6,18,http://stload.se.ifmo.ru:8080/?token=518472196&&user=-1356113187&config=2,673,0,0
1775997727609,705,HTTP Request 2,200,OK,config 2 2-1,text,true,,231,168,6,18,http://stload.se.ifmo.ru:8080/?token=518472196&&user=-1356113187&config=2,705,0,0
1775997727758,669,HTTP Request 2,200,OK,config 2 2-2,text,true,,231,168,6,18,http://stload.se.ifmo.ru:8080/?token=518472196&&user=-1356113187&config=2,669,0,0
1775997727926,651,HTTP Request 2,200,OK,config 2 2-3,text,true,,231,168,6,18,http://stload.se.ifmo.ru:8080/?token=518472196&&user=-1356113187&config=2,651,0,0
1775997728093,661,HTTP Request 2,200,OK,config 2 2-4,text,true,,231,168,6,18,http://stload.se.ifmo.ru:8080/?token=518472196&&user=-1356113187&config=2,661,0,0
1775997728260,676,HTTP Request 2,200,OK,config 2 2-5,text,true,,231,168,6,18,http://stload.se.ifmo.ru:8080/?token=518472196&&user=-1356113187&config=2,676,0,0
1775997728427,674,HTTP Request 2,200,OK,config 2 2-6,text,true,,231,168,6,18,http://stload.se.ifmo.ru:8080/?token=518472196&&user=-1356113187&config=2,674,0,0
1775997729109,684,HTTP Request 2,200,OK,config 2 2-1,text,true,,231,168,6,16,http://stload.se.ifmo.ru:8080/?token=518472196&&user=-1356113187&config=2,684,0,0
1775997729258,652,HTTP Request 2,200,OK,config 2 2-2,text,true,,231,168,5,14,http://stload.se.ifmo.ru:8080/?token=518472196&&user=-1356113187&config=2,652,0,0
1775997729425,657,HTTP Request 2,200,OK,config 2 2-3,text,true,,231,168,4,12,http://stload.se.ifmo.ru:8080/?token=518472196&&user=-1356113187&config=2,657,0,0
1775997729592,697,HTTP Request 2,200,OK,config 2 2-4,text,true,,231,168,3,7,http://stload.se.ifmo.ru:8080/?token=518472196&&user=-1356113187&config=2,697,0,0
1775997729761,676,HTTP Request 2,200,OK,config 2 2-5,text,true,,231,168,2,5,http://stload.se.ifmo.ru:8080/?token=518472196&&user=-1356113187&config=2,676,0,0
1775997729927,660,HTTP Request 2,200,OK,config 2 2-6,text,true,,231,168,1,3,http://stload.se.ifmo.ru:8080/?token=518472196&&user=-1356113187&config=2,660,0,0
1775998201348,129,HTTP Request 2,Non HTTP response code: java.net.UnknownHostException,Non HTTP response message: stload.se.ifmo.ru,config 2 2-1,text,false,,2222,0,1,3,http://stload.se.ifmo.ru:8080/?token=518472196&&user=-1356113187&config=2,0,0,129
1775998202802,0,HTTP Request 2,Non HTTP response code: java.net.UnknownHostException,Non HTTP response message: stload.se.ifmo.ru,config 2 2-1,text,false,,2139,0,1,3,http://stload.se.ifmo.ru:8080/?token=518472196&&user=-1356113187&config=2,0,0,0
1775998202949,1,HTTP Request 2,Non HTTP response code: java.net.UnknownHostException,Non HTTP response message: stload.se.ifmo.ru,config 2 2-2,text,false,,2139,0,2,5,http://stload.se.ifmo.ru:8080/?token=518472196&&user=-1356113187&config=2,0,0,1
1775998204302,1,HTTP Request 2,Non HTTP response code: java.net.UnknownHostException,Non HTTP response message: stload.se.ifmo.ru,config 2 2-1,text,false,,2139,0,2,6,http://stload.se.ifmo.ru:8080/?token=518472196&&user=-1356113187&config=2,0,0,0
1775998204450,0,HTTP Request 2,Non HTTP response code: java.net.UnknownHostException,Non HTTP response message: stload.se.ifmo.ru,config 2 2-2,text,false,,2139,0,2,6,http://stload.se.ifmo.ru:8080/?token=518472196&&user=-1356113187&config=2,0,0,0
1775998204616,0,HTTP Request 2,Non HTTP response code: java.net.UnknownHostException,Non HTTP response message: stload.se.ifmo.ru,config 2 2-3,text,false,,2139,0,3,8,http://stload.se.ifmo.ru:8080/?token=518472196&&user=-1356113187&config=2,0,0,0
1775998205801,1,HTTP Request 2,Non HTTP response code: java.net.UnknownHostException,Non HTTP response message: stload.se.ifmo.ru,config 2 2-1,text,false,,2139,0,3,9,http://stload.se.ifmo.ru:8080/?token=518472196&&user=-1356113187&config=2,0,0,1
1775998205949,1,HTTP Request 2,Non HTTP response code: java.net.UnknownHostException,Non HTTP response message: stload.se.ifmo.ru,config 2 2-2,text,false,,2139,0,3,9,http://stload.se.ifmo.ru:8080/?token=518472196&&user=-1356113187&config=2,0,0,1
1775998206116,0,HTTP Request 2,Non HTTP response code: java.net.UnknownHostException,Non HTTP response message: stload.se.ifmo.ru,config 2 2-3,text,false,,2139,0,3,9,http://stload.se.ifmo.ru:8080/?token=518472196&&user=-1356113187&config=2,0,0,0
1775998206285,0,HTTP Request 2,Non HTTP response code: java.net.UnknownHostException,Non HTTP response message: stload.se.ifmo.ru,config 2 2-4,text,false,,2139,0,4,12,http://stload.se.ifmo.ru:8080/?token=518472196&&user=-1356113187&config=2,0,0,0
1775998207302,0,HTTP Request 2,Non HTTP response code: java.net.UnknownHostException,Non HTTP response message: stload.se.ifmo.ru,config 2 2-1,text,false,,2139,0,4,12,http://stload.se.ifmo.ru:8080/?token=518472196&&user=-1356113187&config=2,0,0,0
1775998207449,1,HTTP Request 2,Non HTTP response code: java.net.UnknownHostException,Non HTTP response message: stload.se.ifmo.ru,config 2 2-2,text,false,,2139,0,4,12,http://stload.se.ifmo.ru:8080/?token=518472196&&user=-1356113187&config=2,0,0,1
1775998207615,1,HTTP Request 2,Non HTTP response code: java.net.UnknownHostException,Non HTTP response message: stload.se.ifmo.ru,config 2 2-3,text,false,,2139,0,4,12,http://stload.se.ifmo.ru:8080/?token=518472196&&user=-1356113187&config=2,0,0,1
1775998207785,0,HTTP Request 2,Non HTTP response code: java.net.UnknownHostException,Non HTTP response message: stload.se.ifmo.ru,config 2 2-4,text,false,,2139,0,4,12,http://stload.se.ifmo.ru:8080/?token=518472196&&user=-1356113187&config=2,0,0,0
1775998207951,1,HTTP Request 2,Non HTTP response code: java.net.UnknownHostException,Non HTTP response message: stload.se.ifmo.ru,config 2 2-5,text,false,,2139,0,5,14,http://stload.se.ifmo.ru:8080/?token=518472196&&user=-1356113187&config=2,0,0,1
1775998208801,1,HTTP Request 2,Non HTTP response code: java.net.UnknownHostException,Non HTTP response message: stload.se.ifmo.ru,config 2 2-1,text,false,,2139,0,5,15,http://stload.se.ifmo.ru:8080/?token=518472196&&user=-1356113187&config=2,0,0,1
1775998208950,0,HTTP Request 2,Non HTTP response code: java.net.UnknownHostException,Non HTTP response message: stload.se.ifmo.ru,config 2 2-2,text,false,,2139,0,5,15,http://stload.se.ifmo.ru:8080/?token=518472196&&user=-1356113187&config=2,0,0,0
1775998209115,1,HTTP Request 2,Non HTTP response code: java.net.UnknownHostException,Non HTTP response message: stload.se.ifmo.ru,config 2 2-3,text,false,,2139,0,5,15,http://stload.se.ifmo.ru:8080/?token=518472196&&user=-1356113187&config=2,0,0,1
1775998209284,0,HTTP Request 2,Non HTTP response code: java.net.UnknownHostException,Non HTTP response message: stload.se.ifmo.ru,config 2 2-4,text,false,,2139,0,5,15,http://stload.se.ifmo.ru:8080/?token=518472196&&user=-1356113187&config=2,0,0,0
1775998209451,1,HTTP Request 2,Non HTTP response code: java.net.UnknownHostException,Non HTTP response message: stload.se.ifmo.ru,config 2 2-5,text,false,,2139,0,5,15,http://stload.se.ifmo.ru:8080/?token=518472196&&user=-1356113187&config=2,0,0,1
1775998209617,0,HTTP Request 2,Non HTTP response code: java.net.UnknownHostException,Non HTTP response message: stload.se.ifmo.ru,config 2 2-6,text,false,,2139,0,6,17,http://stload.se.ifmo.ru:8080/?token=518472196&&user=-1356113187&config=2,0,0,0
1775998210302,1,HTTP Request 2,Non HTTP response code: java.net.UnknownHostException,Non HTTP response message: stload.se.ifmo.ru,config 2 2-1,text,false,,2139,0,6,18,http://stload.se.ifmo.ru:8080/?token=518472196&&user=-1356113187&config=2,0,0,1
1775998210450,0,HTTP Request 2,Non HTTP response code: java.net.UnknownHostException,Non HTTP response message: stload.se.ifmo.ru,config 2 2-2,text,false,,2139,0,6,18,http://stload.se.ifmo.ru:8080/?token=518472196&&user=-1356113187&config=2,0,0,0
1775998210615,1,HTTP Request 2,Non HTTP response code: java.net.UnknownHostException,Non HTTP response message: stload.se.ifmo.ru,config 2 2-3,text,false,,2139,0,6,18,http://stload.se.ifmo.ru:8080/?token=518472196&&user=-1356113187&config=2,0,0,1
1775998210785,0,HTTP Request 2,Non HTTP response code: java.net.UnknownHostException,Non HTTP response message: stload.se.ifmo.ru,config 2 2-4,text,false,,2139,0,6,18,http://stload.se.ifmo.ru:8080/?token=518472196&&user=-1356113187&config=2,0,0,0
1775998210952,0,HTTP Request 2,Non HTTP response code: java.net.UnknownHostException,Non HTTP response message: stload.se.ifmo.ru,config 2 2-5,text,false,,2139,0,6,18,http://stload.se.ifmo.ru:8080/?token=518472196&&user=-1356113187&config=2,0,0,0
1775998211117,0,HTTP Request 2,Non HTTP response code: java.net.UnknownHostException,Non HTTP response message: stload.se.ifmo.ru,config 2 2-6,text,false,,2139,0,6,18,http://stload.se.ifmo.ru:8080/?token=518472196&&user=-1356113187&config=2,0,0,0
1775998211802,0,HTTP Request 2,Non HTTP response code: java.net.UnknownHostException,Non HTTP response message: stload.se.ifmo.ru,config 2 2-1,text,false,,2139,0,6,18,http://stload.se.ifmo.ru:8080/?token=518472196&&user=-1356113187&config=2,0,0,0
1775998211949,1,HTTP Request 2,Non HTTP response code: java.net.UnknownHostException,Non HTTP response message: stload.se.ifmo.ru,config 2 2-2,text,false,,2139,0,6,18,http://stload.se.ifmo.ru:8080/?token=518472196&&user=-1356113187&config=2,0,0,1
1775998212116,0,HTTP Request 2,Non HTTP response code: java.net.UnknownHostException,Non HTTP response message: stload.se.ifmo.ru,config 2 2-3,text,false,,2139,0,6,18,http://stload.se.ifmo.ru:8080/?token=518472196&&user=-1356113187&config=2,0,0,0
1775998212284,0,HTTP Request 2,Non HTTP response code: java.net.UnknownHostException,Non HTTP response message: stload.se.ifmo.ru,config 2 2-4,text,false,,2139,0,6,18,http://stload.se.ifmo.ru:8080/?token=518472196&&user=-1356113187&config=2,0,0,0
1775998212451,0,HTTP Request 2,Non HTTP response code: java.net.UnknownHostException,Non HTTP response message: stload.se.ifmo.ru,config 2 2-5,text,false,,2139,0,6,18,http://stload.se.ifmo.ru:8080/?token=518472196&&user=-1356113187&config=2,0,0,0
1775998212616,0,HTTP Request 2,Non HTTP response code: java.net.UnknownHostException,Non HTTP response message: stload.se.ifmo.ru,config 2 2-6,text,false,,2139,0,6,18,http://stload.se.ifmo.ru:8080/?token=518472196&&user=-1356113187&config=2,0,0,0
1775998213301,1,HTTP Request 2,Non HTTP response code: java.net.UnknownHostException,Non HTTP response message: stload.se.ifmo.ru,config 2 2-1,text,false,,2139,0,6,18,http://stload.se.ifmo.ru:8080/?token=518472196&&user=-1356113187&config=2,0,0,1
1775998213449,1,HTTP Request 2,Non HTTP response code: java.net.UnknownHostException,Non HTTP response message: stload.se.ifmo.ru,config 2 2-2,text,false,,2139,0,6,18,http://stload.se.ifmo.ru:8080/?token=518472196&&user=-1356113187&config=2,0,0,1
1775998213616,0,HTTP Request 2,Non HTTP response code: java.net.UnknownHostException,Non HTTP response message: stload.se.ifmo.ru,config 2 2-3,text,false,,2139,0,6,18,http://stload.se.ifmo.ru:8080/?token=518472196&&user=-1356113187&config=2,0,0,0
1775998213784,1,HTTP Request 2,Non HTTP response code: java.net.UnknownHostException,Non HTTP response message: stload.se.ifmo.ru,config 2 2-4,text,false,,2139,0,6,18,http://stload.se.ifmo.ru:8080/?token=518472196&&user=-1356113187&config=2,0,0,1
1775998213951,1,HTTP Request 2,Non HTTP response code: java.net.UnknownHostException,Non HTTP response message: stload.se.ifmo.ru,config 2 2-5,text,false,,2139,0,6,18,http://stload.se.ifmo.ru:8080/?token=518472196&&user=-1356113187&config=2,0,0,1
1775998214116,1,HTTP Request 2,Non HTTP response code: java.net.UnknownHostException,Non HTTP response message: stload.se.ifmo.ru,config 2 2-6,text,false,,2139,0,6,18,http://stload.se.ifmo.ru:8080/?token=518472196&&user=-1356113187&config=2,0,0,1
1775998214802,0,HTTP Request 2,Non HTTP response code: java.net.UnknownHostException,Non HTTP response message: stload.se.ifmo.ru,config 2 2-1,text,false,,2139,0,6,18,http://stload.se.ifmo.ru:8080/?token=518472196&&user=-1356113187&config=2,0,0,0
1775998214949,1,HTTP Request 2,Non HTTP response code: java.net.UnknownHostException,Non HTTP response message: stload.se.ifmo.ru,config 2 2-2,text,false,,2139,0,6,18,http://stload.se.ifmo.ru:8080/?token=518472196&&user=-1356113187&config=2,0,0,1
1775998215115,1,HTTP Request 2,Non HTTP response code: java.net.UnknownHostException,Non HTTP response message: stload.se.ifmo.ru,config 2 2-3,text,false,,2139,0,6,18,http://stload.se.ifmo.ru:8080/?token=518472196&&user=-1356113187&config=2,0,0,1
1775998215284,0,HTTP Request 2,Non HTTP response code: java.net.UnknownHostException,Non HTTP response message: stload.se.ifmo.ru,config 2 2-4,text,false,,2139,0,6,18,http://stload.se.ifmo.ru:8080/?token=518472196&&user=-1356113187&config=2,0,0,0
1775998215451,1,HTTP Request 2,Non HTTP response code: java.net.UnknownHostException,Non HTTP response message: stload.se.ifmo.ru,config 2 2-5,text,false,,2139,0,6,18,http://stload.se.ifmo.ru:8080/?token=518472196&&user=-1356113187&config=2,0,0,1
1775998215617,0,HTTP Request 2,Non HTTP response code: java.net.UnknownHostException,Non HTTP response message: stload.se.ifmo.ru,config 2 2-6,text,false,,2139,0,6,18,http://stload.se.ifmo.ru:8080/?token=518472196&&user=-1356113187&config=2,0,0,0
1775998216301,0,HTTP Request 2,Non HTTP response code: java.net.UnknownHostException,Non HTTP response message: stload.se.ifmo.ru,config 2 2-1,text,false,,2139,0,6,18,http://stload.se.ifmo.ru:8080/?token=518472196&&user=-1356113187&config=2,0,0,0
1775998216449,1,HTTP Request 2,Non HTTP response code: java.net.UnknownHostException,Non HTTP response message: stload.se.ifmo.ru,config 2 2-2,text,false,,2139,0,6,18,http://stload.se.ifmo.ru:8080/?token=518472196&&user=-1356113187&config=2,0,0,1
1775998216615,0,HTTP Request 2,Non HTTP response code: java.net.UnknownHostException,Non HTTP response message: stload.se.ifmo.ru,config 2 2-3,text,false,,2139,0,6,18,http://stload.se.ifmo.ru:8080/?token=518472196&&user=-1356113187&config=2,0,0,0
1775998216784,0,HTTP Request 2,Non HTTP response code: java.net.UnknownHostException,Non HTTP response message: stload.se.ifmo.ru,config 2 2-4,text,false,,2139,0,6,18,http://stload.se.ifmo.ru:8080/?token=518472196&&user=-1356113187&config=2,0,0,0
1775998216951,1,HTTP Request 2,Non HTTP response code: java.net.UnknownHostException,Non HTTP response message: stload.se.ifmo.ru,config 2 2-5,text,false,,2139,0,6,18,http://stload.se.ifmo.ru:8080/?token=518472196&&user=-1356113187&config=2,0,0,1
1775998217117,0,HTTP Request 2,Non HTTP response code: java.net.UnknownHostException,Non HTTP response message: stload.se.ifmo.ru,config 2 2-6,text,false,,2139,0,6,18,http://stload.se.ifmo.ru:8080/?token=518472196&&user=-1356113187&config=2,0,0,0
1775998217801,0,HTTP Request 2,Non HTTP response code: java.net.UnknownHostException,Non HTTP response message: stload.se.ifmo.ru,config 2 2-1,text,false,,2139,0,6,18,http://stload.se.ifmo.ru:8080/?token=518472196&&user=-1356113187&config=2,0,0,0
1775998217949,0,HTTP Request 2,Non HTTP response code: java.net.UnknownHostException,Non HTTP response message: stload.se.ifmo.ru,config 2 2-2,text,false,,2139,0,6,18,http://stload.se.ifmo.ru:8080/?token=518472196&&user=-1356113187&config=2,0,0,0
1775998218115,0,HTTP Request 2,Non HTTP response code: java.net.UnknownHostException,Non HTTP response message: stload.se.ifmo.ru,config 2 2-3,text,false,,2139,0,6,18,http://stload.se.ifmo.ru:8080/?token=518472196&&user=-1356113187&config=2,0,0,0
1775998218285,0,HTTP Request 2,Non HTTP response code: java.net.UnknownHostException,Non HTTP response message: stload.se.ifmo.ru,config 2 2-4,text,false,,2139,0,6,18,http://stload.se.ifmo.ru:8080/?token=518472196&&user=-1356113187&config=2,0,0,0
1775998218452,0,HTTP Request 2,Non HTTP response code: java.net.UnknownHostException,Non HTTP response message: stload.se.ifmo.ru,config 2 2-5,text,false,,2139,0,6,18,http://stload.se.ifmo.ru:8080/?token=518472196&&user=-1356113187&config=2,0,0,0
1775998218617,0,HTTP Request 2,Non HTTP response code: java.net.UnknownHostException,Non HTTP response message: stload.se.ifmo.ru,config 2 2-6,text,false,,2139,0,6,18,http://stload.se.ifmo.ru:8080/?token=518472196&&user=-1356113187&config=2,0,0,0
1775998219301,0,HTTP Request 2,Non HTTP response code: java.net.UnknownHostException,Non HTTP response message: stload.se.ifmo.ru,config 2 2-1,text,false,,2139,0,6,18,http://stload.se.ifmo.ru:8080/?token=518472196&&user=-1356113187&config=2,0,0,0
1775998219449,0,HTTP Request 2,Non HTTP response code: java.net.UnknownHostException,Non HTTP response message: stload.se.ifmo.ru,config 2 2-2,text,false,,2139,0,6,18,http://stload.se.ifmo.ru:8080/?token=518472196&&user=-1356113187&config=2,0,0,0
1775998219615,1,HTTP Request 2,Non HTTP response code: java.net.UnknownHostException,Non HTTP response message: stload.se.ifmo.ru,config 2 2-3,text,false,,2139,0,6,18,http://stload.se.ifmo.ru:8080/?token=518472196&&user=-1356113187&config=2,0,0,1
1775998219784,0,HTTP Request 2,Non HTTP response code: java.net.UnknownHostException,Non HTTP response message: stload.se.ifmo.ru,config 2 2-4,text,false,,2139,0,6,18,http://stload.se.ifmo.ru:8080/?token=518472196&&user=-1356113187&config=2,0,0,0
1775998219952,0,HTTP Request 2,Non HTTP response code: java.net.UnknownHostException,Non HTTP response message: stload.se.ifmo.ru,config 2 2-5,text,false,,2139,0,6,18,http://stload.se.ifmo.ru:8080/?token=518472196&&user=-1356113187&config=2,0,0,0
1775998220116,1,HTTP Request 2,Non HTTP response code: java.net.UnknownHostException,Non HTTP response message: stload.se.ifmo.ru,config 2 2-6,text,false,,2139,0,6,18,http://stload.se.ifmo.ru:8080/?token=518472196&&user=-1356113187&config=2,0,0,1
1775998220801,1,HTTP Request 2,Non HTTP response code: java.net.UnknownHostException,Non HTTP response message: stload.se.ifmo.ru,config 2 2-1,text,false,,2139,0,6,18,http://stload.se.ifmo.ru:8080/?token=518472196&&user=-1356113187&config=2,0,0,1
1775998220949,0,HTTP Request 2,Non HTTP response code: java.net.UnknownHostException,Non HTTP response message: stload.se.ifmo.ru,config 2 2-2,text,false,,2139,0,6,18,http://stload.se.ifmo.ru:8080/?token=518472196&&user=-1356113187&config=2,0,0,0
1775998221115,1,HTTP Request 2,Non HTTP response code: java.net.UnknownHostException,Non HTTP response message: stload.se.ifmo.ru,config 2 2-3,text,false,,2139,0,6,18,http://stload.se.ifmo.ru:8080/?token=518472196&&user=-1356113187&config=2,0,0,1
1775998221284,0,HTTP Request 2,Non HTTP response code: java.net.UnknownHostException,Non HTTP response message: stload.se.ifmo.ru,config 2 2-4,text,false,,2139,0,6,18,http://stload.se.ifmo.ru:8080/?token=518472196&&user=-1356113187&config=2,0,0,0
1775998221452,0,HTTP Request 2,Non HTTP response code: java.net.UnknownHostException,Non HTTP response message: stload.se.ifmo.ru,config 2 2-5,text,false,,2139,0,6,18,http://stload.se.ifmo.ru:8080/?token=518472196&&user=-1356113187&config=2,0,0,0
1775998221616,0,HTTP Request 2,Non HTTP response code: java.net.UnknownHostException,Non HTTP response message: stload.se.ifmo.ru,config 2 2-6,text,false,,2139,0,6,18,http://stload.se.ifmo.ru:8080/?token=518472196&&user=-1356113187&config=2,0,0,0
1775998222301,0,HTTP Request 2,Non HTTP response code: java.net.UnknownHostException,Non HTTP response message: stload.se.ifmo.ru,config 2 2-1,text,false,,2139,0,6,18,http://stload.se.ifmo.ru:8080/?token=518472196&&user=-1356113187&config=2,0,0,0
1775998222449,0,HTTP Request 2,Non HTTP response code: java.net.UnknownHostException,Non HTTP response message: stload.se.ifmo.ru,config 2 2-2,text,false,,2139,0,6,18,http://stload.se.ifmo.ru:8080/?token=518472196&&user=-1356113187&config=2,0,0,0
1775998222616,0,HTTP Request 2,Non HTTP response code: java.net.UnknownHostException,Non HTTP response message: stload.se.ifmo.ru,config 2 2-3,text,false,,2139,0,6,18,http://stload.se.ifmo.ru:8080/?token=518472196&&user=-1356113187&config=2,0,0,0
1775998222785,0,HTTP Request 2,Non HTTP response code: java.net.UnknownHostException,Non HTTP response message: stload.se.ifmo.ru,config 2 2-4,text,false,,2139,0,6,18,http://stload.se.ifmo.ru:8080/?token=518472196&&user=-1356113187&config=2,0,0,0
1775998222952,0,HTTP Request 2,Non HTTP response code: java.net.UnknownHostException,Non HTTP response message: stload.se.ifmo.ru,config 2 2-5,text,false,,2139,0,6,18,http://stload.se.ifmo.ru:8080/?token=518472196&&user=-1356113187&config=2,0,0,0
1775998223116,0,HTTP Request 2,Non HTTP response code: java.net.UnknownHostException,Non HTTP response message: stload.se.ifmo.ru,config 2 2-6,text,false,,2139,0,6,18,http://stload.se.ifmo.ru:8080/?token=518472196&&user=-1356113187&config=2,0,0,0
1775998223801,0,HTTP Request 2,Non HTTP response code: java.net.UnknownHostException,Non HTTP response message: stload.se.ifmo.ru,config 2 2-1,text,false,,2139,0,6,18,http://stload.se.ifmo.ru:8080/?token=518472196&&user=-1356113187&config=2,0,0,0
1775998223949,1,HTTP Request 2,Non HTTP response code: java.net.UnknownHostException,Non HTTP response message: stload.se.ifmo.ru,config 2 2-2,text,false,,2139,0,6,18,http://stload.se.ifmo.ru:8080/?token=518472196&&user=-1356113187&config=2,0,0,1
1775998224115,1,HTTP Request 2,Non HTTP response code: java.net.UnknownHostException,Non HTTP response message: stload.se.ifmo.ru,config 2 2-3,text,false,,2139,0,6,18,http://stload.se.ifmo.ru:8080/?token=518472196&&user=-1356113187&config=2,0,0,0
1775998224284,0,HTTP Request 2,Non HTTP response code: java.net.UnknownHostException,Non HTTP response message: stload.se.ifmo.ru,config 2 2-4,text,false,,2139,0,6,18,http://stload.se.ifmo.ru:8080/?token=518472196&&user=-1356113187&config=2,0,0,0
1775998224451,1,HTTP Request 2,Non HTTP response code: java.net.UnknownHostException,Non HTTP response message: stload.se.ifmo.ru,config 2 2-5,text,false,,2139,0,6,18,http://stload.se.ifmo.ru:8080/?token=518472196&&user=-1356113187&config=2,0,0,1
1775998224617,0,HTTP Request 2,Non HTTP response code: java.net.UnknownHostException,Non HTTP response message: stload.se.ifmo.ru,config 2 2-6,text,false,,2139,0,6,18,http://stload.se.ifmo.ru:8080/?token=518472196&&user=-1356113187&config=2,0,0,0
1775998225301,1,HTTP Request 2,Non HTTP response code: java.net.UnknownHostException,Non HTTP response message: stload.se.ifmo.ru,config 2 2-1,text,false,,2139,0,6,18,http://stload.se.ifmo.ru:8080/?token=518472196&&user=-1356113187&config=2,0,0,0
1775998225449,0,HTTP Request 2,Non HTTP response code: java.net.UnknownHostException,Non HTTP response message: stload.se.ifmo.ru,config 2 2-2,text,false,,2139,0,6,18,http://stload.se.ifmo.ru:8080/?token=518472196&&user=-1356113187&config=2,0,0,0
1775998225615,1,HTTP Request 2,Non HTTP response code: java.net.UnknownHostException,Non HTTP response message: stload.se.ifmo.ru,config 2 2-3,text,false,,2139,0,6,18,http://stload.se.ifmo.ru:8080/?token=518472196&&user=-1356113187&config=2,0,0,1
1775998225784,0,HTTP Request 2,Non HTTP response code: java.net.UnknownHostException,Non HTTP response message: stload.se.ifmo.ru,config 2 2-4,text,false,,2139,0,6,18,http://stload.se.ifmo.ru:8080/?token=518472196&&user=-1356113187&config=2,0,0,0
1775998225951,0,HTTP Request 2,Non HTTP response code: java.net.UnknownHostException,Non HTTP response message: stload.se.ifmo.ru,config 2 2-5,text,false,,2139,0,6,18,http://stload.se.ifmo.ru:8080/?token=518472196&&user=-1356113187&config=2,0,0,0
1775998226116,1,HTTP Request 2,Non HTTP response code: java.net.UnknownHostException,Non HTTP response message: stload.se.ifmo.ru,config 2 2-6,text,false,,2139,0,6,18,http://stload.se.ifmo.ru:8080/?token=518472196&&user=-1356113187&config=2,0,0,1
1775998226801,1,HTTP Request 2,Non HTTP response code: java.net.UnknownHostException,Non HTTP response message: stload.se.ifmo.ru,config 2 2-1,text,false,,2139,0,6,18,http://stload.se.ifmo.ru:8080/?token=518472196&&user=-1356113187&config=2,0,0,1
1775998226949,0,HTTP Request 2,Non HTTP response code: java.net.UnknownHostException,Non HTTP response message: stload.se.ifmo.ru,config 2 2-2,text,false,,2139,0,6,18,http://stload.se.ifmo.ru:8080/?token=518472196&&user=-1356113187&config=2,0,0,0
1775998227116,0,HTTP Request 2,Non HTTP response code: java.net.UnknownHostException,Non HTTP response message: stload.se.ifmo.ru,config 2 2-3,text,false,,2139,0,6,18,http://stload.se.ifmo.ru:8080/?token=518472196&&user=-1356113187&config=2,0,0,0
1775998227285,0,HTTP Request 2,Non HTTP response code: java.net.UnknownHostException,Non HTTP response message: stload.se.ifmo.ru,config 2 2-4,text,false,,2139,0,6,18,http://stload.se.ifmo.ru:8080/?token=518472196&&user=-1356113187&config=2,0,0,0
1775998227451,0,HTTP Request 2,Non HTTP response code: java.net.UnknownHostException,Non HTTP response message: stload.se.ifmo.ru,config 2 2-5,text,false,,2139,0,6,18,http://stload.se.ifmo.ru:8080/?token=518472196&&user=-1356113187&config=2,0,0,0
1775998227616,0,HTTP Request 2,Non HTTP response code: java.net.UnknownHostException,Non HTTP response message: stload.se.ifmo.ru,config 2 2-6,text,false,,2139,0,6,18,http://stload.se.ifmo.ru:8080/?token=518472196&&user=-1356113187&config=2,0,0,0
1775998228301,1,HTTP Request 2,Non HTTP response code: java.net.UnknownHostException,Non HTTP response message: stload.se.ifmo.ru,config 2 2-1,text,false,,2139,0,6,18,http://stload.se.ifmo.ru:8080/?token=518472196&&user=-1356113187&config=2,0,0,1
1775998228449,0,HTTP Request 2,Non HTTP response code: java.net.UnknownHostException,Non HTTP response message: stload.se.ifmo.ru,config 2 2-2,text,false,,2139,0,6,18,http://stload.se.ifmo.ru:8080/?token=518472196&&user=-1356113187&config=2,0,0,0
1775998228615,1,HTTP Request 2,Non HTTP response code: java.net.UnknownHostException,Non HTTP response message: stload.se.ifmo.ru,config 2 2-3,text,false,,2139,0,6,18,http://stload.se.ifmo.ru:8080/?token=518472196&&user=-1356113187&config=2,0,0,1
1775998228784,1,HTTP Request 2,Non HTTP response code: java.net.UnknownHostException,Non HTTP response message: stload.se.ifmo.ru,config 2 2-4,text,false,,2139,0,6,18,http://stload.se.ifmo.ru:8080/?token=518472196&&user=-1356113187&config=2,0,0,1
1775998228951,1,HTTP Request 2,Non HTTP response code: java.net.UnknownHostException,Non HTTP response message: stload.se.ifmo.ru,config 2 2-5,text,false,,2139,0,6,18,http://stload.se.ifmo.ru:8080/?token=518472196&&user=-1356113187&config=2,0,0,1
1775998229117,0,HTTP Request 2,Non HTTP response code: java.net.UnknownHostException,Non HTTP response message: stload.se.ifmo.ru,config 2 2-6,text,false,,2139,0,6,18,http://stload.se.ifmo.ru:8080/?token=518472196&&user=-1356113187&config=2,0,0,0
1775998229801,1,HTTP Request 2,Non HTTP response code: java.net.UnknownHostException,Non HTTP response message: stload.se.ifmo.ru,config 2 2-1,text,false,,2139,0,6,18,http://stload.se.ifmo.ru:8080/?token=518472196&&user=-1356113187&config=2,0,0,1
1775998229949,0,HTTP Request 2,Non HTTP response code: java.net.UnknownHostException,Non HTTP response message: stload.se.ifmo.ru,config 2 2-2,text,false,,2139,0,6,18,http://stload.se.ifmo.ru:8080/?token=518472196&&user=-1356113187&config=2,0,0,0
1775998230116,0,HTTP Request 2,Non HTTP response code: java.net.UnknownHostException,Non HTTP response message: stload.se.ifmo.ru,config 2 2-3,text,false,,2139,0,6,18,http://stload.se.ifmo.ru:8080/?token=518472196&&user=-1356113187&config=2,0,0,0
1775998230284,1,HTTP Request 2,Non HTTP response code: java.net.UnknownHostException,Non HTTP response message: stload.se.ifmo.ru,config 2 2-4,text,false,,2139,0,6,18,http://stload.se.ifmo.ru:8080/?token=518472196&&user=-1356113187&config=2,0,0,1
1775998230451,1,HTTP Request 2,Non HTTP response code: java.net.UnknownHostException,Non HTTP response message: stload.se.ifmo.ru,config 2 2-5,text,false,,2139,0,6,18,http://stload.se.ifmo.ru:8080/?token=518472196&&user=-1356113187&config=2,0,0,1
1775998230616,0,HTTP Request 2,Non HTTP response code: java.net.UnknownHostException,Non HTTP response message: stload.se.ifmo.ru,config 2 2-6,text,false,,2139,0,6,18,http://stload.se.ifmo.ru:8080/?token=518472196&&user=-1356113187&config=2,0,0,0
1775998231302,0,HTTP Request 2,Non HTTP response code: java.net.UnknownHostException,Non HTTP response message: stload.se.ifmo.ru,config 2 2-1,text,false,,2139,0,6,18,http://stload.se.ifmo.ru:8080/?token=518472196&&user=-1356113187&config=2,0,0,0
1775998231449,1,HTTP Request 2,Non HTTP response code: java.net.UnknownHostException,Non HTTP response message: stload.se.ifmo.ru,config 2 2-2,text,false,,2139,0,6,18,http://stload.se.ifmo.ru:8080/?token=518472196&&user=-1356113187&config=2,0,0,1
1775998231616,0,HTTP Request 2,Non HTTP response code: java.net.UnknownHostException,Non HTTP response message: stload.se.ifmo.ru,config 2 2-3,text,false,,2139,0,6,18,http://stload.se.ifmo.ru:8080/?token=518472196&&user=-1356113187&config=2,0,0,0
1775998231785,0,HTTP Request 2,Non HTTP response code: java.net.UnknownHostException,Non HTTP response message: stload.se.ifmo.ru,config 2 2-4,text,false,,2139,0,6,18,http://stload.se.ifmo.ru:8080/?token=518472196&&user=-1356113187&config=2,0,0,0
1775998231951,1,HTTP Request 2,Non HTTP response code: java.net.UnknownHostException,Non HTTP response message: stload.se.ifmo.ru,config 2 2-5,text,false,,2139,0,6,18,http://stload.se.ifmo.ru:8080/?token=518472196&&user=-1356113187&config=2,0,0,1
1775998232116,0,HTTP Request 2,Non HTTP response code: java.net.UnknownHostException,Non HTTP response message: stload.se.ifmo.ru,config 2 2-6,text,false,,2139,0,6,18,http://stload.se.ifmo.ru:8080/?token=518472196&&user=-1356113187&config=2,0,0,0
1775998232801,2,HTTP Request 2,Non HTTP response code: java.net.UnknownHostException,Non HTTP response message: stload.se.ifmo.ru: Name or service not known,config 2 2-1,text,false,,2506,0,6,18,http://stload.se.ifmo.ru:8080/?token=518472196&&user=-1356113187&config=2,0,0,2
1775998232949,0,HTTP Request 2,Non HTTP response code: java.net.UnknownHostException,Non HTTP response message: stload.se.ifmo.ru,config 2 2-2,text,false,,2139,0,6,18,http://stload.se.ifmo.ru:8080/?token=518472196&&user=-1356113187&config=2,0,0,0
1775998233116,0,HTTP Request 2,Non HTTP response code: java.net.UnknownHostException,Non HTTP response message: stload.se.ifmo.ru,config 2 2-3,text,false,,2139,0,6,18,http://stload.se.ifmo.ru:8080/?token=518472196&&user=-1356113187&config=2,0,0,0
1775998233284,0,HTTP Request 2,Non HTTP response code: java.net.UnknownHostException,Non HTTP response message: stload.se.ifmo.ru,config 2 2-4,text,false,,2139,0,6,18,http://stload.se.ifmo.ru:8080/?token=518472196&&user=-1356113187&config=2,0,0,0
1775998233451,0,HTTP Request 2,Non HTTP response code: java.net.UnknownHostException,Non HTTP response message: stload.se.ifmo.ru,config 2 2-5,text,false,,2139,0,6,18,http://stload.se.ifmo.ru:8080/?token=518472196&&user=-1356113187&config=2,0,0,0
1775998233617,0,HTTP Request 2,Non HTTP response code: java.net.UnknownHostException,Non HTTP response message: stload.se.ifmo.ru,config 2 2-6,text,false,,2139,0,6,18,http://stload.se.ifmo.ru:8080/?token=518472196&&user=-1356113187&config=2,0,0,0
1775998234301,1,HTTP Request 2,Non HTTP response code: java.net.UnknownHostException,Non HTTP response message: stload.se.ifmo.ru,config 2 2-1,text,false,,2139,0,6,18,http://stload.se.ifmo.ru:8080/?token=518472196&&user=-1356113187&config=2,0,0,1
1775998234450,0,HTTP Request 2,Non HTTP response code: java.net.UnknownHostException,Non HTTP response message: stload.se.ifmo.ru,config 2 2-2,text,false,,2139,0,6,18,http://stload.se.ifmo.ru:8080/?token=518472196&&user=-1356113187&config=2,0,0,0
1775998234615,0,HTTP Request 2,Non HTTP response code: java.net.UnknownHostException,Non HTTP response message: stload.se.ifmo.ru,config 2 2-3,text,false,,2139,0,6,18,http://stload.se.ifmo.ru:8080/?token=518472196&&user=-1356113187&config=2,0,0,0
1775998234784,0,HTTP Request 2,Non HTTP response code: java.net.UnknownHostException,Non HTTP response message: stload.se.ifmo.ru,config 2 2-4,text,false,,2139,0,6,18,http://stload.se.ifmo.ru:8080/?token=518472196&&user=-1356113187&config=2,0,0,0
1775998234951,0,HTTP Request 2,Non HTTP response code: java.net.UnknownHostException,Non HTTP response message: stload.se.ifmo.ru,config 2 2-5,text,false,,2139,0,6,18,http://stload.se.ifmo.ru:8080/?token=518472196&&user=-1356113187&config=2,0,0,0
1775998235116,1,HTTP Request 2,Non HTTP response code: java.net.UnknownHostException,Non HTTP response message: stload.se.ifmo.ru,config 2 2-6,text,false,,2139,0,6,18,http://stload.se.ifmo.ru:8080/?token=518472196&&user=-1356113187&config=2,0,0,1
1775998235802,0,HTTP Request 2,Non HTTP response code: java.net.UnknownHostException,Non HTTP response message: stload.se.ifmo.ru,config 2 2-1,text,false,,2139,0,6,18,http://stload.se.ifmo.ru:8080/?token=518472196&&user=-1356113187&config=2,0,0,0
1775998235950,0,HTTP Request 2,Non HTTP response code: java.net.UnknownHostException,Non HTTP response message: stload.se.ifmo.ru,config 2 2-2,text,false,,2139,0,6,18,http://stload.se.ifmo.ru:8080/?token=518472196&&user=-1356113187&config=2,0,0,0
1775998236115,0,HTTP Request 2,Non HTTP response code: java.net.UnknownHostException,Non HTTP response message: stload.se.ifmo.ru,config 2 2-3,text,false,,2139,0,6,18,http://stload.se.ifmo.ru:8080/?token=518472196&&user=-1356113187&config=2,0,0,0
1775998236285,0,HTTP Request 2,Non HTTP response code: java.net.UnknownHostException,Non HTTP response message: stload.se.ifmo.ru,config 2 2-4,text,false,,2139,0,6,18,http://stload.se.ifmo.ru:8080/?token=518472196&&user=-1356113187&config=2,0,0,0
1775998236451,1,HTTP Request 2,Non HTTP response code: java.net.UnknownHostException,Non HTTP response message: stload.se.ifmo.ru,config 2 2-5,text,false,,2139,0,6,18,http://stload.se.ifmo.ru:8080/?token=518472196&&user=-1356113187&config=2,0,0,1
1775998236616,0,HTTP Request 2,Non HTTP response code: java.net.UnknownHostException,Non HTTP response message: stload.se.ifmo.ru,config 2 2-6,text,false,,2139,0,6,18,http://stload.se.ifmo.ru:8080/?token=518472196&&user=-1356113187&config=2,0,0,0
1775998237301,1,HTTP Request 2,Non HTTP response code: java.net.UnknownHostException,Non HTTP response message: stload.se.ifmo.ru,config 2 2-1,text,false,,2139,0,6,18,http://stload.se.ifmo.ru:8080/?token=518472196&&user=-1356113187&config=2,0,0,1
1775998237450,0,HTTP Request 2,Non HTTP response code: java.net.UnknownHostException,Non HTTP response message: stload.se.ifmo.ru,config 2 2-2,text,false,,2139,0,6,18,http://stload.se.ifmo.ru:8080/?token=518472196&&user=-1356113187&config=2,0,0,0
1775998237616,0,HTTP Request 2,Non HTTP response code: java.net.UnknownHostException,Non HTTP response message: stload.se.ifmo.ru,config 2 2-3,text,false,,2139,0,6,18,http://stload.se.ifmo.ru:8080/?token=518472196&&user=-1356113187&config=2,0,0,0
1775998237784,0,HTTP Request 2,Non HTTP response code: java.net.UnknownHostException,Non HTTP response message: stload.se.ifmo.ru,config 2 2-4,text,false,,2139,0,6,18,http://stload.se.ifmo.ru:8080/?token=518472196&&user=-1356113187&config=2,0,0,0
1775998237951,0,HTTP Request 2,Non HTTP response code: java.net.UnknownHostException,Non HTTP response message: stload.se.ifmo.ru,config 2 2-5,text,false,,2139,0,6,18,http://stload.se.ifmo.ru:8080/?token=518472196&&user=-1356113187&config=2,0,0,0
1775998238117,0,HTTP Request 2,Non HTTP response code: java.net.UnknownHostException,Non HTTP response message: stload.se.ifmo.ru,config 2 2-6,text,false,,2139,0,6,18,http://stload.se.ifmo.ru:8080/?token=518472196&&user=-1356113187&config=2,0,0,0
1775998238802,1,HTTP Request 2,Non HTTP response code: java.net.UnknownHostException,Non HTTP response message: stload.se.ifmo.ru,config 2 2-1,text,false,,2139,0,6,18,http://stload.se.ifmo.ru:8080/?token=518472196&&user=-1356113187&config=2,0,0,1
1775998238949,0,HTTP Request 2,Non HTTP response code: java.net.UnknownHostException,Non HTTP response message: stload.se.ifmo.ru,config 2 2-2,text,false,,2139,0,6,18,http://stload.se.ifmo.ru:8080/?token=518472196&&user=-1356113187&config=2,0,0,0
1775998239116,0,HTTP Request 2,Non HTTP response code: java.net.UnknownHostException,Non HTTP response message: stload.se.ifmo.ru,config 2 2-3,text,false,,2139,0,6,18,http://stload.se.ifmo.ru:8080/?token=518472196&&user=-1356113187&config=2,0,0,0
1775998239284,0,HTTP Request 2,Non HTTP response code: java.net.UnknownHostException,Non HTTP response message: stload.se.ifmo.ru,config 2 2-4,text,false,,2139,0,6,18,http://stload.se.ifmo.ru:8080/?token=518472196&&user=-1356113187&config=2,0,0,0
1775998239452,0,HTTP Request 2,Non HTTP response code: java.net.UnknownHostException,Non HTTP response message: stload.se.ifmo.ru,config 2 2-5,text,false,,2139,0,6,18,http://stload.se.ifmo.ru:8080/?token=518472196&&user=-1356113187&config=2,0,0,0
1775998239616,0,HTTP Request 2,Non HTTP response code: java.net.UnknownHostException,Non HTTP response message: stload.se.ifmo.ru,config 2 2-6,text,false,,2139,0,6,18,http://stload.se.ifmo.ru:8080/?token=518472196&&user=-1356113187&config=2,0,0,0
1775998240301,1,HTTP Request 2,Non HTTP response code: java.net.UnknownHostException,Non HTTP response message: stload.se.ifmo.ru,config 2 2-1,text,false,,2139,0,6,18,http://stload.se.ifmo.ru:8080/?token=518472196&&user=-1356113187&config=2,0,0,1
1775998240450,0,HTTP Request 2,Non HTTP response code: java.net.UnknownHostException,Non HTTP response message: stload.se.ifmo.ru,config 2 2-2,text,false,,2139,0,6,18,http://stload.se.ifmo.ru:8080/?token=518472196&&user=-1356113187&config=2,0,0,0
1775998240615,0,HTTP Request 2,Non HTTP response code: java.net.UnknownHostException,Non HTTP response message: stload.se.ifmo.ru,config 2 2-3,text,false,,2139,0,6,18,http://stload.se.ifmo.ru:8080/?token=518472196&&user=-1356113187&config=2,0,0,0
1775998240784,0,HTTP Request 2,Non HTTP response code: java.net.UnknownHostException,Non HTTP response message: stload.se.ifmo.ru,config 2 2-4,text,false,,2139,0,6,18,http://stload.se.ifmo.ru:8080/?token=518472196&&user=-1356113187&config=2,0,0,0
1775998240951,1,HTTP Request 2,Non HTTP response code: java.net.UnknownHostException,Non HTTP response message: stload.se.ifmo.ru,config 2 2-5,text,false,,2139,0,6,18,http://stload.se.ifmo.ru:8080/?token=518472196&&user=-1356113187&config=2,0,0,0
1775998241117,0,HTTP Request 2,Non HTTP response code: java.net.UnknownHostException,Non HTTP response message: stload.se.ifmo.ru,config 2 2-6,text,false,,2139,0,6,18,http://stload.se.ifmo.ru:8080/?token=518472196&&user=-1356113187&config=2,0,0,0
1775998241801,1,HTTP Request 2,Non HTTP response code: java.net.UnknownHostException,Non HTTP response message: stload.se.ifmo.ru,config 2 2-1,text,false,,2139,0,6,18,http://stload.se.ifmo.ru:8080/?token=518472196&&user=-1356113187&config=2,0,0,1
1775998241949,0,HTTP Request 2,Non HTTP response code: java.net.UnknownHostException,Non HTTP response message: stload.se.ifmo.ru,config 2 2-2,text,false,,2139,0,6,18,http://stload.se.ifmo.ru:8080/?token=518472196&&user=-1356113187&config=2,0,0,0
1775998242116,0,HTTP Request 2,Non HTTP response code: java.net.UnknownHostException,Non HTTP response message: stload.se.ifmo.ru,config 2 2-3,text,false,,2139,0,6,18,http://stload.se.ifmo.ru:8080/?token=518472196&&user=-1356113187&config=2,0,0,0
1775998242285,0,HTTP Request 2,Non HTTP response code: java.net.UnknownHostException,Non HTTP response message: stload.se.ifmo.ru,config 2 2-4,text,false,,2139,0,6,18,http://stload.se.ifmo.ru:8080/?token=518472196&&user=-1356113187&config=2,0,0,0
1775998242451,0,HTTP Request 2,Non HTTP response code: java.net.UnknownHostException,Non HTTP response message: stload.se.ifmo.ru,config 2 2-5,text,false,,2139,0,6,18,http://stload.se.ifmo.ru:8080/?token=518472196&&user=-1356113187&config=2,0,0,0
1775998242616,0,HTTP Request 2,Non HTTP response code: java.net.UnknownHostException,Non HTTP response message: stload.se.ifmo.ru,config 2 2-6,text,false,,2139,0,6,18,http://stload.se.ifmo.ru:8080/?token=518472196&&user=-1356113187&config=2,0,0,0
1775998243301,1,HTTP Request 2,Non HTTP response code: java.net.UnknownHostException,Non HTTP response message: stload.se.ifmo.ru,config 2 2-1,text,false,,2139,0,6,18,http://stload.se.ifmo.ru:8080/?token=518472196&&user=-1356113187&config=2,0,0,1
1775998243449,0,HTTP Request 2,Non HTTP response code: java.net.UnknownHostException,Non HTTP response message: stload.se.ifmo.ru,config 2 2-2,text,false,,2139,0,6,18,http://stload.se.ifmo.ru:8080/?token=518472196&&user=-1356113187&config=2,0,0,0
1775998243616,0,HTTP Request 2,Non HTTP response code: java.net.UnknownHostException,Non HTTP response message: stload.se.ifmo.ru,config 2 2-3,text,false,,2139,0,6,18,http://stload.se.ifmo.ru:8080/?token=518472196&&user=-1356113187&config=2,0,0,0
1775998243784,0,HTTP Request 2,Non HTTP response code: java.net.UnknownHostException,Non HTTP response message: stload.se.ifmo.ru,config 2 2-4,text,false,,2139,0,6,18,http://stload.se.ifmo.ru:8080/?token=518472196&&user=-1356113187&config=2,0,0,0
1775998243951,1,HTTP Request 2,Non HTTP response code: java.net.UnknownHostException,Non HTTP response message: stload.se.ifmo.ru,config 2 2-5,text,false,,2139,0,6,18,http://stload.se.ifmo.ru:8080/?token=518472196&&user=-1356113187&config=2,0,0,1
1775998244117,0,HTTP Request 2,Non HTTP response code: java.net.UnknownHostException,Non HTTP response message: stload.se.ifmo.ru,config 2 2-6,text,false,,2139,0,6,18,http://stload.se.ifmo.ru:8080/?token=518472196&&user=-1356113187&config=2,0,0,0
1775998244801,1,HTTP Request 2,Non HTTP response code: java.net.UnknownHostException,Non HTTP response message: stload.se.ifmo.ru,config 2 2-1,text,false,,2139,0,6,18,http://stload.se.ifmo.ru:8080/?token=518472196&&user=-1356113187&config=2,0,0,1
1775998244950,0,HTTP Request 2,Non HTTP response code: java.net.UnknownHostException,Non HTTP response message: stload.se.ifmo.ru,config 2 2-2,text,false,,2139,0,6,18,http://stload.se.ifmo.ru:8080/?token=518472196&&user=-1356113187&config=2,0,0,0
1775998245115,1,HTTP Request 2,Non HTTP response code: java.net.UnknownHostException,Non HTTP response message: stload.se.ifmo.ru,config 2 2-3,text,false,,2139,0,6,18,http://stload.se.ifmo.ru:8080/?token=518472196&&user=-1356113187&config=2,0,0,1
1775998245284,0,HTTP Request 2,Non HTTP response code: java.net.UnknownHostException,Non HTTP response message: stload.se.ifmo.ru,config 2 2-4,text,false,,2139,0,6,18,http://stload.se.ifmo.ru:8080/?token=518472196&&user=-1356113187&config=2,0,0,0
1775998245451,0,HTTP Request 2,Non HTTP response code: java.net.UnknownHostException,Non HTTP response message: stload.se.ifmo.ru,config 2 2-5,text,false,,2139,0,6,18,http://stload.se.ifmo.ru:8080/?token=518472196&&user=-1356113187&config=2,0,0,0
1775998245616,1,HTTP Request 2,Non HTTP response code: java.net.UnknownHostException,Non HTTP response message: stload.se.ifmo.ru,config 2 2-6,text,false,,2139,0,6,18,http://stload.se.ifmo.ru:8080/?token=518472196&&user=-1356113187&config=2,0,0,0
1775998246301,1,HTTP Request 2,Non HTTP response code: java.net.UnknownHostException,Non HTTP response message: stload.se.ifmo.ru,config 2 2-1,text,false,,2139,0,6,18,http://stload.se.ifmo.ru:8080/?token=518472196&&user=-1356113187&config=2,0,0,1
1775998246449,0,HTTP Request 2,Non HTTP response code: java.net.UnknownHostException,Non HTTP response message: stload.se.ifmo.ru,config 2 2-2,text,false,,2139,0,6,18,http://stload.se.ifmo.ru:8080/?token=518472196&&user=-1356113187&config=2,0,0,0
1775998246615,1,HTTP Request 2,Non HTTP response code: java.net.UnknownHostException,Non HTTP response message: stload.se.ifmo.ru,config 2 2-3,text,false,,2139,0,6,18,http://stload.se.ifmo.ru:8080/?token=518472196&&user=-1356113187&config=2,0,0,1
1775998246784,1,HTTP Request 2,Non HTTP response code: java.net.UnknownHostException,Non HTTP response message: stload.se.ifmo.ru,config 2 2-4,text,false,,2139,0,6,18,http://stload.se.ifmo.ru:8080/?token=518472196&&user=-1356113187&config=2,0,0,1
1775998246951,0,HTTP Request 2,Non HTTP response code: java.net.UnknownHostException,Non HTTP response message: stload.se.ifmo.ru,config 2 2-5,text,false,,2139,0,6,18,http://stload.se.ifmo.ru:8080/?token=518472196&&user=-1356113187&config=2,0,0,0
1775998247116,0,HTTP Request 2,Non HTTP response code: java.net.UnknownHostException,Non HTTP response message: stload.se.ifmo.ru,config 2 2-6,text,false,,2139,0,6,18,http://stload.se.ifmo.ru:8080/?token=518472196&&user=-1356113187&config=2,0,0,0
1775998247802,0,HTTP Request 2,Non HTTP response code: java.net.UnknownHostException,Non HTTP response message: stload.se.ifmo.ru,config 2 2-1,text,false,,2139,0,6,18,http://stload.se.ifmo.ru:8080/?token=518472196&&user=-1356113187&config=2,0,0,0
1775998247949,1,HTTP Request 2,Non HTTP response code: java.net.UnknownHostException,Non HTTP response message: stload.se.ifmo.ru,config 2 2-2,text,false,,2139,0,6,18,http://stload.se.ifmo.ru:8080/?token=518472196&&user=-1356113187&config=2,0,0,1
1775998248115,1,HTTP Request 2,Non HTTP response code: java.net.UnknownHostException,Non HTTP response message: stload.se.ifmo.ru,config 2 2-3,text,false,,2139,0,6,18,http://stload.se.ifmo.ru:8080/?token=518472196&&user=-1356113187&config=2,0,0,1
1775998248284,0,HTTP Request 2,Non HTTP response code: java.net.UnknownHostException,Non HTTP response message: stload.se.ifmo.ru,config 2 2-4,text,false,,2139,0,6,18,http://stload.se.ifmo.ru:8080/?token=518472196&&user=-1356113187&config=2,0,0,0
1775998248451,1,HTTP Request 2,Non HTTP response code: java.net.UnknownHostException,Non HTTP response message: stload.se.ifmo.ru,config 2 2-5,text,false,,2139,0,6,18,http://stload.se.ifmo.ru:8080/?token=518472196&&user=-1356113187&config=2,0,0,1
1775998248616,0,HTTP Request 2,Non HTTP response code: java.net.UnknownHostException,Non HTTP response message: stload.se.ifmo.ru,config 2 2-6,text,false,,2139,0,6,18,http://stload.se.ifmo.ru:8080/?token=518472196&&user=-1356113187&config=2,0,0,0
1775998249302,0,HTTP Request 2,Non HTTP response code: java.net.UnknownHostException,Non HTTP response message: stload.se.ifmo.ru,config 2 2-1,text,false,,2139,0,6,18,http://stload.se.ifmo.ru:8080/?token=518472196&&user=-1356113187&config=2,0,0,0
1775998249449,0,HTTP Request 2,Non HTTP response code: java.net.UnknownHostException,Non HTTP response message: stload.se.ifmo.ru,config 2 2-2,text,false,,2139,0,6,18,http://stload.se.ifmo.ru:8080/?token=518472196&&user=-1356113187&config=2,0,0,0
1775998249615,0,HTTP Request 2,Non HTTP response code: java.net.UnknownHostException,Non HTTP response message: stload.se.ifmo.ru,config 2 2-3,text,false,,2139,0,6,18,http://stload.se.ifmo.ru:8080/?token=518472196&&user=-1356113187&config=2,0,0,0
1775998249784,0,HTTP Request 2,Non HTTP response code: java.net.UnknownHostException,Non HTTP response message: stload.se.ifmo.ru,config 2 2-4,text,false,,2139,0,6,18,http://stload.se.ifmo.ru:8080/?token=518472196&&user=-1356113187&config=2,0,0,0
1775998249951,0,HTTP Request 2,Non HTTP response code: java.net.UnknownHostException,Non HTTP response message: stload.se.ifmo.ru,config 2 2-5,text,false,,2139,0,6,18,http://stload.se.ifmo.ru:8080/?token=518472196&&user=-1356113187&config=2,0,0,0
1775998250116,1,HTTP Request 2,Non HTTP response code: java.net.UnknownHostException,Non HTTP response message: stload.se.ifmo.ru,config 2 2-6,text,false,,2139,0,6,18,http://stload.se.ifmo.ru:8080/?token=518472196&&user=-1356113187&config=2,0,0,0
1775998250801,1,HTTP Request 2,Non HTTP response code: java.net.UnknownHostException,Non HTTP response message: stload.se.ifmo.ru,config 2 2-1,text,false,,2139,0,6,18,http://stload.se.ifmo.ru:8080/?token=518472196&&user=-1356113187&config=2,0,0,0
1775998250950,0,HTTP Request 2,Non HTTP response code: java.net.UnknownHostException,Non HTTP response message: stload.se.ifmo.ru,config 2 2-2,text,false,,2139,0,6,18,http://stload.se.ifmo.ru:8080/?token=518472196&&user=-1356113187&config=2,0,0,0
1775998251115,0,HTTP Request 2,Non HTTP response code: java.net.UnknownHostException,Non HTTP response message: stload.se.ifmo.ru,config 2 2-3,text,false,,2139,0,6,18,http://stload.se.ifmo.ru:8080/?token=518472196&&user=-1356113187&config=2,0,0,0
1775998251284,0,HTTP Request 2,Non HTTP response code: java.net.UnknownHostException,Non HTTP response message: stload.se.ifmo.ru,config 2 2-4,text,false,,2139,0,6,18,http://stload.se.ifmo.ru:8080/?token=518472196&&user=-1356113187&config=2,0,0,0
1775998251452,0,HTTP Request 2,Non HTTP response code: java.net.UnknownHostException,Non HTTP response message: stload.se.ifmo.ru,config 2 2-5,text,false,,2139,0,6,18,http://stload.se.ifmo.ru:8080/?token=518472196&&user=-1356113187&config=2,0,0,0
1775998251616,0,HTTP Request 2,Non HTTP response code: java.net.UnknownHostException,Non HTTP response message: stload.se.ifmo.ru,config 2 2-6,text,false,,2139,0,6,18,http://stload.se.ifmo.ru:8080/?token=518472196&&user=-1356113187&config=2,0,0,0
1775998252301,0,HTTP Request 2,Non HTTP response code: java.net.UnknownHostException,Non HTTP response message: stload.se.ifmo.ru,config 2 2-1,text,false,,2139,0,6,18,http://stload.se.ifmo.ru:8080/?token=518472196&&user=-1356113187&config=2,0,0,0
1775998252449,0,HTTP Request 2,Non HTTP response code: java.net.UnknownHostException,Non HTTP response message: stload.se.ifmo.ru,config 2 2-2,text,false,,2139,0,6,18,http://stload.se.ifmo.ru:8080/?token=518472196&&user=-1356113187&config=2,0,0,0
1775998252615,0,HTTP Request 2,Non HTTP response code: java.net.UnknownHostException,Non HTTP response message: stload.se.ifmo.ru,config 2 2-3,text,false,,2139,0,6,18,http://stload.se.ifmo.ru:8080/?token=518472196&&user=-1356113187&config=2,0,0,0
1775998252784,0,HTTP Request 2,Non HTTP response code: java.net.UnknownHostException,Non HTTP response message: stload.se.ifmo.ru,config 2 2-4,text,false,,2139,0,6,18,http://stload.se.ifmo.ru:8080/?token=518472196&&user=-1356113187&config=2,0,0,0
1775998252951,0,HTTP Request 2,Non HTTP response code: java.net.UnknownHostException,Non HTTP response message: stload.se.ifmo.ru,config 2 2-5,text,false,,2139,0,6,18,http://stload.se.ifmo.ru:8080/?token=518472196&&user=-1356113187&config=2,0,0,0
1775998253116,1,HTTP Request 2,Non HTTP response code: java.net.UnknownHostException,Non HTTP response message: stload.se.ifmo.ru,config 2 2-6,text,false,,2139,0,6,18,http://stload.se.ifmo.ru:8080/?token=518472196&&user=-1356113187&config=2,0,0,1
1775998253802,0,HTTP Request 2,Non HTTP response code: java.net.UnknownHostException,Non HTTP response message: stload.se.ifmo.ru,config 2 2-1,text,false,,2139,0,6,18,http://stload.se.ifmo.ru:8080/?token=518472196&&user=-1356113187&config=2,0,0,0
1775998253949,0,HTTP Request 2,Non HTTP response code: java.net.UnknownHostException,Non HTTP response message: stload.se.ifmo.ru,config 2 2-2,text,false,,2139,0,6,18,http://stload.se.ifmo.ru:8080/?token=518472196&&user=-1356113187&config=2,0,0,0
1775998254115,0,HTTP Request 2,Non HTTP response code: java.net.UnknownHostException,Non HTTP response message: stload.se.ifmo.ru,config 2 2-3,text,false,,2139,0,6,18,http://stload.se.ifmo.ru:8080/?token=518472196&&user=-1356113187&config=2,0,0,0
1775998254285,0,HTTP Request 2,Non HTTP response code: java.net.UnknownHostException,Non HTTP response message: stload.se.ifmo.ru,config 2 2-4,text,false,,2139,0,6,18,http://stload.se.ifmo.ru:8080/?token=518472196&&user=-1356113187&config=2,0,0,0
1775998254451,1,HTTP Request 2,Non HTTP response code: java.net.UnknownHostException,Non HTTP response message: stload.se.ifmo.ru,config 2 2-5,text,false,,2139,0,6,18,http://stload.se.ifmo.ru:8080/?token=518472196&&user=-1356113187&config=2,0,0,1
1775998254616,0,HTTP Request 2,Non HTTP response code: java.net.UnknownHostException,Non HTTP response message: stload.se.ifmo.ru,config 2 2-6,text,false,,2139,0,6,18,http://stload.se.ifmo.ru:8080/?token=518472196&&user=-1356113187&config=2,0,0,0
1775998255301,1,HTTP Request 2,Non HTTP response code: java.net.UnknownHostException,Non HTTP response message: stload.se.ifmo.ru,config 2 2-1,text,false,,2139,0,6,18,http://stload.se.ifmo.ru:8080/?token=518472196&&user=-1356113187&config=2,0,0,1
1775998255449,1,HTTP Request 2,Non HTTP response code: java.net.UnknownHostException,Non HTTP response message: stload.se.ifmo.ru,config 2 2-2,text,false,,2139,0,6,18,http://stload.se.ifmo.ru:8080/?token=518472196&&user=-1356113187&config=2,0,0,1
1775998255616,0,HTTP Request 2,Non HTTP response code: java.net.UnknownHostException,Non HTTP response message: stload.se.ifmo.ru,config 2 2-3,text,false,,2139,0,6,18,http://stload.se.ifmo.ru:8080/?token=518472196&&user=-1356113187&config=2,0,0,0
1775998255784,0,HTTP Request 2,Non HTTP response code: java.net.UnknownHostException,Non HTTP response message: stload.se.ifmo.ru,config 2 2-4,text,false,,2139,0,6,18,http://stload.se.ifmo.ru:8080/?token=518472196&&user=-1356113187&config=2,0,0,0
1775998255951,0,HTTP Request 2,Non HTTP response code: java.net.UnknownHostException,Non HTTP response message: stload.se.ifmo.ru,config 2 2-5,text,false,,2139,0,6,18,http://stload.se.ifmo.ru:8080/?token=518472196&&user=-1356113187&config=2,0,0,0
1775998256117,0,HTTP Request 2,Non HTTP response code: java.net.UnknownHostException,Non HTTP response message: stload.se.ifmo.ru,config 2 2-6,text,false,,2139,0,6,18,http://stload.se.ifmo.ru:8080/?token=518472196&&user=-1356113187&config=2,0,0,0
1775998256801,0,HTTP Request 2,Non HTTP response code: java.net.UnknownHostException,Non HTTP response message: stload.se.ifmo.ru,config 2 2-1,text,false,,2139,0,6,18,http://stload.se.ifmo.ru:8080/?token=518472196&&user=-1356113187&config=2,0,0,0
1775998256949,0,HTTP Request 2,Non HTTP response code: java.net.UnknownHostException,Non HTTP response message: stload.se.ifmo.ru,config 2 2-2,text,false,,2139,0,6,18,http://stload.se.ifmo.ru:8080/?token=518472196&&user=-1356113187&config=2,0,0,0
1775998257115,1,HTTP Request 2,Non HTTP response code: java.net.UnknownHostException,Non HTTP response message: stload.se.ifmo.ru,config 2 2-3,text,false,,2139,0,6,18,http://stload.se.ifmo.ru:8080/?token=518472196&&user=-1356113187&config=2,0,0,1
1775998257285,0,HTTP Request 2,Non HTTP response code: java.net.UnknownHostException,Non HTTP response message: stload.se.ifmo.ru,config 2 2-4,text,false,,2139,0,6,18,http://stload.se.ifmo.ru:8080/?token=518472196&&user=-1356113187&config=2,0,0,0
1775998257451,1,HTTP Request 2,Non HTTP response code: java.net.UnknownHostException,Non HTTP response message: stload.se.ifmo.ru,config 2 2-5,text,false,,2139,0,6,18,http://stload.se.ifmo.ru:8080/?token=518472196&&user=-1356113187&config=2,0,0,1
1775998257616,0,HTTP Request 2,Non HTTP response code: java.net.UnknownHostException,Non HTTP response message: stload.se.ifmo.ru,config 2 2-6,text,false,,2139,0,6,18,http://stload.se.ifmo.ru:8080/?token=518472196&&user=-1356113187&config=2,0,0,0
1775998258302,0,HTTP Request 2,Non HTTP response code: java.net.UnknownHostException,Non HTTP response message: stload.se.ifmo.ru,config 2 2-1,text,false,,2139,0,6,18,http://stload.se.ifmo.ru:8080/?token=518472196&&user=-1356113187&config=2,0,0,0
1775998258449,1,HTTP Request 2,Non HTTP response code: java.net.UnknownHostException,Non HTTP response message: stload.se.ifmo.ru,config 2 2-2,text,false,,2139,0,6,18,http://stload.se.ifmo.ru:8080/?token=518472196&&user=-1356113187&config=2,0,0,1
1775998258615,0,HTTP Request 2,Non HTTP response code: java.net.UnknownHostException,Non HTTP response message: stload.se.ifmo.ru,config 2 2-3,text,false,,2139,0,6,18,http://stload.se.ifmo.ru:8080/?token=518472196&&user=-1356113187&config=2,0,0,0
1775998258784,0,HTTP Request 2,Non HTTP response code: java.net.UnknownHostException,Non HTTP response message: stload.se.ifmo.ru,config 2 2-4,text,false,,2139,0,6,18,http://stload.se.ifmo.ru:8080/?token=518472196&&user=-1356113187&config=2,0,0,0
1775998258951,1,HTTP Request 2,Non HTTP response code: java.net.UnknownHostException,Non HTTP response message: stload.se.ifmo.ru,config 2 2-5,text,false,,2139,0,6,18,http://stload.se.ifmo.ru:8080/?token=518472196&&user=-1356113187&config=2,0,0,1
1775998259117,0,HTTP Request 2,Non HTTP response code: java.net.UnknownHostException,Non HTTP response message: stload.se.ifmo.ru,config 2 2-6,text,false,,2139,0,6,18,http://stload.se.ifmo.ru:8080/?token=518472196&&user=-1356113187&config=2,0,0,0
1775998722007,0,HTTP Request 2,Non HTTP response code: java.net.UnknownHostException,Non HTTP response message: stload.se.ifmo.ru,config 2 2-5,text,false,,2139,0,6,18,http://stload.se.ifmo.ru:8080/?token=518472196&&user=-1356113187&config=2,0,0,0
1775998722007,0,HTTP Request 2,Non HTTP response code: java.net.UnknownHostException,Non HTTP response message: stload.se.ifmo.ru,config 2 2-1,text,false,,2139,0,6,18,http://stload.se.ifmo.ru:8080/?token=518472196&&user=-1356113187&config=2,0,0,0
1775998722007,5203,HTTP Request 2,Non HTTP response code: java.net.UnknownHostException,Non HTTP response message: stload.se.ifmo.ru,config 2 2-3,text,false,"The operation lasted too long: It took 5,203 milliseconds, but should not have lasted longer than 840 milliseconds.",2222,0,6,18,http://stload.se.ifmo.ru:8080/?token=518472196&&user=-1356113187&config=2,0,0,5203
1775998722007,5204,HTTP Request 2,Non HTTP response code: java.net.UnknownHostException,Non HTTP response message: stload.se.ifmo.ru,config 2 2-1,text,false,"The operation lasted too long: It took 5,204 milliseconds, but should not have lasted longer than 840 milliseconds.",2222,0,6,18,http://stload.se.ifmo.ru:8080/?token=518472196&&user=-1356113187&config=2,0,0,5204
1775998722007,5204,HTTP Request 2,Non HTTP response code: java.net.UnknownHostException,Non HTTP response message: stload.se.ifmo.ru,config 2 2-4,text,false,"The operation lasted too long: It took 5,204 milliseconds, but should not have lasted longer than 840 milliseconds.",2222,0,6,18,http://stload.se.ifmo.ru:8080/?token=518472196&&user=-1356113187&config=2,0,0,5204
1775998722007,5203,HTTP Request 2,Non HTTP response code: java.net.UnknownHostException,Non HTTP response message: stload.se.ifmo.ru: Name or service not known,config 2 2-6,text,false,"The operation lasted too long: It took 5,203 milliseconds, but should not have lasted longer than 840 milliseconds.",2506,0,6,18,http://stload.se.ifmo.ru:8080/?token=518472196&&user=-1356113187&config=2,0,0,5203
1775998722007,5204,HTTP Request 2,Non HTTP response code: java.net.UnknownHostException,Non HTTP response message: stload.se.ifmo.ru,config 2 2-5,text,false,"The operation lasted too long: It took 5,204 milliseconds, but should not have lasted longer than 840 milliseconds.",2222,0,6,18,http://stload.se.ifmo.ru:8080/?token=518472196&&user=-1356113187&config=2,0,0,5204
1775998722012,5201,HTTP Request 2,Non HTTP response code: java.net.UnknownHostException,Non HTTP response message: stload.se.ifmo.ru,config 2 2-2,text,false,"The operation lasted too long: It took 5,201 milliseconds, but should not have lasted longer than 840 milliseconds.",2222,0,6,18,http://stload.se.ifmo.ru:8080/?token=518472196&&user=-1356113187&config=2,0,0,5201
1775998727213,0,HTTP Request 2,Non HTTP response code: java.net.UnknownHostException,Non HTTP response message: stload.se.ifmo.ru,config 2 2-4,text,false,,2139,0,6,18,http://stload.se.ifmo.ru:8080/?token=518472196&&user=-1356113187&config=2,0,0,0
1775998727213,0,HTTP Request 2,Non HTTP response code: java.net.UnknownHostException,Non HTTP response message: stload.se.ifmo.ru,config 2 2-6,text,false,,2139,0,6,18,http://stload.se.ifmo.ru:8080/?token=518472196&&user=-1356113187&config=2,0,0,0
1775998727214,0,HTTP Request 2,Non HTTP response code: java.net.UnknownHostException,Non HTTP response message: stload.se.ifmo.ru,config 2 2-2,text,false,,2139,0,6,18,http://stload.se.ifmo.ru:8080/?token=518472196&&user=-1356113187&config=2,0,0,0
1775998727214,0,HTTP Request 2,Non HTTP response code: java.net.UnknownHostException,Non HTTP response message: stload.se.ifmo.ru,config 2 2-3,text,false,,2139,0,6,18,http://stload.se.ifmo.ru:8080/?token=518472196&&user=-1356113187&config=2,0,0,0
1775998727214,0,HTTP Request 2,Non HTTP response code: java.net.UnknownHostException,Non HTTP response message: stload.se.ifmo.ru,config 2 2-5,text,false,,2139,0,6,18,http://stload.se.ifmo.ru:8080/?token=518472196&&user=-1356113187&config=2,0,0,0
1775998727214,0,HTTP Request 2,Non HTTP response code: java.net.UnknownHostException,Non HTTP response message: stload.se.ifmo.ru,config 2 2-1,text,false,,2139,0,6,18,http://stload.se.ifmo.ru:8080/?token=518472196&&user=-1356113187&config=2,0,0,0
1775998728713,0,HTTP Request 2,Non HTTP response code: java.net.UnknownHostException,Non HTTP response message: stload.se.ifmo.ru,config 2 2-3,text,false,,2139,0,6,18,http://stload.se.ifmo.ru:8080/?token=518472196&&user=-1356113187&config=2,0,0,0
1775998728713,0,HTTP Request 2,Non HTTP response code: java.net.UnknownHostException,Non HTTP response message: stload.se.ifmo.ru,config 2 2-6,text,false,,2139,0,6,18,http://stload.se.ifmo.ru:8080/?token=518472196&&user=-1356113187&config=2,0,0,0
1775998728714,0,HTTP Request 2,Non HTTP response code: java.net.UnknownHostException,Non HTTP response message: stload.se.ifmo.ru,config 2 2-4,text,false,,2139,0,6,18,http://stload.se.ifmo.ru:8080/?token=518472196&&user=-1356113187&config=2,0,0,0
1775998728714,0,HTTP Request 2,Non HTTP response code: java.net.UnknownHostException,Non HTTP response message: stload.se.ifmo.ru,config 2 2-1,text,false,,2139,0,6,18,http://stload.se.ifmo.ru:8080/?token=518472196&&user=-1356113187&config=2,0,0,0
1775998728714,0,HTTP Request 2,Non HTTP response code: java.net.UnknownHostException,Non HTTP response message: stload.se.ifmo.ru,config 2 2-5,text,false,,2139,0,6,18,http://stload.se.ifmo.ru:8080/?token=518472196&&user=-1356113187&config=2,0,0,0
1775998728714,0,HTTP Request 2,Non HTTP response code: java.net.UnknownHostException,Non HTTP response message: stload.se.ifmo.ru,config 2 2-2,text,false,,2139,0,6,18,http://stload.se.ifmo.ru:8080/?token=518472196&&user=-1356113187&config=2,0,0,0
1775998730213,0,HTTP Request 2,Non HTTP response code: java.net.UnknownHostException,Non HTTP response message: stload.se.ifmo.ru,config 2 2-3,text,false,,2139,0,6,18,http://stload.se.ifmo.ru:8080/?token=518472196&&user=-1356113187&config=2,0,0,0
1775998730213,0,HTTP Request 2,Non HTTP response code: java.net.UnknownHostException,Non HTTP response message: stload.se.ifmo.ru,config 2 2-4,text,false,,2139,0,6,18,http://stload.se.ifmo.ru:8080/?token=518472196&&user=-1356113187&config=2,0,0,0
1775998730214,0,HTTP Request 2,Non HTTP response code: java.net.UnknownHostException,Non HTTP response message: stload.se.ifmo.ru,config 2 2-6,text,false,,2139,0,6,18,http://stload.se.ifmo.ru:8080/?token=518472196&&user=-1356113187&config=2,0,0,0
1775998730214,0,HTTP Request 2,Non HTTP response code: java.net.UnknownHostException,Non HTTP response message: stload.se.ifmo.ru,config 2 2-1,text,false,,2139,0,6,18,http://stload.se.ifmo.ru:8080/?token=518472196&&user=-1356113187&config=2,0,0,0
1775998730214,0,HTTP Request 2,Non HTTP response code: java.net.UnknownHostException,Non HTTP response message: stload.se.ifmo.ru,config 2 2-5,text,false,,2139,0,6,18,http://stload.se.ifmo.ru:8080/?token=518472196&&user=-1356113187&config=2,0,0,0
1775998730214,1,HTTP Request 2,Non HTTP response code: java.net.UnknownHostException,Non HTTP response message: stload.se.ifmo.ru,config 2 2-2,text,false,,2139,0,6,18,http://stload.se.ifmo.ru:8080/?token=518472196&&user=-1356113187&config=2,0,0,1
1775998731712,0,HTTP Request 2,Non HTTP response code: java.net.UnknownHostException,Non HTTP response message: stload.se.ifmo.ru,config 2 2-3,text,false,,2139,0,6,18,http://stload.se.ifmo.ru:8080/?token=518472196&&user=-1356113187&config=2,0,0,0
1775998731713,0,HTTP Request 2,Non HTTP response code: java.net.UnknownHostException,Non HTTP response message: stload.se.ifmo.ru,config 2 2-4,text,false,,2139,0,6,18,http://stload.se.ifmo.ru:8080/?token=518472196&&user=-1356113187&config=2,0,0,0
1775998731713,0,HTTP Request 2,Non HTTP response code: java.net.UnknownHostException,Non HTTP response message: stload.se.ifmo.ru,config 2 2-6,text,false,,2139,0,6,18,http://stload.se.ifmo.ru:8080/?token=518472196&&user=-1356113187&config=2,0,0,0
1775998731714,0,HTTP Request 2,Non HTTP response code: java.net.UnknownHostException,Non HTTP response message: stload.se.ifmo.ru,config 2 2-2,text,false,,2139,0,6,18,http://stload.se.ifmo.ru:8080/?token=518472196&&user=-1356113187&config=2,0,0,0
1775998731715,0,HTTP Request 2,Non HTTP response code: java.net.UnknownHostException,Non HTTP response message: stload.se.ifmo.ru,config 2 2-5,text,false,,2139,0,6,18,http://stload.se.ifmo.ru:8080/?token=518472196&&user=-1356113187&config=2,0,0,0
1775998731714,1,HTTP Request 2,Non HTTP response code: java.net.UnknownHostException,Non HTTP response message: stload.se.ifmo.ru,config 2 2-1,text,false,,2139,0,6,18,http://stload.se.ifmo.ru:8080/?token=518472196&&user=-1356113187&config=2,0,0,1
1775998733212,0,HTTP Request 2,Non HTTP response code: java.net.UnknownHostException,Non HTTP response message: stload.se.ifmo.ru,config 2 2-3,text,false,,2139,0,6,18,http://stload.se.ifmo.ru:8080/?token=518472196&&user=-1356113187&config=2,0,0,0
1775998733213,0,HTTP Request 2,Non HTTP response code: java.net.UnknownHostException,Non HTTP response message: stload.se.ifmo.ru,config 2 2-6,text,false,,2139,0,6,18,http://stload.se.ifmo.ru:8080/?token=518472196&&user=-1356113187&config=2,0,0,0
1775998733213,0,HTTP Request 2,Non HTTP response code: java.net.UnknownHostException,Non HTTP response message: stload.se.ifmo.ru,config 2 2-4,text,false,,2139,0,6,18,http://stload.se.ifmo.ru:8080/?token=518472196&&user=-1356113187&config=2,0,0,0
1775998733214,0,HTTP Request 2,Non HTTP response code: java.net.UnknownHostException,Non HTTP response message: stload.se.ifmo.ru,config 2 2-5,text,false,,2139,0,6,18,http://stload.se.ifmo.ru:8080/?token=518472196&&user=-1356113187&config=2,0,0,0
1775998733214,0,HTTP Request 2,Non HTTP response code: java.net.UnknownHostException,Non HTTP response message: stload.se.ifmo.ru,config 2 2-1,text,false,,2139,0,6,18,http://stload.se.ifmo.ru:8080/?token=518472196&&user=-1356113187&config=2,0,0,0
1775998733214,0,HTTP Request 2,Non HTTP response code: java.net.UnknownHostException,Non HTTP response message: stload.se.ifmo.ru,config 2 2-2,text,false,,2139,0,6,18,http://stload.se.ifmo.ru:8080/?token=518472196&&user=-1356113187&config=2,0,0,0
1775998734712,1,HTTP Request 2,Non HTTP response code: java.net.UnknownHostException,Non HTTP response message: stload.se.ifmo.ru,config 2 2-3,text,false,,2139,0,6,18,http://stload.se.ifmo.ru:8080/?token=518472196&&user=-1356113187&config=2,0,0,1
1775998734713,0,HTTP Request 2,Non HTTP response code: java.net.UnknownHostException,Non HTTP response message: stload.se.ifmo.ru,config 2 2-6,text,false,,2139,0,6,18,http://stload.se.ifmo.ru:8080/?token=518472196&&user=-1356113187&config=2,0,0,0
1775998734713,1,HTTP Request 2,Non HTTP response code: java.net.UnknownHostException,Non HTTP response message: stload.se.ifmo.ru,config 2 2-4,text,false,,2139,0,6,18,http://stload.se.ifmo.ru:8080/?token=518472196&&user=-1356113187&config=2,0,0,1
1775998734714,0,HTTP Request 2,Non HTTP response code: java.net.UnknownHostException,Non HTTP response message: stload.se.ifmo.ru,config 2 2-5,text,false,,2139,0,6,18,http://stload.se.ifmo.ru:8080/?token=518472196&&user=-1356113187&config=2,0,0,0
1775998734714,0,HTTP Request 2,Non HTTP response code: java.net.UnknownHostException,Non HTTP response message: stload.se.ifmo.ru,config 2 2-1,text,false,,2139,0,6,18,http://stload.se.ifmo.ru:8080/?token=518472196&&user=-1356113187&config=2,0,0,0
1775998734714,0,HTTP Request 2,Non HTTP response code: java.net.UnknownHostException,Non HTTP response message: stload.se.ifmo.ru,config 2 2-2,text,false,,2139,0,6,18,http://stload.se.ifmo.ru:8080/?token=518472196&&user=-1356113187&config=2,0,0,0
1775998736213,0,HTTP Request 2,Non HTTP response code: java.net.UnknownHostException,Non HTTP response message: stload.se.ifmo.ru,config 2 2-3,text,false,,2139,0,6,18,http://stload.se.ifmo.ru:8080/?token=518472196&&user=-1356113187&config=2,0,0,0
1775998736213,0,HTTP Request 2,Non HTTP response code: java.net.UnknownHostException,Non HTTP response message: stload.se.ifmo.ru,config 2 2-4,text,false,,2139,0,6,18,http://stload.se.ifmo.ru:8080/?token=518472196&&user=-1356113187&config=2,0,0,0
1775998736213,0,HTTP Request 2,Non HTTP response code: java.net.UnknownHostException,Non HTTP response message: stload.se.ifmo.ru,config 2 2-6,text,false,,2139,0,6,18,http://stload.se.ifmo.ru:8080/?token=518472196&&user=-1356113187&config=2,0,0,0
1775998736214,0,HTTP Request 2,Non HTTP response code: java.net.UnknownHostException,Non HTTP response message: stload.se.ifmo.ru,config 2 2-5,text,false,,2139,0,6,18,http://stload.se.ifmo.ru:8080/?token=518472196&&user=-1356113187&config=2,0,0,0
1775998736215,0,HTTP Request 2,Non HTTP response code: java.net.UnknownHostException,Non HTTP response message: stload.se.ifmo.ru,config 2 2-2,text,false,,2139,0,6,18,http://stload.se.ifmo.ru:8080/?token=518472196&&user=-1356113187&config=2,0,0,0
1775998736215,0,HTTP Request 2,Non HTTP response code: java.net.UnknownHostException,Non HTTP response message: stload.se.ifmo.ru,config 2 2-1,text,false,,2139,0,6,18,http://stload.se.ifmo.ru:8080/?token=518472196&&user=-1356113187&config=2,0,0,0
1775998737712,20663,HTTP Request 2,Non HTTP response code: java.net.UnknownHostException,Non HTTP response message: stload.se.ifmo.ru,config 2 2-3,text,false,"The operation lasted too long: It took 20,663 milliseconds, but should not have lasted longer than 840 milliseconds.",2222,0,6,18,http://stload.se.ifmo.ru:8080/?token=518472196&&user=-1356113187&config=2,0,0,20663
1775998737713,20663,HTTP Request 2,Non HTTP response code: java.net.UnknownHostException,Non HTTP response message: stload.se.ifmo.ru,config 2 2-4,text,false,"The operation lasted too long: It took 20,663 milliseconds, but should not have lasted longer than 840 milliseconds.",2222,0,6,18,http://stload.se.ifmo.ru:8080/?token=518472196&&user=-1356113187&config=2,0,0,20663
1775998758376,1,HTTP Request 2,Non HTTP response code: java.net.UnknownHostException,Non HTTP response message: stload.se.ifmo.ru,config 2 2-4,text,false,,2139,0,6,18,http://stload.se.ifmo.ru:8080/?token=518472196&&user=-1356113187&config=2,0,0,1
1775998758376,1,HTTP Request 2,Non HTTP response code: java.net.UnknownHostException,Non HTTP response message: stload.se.ifmo.ru,config 2 2-3,text,false,,2139,0,6,18,http://stload.se.ifmo.ru:8080/?token=518472196&&user=-1356113187&config=2,0,0,1
1775998737714,20663,HTTP Request 2,Non HTTP response code: java.net.UnknownHostException,Non HTTP response message: stload.se.ifmo.ru,config 2 2-6,text,false,"The operation lasted too long: It took 20,663 milliseconds, but should not have lasted longer than 840 milliseconds.",2222,0,6,18,http://stload.se.ifmo.ru:8080/?token=518472196&&user=-1356113187&config=2,0,0,20663
1775998737714,20663,HTTP Request 2,Non HTTP response code: java.net.UnknownHostException,Non HTTP response message: stload.se.ifmo.ru,config 2 2-1,text,false,"The operation lasted too long: It took 20,663 milliseconds, but should not have lasted longer than 840 milliseconds.",2222,0,6,18,http://stload.se.ifmo.ru:8080/?token=518472196&&user=-1356113187&config=2,0,0,20663
1775998737714,20663,HTTP Request 2,Non HTTP response code: java.net.UnknownHostException,Non HTTP response message: stload.se.ifmo.ru,config 2 2-2,text,false,"The operation lasted too long: It took 20,663 milliseconds, but should not have lasted longer than 840 milliseconds.",2222,0,6,18,http://stload.se.ifmo.ru:8080/?token=518472196&&user=-1356113187&config=2,0,0,20663
1775998758377,0,HTTP Request 2,Non HTTP response code: java.net.UnknownHostException,Non HTTP response message: stload.se.ifmo.ru,config 2 2-6,text,false,,2139,0,6,18,http://stload.se.ifmo.ru:8080/?token=518472196&&user=-1356113187&config=2,0,0,0
1775998737715,20662,HTTP Request 2,Non HTTP response code: java.net.UnknownHostException,Non HTTP response message: stload.se.ifmo.ru,config 2 2-5,text,false,"The operation lasted too long: It took 20,662 milliseconds, but should not have lasted longer than 840 milliseconds.",2222,0,6,18,http://stload.se.ifmo.ru:8080/?token=518472196&&user=-1356113187&config=2,0,0,20662
1775998758377,0,HTTP Request 2,Non HTTP response code: java.net.UnknownHostException,Non HTTP response message: stload.se.ifmo.ru,config 2 2-1,text,false,,2139,0,6,18,http://stload.se.ifmo.ru:8080/?token=518472196&&user=-1356113187&config=2,0,0,0
1775998758377,0,HTTP Request 2,Non HTTP response code: java.net.UnknownHostException,Non HTTP response message: stload.se.ifmo.ru,config 2 2-2,text,false,,2139,0,6,18,http://stload.se.ifmo.ru:8080/?token=518472196&&user=-1356113187&config=2,0,0,0
1775998758377,0,HTTP Request 2,Non HTTP response code: java.net.UnknownHostException,Non HTTP response message: stload.se.ifmo.ru,config 2 2-5,text,false,,2139,0,6,18,http://stload.se.ifmo.ru:8080/?token=518472196&&user=-1356113187&config=2,0,0,0
1775998759876,0,HTTP Request 2,Non HTTP response code: java.net.UnknownHostException,Non HTTP response message: stload.se.ifmo.ru,config 2 2-4,text,false,,2139,0,6,18,http://stload.se.ifmo.ru:8080/?token=518472196&&user=-1356113187&config=2,0,0,0
1775998759876,0,HTTP Request 2,Non HTTP response code: java.net.UnknownHostException,Non HTTP response message: stload.se.ifmo.ru,config 2 2-3,text,false,,2139,0,6,18,http://stload.se.ifmo.ru:8080/?token=518472196&&user=-1356113187&config=2,0,0,0
1775998759877,0,HTTP Request 2,Non HTTP response code: java.net.UnknownHostException,Non HTTP response message: stload.se.ifmo.ru,config 2 2-6,text,false,,2139,0,6,18,http://stload.se.ifmo.ru:8080/?token=518472196&&user=-1356113187&config=2,0,0,0
1775998759877,0,HTTP Request 2,Non HTTP response code: java.net.UnknownHostException,Non HTTP response message: stload.se.ifmo.ru,config 2 2-1,text,false,,2139,0,6,18,http://stload.se.ifmo.ru:8080/?token=518472196&&user=-1356113187&config=2,0,0,0
1775998759877,1,HTTP Request 2,Non HTTP response code: java.net.UnknownHostException,Non HTTP response message: stload.se.ifmo.ru,config 2 2-5,text,false,,2139,0,6,18,http://stload.se.ifmo.ru:8080/?token=518472196&&user=-1356113187&config=2,0,0,1
1775998759877,1,HTTP Request 2,Non HTTP response code: java.net.UnknownHostException,Non HTTP response message: stload.se.ifmo.ru,config 2 2-2,text,false,,2139,0,6,18,http://stload.se.ifmo.ru:8080/?token=518472196&&user=-1356113187&config=2,0,0,1
1775998761377,0,HTTP Request 2,Non HTTP response code: java.net.UnknownHostException,Non HTTP response message: stload.se.ifmo.ru,config 2 2-4,text,false,,2139,0,6,18,http://stload.se.ifmo.ru:8080/?token=518472196&&user=-1356113187&config=2,0,0,0
1775998761377,0,HTTP Request 2,Non HTTP response code: java.net.UnknownHostException,Non HTTP response message: stload.se.ifmo.ru,config 2 2-3,text,false,,2139,0,6,18,http://stload.se.ifmo.ru:8080/?token=518472196&&user=-1356113187&config=2,0,0,0
1775998761377,0,HTTP Request 2,Non HTTP response code: java.net.UnknownHostException,Non HTTP response message: stload.se.ifmo.ru,config 2 2-1,text,false,,2139,0,6,18,http://stload.se.ifmo.ru:8080/?token=518472196&&user=-1356113187&config=2,0,0,0
1775998761377,0,HTTP Request 2,Non HTTP response code: java.net.UnknownHostException,Non HTTP response message: stload.se.ifmo.ru,config 2 2-6,text,false,,2139,0,6,18,http://stload.se.ifmo.ru:8080/?token=518472196&&user=-1356113187&config=2,0,0,0
1775998761377,0,HTTP Request 2,Non HTTP response code: java.net.UnknownHostException,Non HTTP response message: stload.se.ifmo.ru,config 2 2-5,text,false,,2139,0,6,18,http://stload.se.ifmo.ru:8080/?token=518472196&&user=-1356113187&config=2,0,0,0
1775998761377,0,HTTP Request 2,Non HTTP response code: java.net.UnknownHostException,Non HTTP response message: stload.se.ifmo.ru,config 2 2-2,text,false,,2139,0,6,18,http://stload.se.ifmo.ru:8080/?token=518472196&&user=-1356113187&config=2,0,0,0
1775998762876,0,HTTP Request 2,Non HTTP response code: java.net.UnknownHostException,Non HTTP response message: stload.se.ifmo.ru,config 2 2-4,text,false,,2139,0,6,18,http://stload.se.ifmo.ru:8080/?token=518472196&&user=-1356113187&config=2,0,0,0
1775998762876,0,HTTP Request 2,Non HTTP response code: java.net.UnknownHostException,Non HTTP response message: stload.se.ifmo.ru,config 2 2-3,text,false,,2139,0,6,18,http://stload.se.ifmo.ru:8080/?token=518472196&&user=-1356113187&config=2,0,0,0
1775998762877,0,HTTP Request 2,Non HTTP response code: java.net.UnknownHostException,Non HTTP response message: stload.se.ifmo.ru,config 2 2-1,text,false,,2139,0,6,18,http://stload.se.ifmo.ru:8080/?token=518472196&&user=-1356113187&config=2,0,0,0
1775998762877,1,HTTP Request 2,Non HTTP response code: java.net.UnknownHostException,Non HTTP response message: stload.se.ifmo.ru,config 2 2-6,text,false,,2139,0,6,18,http://stload.se.ifmo.ru:8080/?token=518472196&&user=-1356113187&config=2,0,0,1
1775998762877,1,HTTP Request 2,Non HTTP response code: java.net.UnknownHostException,Non HTTP response message: stload.se.ifmo.ru,config 2 2-2,text,false,,2139,0,6,18,http://stload.se.ifmo.ru:8080/?token=518472196&&user=-1356113187&config=2,0,0,1
1775998762877,1,HTTP Request 2,Non HTTP response code: java.net.UnknownHostException,Non HTTP response message: stload.se.ifmo.ru,config 2 2-5,text,false,,2139,0,6,18,http://stload.se.ifmo.ru:8080/?token=518472196&&user=-1356113187&config=2,0,0,1
1775998764376,0,HTTP Request 2,Non HTTP response code: java.net.UnknownHostException,Non HTTP response message: stload.se.ifmo.ru,config 2 2-4,text,false,,2139,0,6,18,http://stload.se.ifmo.ru:8080/?token=518472196&&user=-1356113187&config=2,0,0,0
1775998764376,0,HTTP Request 2,Non HTTP response code: java.net.UnknownHostException,Non HTTP response message: stload.se.ifmo.ru,config 2 2-3,text,false,,2139,0,6,18,http://stload.se.ifmo.ru:8080/?token=518472196&&user=-1356113187&config=2,0,0,0
1775998764377,0,HTTP Request 2,Non HTTP response code: java.net.UnknownHostException,Non HTTP response message: stload.se.ifmo.ru,config 2 2-1,text,false,,2139,0,6,18,http://stload.se.ifmo.ru:8080/?token=518472196&&user=-1356113187&config=2,0,0,0
1775998764377,0,HTTP Request 2,Non HTTP response code: java.net.UnknownHostException,Non HTTP response message: stload.se.ifmo.ru,config 2 2-6,text,false,,2139,0,6,18,http://stload.se.ifmo.ru:8080/?token=518472196&&user=-1356113187&config=2,0,0,0
1775998764377,0,HTTP Request 2,Non HTTP response code: java.net.UnknownHostException,Non HTTP response message: stload.se.ifmo.ru,config 2 2-2,text,false,,2139,0,6,18,http://stload.se.ifmo.ru:8080/?token=518472196&&user=-1356113187&config=2,0,0,0
1775998764377,0,HTTP Request 2,Non HTTP response code: java.net.UnknownHostException,Non HTTP response message: stload.se.ifmo.ru,config 2 2-5,text,false,,2139,0,6,18,http://stload.se.ifmo.ru:8080/?token=518472196&&user=-1356113187&config=2,0,0,0
1775998765877,0,HTTP Request 2,Non HTTP response code: java.net.UnknownHostException,Non HTTP response message: stload.se.ifmo.ru,config 2 2-4,text,false,,2139,0,6,18,http://stload.se.ifmo.ru:8080/?token=518472196&&user=-1356113187&config=2,0,0,0
1775998765877,0,HTTP Request 2,Non HTTP response code: java.net.UnknownHostException,Non HTTP response message: stload.se.ifmo.ru,config 2 2-3,text,false,,2139,0,6,18,http://stload.se.ifmo.ru:8080/?token=518472196&&user=-1356113187&config=2,0,0,0
1775998765877,1,HTTP Request 2,Non HTTP response code: java.net.UnknownHostException,Non HTTP response message: stload.se.ifmo.ru,config 2 2-1,text,false,,2139,0,6,18,http://stload.se.ifmo.ru:8080/?token=518472196&&user=-1356113187&config=2,0,0,1
1775998765878,0,HTTP Request 2,Non HTTP response code: java.net.UnknownHostException,Non HTTP response message: stload.se.ifmo.ru,config 2 2-2,text,false,,2139,0,6,18,http://stload.se.ifmo.ru:8080/?token=518472196&&user=-1356113187&config=2,0,0,0
1775998765878,0,HTTP Request 2,Non HTTP response code: java.net.UnknownHostException,Non HTTP response message: stload.se.ifmo.ru,config 2 2-6,text,false,,2139,0,6,18,http://stload.se.ifmo.ru:8080/?token=518472196&&user=-1356113187&config=2,0,0,0
1775998765878,0,HTTP Request 2,Non HTTP response code: java.net.UnknownHostException,Non HTTP response message: stload.se.ifmo.ru,config 2 2-5,text,false,,2139,0,6,18,http://stload.se.ifmo.ru:8080/?token=518472196&&user=-1356113187&config=2,0,0,0
1775998767377,0,HTTP Request 2,Non HTTP response code: java.net.UnknownHostException,Non HTTP response message: stload.se.ifmo.ru,config 2 2-4,text,false,,2139,0,6,18,http://stload.se.ifmo.ru:8080/?token=518472196&&user=-1356113187&config=2,0,0,0
1775998767377,0,HTTP Request 2,Non HTTP response code: java.net.UnknownHostException,Non HTTP response message: stload.se.ifmo.ru,config 2 2-3,text,false,,2139,0,6,18,http://stload.se.ifmo.ru:8080/?token=518472196&&user=-1356113187&config=2,0,0,0
1775998767377,0,HTTP Request 2,Non HTTP response code: java.net.UnknownHostException,Non HTTP response message: stload.se.ifmo.ru,config 2 2-2,text,false,,2139,0,6,18,http://stload.se.ifmo.ru:8080/?token=518472196&&user=-1356113187&config=2,0,0,0
1775998767377,1,HTTP Request 2,Non HTTP response code: java.net.UnknownHostException,Non HTTP response message: stload.se.ifmo.ru,config 2 2-1,text,false,,2139,0,6,18,http://stload.se.ifmo.ru:8080/?token=518472196&&user=-1356113187&config=2,0,0,1
1775998767377,1,HTTP Request 2,Non HTTP response code: java.net.UnknownHostException,Non HTTP response message: stload.se.ifmo.ru,config 2 2-6,text,false,,2139,0,6,18,http://stload.se.ifmo.ru:8080/?token=518472196&&user=-1356113187&config=2,0,0,1
1775998767378,0,HTTP Request 2,Non HTTP response code: java.net.UnknownHostException,Non HTTP response message: stload.se.ifmo.ru,config 2 2-5,text,false,,2139,0,6,18,http://stload.se.ifmo.ru:8080/?token=518472196&&user=-1356113187&config=2,0,0,0
1775998768877,10447,HTTP Request 2,Non HTTP response code: java.net.UnknownHostException,Non HTTP response message: stload.se.ifmo.ru,config 2 2-5,text,false,"The operation lasted too long: It took 10,447 milliseconds, but should not have lasted longer than 840 milliseconds.",2222,0,6,18,http://stload.se.ifmo.ru:8080/?token=518472196&&user=-1356113187&config=2,0,0,10447
1775998768877,10447,HTTP Request 2,Non HTTP response code: java.net.UnknownHostException,Non HTTP response message: stload.se.ifmo.ru,config 2 2-2,text,false,"The operation lasted too long: It took 10,447 milliseconds, but should not have lasted longer than 840 milliseconds.",2222,0,6,18,http://stload.se.ifmo.ru:8080/?token=518472196&&user=-1356113187&config=2,0,0,10447
1775998768877,10447,HTTP Request 2,Non HTTP response code: java.net.UnknownHostException,Non HTTP response message: stload.se.ifmo.ru,config 2 2-1,text,false,"The operation lasted too long: It took 10,447 milliseconds, but should not have lasted longer than 840 milliseconds.",2222,0,6,18,http://stload.se.ifmo.ru:8080/?token=518472196&&user=-1356113187&config=2,0,0,10447
1775998768876,10448,HTTP Request 2,Non HTTP response code: java.net.UnknownHostException,Non HTTP response message: stload.se.ifmo.ru,config 2 2-4,text,false,"The operation lasted too long: It took 10,448 milliseconds, but should not have lasted longer than 840 milliseconds.",2222,0,6,18,http://stload.se.ifmo.ru:8080/?token=518472196&&user=-1356113187&config=2,0,0,10448
1775998768877,10447,HTTP Request 2,Non HTTP response code: java.net.UnknownHostException,Non HTTP response message: stload.se.ifmo.ru,config 2 2-6,text,false,"The operation lasted too long: It took 10,447 milliseconds, but should not have lasted longer than 840 milliseconds.",2222,0,6,18,http://stload.se.ifmo.ru:8080/?token=518472196&&user=-1356113187&config=2,0,0,10447
1775998768876,10448,HTTP Request 2,Non HTTP response code: java.net.UnknownHostException,Non HTTP response message: stload.se.ifmo.ru,config 2 2-3,text,false,"The operation lasted too long: It took 10,448 milliseconds, but should not have lasted longer than 840 milliseconds.",2222,0,6,18,http://stload.se.ifmo.ru:8080/?token=518472196&&user=-1356113187&config=2,0,0,10448
1775998779325,0,HTTP Request 2,Non HTTP response code: java.net.UnknownHostException,Non HTTP response message: stload.se.ifmo.ru,config 2 2-4,text,false,,2139,0,6,18,http://stload.se.ifmo.ru:8080/?token=518472196&&user=-1356113187&config=2,0,0,0
1775998779325,0,HTTP Request 2,Non HTTP response code: java.net.UnknownHostException,Non HTTP response message: stload.se.ifmo.ru,config 2 2-2,text,false,,2139,0,6,18,http://stload.se.ifmo.ru:8080/?token=518472196&&user=-1356113187&config=2,0,0,0
1775998779325,0,HTTP Request 2,Non HTTP response code: java.net.UnknownHostException,Non HTTP response message: stload.se.ifmo.ru,config 2 2-6,text,false,,2139,0,6,18,http://stload.se.ifmo.ru:8080/?token=518472196&&user=-1356113187&config=2,0,0,0
1775998779325,0,HTTP Request 2,Non HTTP response code: java.net.UnknownHostException,Non HTTP response message: stload.se.ifmo.ru,config 2 2-3,text,false,,2139,0,6,18,http://stload.se.ifmo.ru:8080/?token=518472196&&user=-1356113187&config=2,0,0,0
1775998779325,0,HTTP Request 2,Non HTTP response code: java.net.UnknownHostException,Non HTTP response message: stload.se.ifmo.ru,config 2 2-5,text,false,,2139,0,6,18,http://stload.se.ifmo.ru:8080/?token=518472196&&user=-1356113187&config=2,0,0,0
1775998779325,1,HTTP Request 2,Non HTTP response code: java.net.UnknownHostException,Non HTTP response message: stload.se.ifmo.ru,config 2 2-1,text,false,,2139,0,6,18,http://stload.se.ifmo.ru:8080/?token=518472196&&user=-1356113187&config=2,0,0,1
1775998780825,0,HTTP Request 2,Non HTTP response code: java.net.UnknownHostException,Non HTTP response message: stload.se.ifmo.ru,config 2 2-1,text,false,,2139,0,6,18,http://stload.se.ifmo.ru:8080/?token=518472196&&user=-1356113187&config=2,0,0,0
1775998780825,1,HTTP Request 2,Non HTTP response code: java.net.UnknownHostException,Non HTTP response message: stload.se.ifmo.ru,config 2 2-2,text,false,,2139,0,6,18,http://stload.se.ifmo.ru:8080/?token=518472196&&user=-1356113187&config=2,0,0,1
1775998780825,1,HTTP Request 2,Non HTTP response code: java.net.UnknownHostException,Non HTTP response message: stload.se.ifmo.ru,config 2 2-4,text,false,,2139,0,6,18,http://stload.se.ifmo.ru:8080/?token=518472196&&user=-1356113187&config=2,0,0,1
1775998780826,0,HTTP Request 2,Non HTTP response code: java.net.UnknownHostException,Non HTTP response message: stload.se.ifmo.ru,config 2 2-5,text,false,,2139,0,6,18,http://stload.se.ifmo.ru:8080/?token=518472196&&user=-1356113187&config=2,0,0,0
1775998780826,0,HTTP Request 2,Non HTTP response code: java.net.UnknownHostException,Non HTTP response message: stload.se.ifmo.ru,config 2 2-6,text,false,,2139,0,6,18,http://stload.se.ifmo.ru:8080/?token=518472196&&user=-1356113187&config=2,0,0,0
1775998780825,1,HTTP Request 2,Non HTTP response code: java.net.UnknownHostException,Non HTTP response message: stload.se.ifmo.ru,config 2 2-3,text,false,,2139,0,6,18,http://stload.se.ifmo.ru:8080/?token=518472196&&user=-1356113187&config=2,0,0,1
1775998782325,0,HTTP Request 2,Non HTTP response code: java.net.UnknownHostException,Non HTTP response message: stload.se.ifmo.ru,config 2 2-4,text,false,,2139,0,6,18,http://stload.se.ifmo.ru:8080/?token=518472196&&user=-1356113187&config=2,0,0,0
1775998782325,0,HTTP Request 2,Non HTTP response code: java.net.UnknownHostException,Non HTTP response message: stload.se.ifmo.ru,config 2 2-5,text,false,,2139,0,6,18,http://stload.se.ifmo.ru:8080/?token=518472196&&user=-1356113187&config=2,0,0,0
1775998782325,0,HTTP Request 2,Non HTTP response code: java.net.UnknownHostException,Non HTTP response message: stload.se.ifmo.ru,config 2 2-1,text,false,,2139,0,6,18,http://stload.se.ifmo.ru:8080/?token=518472196&&user=-1356113187&config=2,0,0,0
1775998782325,0,HTTP Request 2,Non HTTP response code: java.net.UnknownHostException,Non HTTP response message: stload.se.ifmo.ru,config 2 2-2,text,false,,2139,0,6,18,http://stload.se.ifmo.ru:8080/?token=518472196&&user=-1356113187&config=2,0,0,0
1775998782325,0,HTTP Request 2,Non HTTP response code: java.net.UnknownHostException,Non HTTP response message: stload.se.ifmo.ru,config 2 2-6,text,false,,2139,0,6,18,http://stload.se.ifmo.ru:8080/?token=518472196&&user=-1356113187&config=2,0,0,0
1775998782326,0,HTTP Request 2,Non HTTP response code: java.net.UnknownHostException,Non HTTP response message: stload.se.ifmo.ru,config 2 2-3,text,false,,2139,0,6,18,http://stload.se.ifmo.ru:8080/?token=518472196&&user=-1356113187&config=2,0,0,0
1775998783825,0,HTTP Request 2,Non HTTP response code: java.net.UnknownHostException,Non HTTP response message: stload.se.ifmo.ru,config 2 2-3,text,false,,2139,0,5,15,http://stload.se.ifmo.ru:8080/?token=518472196&&user=-1356113187&config=2,0,0,0
1775998783825,0,HTTP Request 2,Non HTTP response code: java.net.UnknownHostException,Non HTTP response message: stload.se.ifmo.ru,config 2 2-6,text,false,,2139,0,5,15,http://stload.se.ifmo.ru:8080/?token=518472196&&user=-1356113187&config=2,0,0,0
1775998783826,0,HTTP Request 2,Non HTTP response code: java.net.UnknownHostException,Non HTTP response message: stload.se.ifmo.ru,config 2 2-4,text,false,,2139,0,5,15,http://stload.se.ifmo.ru:8080/?token=518472196&&user=-1356113187&config=2,0,0,0
1775998783826,0,HTTP Request 2,Non HTTP response code: java.net.UnknownHostException,Non HTTP response message: stload.se.ifmo.ru,config 2 2-5,text,false,,2139,0,5,15,http://stload.se.ifmo.ru:8080/?token=518472196&&user=-1356113187&config=2,0,0,0
1775998783826,0,HTTP Request 2,Non HTTP response code: java.net.UnknownHostException,Non HTTP response message: stload.se.ifmo.ru,config 2 2-2,text,false,,2139,0,5,15,http://stload.se.ifmo.ru:8080/?token=518472196&&user=-1356113187&config=2,0,0,0
1775998785325,0,HTTP Request 2,Non HTTP response code: java.net.UnknownHostException,Non HTTP response message: stload.se.ifmo.ru,config 2 2-4,text,false,,2139,0,5,15,http://stload.se.ifmo.ru:8080/?token=518472196&&user=-1356113187&config=2,0,0,0
1775998785325,0,HTTP Request 2,Non HTTP response code: java.net.UnknownHostException,Non HTTP response message: stload.se.ifmo.ru,config 2 2-3,text,false,,2139,0,5,15,http://stload.se.ifmo.ru:8080/?token=518472196&&user=-1356113187&config=2,0,0,0
1775998785325,0,HTTP Request 2,Non HTTP response code: java.net.UnknownHostException,Non HTTP response message: stload.se.ifmo.ru,config 2 2-6,text,false,,2139,0,5,15,http://stload.se.ifmo.ru:8080/?token=518472196&&user=-1356113187&config=2,0,0,0
1775998785325,0,HTTP Request 2,Non HTTP response code: java.net.UnknownHostException,Non HTTP response message: stload.se.ifmo.ru,config 2 2-5,text,false,,2139,0,5,15,http://stload.se.ifmo.ru:8080/?token=518472196&&user=-1356113187&config=2,0,0,0
1775998785325,0,HTTP Request 2,Non HTTP response code: java.net.UnknownHostException,Non HTTP response message: stload.se.ifmo.ru,config 2 2-2,text,false,,2139,0,5,15,http://stload.se.ifmo.ru:8080/?token=518472196&&user=-1356113187&config=2,0,0,0
1775998786825,0,HTTP Request 2,Non HTTP response code: java.net.UnknownHostException,Non HTTP response message: stload.se.ifmo.ru,config 2 2-6,text,false,,2139,0,4,10,http://stload.se.ifmo.ru:8080/?token=518472196&&user=-1356113187&config=2,0,0,0
1775998786825,0,HTTP Request 2,Non HTTP response code: java.net.UnknownHostException,Non HTTP response message: stload.se.ifmo.ru,config 2 2-4,text,false,,2139,0,4,10,http://stload.se.ifmo.ru:8080/?token=518472196&&user=-1356113187&config=2,0,0,0
1775998786825,1,HTTP Request 2,Non HTTP response code: java.net.UnknownHostException,Non HTTP response message: stload.se.ifmo.ru,config 2 2-3,text,false,,2139,0,4,10,http://stload.se.ifmo.ru:8080/?token=518472196&&user=-1356113187&config=2,0,0,1
1775998786826,0,HTTP Request 2,Non HTTP response code: java.net.UnknownHostException,Non HTTP response message: stload.se.ifmo.ru,config 2 2-5,text,false,,2139,0,4,10,http://stload.se.ifmo.ru:8080/?token=518472196&&user=-1356113187&config=2,0,0,0
1775998788325,0,HTTP Request 2,Non HTTP response code: java.net.UnknownHostException,Non HTTP response message: stload.se.ifmo.ru,config 2 2-6,text,false,,2139,0,3,8,http://stload.se.ifmo.ru:8080/?token=518472196&&user=-1356113187&config=2,0,0,0
1775998788325,0,HTTP Request 2,Non HTTP response code: java.net.UnknownHostException,Non HTTP response message: stload.se.ifmo.ru,config 2 2-4,text,false,,2139,0,3,8,http://stload.se.ifmo.ru:8080/?token=518472196&&user=-1356113187&config=2,0,0,0
1775998788325,0,HTTP Request 2,Non HTTP response code: java.net.UnknownHostException,Non HTTP response message: stload.se.ifmo.ru,config 2 2-5,text,false,,2139,0,3,8,http://stload.se.ifmo.ru:8080/?token=518472196&&user=-1356113187&config=2,0,0,0
1775998789826,0,HTTP Request 2,Non HTTP response code: java.net.UnknownHostException,Non HTTP response message: stload.se.ifmo.ru,config 2 2-6,text,false,,2139,0,1,5,http://stload.se.ifmo.ru:8080/?token=518472196&&user=-1356113187&config=2,0,0,0
1775998791326,0,HTTP Request 2,Non HTTP response code: java.net.UnknownHostException,Non HTTP response message: stload.se.ifmo.ru,config 2 2-6,text,false,,2139,0,1,2,http://stload.se.ifmo.ru:8080/?token=518472196&&user=-1356113187&config=2,0,0,0
1775999013243,630,HTTP Request 2,200,OK,config 2 2-1,text,true,,231,168,1,3,http://stload.se.ifmo.ru:8080/?token=518472196&&user=-1356113187&config=2,630,0,96
1775999014700,537,HTTP Request 2,200,OK,config 2 2-1,text,true,,231,168,2,6,http://stload.se.ifmo.ru:8080/?token=518472196&&user=-1356113187&config=2,537,0,0
1775999014850,605,HTTP Request 2,200,OK,config 2 2-2,text,true,,231,168,2,6,http://stload.se.ifmo.ru:8080/?token=518472196&&user=-1356113187&config=2,605,0,58
1775999016201,540,HTTP Request 2,200,OK,config 2 2-1,text,true,,231,168,3,9,http://stload.se.ifmo.ru:8080/?token=518472196&&user=-1356113187&config=2,540,0,0
1775999016350,536,HTTP Request 2,200,OK,config 2 2-2,text,true,,231,168,3,9,http://stload.se.ifmo.ru:8080/?token=518472196&&user=-1356113187&config=2,536,0,0
1775999016517,574,HTTP Request 2,200,OK,config 2 2-3,text,true,,231,168,3,9,http://stload.se.ifmo.ru:8080/?token=518472196&&user=-1356113187&config=2,574,0,34
1775999017701,570,HTTP Request 2,200,OK,config 2 2-1,text,true,,231,168,4,12,http://stload.se.ifmo.ru:8080/?token=518472196&&user=-1356113187&config=2,570,0,0
1775999017850,546,HTTP Request 2,200,OK,config 2 2-2,text,true,,231,168,4,12,http://stload.se.ifmo.ru:8080/?token=518472196&&user=-1356113187&config=2,546,0,0
1775999018017,551,HTTP Request 2,200,OK,config 2 2-3,text,true,,231,168,4,12,http://stload.se.ifmo.ru:8080/?token=518472196&&user=-1356113187&config=2,551,0,0
1775999018184,622,HTTP Request 2,200,OK,config 2 2-4,text,true,,231,168,4,12,http://stload.se.ifmo.ru:8080/?token=518472196&&user=-1356113187&config=2,622,0,71
1775999019200,580,HTTP Request 2,200,OK,config 2 2-1,text,true,,231,168,4,12,http://stload.se.ifmo.ru:8080/?token=518472196&&user=-1356113187&config=2,580,0,0
1775999019351,597,HTTP Request 2,200,OK,config 2 2-2,text,true,,231,168,5,15,http://stload.se.ifmo.ru:8080/?token=518472196&&user=-1356113187&config=2,597,0,0
1775999019516,544,HTTP Request 2,200,OK,config 2 2-3,text,true,,231,168,5,15,http://stload.se.ifmo.ru:8080/?token=518472196&&user=-1356113187&config=2,544,0,0
1775999019684,564,HTTP Request 2,200,OK,config 2 2-4,text,true,,231,168,5,15,http://stload.se.ifmo.ru:8080/?token=518472196&&user=-1356113187&config=2,564,0,0
1775999019852,659,HTTP Request 2,200,OK,config 2 2-5,text,true,,231,168,5,15,http://stload.se.ifmo.ru:8080/?token=518472196&&user=-1356113187&config=2,659,0,95
1775999020700,596,HTTP Request 2,200,OK,config 2 2-1,text,true,,231,168,5,15,http://stload.se.ifmo.ru:8080/?token=518472196&&user=-1356113187&config=2,596,0,0
1775999020850,583,HTTP Request 2,200,OK,config 2 2-2,text,true,,231,168,5,15,http://stload.se.ifmo.ru:8080/?token=518472196&&user=-1356113187&config=2,583,0,0
1775999021017,572,HTTP Request 2,200,OK,config 2 2-3,text,true,,231,168,6,18,http://stload.se.ifmo.ru:8080/?token=518472196&&user=-1356113187&config=2,572,0,0
1775999021185,573,HTTP Request 2,200,OK,config 2 2-4,text,true,,231,168,6,18,http://stload.se.ifmo.ru:8080/?token=518472196&&user=-1356113187&config=2,573,0,0
1775999021353,584,HTTP Request 2,200,OK,config 2 2-5,text,true,,231,168,6,18,http://stload.se.ifmo.ru:8080/?token=518472196&&user=-1356113187&config=2,584,0,0
1775999021519,638,HTTP Request 2,200,OK,config 2 2-6,text,true,,231,168,6,18,http://stload.se.ifmo.ru:8080/?token=518472196&&user=-1356113187&config=2,638,0,54
1775999022201,594,HTTP Request 2,200,OK,config 2 2-1,text,true,,231,168,6,18,http://stload.se.ifmo.ru:8080/?token=518472196&&user=-1356113187&config=2,594,0,0
1775999022351,585,HTTP Request 2,200,OK,config 2 2-2,text,true,,231,168,6,18,http://stload.se.ifmo.ru:8080/?token=518472196&&user=-1356113187&config=2,585,0,0
1775999022517,593,HTTP Request 2,200,OK,config 2 2-3,text,true,,231,168,6,18,http://stload.se.ifmo.ru:8080/?token=518472196&&user=-1356113187&config=2,593,0,0
1775999022684,603,HTTP Request 2,200,OK,config 2 2-4,text,true,,231,168,6,18,http://stload.se.ifmo.ru:8080/?token=518472196&&user=-1356113187&config=2,602,0,0
1775999022852,653,HTTP Request 2,200,OK,config 2 2-5,text,true,,231,168,6,18,http://stload.se.ifmo.ru:8080/?token=518472196&&user=-1356113187&config=2,653,0,0
1775999023019,630,HTTP Request 2,200,OK,config 2 2-6,text,true,,231,168,6,18,http://stload.se.ifmo.ru:8080/?token=518472196&&user=-1356113187&config=2,630,0,0
1775999023701,627,HTTP Request 2,200,OK,config 2 2-1,text,true,,231,168,6,18,http://stload.se.ifmo.ru:8080/?token=518472196&&user=-1356113187&config=2,627,0,0
1775999023851,663,HTTP Request 2,200,OK,config 2 2-2,text,true,,231,168,6,18,http://stload.se.ifmo.ru:8080/?token=518472196&&user=-1356113187&config=2,663,0,0
1775999024016,610,HTTP Request 2,200,OK,config 2 2-3,text,true,,231,168,6,18,http://stload.se.ifmo.ru:8080/?token=518472196&&user=-1356113187&config=2,610,0,0
1775999024184,619,HTTP Request 2,200,OK,config 2 2-4,text,true,,231,168,6,18,http://stload.se.ifmo.ru:8080/?token=518472196&&user=-1356113187&config=2,619,0,0
1775999024352,639,HTTP Request 2,200,OK,config 2 2-5,text,true,,231,168,6,18,http://stload.se.ifmo.ru:8080/?token=518472196&&user=-1356113187&config=2,639,0,0
1775999024519,641,HTTP Request 2,200,OK,config 2 2-6,text,true,,231,168,6,18,http://stload.se.ifmo.ru:8080/?token=518472196&&user=-1356113187&config=2,640,0,0
1775999025200,780,HTTP Request 2,200,OK,config 2 2-1,text,true,,231,168,6,18,http://stload.se.ifmo.ru:8080/?token=518472196&&user=-1356113187&config=2,780,0,0
1775999025350,694,HTTP Request 2,200,OK,config 2 2-2,text,true,,231,168,6,18,http://stload.se.ifmo.ru:8080/?token=518472196&&user=-1356113187&config=2,694,0,0
1775999025517,718,HTTP Request 2,200,OK,config 2 2-3,text,true,,231,168,6,18,http://stload.se.ifmo.ru:8080/?token=518472196&&user=-1356113187&config=2,718,0,0
1775999025685,627,HTTP Request 2,200,OK,config 2 2-4,text,true,,231,168,6,18,http://stload.se.ifmo.ru:8080/?token=518472196&&user=-1356113187&config=2,627,0,0
1775999025852,751,HTTP Request 2,200,OK,config 2 2-5,text,true,,231,168,6,18,http://stload.se.ifmo.ru:8080/?token=518472196&&user=-1356113187&config=2,751,0,0
1775999026019,750,HTTP Request 2,200,OK,config 2 2-6,text,true,,231,168,6,18,http://stload.se.ifmo.ru:8080/?token=518472196&&user=-1356113187&config=2,750,0,0
1775999026700,865,HTTP Request 2,200,OK,config 2 2-1,text,false,"The operation lasted too long: It took 865 milliseconds, but should not have lasted longer than 840 milliseconds.",231,168,6,18,http://stload.se.ifmo.ru:8080/?token=518472196&&user=-1356113187&config=2,865,0,0
1775999027016,741,HTTP Request 2,200,OK,config 2 2-3,text,true,,231,168,6,18,http://stload.se.ifmo.ru:8080/?token=518472196&&user=-1356113187&config=2,741,0,0
1775999026851,906,HTTP Request 2,200,OK,config 2 2-2,text,false,"The operation lasted too long: It took 906 milliseconds, but should not have lasted longer than 840 milliseconds.",231,168,6,18,http://stload.se.ifmo.ru:8080/?token=518472196&&user=-1356113187&config=2,906,0,0
1775999027519,808,HTTP Request 2,200,OK,config 2 2-6,text,true,,231,168,6,18,http://stload.se.ifmo.ru:8080/?token=518472196&&user=-1356113187&config=2,808,0,0
1775999027185,1142,HTTP Request 2,200,OK,config 2 2-4,text,false,"The operation lasted too long: It took 1,142 milliseconds, but should not have lasted longer than 840 milliseconds.",231,168,6,18,http://stload.se.ifmo.ru:8080/?token=518472196&&user=-1356113187&config=2,1142,0,0
1775999027353,974,HTTP Request 2,200,OK,config 2 2-5,text,false,"The operation lasted too long: It took 974 milliseconds, but should not have lasted longer than 840 milliseconds.",231,168,6,18,http://stload.se.ifmo.ru:8080/?token=518472196&&user=-1356113187&config=2,974,0,0
1775999028201,875,HTTP Request 2,200,OK,config 2 2-1,text,false,"The operation lasted too long: It took 875 milliseconds, but should not have lasted longer than 840 milliseconds.",231,168,6,18,http://stload.se.ifmo.ru:8080/?token=518472196&&user=-1356113187&config=2,875,0,0
1775999028350,788,HTTP Request 2,200,OK,config 2 2-2,text,true,,231,168,6,18,http://stload.se.ifmo.ru:8080/?token=518472196&&user=-1356113187&config=2,788,0,0
1775999028516,637,HTTP Request 2,200,OK,config 2 2-3,text,true,,231,168,6,18,http://stload.se.ifmo.ru:8080/?token=518472196&&user=-1356113187&config=2,637,0,0
1775999028684,734,HTTP Request 2,200,OK,config 2 2-4,text,true,,231,168,6,18,http://stload.se.ifmo.ru:8080/?token=518472196&&user=-1356113187&config=2,734,0,0
1775999028852,725,HTTP Request 2,200,OK,config 2 2-5,text,true,,231,168,6,18,http://stload.se.ifmo.ru:8080/?token=518472196&&user=-1356113187&config=2,725,0,0
1775999029019,799,HTTP Request 2,200,OK,config 2 2-6,text,true,,231,168,6,18,http://stload.se.ifmo.ru:8080/?token=518472196&&user=-1356113187&config=2,799,0,0
1775999029701,807,HTTP Request 2,200,OK,config 2 2-1,text,true,,231,168,6,18,http://stload.se.ifmo.ru:8080/?token=518472196&&user=-1356113187&config=2,807,0,0
1775999029851,671,HTTP Request 2,200,OK,config 2 2-2,text,true,,231,168,6,18,http://stload.se.ifmo.ru:8080/?token=518472196&&user=-1356113187&config=2,671,0,0
1775999030016,658,HTTP Request 2,200,OK,config 2 2-3,text,true,,231,168,6,18,http://stload.se.ifmo.ru:8080/?token=518472196&&user=-1356113187&config=2,658,0,0
1775999030184,724,HTTP Request 2,200,OK,config 2 2-4,text,true,,231,168,6,18,http://stload.se.ifmo.ru:8080/?token=518472196&&user=-1356113187&config=2,724,0,0
1775999030352,937,HTTP Request 2,200,OK,config 2 2-5,text,false,"The operation lasted too long: It took 937 milliseconds, but should not have lasted longer than 840 milliseconds.",231,168,6,18,http://stload.se.ifmo.ru:8080/?token=518472196&&user=-1356113187&config=2,937,0,0
1775999030519,784,HTTP Request 2,200,OK,config 2 2-6,text,true,,231,168,6,18,http://stload.se.ifmo.ru:8080/?token=518472196&&user=-1356113187&config=2,784,0,0
1775999031200,994,HTTP Request 2,200,OK,config 2 2-1,text,false,"The operation lasted too long: It took 994 milliseconds, but should not have lasted longer than 840 milliseconds.",231,168,6,18,http://stload.se.ifmo.ru:8080/?token=518472196&&user=-1356113187&config=2,994,0,0
1775999031350,844,HTTP Request 2,200,OK,config 2 2-2,text,false,"The operation lasted too long: It took 844 milliseconds, but should not have lasted longer than 840 milliseconds.",231,168,6,18,http://stload.se.ifmo.ru:8080/?token=518472196&&user=-1356113187&config=2,844,0,0
1775999031516,845,HTTP Request 2,200,OK,config 2 2-3,text,false,"The operation lasted too long: It took 845 milliseconds, but should not have lasted longer than 840 milliseconds.",231,168,6,18,http://stload.se.ifmo.ru:8080/?token=518472196&&user=-1356113187&config=2,845,0,0
1775999031685,945,HTTP Request 2,200,OK,config 2 2-4,text,false,"The operation lasted too long: It took 945 milliseconds, but should not have lasted longer than 840 milliseconds.",231,168,6,18,http://stload.se.ifmo.ru:8080/?token=518472196&&user=-1356113187&config=2,945,0,0
1775999031852,791,HTTP Request 2,200,OK,config 2 2-5,text,true,,231,168,6,18,http://stload.se.ifmo.ru:8080/?token=518472196&&user=-1356113187&config=2,791,0,0
1775999032019,894,HTTP Request 2,200,OK,config 2 2-6,text,false,"The operation lasted too long: It took 894 milliseconds, but should not have lasted longer than 840 milliseconds.",231,168,6,18,http://stload.se.ifmo.ru:8080/?token=518472196&&user=-1356113187&config=2,894,0,0
1775999032701,739,HTTP Request 2,200,OK,config 2 2-1,text,true,,231,168,6,18,http://stload.se.ifmo.ru:8080/?token=518472196&&user=-1356113187&config=2,739,0,0
1775999032851,849,HTTP Request 2,200,OK,config 2 2-2,text,false,"The operation lasted too long: It took 849 milliseconds, but should not have lasted longer than 840 milliseconds.",231,168,6,18,http://stload.se.ifmo.ru:8080/?token=518472196&&user=-1356113187&config=2,849,0,0
1775999033016,923,HTTP Request 2,200,OK,config 2 2-3,text,false,"The operation lasted too long: It took 923 milliseconds, but should not have lasted longer than 840 milliseconds.",231,168,6,18,http://stload.se.ifmo.ru:8080/?token=518472196&&user=-1356113187&config=2,923,0,0
1775999033185,767,HTTP Request 2,200,OK,config 2 2-4,text,true,,231,168,6,18,http://stload.se.ifmo.ru:8080/?token=518472196&&user=-1356113187&config=2,767,0,0
1775999033352,859,HTTP Request 2,200,OK,config 2 2-5,text,false,"The operation lasted too long: It took 859 milliseconds, but should not have lasted longer than 840 milliseconds.",231,168,6,18,http://stload.se.ifmo.ru:8080/?token=518472196&&user=-1356113187&config=2,859,0,0
1775999033520,923,HTTP Request 2,200,OK,config 2 2-6,text,false,"The operation lasted too long: It took 923 milliseconds, but should not have lasted longer than 840 milliseconds.",231,168,6,18,http://stload.se.ifmo.ru:8080/?token=518472196&&user=-1356113187&config=2,923,0,0
1775999034200,795,HTTP Request 2,200,OK,config 2 2-1,text,true,,231,168,6,18,http://stload.se.ifmo.ru:8080/?token=518472196&&user=-1356113187&config=2,795,0,0
1775999034350,748,HTTP Request 2,200,OK,config 2 2-2,text,true,,231,168,6,18,http://stload.se.ifmo.ru:8080/?token=518472196&&user=-1356113187&config=2,748,0,0
1775999034516,826,HTTP Request 2,200,OK,config 2 2-3,text,true,,231,168,6,18,http://stload.se.ifmo.ru:8080/?token=518472196&&user=-1356113187&config=2,825,0,0
1775999034684,674,HTTP Request 2,200,OK,config 2 2-4,text,true,,231,168,6,18,http://stload.se.ifmo.ru:8080/?token=518472196&&user=-1356113187&config=2,674,0,0
1775999034853,891,HTTP Request 2,200,OK,config 2 2-5,text,false,"The operation lasted too long: It took 891 milliseconds, but should not have lasted longer than 840 milliseconds.",231,168,6,18,http://stload.se.ifmo.ru:8080/?token=518472196&&user=-1356113187&config=2,891,0,0
1775999035019,778,HTTP Request 2,200,OK,config 2 2-6,text,true,,231,168,6,18,http://stload.se.ifmo.ru:8080/?token=518472196&&user=-1356113187&config=2,778,0,0
1775999035700,759,HTTP Request 2,200,OK,config 2 2-1,text,true,,231,168,6,18,http://stload.se.ifmo.ru:8080/?token=518472196&&user=-1356113187&config=2,759,0,0
1775999035850,838,HTTP Request 2,200,OK,config 2 2-2,text,true,,231,168,6,18,http://stload.se.ifmo.ru:8080/?token=518472196&&user=-1356113187&config=2,838,0,0
1775999036016,672,HTTP Request 2,200,OK,config 2 2-3,text,true,,231,168,6,18,http://stload.se.ifmo.ru:8080/?token=518472196&&user=-1356113187&config=2,672,0,0
1775999036184,657,HTTP Request 2,200,OK,config 2 2-4,text,true,,231,168,6,18,http://stload.se.ifmo.ru:8080/?token=518472196&&user=-1356113187&config=2,657,0,0
1775999036352,738,HTTP Request 2,200,OK,config 2 2-5,text,true,,231,168,6,18,http://stload.se.ifmo.ru:8080/?token=518472196&&user=-1356113187&config=2,738,0,0
1775999036519,700,HTTP Request 2,200,OK,config 2 2-6,text,true,,231,168,6,18,http://stload.se.ifmo.ru:8080/?token=518472196&&user=-1356113187&config=2,700,0,0
1775999037200,641,HTTP Request 2,200,OK,config 2 2-1,text,true,,231,168,6,18,http://stload.se.ifmo.ru:8080/?token=518472196&&user=-1356113187&config=2,641,0,0
1775999037350,677,HTTP Request 2,200,OK,config 2 2-2,text,true,,231,168,6,18,http://stload.se.ifmo.ru:8080/?token=518472196&&user=-1356113187&config=2,677,0,0
1775999037516,659,HTTP Request 2,200,OK,config 2 2-3,text,true,,231,168,6,18,http://stload.se.ifmo.ru:8080/?token=518472196&&user=-1356113187&config=2,659,0,0
1775999037684,670,HTTP Request 2,200,OK,config 2 2-4,text,true,,231,168,6,18,http://stload.se.ifmo.ru:8080/?token=518472196&&user=-1356113187&config=2,670,0,0
1775999037853,685,HTTP Request 2,200,OK,config 2 2-5,text,true,,231,168,6,18,http://stload.se.ifmo.ru:8080/?token=518472196&&user=-1356113187&config=2,685,0,0
1775999038019,658,HTTP Request 2,200,OK,config 2 2-6,text,true,,231,168,6,18,http://stload.se.ifmo.ru:8080/?token=518472196&&user=-1356113187&config=2,658,0,0
1775999038700,671,HTTP Request 2,200,OK,config 2 2-1,text,true,,231,168,6,18,http://stload.se.ifmo.ru:8080/?token=518472196&&user=-1356113187&config=2,671,0,0
1775999038850,661,HTTP Request 2,200,OK,config 2 2-2,text,true,,231,168,6,18,http://stload.se.ifmo.ru:8080/?token=518472196&&user=-1356113187&config=2,661,0,0
1775999039016,658,HTTP Request 2,200,OK,config 2 2-3,text,true,,231,168,6,18,http://stload.se.ifmo.ru:8080/?token=518472196&&user=-1356113187&config=2,658,0,0
1775999039184,734,HTTP Request 2,200,OK,config 2 2-4,text,true,,231,168,6,18,http://stload.se.ifmo.ru:8080/?token=518472196&&user=-1356113187&config=2,734,0,0
1775999039352,664,HTTP Request 2,200,OK,config 2 2-5,text,true,,231,168,6,18,http://stload.se.ifmo.ru:8080/?token=518472196&&user=-1356113187&config=2,664,0,0
1775999039519,696,HTTP Request 2,200,OK,config 2 2-6,text,true,,231,168,6,18,http://stload.se.ifmo.ru:8080/?token=518472196&&user=-1356113187&config=2,696,0,0
1775999040200,657,HTTP Request 2,200,OK,config 2 2-1,text,true,,231,168,6,18,http://stload.se.ifmo.ru:8080/?token=518472196&&user=-1356113187&config=2,657,0,0
1775999040351,652,HTTP Request 2,200,OK,config 2 2-2,text,true,,231,168,6,18,http://stload.se.ifmo.ru:8080/?token=518472196&&user=-1356113187&config=2,652,0,0
1775999040516,642,HTTP Request 2,200,OK,config 2 2-3,text,true,,231,168,6,18,http://stload.se.ifmo.ru:8080/?token=518472196&&user=-1356113187&config=2,642,0,0
1775999040685,667,HTTP Request 2,200,OK,config 2 2-4,text,true,,231,168,6,18,http://stload.se.ifmo.ru:8080/?token=518472196&&user=-1356113187&config=2,667,0,0
1775999040852,689,HTTP Request 2,200,OK,config 2 2-5,text,true,,231,168,6,18,http://stload.se.ifmo.ru:8080/?token=518472196&&user=-1356113187&config=2,689,0,0
1775999041019,652,HTTP Request 2,200,OK,config 2 2-6,text,true,,231,168,6,18,http://stload.se.ifmo.ru:8080/?token=518472196&&user=-1356113187&config=2,652,0,0
1775999041700,690,HTTP Request 2,200,OK,config 2 2-1,text,true,,231,168,6,18,http://stload.se.ifmo.ru:8080/?token=518472196&&user=-1356113187&config=2,690,0,0
1775999041850,647,HTTP Request 2,200,OK,config 2 2-2,text,true,,231,168,6,18,http://stload.se.ifmo.ru:8080/?token=518472196&&user=-1356113187&config=2,647,0,0
1775999042016,647,HTTP Request 2,200,OK,config 2 2-3,text,true,,231,168,6,18,http://stload.se.ifmo.ru:8080/?token=518472196&&user=-1356113187&config=2,647,0,0
1775999042185,662,HTTP Request 2,200,OK,config 2 2-4,text,true,,231,168,6,18,http://stload.se.ifmo.ru:8080/?token=518472196&&user=-1356113187&config=2,662,0,0
1775999042352,686,HTTP Request 2,200,OK,config 2 2-5,text,true,,231,168,6,18,http://stload.se.ifmo.ru:8080/?token=518472196&&user=-1356113187&config=2,686,0,0
1775999042519,690,HTTP Request 2,200,OK,config 2 2-6,text,true,,231,168,6,18,http://stload.se.ifmo.ru:8080/?token=518472196&&user=-1356113187&config=2,690,0,0
1775999043200,647,HTTP Request 2,200,OK,config 2 2-1,text,true,,231,168,6,18,http://stload.se.ifmo.ru:8080/?token=518472196&&user=-1356113187&config=2,647,0,0
1775999043351,669,HTTP Request 2,200,OK,config 2 2-2,text,true,,231,168,6,18,http://stload.se.ifmo.ru:8080/?token=518472196&&user=-1356113187&config=2,669,0,0
1775999043517,654,HTTP Request 2,200,OK,config 2 2-3,text,true,,231,168,6,18,http://stload.se.ifmo.ru:8080/?token=518472196&&user=-1356113187&config=2,654,0,0
1775999043684,697,HTTP Request 2,200,OK,config 2 2-4,text,true,,231,168,6,18,http://stload.se.ifmo.ru:8080/?token=518472196&&user=-1356113187&config=2,696,0,0
1775999043852,693,HTTP Request 2,200,OK,config 2 2-5,text,true,,231,168,6,18,http://stload.se.ifmo.ru:8080/?token=518472196&&user=-1356113187&config=2,693,0,0
1775999044019,678,HTTP Request 2,200,OK,config 2 2-6,text,true,,231,168,6,18,http://stload.se.ifmo.ru:8080/?token=518472196&&user=-1356113187&config=2,678,0,0
1775999044700,680,HTTP Request 2,200,OK,config 2 2-1,text,true,,231,168,6,18,http://stload.se.ifmo.ru:8080/?token=518472196&&user=-1356113187&config=2,680,0,0
1775999044851,676,HTTP Request 2,200,OK,config 2 2-2,text,true,,231,168,6,18,http://stload.se.ifmo.ru:8080/?token=518472196&&user=-1356113187&config=2,676,0,0
1775999045016,650,HTTP Request 2,200,OK,config 2 2-3,text,true,,231,168,6,18,http://stload.se.ifmo.ru:8080/?token=518472196&&user=-1356113187&config=2,650,0,0
1775999045184,712,HTTP Request 2,200,OK,config 2 2-4,text,true,,231,168,6,18,http://stload.se.ifmo.ru:8080/?token=518472196&&user=-1356113187&config=2,712,0,0
1775999045353,670,HTTP Request 2,200,OK,config 2 2-5,text,true,,231,168,6,18,http://stload.se.ifmo.ru:8080/?token=518472196&&user=-1356113187&config=2,670,0,0
1775999045519,657,HTTP Request 2,200,OK,config 2 2-6,text,true,,231,168,6,18,http://stload.se.ifmo.ru:8080/?token=518472196&&user=-1356113187&config=2,657,0,0
1775999046200,659,HTTP Request 2,200,OK,config 2 2-1,text,true,,231,168,6,18,http://stload.se.ifmo.ru:8080/?token=518472196&&user=-1356113187&config=2,659,0,0
1775999046350,651,HTTP Request 2,200,OK,config 2 2-2,text,true,,231,168,6,18,http://stload.se.ifmo.ru:8080/?token=518472196&&user=-1356113187&config=2,651,0,0
1775999046517,671,HTTP Request 2,200,OK,config 2 2-3,text,true,,231,168,6,18,http://stload.se.ifmo.ru:8080/?token=518472196&&user=-1356113187&config=2,671,0,0
1775999046684,688,HTTP Request 2,200,OK,config 2 2-4,text,true,,231,168,6,18,http://stload.se.ifmo.ru:8080/?token=518472196&&user=-1356113187&config=2,688,0,0
1775999046852,646,HTTP Request 2,200,OK,config 2 2-5,text,true,,231,168,6,18,http://stload.se.ifmo.ru:8080/?token=518472196&&user=-1356113187&config=2,646,0,0
1775999047020,694,HTTP Request 2,200,OK,config 2 2-6,text,true,,231,168,6,18,http://stload.se.ifmo.ru:8080/?token=518472196&&user=-1356113187&config=2,694,0,0
1775999047700,650,HTTP Request 2,200,OK,config 2 2-1,text,true,,231,168,6,18,http://stload.se.ifmo.ru:8080/?token=518472196&&user=-1356113187&config=2,649,0,0
1775999047851,650,HTTP Request 2,200,OK,config 2 2-2,text,true,,231,168,6,18,http://stload.se.ifmo.ru:8080/?token=518472196&&user=-1356113187&config=2,650,0,0
1775999048016,639,HTTP Request 2,200,OK,config 2 2-3,text,true,,231,168,6,18,http://stload.se.ifmo.ru:8080/?token=518472196&&user=-1356113187&config=2,639,0,0
1775999048184,643,HTTP Request 2,200,OK,config 2 2-4,text,true,,231,168,6,18,http://stload.se.ifmo.ru:8080/?token=518472196&&user=-1356113187&config=2,643,0,0
1775999048352,663,HTTP Request 2,200,OK,config 2 2-5,text,true,,231,168,6,18,http://stload.se.ifmo.ru:8080/?token=518472196&&user=-1356113187&config=2,663,0,0
1775999048519,694,HTTP Request 2,200,OK,config 2 2-6,text,true,,231,168,6,18,http://stload.se.ifmo.ru:8080/?token=518472196&&user=-1356113187&config=2,694,0,0
1775999049200,654,HTTP Request 2,200,OK,config 2 2-1,text,true,,231,168,6,18,http://stload.se.ifmo.ru:8080/?token=518472196&&user=-1356113187&config=2,654,0,0
1775999049350,653,HTTP Request 2,200,OK,config 2 2-2,text,true,,231,168,6,18,http://stload.se.ifmo.ru:8080/?token=518472196&&user=-1356113187&config=2,653,0,0
1775999049516,639,HTTP Request 2,200,OK,config 2 2-3,text,true,,231,168,6,18,http://stload.se.ifmo.ru:8080/?token=518472196&&user=-1356113187&config=2,639,0,0
1775999049684,655,HTTP Request 2,200,OK,config 2 2-4,text,true,,231,168,6,18,http://stload.se.ifmo.ru:8080/?token=518472196&&user=-1356113187&config=2,655,0,0
1775999049853,646,HTTP Request 2,200,OK,config 2 2-5,text,true,,231,168,6,18,http://stload.se.ifmo.ru:8080/?token=518472196&&user=-1356113187&config=2,646,0,0
1775999050020,665,HTTP Request 2,200,OK,config 2 2-6,text,true,,231,168,6,18,http://stload.se.ifmo.ru:8080/?token=518472196&&user=-1356113187&config=2,665,0,0
1775999050700,740,HTTP Request 2,200,OK,config 2 2-1,text,true,,231,168,6,18,http://stload.se.ifmo.ru:8080/?token=518472196&&user=-1356113187&config=2,740,0,0
1775999050851,647,HTTP Request 2,200,OK,config 2 2-2,text,true,,231,168,6,18,http://stload.se.ifmo.ru:8080/?token=518472196&&user=-1356113187&config=2,647,0,0
1775999051016,651,HTTP Request 2,200,OK,config 2 2-3,text,true,,231,168,6,18,http://stload.se.ifmo.ru:8080/?token=518472196&&user=-1356113187&config=2,651,0,0
1775999051184,671,HTTP Request 2,200,OK,config 2 2-4,text,true,,231,168,6,18,http://stload.se.ifmo.ru:8080/?token=518472196&&user=-1356113187&config=2,671,0,0
1775999051352,670,HTTP Request 2,200,OK,config 2 2-5,text,true,,231,168,6,18,http://stload.se.ifmo.ru:8080/?token=518472196&&user=-1356113187&config=2,670,0,0
1775999051519,686,HTTP Request 2,200,OK,config 2 2-6,text,true,,231,168,6,18,http://stload.se.ifmo.ru:8080/?token=518472196&&user=-1356113187&config=2,686,0,0
1775999052200,735,HTTP Request 2,200,OK,config 2 2-1,text,true,,231,168,6,18,http://stload.se.ifmo.ru:8080/?token=518472196&&user=-1356113187&config=2,735,0,0
1775999052350,652,HTTP Request 2,200,OK,config 2 2-2,text,true,,231,168,6,18,http://stload.se.ifmo.ru:8080/?token=518472196&&user=-1356113187&config=2,652,0,0
1775999052516,658,HTTP Request 2,200,OK,config 2 2-3,text,true,,231,168,6,18,http://stload.se.ifmo.ru:8080/?token=518472196&&user=-1356113187&config=2,658,0,0
1775999052685,661,HTTP Request 2,200,OK,config 2 2-4,text,true,,231,168,6,18,http://stload.se.ifmo.ru:8080/?token=518472196&&user=-1356113187&config=2,661,0,0
1775999052852,660,HTTP Request 2,200,OK,config 2 2-5,text,true,,231,168,6,18,http://stload.se.ifmo.ru:8080/?token=518472196&&user=-1356113187&config=2,660,0,0
1775999053019,665,HTTP Request 2,200,OK,config 2 2-6,text,true,,231,168,6,18,http://stload.se.ifmo.ru:8080/?token=518472196&&user=-1356113187&config=2,665,0,0
1775999053700,651,HTTP Request 2,200,OK,config 2 2-1,text,true,,231,168,6,18,http://stload.se.ifmo.ru:8080/?token=518472196&&user=-1356113187&config=2,651,0,0
1775999053850,662,HTTP Request 2,200,OK,config 2 2-2,text,true,,231,168,6,18,http://stload.se.ifmo.ru:8080/?token=518472196&&user=-1356113187&config=2,662,0,0
1775999054016,653,HTTP Request 2,200,OK,config 2 2-3,text,true,,231,168,6,18,http://stload.se.ifmo.ru:8080/?token=518472196&&user=-1356113187&config=2,653,0,0
1775999054184,673,HTTP Request 2,200,OK,config 2 2-4,text,true,,231,168,6,18,http://stload.se.ifmo.ru:8080/?token=518472196&&user=-1356113187&config=2,673,0,0
1775999054352,665,HTTP Request 2,200,OK,config 2 2-5,text,true,,231,168,6,18,http://stload.se.ifmo.ru:8080/?token=518472196&&user=-1356113187&config=2,665,0,0
1775999054519,691,HTTP Request 2,200,OK,config 2 2-6,text,true,,231,168,6,18,http://stload.se.ifmo.ru:8080/?token=518472196&&user=-1356113187&config=2,691,0,0
1775999055201,684,HTTP Request 2,200,OK,config 2 2-1,text,true,,231,168,6,18,http://stload.se.ifmo.ru:8080/?token=518472196&&user=-1356113187&config=2,684,0,0
1775999055350,662,HTTP Request 2,200,OK,config 2 2-2,text,true,,231,168,6,18,http://stload.se.ifmo.ru:8080/?token=518472196&&user=-1356113187&config=2,662,0,0
1775999055516,682,HTTP Request 2,200,OK,config 2 2-3,text,true,,231,168,6,18,http://stload.se.ifmo.ru:8080/?token=518472196&&user=-1356113187&config=2,682,0,0
1775999055684,667,HTTP Request 2,200,OK,config 2 2-4,text,true,,231,168,6,18,http://stload.se.ifmo.ru:8080/?token=518472196&&user=-1356113187&config=2,667,0,0
1775999055852,663,HTTP Request 2,200,OK,config 2 2-5,text,true,,231,168,6,18,http://stload.se.ifmo.ru:8080/?token=518472196&&user=-1356113187&config=2,663,0,0
1775999056020,684,HTTP Request 2,200,OK,config 2 2-6,text,true,,231,168,6,18,http://stload.se.ifmo.ru:8080/?token=518472196&&user=-1356113187&config=2,684,0,0
1775999056701,645,HTTP Request 2,200,OK,config 2 2-1,text,true,,231,168,6,18,http://stload.se.ifmo.ru:8080/?token=518472196&&user=-1356113187&config=2,645,0,0
1775999056851,771,HTTP Request 2,200,OK,config 2 2-2,text,true,,231,168,6,18,http://stload.se.ifmo.ru:8080/?token=518472196&&user=-1356113187&config=2,771,0,0
1775999057016,656,HTTP Request 2,200,OK,config 2 2-3,text,true,,231,168,6,18,http://stload.se.ifmo.ru:8080/?token=518472196&&user=-1356113187&config=2,656,0,0
1775999057185,660,HTTP Request 2,200,OK,config 2 2-4,text,true,,231,168,6,18,http://stload.se.ifmo.ru:8080/?token=518472196&&user=-1356113187&config=2,660,0,0
1775999057352,705,HTTP Request 2,200,OK,config 2 2-5,text,true,,231,168,6,18,http://stload.se.ifmo.ru:8080/?token=518472196&&user=-1356113187&config=2,705,0,0
1775999057519,669,HTTP Request 2,200,OK,config 2 2-6,text,true,,231,168,6,18,http://stload.se.ifmo.ru:8080/?token=518472196&&user=-1356113187&config=2,669,0,0
1775999058200,677,HTTP Request 2,200,OK,config 2 2-1,text,true,,231,168,6,18,http://stload.se.ifmo.ru:8080/?token=518472196&&user=-1356113187&config=2,677,0,0
1775999058350,670,HTTP Request 2,200,OK,config 2 2-2,text,true,,231,168,6,18,http://stload.se.ifmo.ru:8080/?token=518472196&&user=-1356113187&config=2,670,0,0
1775999058516,639,HTTP Request 2,200,OK,config 2 2-3,text,true,,231,168,6,18,http://stload.se.ifmo.ru:8080/?token=518472196&&user=-1356113187&config=2,639,0,0
1775999058684,746,HTTP Request 2,200,OK,config 2 2-4,text,true,,231,168,6,18,http://stload.se.ifmo.ru:8080/?token=518472196&&user=-1356113187&config=2,746,0,0
1775999058852,670,HTTP Request 2,200,OK,config 2 2-5,text,true,,231,168,6,18,http://stload.se.ifmo.ru:8080/?token=518472196&&user=-1356113187&config=2,670,0,0
1775999059020,650,HTTP Request 2,200,OK,config 2 2-6,text,true,,231,168,6,18,http://stload.se.ifmo.ru:8080/?token=518472196&&user=-1356113187&config=2,650,0,0
1775999059701,658,HTTP Request 2,200,OK,config 2 2-1,text,true,,231,168,6,18,http://stload.se.ifmo.ru:8080/?token=518472196&&user=-1356113187&config=2,658,0,0
1775999059850,649,HTTP Request 2,200,OK,config 2 2-2,text,true,,231,168,6,18,http://stload.se.ifmo.ru:8080/?token=518472196&&user=-1356113187&config=2,649,0,0
1775999060017,652,HTTP Request 2,200,OK,config 2 2-3,text,true,,231,168,6,18,http://stload.se.ifmo.ru:8080/?token=518472196&&user=-1356113187&config=2,652,0,0
1775999060184,683,HTTP Request 2,200,OK,config 2 2-4,text,true,,231,168,6,18,http://stload.se.ifmo.ru:8080/?token=518472196&&user=-1356113187&config=2,683,0,0
1775999060352,662,HTTP Request 2,200,OK,config 2 2-5,text,true,,231,168,6,18,http://stload.se.ifmo.ru:8080/?token=518472196&&user=-1356113187&config=2,662,0,0
1775999060519,737,HTTP Request 2,200,OK,config 2 2-6,text,true,,231,168,6,18,http://stload.se.ifmo.ru:8080/?token=518472196&&user=-1356113187&config=2,737,0,0
1775999061200,738,HTTP Request 2,200,OK,config 2 2-1,text,true,,231,168,6,18,http://stload.se.ifmo.ru:8080/?token=518472196&&user=-1356113187&config=2,738,0,0
1775999061350,658,HTTP Request 2,200,OK,config 2 2-2,text,true,,231,168,6,18,http://stload.se.ifmo.ru:8080/?token=518472196&&user=-1356113187&config=2,658,0,0
1775999061516,641,HTTP Request 2,200,OK,config 2 2-3,text,true,,231,168,6,18,http://stload.se.ifmo.ru:8080/?token=518472196&&user=-1356113187&config=2,641,0,0
1775999061684,658,HTTP Request 2,200,OK,config 2 2-4,text,true,,231,168,6,18,http://stload.se.ifmo.ru:8080/?token=518472196&&user=-1356113187&config=2,658,0,0
1775999061852,657,HTTP Request 2,200,OK,config 2 2-5,text,true,,231,168,6,18,http://stload.se.ifmo.ru:8080/?token=518472196&&user=-1356113187&config=2,657,0,0
1775999062019,669,HTTP Request 2,200,OK,config 2 2-6,text,true,,231,168,6,18,http://stload.se.ifmo.ru:8080/?token=518472196&&user=-1356113187&config=2,669,0,0
1775999062701,643,HTTP Request 2,200,OK,config 2 2-1,text,true,,231,168,6,18,http://stload.se.ifmo.ru:8080/?token=518472196&&user=-1356113187&config=2,643,0,0
1775999062850,658,HTTP Request 2,200,OK,config 2 2-2,text,true,,231,168,6,18,http://stload.se.ifmo.ru:8080/?token=518472196&&user=-1356113187&config=2,658,0,0
1775999063016,654,HTTP Request 2,200,OK,config 2 2-3,text,true,,231,168,6,18,http://stload.se.ifmo.ru:8080/?token=518472196&&user=-1356113187&config=2,654,0,0
1775999063184,652,HTTP Request 2,200,OK,config 2 2-4,text,true,,231,168,6,18,http://stload.se.ifmo.ru:8080/?token=518472196&&user=-1356113187&config=2,652,0,0
1775999063352,717,HTTP Request 2,200,OK,config 2 2-5,text,true,,231,168,6,18,http://stload.se.ifmo.ru:8080/?token=518472196&&user=-1356113187&config=2,717,0,0
1775999063519,733,HTTP Request 2,200,OK,config 2 2-6,text,true,,231,168,6,18,http://stload.se.ifmo.ru:8080/?token=518472196&&user=-1356113187&config=2,733,0,0
1775999064200,731,HTTP Request 2,200,OK,config 2 2-1,text,true,,231,168,6,18,http://stload.se.ifmo.ru:8080/?token=518472196&&user=-1356113187&config=2,731,0,0
1775999064350,644,HTTP Request 2,200,OK,config 2 2-2,text,true,,231,168,6,18,http://stload.se.ifmo.ru:8080/?token=518472196&&user=-1356113187&config=2,644,0,0
1775999064516,659,HTTP Request 2,200,OK,config 2 2-3,text,true,,231,168,6,18,http://stload.se.ifmo.ru:8080/?token=518472196&&user=-1356113187&config=2,659,0,0
1775999064684,654,HTTP Request 2,200,OK,config 2 2-4,text,true,,231,168,6,18,http://stload.se.ifmo.ru:8080/?token=518472196&&user=-1356113187&config=2,654,0,0
1775999064853,657,HTTP Request 2,200,OK,config 2 2-5,text,true,,231,168,6,18,http://stload.se.ifmo.ru:8080/?token=518472196&&user=-1356113187&config=2,657,0,0
1775999065019,693,HTTP Request 2,200,OK,config 2 2-6,text,true,,231,168,6,18,http://stload.se.ifmo.ru:8080/?token=518472196&&user=-1356113187&config=2,693,0,0
1775999065701,646,HTTP Request 2,200,OK,config 2 2-1,text,true,,231,168,6,18,http://stload.se.ifmo.ru:8080/?token=518472196&&user=-1356113187&config=2,646,0,0
1775999065851,650,HTTP Request 2,200,OK,config 2 2-2,text,true,,231,168,6,18,http://stload.se.ifmo.ru:8080/?token=518472196&&user=-1356113187&config=2,650,0,0
1775999066016,662,HTTP Request 2,200,OK,config 2 2-3,text,true,,231,168,6,18,http://stload.se.ifmo.ru:8080/?token=518472196&&user=-1356113187&config=2,662,0,0
1775999066185,683,HTTP Request 2,200,OK,config 2 2-4,text,true,,231,168,6,18,http://stload.se.ifmo.ru:8080/?token=518472196&&user=-1356113187&config=2,683,0,0
1775999066352,679,HTTP Request 2,200,OK,config 2 2-5,text,true,,231,168,6,18,http://stload.se.ifmo.ru:8080/?token=518472196&&user=-1356113187&config=2,679,0,0
1775999066519,680,HTTP Request 2,200,OK,config 2 2-6,text,true,,231,168,6,18,http://stload.se.ifmo.ru:8080/?token=518472196&&user=-1356113187&config=2,680,0,0
1775999067200,669,HTTP Request 2,200,OK,config 2 2-1,text,true,,231,168,6,18,http://stload.se.ifmo.ru:8080/?token=518472196&&user=-1356113187&config=2,669,0,0
1775999067351,654,HTTP Request 2,200,OK,config 2 2-2,text,true,,231,168,6,18,http://stload.se.ifmo.ru:8080/?token=518472196&&user=-1356113187&config=2,654,0,0
1775999067517,639,HTTP Request 2,200,OK,config 2 2-3,text,true,,231,168,6,18,http://stload.se.ifmo.ru:8080/?token=518472196&&user=-1356113187&config=2,639,0,0
1775999067684,714,HTTP Request 2,200,OK,config 2 2-4,text,true,,231,168,6,18,http://stload.se.ifmo.ru:8080/?token=518472196&&user=-1356113187&config=2,714,0,0
1775999067853,655,HTTP Request 2,200,OK,config 2 2-5,text,true,,231,168,6,18,http://stload.se.ifmo.ru:8080/?token=518472196&&user=-1356113187&config=2,655,0,0
1775999068020,736,HTTP Request 2,200,OK,config 2 2-6,text,true,,231,168,6,18,http://stload.se.ifmo.ru:8080/?token=518472196&&user=-1356113187&config=2,736,0,0
1775999068700,702,HTTP Request 2,200,OK,config 2 2-1,text,true,,231,168,6,18,http://stload.se.ifmo.ru:8080/?token=518472196&&user=-1356113187&config=2,702,0,0
1775999068850,656,HTTP Request 2,200,OK,config 2 2-2,text,true,,231,168,6,18,http://stload.se.ifmo.ru:8080/?token=518472196&&user=-1356113187&config=2,656,0,0
1775999069016,638,HTTP Request 2,200,OK,config 2 2-3,text,true,,231,168,6,18,http://stload.se.ifmo.ru:8080/?token=518472196&&user=-1356113187&config=2,638,0,0
1775999069184,677,HTTP Request 2,200,OK,config 2 2-4,text,true,,231,168,6,18,http://stload.se.ifmo.ru:8080/?token=518472196&&user=-1356113187&config=2,677,0,0
1775999069352,691,HTTP Request 2,200,OK,config 2 2-5,text,true,,231,168,6,18,http://stload.se.ifmo.ru:8080/?token=518472196&&user=-1356113187&config=2,691,0,0
1775999069519,685,HTTP Request 2,200,OK,config 2 2-6,text,true,,231,168,6,18,http://stload.se.ifmo.ru:8080/?token=518472196&&user=-1356113187&config=2,685,0,0
1775999070200,643,HTTP Request 2,200,OK,config 2 2-1,text,true,,231,168,6,18,http://stload.se.ifmo.ru:8080/?token=518472196&&user=-1356113187&config=2,643,0,0
1775999070350,653,HTTP Request 2,200,OK,config 2 2-2,text,true,,231,168,6,18,http://stload.se.ifmo.ru:8080/?token=518472196&&user=-1356113187&config=2,652,0,0
1775999070516,641,HTTP Request 2,200,OK,config 2 2-3,text,true,,231,168,6,18,http://stload.se.ifmo.ru:8080/?token=518472196&&user=-1356113187&config=2,641,0,0
1775999070684,650,HTTP Request 2,200,OK,config 2 2-4,text,true,,231,168,6,18,http://stload.se.ifmo.ru:8080/?token=518472196&&user=-1356113187&config=2,650,0,0
1775999070852,696,HTTP Request 2,200,OK,config 2 2-5,text,true,,231,168,6,18,http://stload.se.ifmo.ru:8080/?token=518472196&&user=-1356113187&config=2,696,0,0
1775999071019,660,HTTP Request 2,200,OK,config 2 2-6,text,true,,231,168,6,18,http://stload.se.ifmo.ru:8080/?token=518472196&&user=-1356113187&config=2,660,0,0
1775999071700,683,HTTP Request 2,200,OK,config 2 2-1,text,true,,231,168,6,18,http://stload.se.ifmo.ru:8080/?token=518472196&&user=-1356113187&config=2,683,0,0
1775999071850,656,HTTP Request 2,200,OK,config 2 2-2,text,true,,231,168,6,18,http://stload.se.ifmo.ru:8080/?token=518472196&&user=-1356113187&config=2,656,0,0
1775999072016,662,HTTP Request 2,200,OK,config 2 2-3,text,true,,231,168,6,18,http://stload.se.ifmo.ru:8080/?token=518472196&&user=-1356113187&config=2,662,0,0
1775999072185,709,HTTP Request 2,200,OK,config 2 2-4,text,true,,231,168,6,18,http://stload.se.ifmo.ru:8080/?token=518472196&&user=-1356113187&config=2,709,0,0
1775999072353,692,HTTP Request 2,200,OK,config 2 2-5,text,true,,231,168,6,18,http://stload.se.ifmo.ru:8080/?token=518472196&&user=-1356113187&config=2,692,0,0
1775999072519,718,HTTP Request 2,200,OK,config 2 2-6,text,true,,231,168,6,18,http://stload.se.ifmo.ru:8080/?token=518472196&&user=-1356113187&config=2,718,0,0
1775999073200,675,HTTP Request 2,200,OK,config 2 2-1,text,true,,231,168,6,18,http://stload.se.ifmo.ru:8080/?token=518472196&&user=-1356113187&config=2,674,0,0
1775999073350,653,HTTP Request 2,200,OK,config 2 2-2,text,true,,231,168,6,18,http://stload.se.ifmo.ru:8080/?token=518472196&&user=-1356113187&config=2,653,0,0
1775999073516,638,HTTP Request 2,200,OK,config 2 2-3,text,true,,231,168,6,18,http://stload.se.ifmo.ru:8080/?token=518472196&&user=-1356113187&config=2,638,0,0
1775999073685,681,HTTP Request 2,200,OK,config 2 2-4,text,true,,231,168,6,18,http://stload.se.ifmo.ru:8080/?token=518472196&&user=-1356113187&config=2,681,0,0
1775999073852,679,HTTP Request 2,200,OK,config 2 2-5,text,true,,231,168,6,18,http://stload.se.ifmo.ru:8080/?token=518472196&&user=-1356113187&config=2,679,0,0
1775999074019,710,HTTP Request 2,200,OK,config 2 2-6,text,true,,231,168,6,18,http://stload.se.ifmo.ru:8080/?token=518472196&&user=-1356113187&config=2,710,0,0
1775999074700,747,HTTP Request 2,200,OK,config 2 2-1,text,true,,231,168,6,18,http://stload.se.ifmo.ru:8080/?token=518472196&&user=-1356113187&config=2,747,0,42
1775999074850,713,HTTP Request 2,200,OK,config 2 2-2,text,true,,231,168,6,18,http://stload.se.ifmo.ru:8080/?token=518472196&&user=-1356113187&config=2,713,0,55
1775999075016,640,HTTP Request 2,200,OK,config 2 2-3,text,true,,231,168,6,18,http://stload.se.ifmo.ru:8080/?token=518472196&&user=-1356113187&config=2,640,0,0
1775999075184,653,HTTP Request 2,200,OK,config 2 2-4,text,true,,231,168,6,18,http://stload.se.ifmo.ru:8080/?token=518472196&&user=-1356113187&config=2,653,0,0
1775999075352,718,HTTP Request 2,200,OK,config 2 2-5,text,true,,231,168,6,18,http://stload.se.ifmo.ru:8080/?token=518472196&&user=-1356113187&config=2,717,0,0
1775999075519,694,HTTP Request 2,200,OK,config 2 2-6,text,true,,231,168,6,18,http://stload.se.ifmo.ru:8080/?token=518472196&&user=-1356113187&config=2,694,0,0
1775999076200,648,HTTP Request 2,200,OK,config 2 2-1,text,true,,231,168,6,18,http://stload.se.ifmo.ru:8080/?token=518472196&&user=-1356113187&config=2,648,0,0
1775999076350,691,HTTP Request 2,200,OK,config 2 2-2,text,true,,231,168,6,18,http://stload.se.ifmo.ru:8080/?token=518472196&&user=-1356113187&config=2,691,0,0
1775999076516,721,HTTP Request 2,200,OK,config 2 2-3,text,true,,231,168,6,18,http://stload.se.ifmo.ru:8080/?token=518472196&&user=-1356113187&config=2,721,0,72
1775999076685,668,HTTP Request 2,200,OK,config 2 2-4,text,true,,231,168,6,18,http://stload.se.ifmo.ru:8080/?token=518472196&&user=-1356113187&config=2,668,0,0
1775999076852,719,HTTP Request 2,200,OK,config 2 2-5,text,true,,231,168,6,18,http://stload.se.ifmo.ru:8080/?token=518472196&&user=-1356113187&config=2,719,0,0
1775999077019,669,HTTP Request 2,200,OK,config 2 2-6,text,true,,231,168,6,18,http://stload.se.ifmo.ru:8080/?token=518472196&&user=-1356113187&config=2,669,0,0
1775999077700,739,HTTP Request 2,200,OK,config 2 2-1,text,true,,231,168,6,18,http://stload.se.ifmo.ru:8080/?token=518472196&&user=-1356113187&config=2,739,0,0
1775999077851,649,HTTP Request 2,200,OK,config 2 2-2,text,true,,231,168,6,18,http://stload.se.ifmo.ru:8080/?token=518472196&&user=-1356113187&config=2,649,0,0
1775999078016,662,HTTP Request 2,200,OK,config 2 2-3,text,true,,231,168,6,18,http://stload.se.ifmo.ru:8080/?token=518472196&&user=-1356113187&config=2,662,0,0
1775999078184,681,HTTP Request 2,200,OK,config 2 2-4,text,true,,231,168,6,18,http://stload.se.ifmo.ru:8080/?token=518472196&&user=-1356113187&config=2,681,0,28
1775999078352,671,HTTP Request 2,200,OK,config 2 2-5,text,true,,231,168,6,18,http://stload.se.ifmo.ru:8080/?token=518472196&&user=-1356113187&config=2,671,0,0
1775999078520,694,HTTP Request 2,200,OK,config 2 2-6,text,true,,231,168,6,18,http://stload.se.ifmo.ru:8080/?token=518472196&&user=-1356113187&config=2,694,0,0
1775999079200,654,HTTP Request 2,200,OK,config 2 2-1,text,true,,231,168,6,18,http://stload.se.ifmo.ru:8080/?token=518472196&&user=-1356113187&config=2,654,0,0
1775999079350,705,HTTP Request 2,200,OK,config 2 2-2,text,true,,231,168,6,18,http://stload.se.ifmo.ru:8080/?token=518472196&&user=-1356113187&config=2,705,0,0
1775999079516,641,HTTP Request 2,200,OK,config 2 2-3,text,true,,231,168,6,18,http://stload.se.ifmo.ru:8080/?token=518472196&&user=-1356113187&config=2,641,0,0
1775999079684,658,HTTP Request 2,200,OK,config 2 2-4,text,true,,231,168,6,18,http://stload.se.ifmo.ru:8080/?token=518472196&&user=-1356113187&config=2,658,0,0
1775999079852,688,HTTP Request 2,200,OK,config 2 2-5,text,true,,231,168,6,18,http://stload.se.ifmo.ru:8080/?token=518472196&&user=-1356113187&config=2,688,0,27
1775999080020,691,HTTP Request 2,200,OK,config 2 2-6,text,true,,231,168,6,18,http://stload.se.ifmo.ru:8080/?token=518472196&&user=-1356113187&config=2,691,0,0
1775999080700,729,HTTP Request 2,200,OK,config 2 2-1,text,true,,231,168,6,18,http://stload.se.ifmo.ru:8080/?token=518472196&&user=-1356113187&config=2,729,0,0
1775999080850,657,HTTP Request 2,200,OK,config 2 2-2,text,true,,231,168,6,18,http://stload.se.ifmo.ru:8080/?token=518472196&&user=-1356113187&config=2,657,0,0
1775999081016,666,HTTP Request 2,200,OK,config 2 2-3,text,true,,231,168,6,18,http://stload.se.ifmo.ru:8080/?token=518472196&&user=-1356113187&config=2,666,0,0
1775999081184,690,HTTP Request 2,200,OK,config 2 2-4,text,true,,231,168,6,18,http://stload.se.ifmo.ru:8080/?token=518472196&&user=-1356113187&config=2,690,0,0
1775999081353,651,HTTP Request 2,200,OK,config 2 2-5,text,true,,231,168,6,18,http://stload.se.ifmo.ru:8080/?token=518472196&&user=-1356113187&config=2,651,0,0
1775999081519,737,HTTP Request 2,200,OK,config 2 2-6,text,true,,231,168,6,18,http://stload.se.ifmo.ru:8080/?token=518472196&&user=-1356113187&config=2,737,0,0
1775999082200,638,HTTP Request 2,200,OK,config 2 2-1,text,true,,231,168,6,18,http://stload.se.ifmo.ru:8080/?token=518472196&&user=-1356113187&config=2,638,0,0
1775999082350,653,HTTP Request 2,200,OK,config 2 2-2,text,true,,231,168,6,18,http://stload.se.ifmo.ru:8080/?token=518472196&&user=-1356113187&config=2,653,0,0
1775999082516,661,HTTP Request 2,200,OK,config 2 2-3,text,true,,231,168,6,18,http://stload.se.ifmo.ru:8080/?token=518472196&&user=-1356113187&config=2,661,0,0
1775999082684,690,HTTP Request 2,200,OK,config 2 2-4,text,true,,231,168,6,18,http://stload.se.ifmo.ru:8080/?token=518472196&&user=-1356113187&config=2,690,0,0
1775999082852,693,HTTP Request 2,200,OK,config 2 2-5,text,true,,231,168,6,18,http://stload.se.ifmo.ru:8080/?token=518472196&&user=-1356113187&config=2,693,0,0
1775999083019,780,HTTP Request 2,200,OK,config 2 2-6,text,true,,231,168,6,18,http://stload.se.ifmo.ru:8080/?token=518472196&&user=-1356113187&config=2,780,0,110
1775999083700,656,HTTP Request 2,200,OK,config 2 2-1,text,true,,231,168,6,18,http://stload.se.ifmo.ru:8080/?token=518472196&&user=-1356113187&config=2,656,0,0
1775999083850,645,HTTP Request 2,200,OK,config 2 2-2,text,true,,231,168,6,18,http://stload.se.ifmo.ru:8080/?token=518472196&&user=-1356113187&config=2,645,0,0
1775999084016,640,HTTP Request 2,200,OK,config 2 2-3,text,true,,231,168,6,18,http://stload.se.ifmo.ru:8080/?token=518472196&&user=-1356113187&config=2,640,0,0
1775999084185,654,HTTP Request 2,200,OK,config 2 2-4,text,true,,231,168,6,18,http://stload.se.ifmo.ru:8080/?token=518472196&&user=-1356113187&config=2,654,0,0
1775999084352,698,HTTP Request 2,200,OK,config 2 2-5,text,true,,231,168,6,18,http://stload.se.ifmo.ru:8080/?token=518472196&&user=-1356113187&config=2,698,0,0
1775999084519,686,HTTP Request 2,200,OK,config 2 2-6,text,true,,231,168,6,18,http://stload.se.ifmo.ru:8080/?token=518472196&&user=-1356113187&config=2,686,0,0
1775999085200,640,HTTP Request 2,200,OK,config 2 2-1,text,true,,231,168,6,18,http://stload.se.ifmo.ru:8080/?token=518472196&&user=-1356113187&config=2,640,0,0
1775999085351,652,HTTP Request 2,200,OK,config 2 2-2,text,true,,231,168,6,18,http://stload.se.ifmo.ru:8080/?token=518472196&&user=-1356113187&config=2,652,0,0
1775999085517,659,HTTP Request 2,200,OK,config 2 2-3,text,true,,231,168,6,18,http://stload.se.ifmo.ru:8080/?token=518472196&&user=-1356113187&config=2,659,0,0
1775999085685,651,HTTP Request 2,200,OK,config 2 2-4,text,true,,231,168,6,18,http://stload.se.ifmo.ru:8080/?token=518472196&&user=-1356113187&config=2,651,0,0
1775999085853,694,HTTP Request 2,200,OK,config 2 2-5,text,true,,231,168,6,18,http://stload.se.ifmo.ru:8080/?token=518472196&&user=-1356113187&config=2,694,0,0
1775999086019,673,HTTP Request 2,200,OK,config 2 2-6,text,true,,231,168,6,18,http://stload.se.ifmo.ru:8080/?token=518472196&&user=-1356113187&config=2,673,0,0
1775999086700,678,HTTP Request 2,200,OK,config 2 2-1,text,true,,231,168,6,18,http://stload.se.ifmo.ru:8080/?token=518472196&&user=-1356113187&config=2,678,0,0
1775999086851,656,HTTP Request 2,200,OK,config 2 2-2,text,true,,231,168,6,18,http://stload.se.ifmo.ru:8080/?token=518472196&&user=-1356113187&config=2,656,0,0
1775999087016,650,HTTP Request 2,200,OK,config 2 2-3,text,true,,231,168,6,18,http://stload.se.ifmo.ru:8080/?token=518472196&&user=-1356113187&config=2,650,0,0
1775999087184,726,HTTP Request 2,200,OK,config 2 2-4,text,true,,231,168,6,18,http://stload.se.ifmo.ru:8080/?token=518472196&&user=-1356113187&config=2,726,0,0
1775999087352,671,HTTP Request 2,200,OK,config 2 2-5,text,true,,231,168,6,18,http://stload.se.ifmo.ru:8080/?token=518472196&&user=-1356113187&config=2,671,0,0
1775999087519,723,HTTP Request 2,200,OK,config 2 2-6,text,true,,231,168,6,18,http://stload.se.ifmo.ru:8080/?token=518472196&&user=-1356113187&config=2,723,0,0
1775999088200,637,HTTP Request 2,200,OK,config 2 2-1,text,true,,231,168,6,18,http://stload.se.ifmo.ru:8080/?token=518472196&&user=-1356113187&config=2,637,0,0
1775999088350,651,HTTP Request 2,200,OK,config 2 2-2,text,true,,231,168,6,18,http://stload.se.ifmo.ru:8080/?token=518472196&&user=-1356113187&config=2,651,0,0
1775999088517,639,HTTP Request 2,200,OK,config 2 2-3,text,true,,231,168,6,18,http://stload.se.ifmo.ru:8080/?token=518472196&&user=-1356113187&config=2,639,0,0
1775999088685,681,HTTP Request 2,200,OK,config 2 2-4,text,true,,231,168,6,18,http://stload.se.ifmo.ru:8080/?token=518472196&&user=-1356113187&config=2,681,0,0
1775999088852,680,HTTP Request 2,200,OK,config 2 2-5,text,true,,231,168,6,18,http://stload.se.ifmo.ru:8080/?token=518472196&&user=-1356113187&config=2,680,0,0
1775999089019,710,HTTP Request 2,200,OK,config 2 2-6,text,true,,231,168,6,18,http://stload.se.ifmo.ru:8080/?token=518472196&&user=-1356113187&config=2,710,0,0
1775999089700,652,HTTP Request 2,200,OK,config 2 2-1,text,true,,231,168,6,18,http://stload.se.ifmo.ru:8080/?token=518472196&&user=-1356113187&config=2,652,0,0
1775999089850,650,HTTP Request 2,200,OK,config 2 2-2,text,true,,231,168,6,18,http://stload.se.ifmo.ru:8080/?token=518472196&&user=-1356113187&config=2,650,0,0
1775999090016,646,HTTP Request 2,200,OK,config 2 2-3,text,true,,231,168,6,18,http://stload.se.ifmo.ru:8080/?token=518472196&&user=-1356113187&config=2,646,0,0
1775999090184,652,HTTP Request 2,200,OK,config 2 2-4,text,true,,231,168,6,18,http://stload.se.ifmo.ru:8080/?token=518472196&&user=-1356113187&config=2,652,0,0
1775999090352,668,HTTP Request 2,200,OK,config 2 2-5,text,true,,231,168,6,18,http://stload.se.ifmo.ru:8080/?token=518472196&&user=-1356113187&config=2,668,0,0
1775999090519,693,HTTP Request 2,200,OK,config 2 2-6,text,true,,231,168,6,18,http://stload.se.ifmo.ru:8080/?token=518472196&&user=-1356113187&config=2,693,0,0
1775999091201,654,HTTP Request 2,200,OK,config 2 2-1,text,true,,231,168,6,18,http://stload.se.ifmo.ru:8080/?token=518472196&&user=-1356113187&config=2,654,0,0
1775999091351,648,HTTP Request 2,200,OK,config 2 2-2,text,true,,231,168,6,18,http://stload.se.ifmo.ru:8080/?token=518472196&&user=-1356113187&config=2,648,0,0
1775999091517,654,HTTP Request 2,200,OK,config 2 2-3,text,true,,231,168,6,18,http://stload.se.ifmo.ru:8080/?token=518472196&&user=-1356113187&config=2,654,0,0
1775999091684,708,HTTP Request 2,200,OK,config 2 2-4,text,true,,231,168,6,18,http://stload.se.ifmo.ru:8080/?token=518472196&&user=-1356113187&config=2,708,0,0
1775999091852,648,HTTP Request 2,200,OK,config 2 2-5,text,true,,231,168,6,18,http://stload.se.ifmo.ru:8080/?token=518472196&&user=-1356113187&config=2,648,0,0
1775999092019,692,HTTP Request 2,200,OK,config 2 2-6,text,true,,231,168,6,18,http://stload.se.ifmo.ru:8080/?token=518472196&&user=-1356113187&config=2,692,0,0
1775999092700,648,HTTP Request 2,200,OK,config 2 2-1,text,true,,231,168,6,18,http://stload.se.ifmo.ru:8080/?token=518472196&&user=-1356113187&config=2,648,0,0
1775999092850,658,HTTP Request 2,200,OK,config 2 2-2,text,true,,231,168,6,18,http://stload.se.ifmo.ru:8080/?token=518472196&&user=-1356113187&config=2,658,0,0
1775999093016,650,HTTP Request 2,200,OK,config 2 2-3,text,true,,231,168,6,18,http://stload.se.ifmo.ru:8080/?token=518472196&&user=-1356113187&config=2,650,0,0
1775999093185,677,HTTP Request 2,200,OK,config 2 2-4,text,true,,231,168,6,18,http://stload.se.ifmo.ru:8080/?token=518472196&&user=-1356113187&config=2,677,0,0
1775999093352,691,HTTP Request 2,200,OK,config 2 2-5,text,true,,231,168,6,18,http://stload.se.ifmo.ru:8080/?token=518472196&&user=-1356113187&config=2,691,0,0
1775999093519,678,HTTP Request 2,200,OK,config 2 2-6,text,true,,231,168,6,18,http://stload.se.ifmo.ru:8080/?token=518472196&&user=-1356113187&config=2,678,0,0
1775999094200,680,HTTP Request 2,200,OK,config 2 2-1,text,true,,231,168,6,18,http://stload.se.ifmo.ru:8080/?token=518472196&&user=-1356113187&config=2,679,0,0
1775999094350,656,HTTP Request 2,200,OK,config 2 2-2,text,true,,231,168,6,18,http://stload.se.ifmo.ru:8080/?token=518472196&&user=-1356113187&config=2,656,0,0
1775999094517,655,HTTP Request 2,200,OK,config 2 2-3,text,true,,231,168,6,18,http://stload.se.ifmo.ru:8080/?token=518472196&&user=-1356113187&config=2,655,0,0
1775999094684,723,HTTP Request 2,200,OK,config 2 2-4,text,true,,231,168,6,18,http://stload.se.ifmo.ru:8080/?token=518472196&&user=-1356113187&config=2,723,0,0
1775999094853,678,HTTP Request 2,200,OK,config 2 2-5,text,true,,231,168,6,18,http://stload.se.ifmo.ru:8080/?token=518472196&&user=-1356113187&config=2,678,0,0
1775999095019,708,HTTP Request 2,200,OK,config 2 2-6,text,true,,231,168,6,18,http://stload.se.ifmo.ru:8080/?token=518472196&&user=-1356113187&config=2,708,0,0
1775999095700,649,HTTP Request 2,200,OK,config 2 2-1,text,true,,231,168,6,18,http://stload.se.ifmo.ru:8080/?token=518472196&&user=-1356113187&config=2,649,0,0
1775999095850,667,HTTP Request 2,200,OK,config 2 2-2,text,true,,231,168,6,18,http://stload.se.ifmo.ru:8080/?token=518472196&&user=-1356113187&config=2,667,0,0
1775999096016,794,HTTP Request 2,200,OK,config 2 2-3,text,true,,231,168,6,18,http://stload.se.ifmo.ru:8080/?token=518472196&&user=-1356113187&config=2,794,0,0
1775999096184,659,HTTP Request 2,200,OK,config 2 2-4,text,true,,231,168,6,18,http://stload.se.ifmo.ru:8080/?token=518472196&&user=-1356113187&config=2,659,0,0
1775999096352,656,HTTP Request 2,200,OK,config 2 2-5,text,true,,231,168,6,18,http://stload.se.ifmo.ru:8080/?token=518472196&&user=-1356113187&config=2,656,0,0
1775999096519,661,HTTP Request 2,200,OK,config 2 2-6,text,true,,231,168,6,18,http://stload.se.ifmo.ru:8080/?token=518472196&&user=-1356113187&config=2,661,0,0
1775999097201,740,HTTP Request 2,200,OK,config 2 2-1,text,true,,231,168,6,18,http://stload.se.ifmo.ru:8080/?token=518472196&&user=-1356113187&config=2,740,0,0
1775999097351,651,HTTP Request 2,200,OK,config 2 2-2,text,true,,231,168,6,18,http://stload.se.ifmo.ru:8080/?token=518472196&&user=-1356113187&config=2,651,0,0
1775999097516,673,HTTP Request 2,200,OK,config 2 2-3,text,true,,231,168,6,18,http://stload.se.ifmo.ru:8080/?token=518472196&&user=-1356113187&config=2,673,0,0
1775999097684,651,HTTP Request 2,200,OK,config 2 2-4,text,true,,231,168,6,18,http://stload.se.ifmo.ru:8080/?token=518472196&&user=-1356113187&config=2,651,0,0
1775999097852,659,HTTP Request 2,200,OK,config 2 2-5,text,true,,231,168,6,18,http://stload.se.ifmo.ru:8080/?token=518472196&&user=-1356113187&config=2,659,0,0
1775999098019,708,HTTP Request 2,200,OK,config 2 2-6,text,true,,231,168,6,18,http://stload.se.ifmo.ru:8080/?token=518472196&&user=-1356113187&config=2,708,0,0
1775999098700,666,HTTP Request 2,200,OK,config 2 2-1,text,true,,231,168,6,18,http://stload.se.ifmo.ru:8080/?token=518472196&&user=-1356113187&config=2,666,0,0
1775999098851,651,HTTP Request 2,200,OK,config 2 2-2,text,true,,231,168,6,18,http://stload.se.ifmo.ru:8080/?token=518472196&&user=-1356113187&config=2,651,0,0
1775999099016,695,HTTP Request 2,200,OK,config 2 2-3,text,true,,231,168,6,18,http://stload.se.ifmo.ru:8080/?token=518472196&&user=-1356113187&config=2,695,0,0
1775999099184,669,HTTP Request 2,200,OK,config 2 2-4,text,true,,231,168,6,18,http://stload.se.ifmo.ru:8080/?token=518472196&&user=-1356113187&config=2,669,0,0
1775999099353,686,HTTP Request 2,200,OK,config 2 2-5,text,true,,231,168,6,18,http://stload.se.ifmo.ru:8080/?token=518472196&&user=-1356113187&config=2,686,0,0
1775999099519,692,HTTP Request 2,200,OK,config 2 2-6,text,true,,231,168,6,18,http://stload.se.ifmo.ru:8080/?token=518472196&&user=-1356113187&config=2,692,0,0
1775999100200,644,HTTP Request 2,200,OK,config 2 2-1,text,true,,231,168,6,18,http://stload.se.ifmo.ru:8080/?token=518472196&&user=-1356113187&config=2,644,0,0
1775999100350,660,HTTP Request 2,200,OK,config 2 2-2,text,true,,231,168,6,18,http://stload.se.ifmo.ru:8080/?token=518472196&&user=-1356113187&config=2,660,0,0
1775999100517,657,HTTP Request 2,200,OK,config 2 2-3,text,true,,231,168,6,18,http://stload.se.ifmo.ru:8080/?token=518472196&&user=-1356113187&config=2,657,0,0
1775999100684,655,HTTP Request 2,200,OK,config 2 2-4,text,true,,231,168,6,18,http://stload.se.ifmo.ru:8080/?token=518472196&&user=-1356113187&config=2,655,0,0
1775999100852,712,HTTP Request 2,200,OK,config 2 2-5,text,true,,231,168,6,18,http://stload.se.ifmo.ru:8080/?token=518472196&&user=-1356113187&config=2,712,0,0
1775999101019,684,HTTP Request 2,200,OK,config 2 2-6,text,true,,231,168,6,18,http://stload.se.ifmo.ru:8080/?token=518472196&&user=-1356113187&config=2,684,0,0
1775999101700,740,HTTP Request 2,200,OK,config 2 2-1,text,true,,231,168,6,17,http://stload.se.ifmo.ru:8080/?token=518472196&&user=-1356113187&config=2,739,0,0
1775999101850,649,HTTP Request 2,200,OK,config 2 2-2,text,true,,231,168,5,16,http://stload.se.ifmo.ru:8080/?token=518472196&&user=-1356113187&config=2,649,0,0
1775999102016,653,HTTP Request 2,200,OK,config 2 2-3,text,true,,231,168,5,15,http://stload.se.ifmo.ru:8080/?token=518472196&&user=-1356113187&config=2,653,0,0
1775999102184,661,HTTP Request 2,200,OK,config 2 2-4,text,true,,231,168,5,15,http://stload.se.ifmo.ru:8080/?token=518472196&&user=-1356113187&config=2,661,0,0
1775999102352,665,HTTP Request 2,200,OK,config 2 2-5,text,true,,231,168,5,15,http://stload.se.ifmo.ru:8080/?token=518472196&&user=-1356113187&config=2,665,0,0
1775999102520,682,HTTP Request 2,200,OK,config 2 2-6,text,true,,231,168,5,15,http://stload.se.ifmo.ru:8080/?token=518472196&&user=-1356113187&config=2,682,0,0
1775999103351,659,HTTP Request 2,200,OK,config 2 2-2,text,true,,231,168,5,14,http://stload.se.ifmo.ru:8080/?token=518472196&&user=-1356113187&config=2,659,0,0
1775999103516,643,HTTP Request 2,200,OK,config 2 2-3,text,true,,231,168,4,13,http://stload.se.ifmo.ru:8080/?token=518472196&&user=-1356113187&config=2,643,0,0
1775999103685,648,HTTP Request 2,200,OK,config 2 2-4,text,true,,231,168,4,12,http://stload.se.ifmo.ru:8080/?token=518472196&&user=-1356113187&config=2,648,0,0
1775999103853,726,HTTP Request 2,200,OK,config 2 2-5,text,true,,231,168,4,12,http://stload.se.ifmo.ru:8080/?token=518472196&&user=-1356113187&config=2,726,0,0
1775999104020,717,HTTP Request 2,200,OK,config 2 2-6,text,true,,231,168,4,12,http://stload.se.ifmo.ru:8080/?token=518472196&&user=-1356113187&config=2,717,0,0
1775999105016,626,HTTP Request 2,200,OK,config 2 2-3,text,true,,231,168,4,11,http://stload.se.ifmo.ru:8080/?token=518472196&&user=-1356113187&config=2,626,0,0
1775999105185,637,HTTP Request 2,200,OK,config 2 2-4,text,true,,231,168,3,10,http://stload.se.ifmo.ru:8080/?token=518472196&&user=-1356113187&config=2,637,0,0
1775999105353,639,HTTP Request 2,200,OK,config 2 2-5,text,true,,231,168,3,9,http://stload.se.ifmo.ru:8080/?token=518472196&&user=-1356113187&config=2,638,0,0
1775999105520,650,HTTP Request 2,200,OK,config 2 2-6,text,true,,231,168,3,9,http://stload.se.ifmo.ru:8080/?token=518472196&&user=-1356113187&config=2,650,0,0
1775999106684,647,HTTP Request 2,200,OK,config 2 2-4,text,true,,231,168,3,8,http://stload.se.ifmo.ru:8080/?token=518472196&&user=-1356113187&config=2,647,0,0
1775999106852,633,HTTP Request 2,200,OK,config 2 2-5,text,true,,231,168,2,7,http://stload.se.ifmo.ru:8080/?token=518472196&&user=-1356113187&config=2,633,0,0
1775999107020,659,HTTP Request 2,200,OK,config 2 2-6,text,true,,231,168,2,6,http://stload.se.ifmo.ru:8080/?token=518472196&&user=-1356113187&config=2,659,0,0
1775999108352,629,HTTP Request 2,200,OK,config 2 2-5,text,true,,231,168,2,5,http://stload.se.ifmo.ru:8080/?token=518472196&&user=-1356113187&config=2,629,0,0
1775999108519,619,HTTP Request 2,200,OK,config 2 2-6,text,true,,231,168,1,4,http://stload.se.ifmo.ru:8080/?token=518472196&&user=-1356113187&config=2,619,0,0
1775999110019,616,HTTP Request 2,200,OK,config 2 2-6,text,true,,231,168,1,2,http://stload.se.ifmo.ru:8080/?token=518472196&&user=-1356113187&config=2,616,0,0
1775999171797,575,HTTP Request 2,200,OK,config 2 2-1,text,true,,231,168,1,3,http://stload.se.ifmo.ru:8080/?token=518472196&&user=-1356113187&config=2,575,0,41
1775999173255,536,HTTP Request 2,200,OK,config 2 2-1,text,true,,231,168,1,3,http://stload.se.ifmo.ru:8080/?token=518472196&&user=-1356113187&config=2,536,0,0
1775999174755,613,HTTP Request 2,200,OK,config 2 2-1,text,true,,231,168,2,6,http://stload.se.ifmo.ru:8080/?token=518472196&&user=-1356113187&config=2,613,0,0
1775999175069,700,HTTP Request 2,200,OK,config 2 2-2,text,true,,231,168,2,6,http://stload.se.ifmo.ru:8080/?token=518472196&&user=-1356113187&config=2,700,0,97
1775999176254,540,HTTP Request 2,200,OK,config 2 2-1,text,true,,231,168,2,6,http://stload.se.ifmo.ru:8080/?token=518472196&&user=-1356113187&config=2,540,0,0
1775999176568,541,HTTP Request 2,200,OK,config 2 2-2,text,true,,231,168,2,6,http://stload.se.ifmo.ru:8080/?token=518472196&&user=-1356113187&config=2,541,0,0
1775999177754,533,HTTP Request 2,200,OK,config 2 2-1,text,true,,231,168,2,6,http://stload.se.ifmo.ru:8080/?token=518472196&&user=-1356113187&config=2,533,0,0
1775999178068,539,HTTP Request 2,200,OK,config 2 2-2,text,true,,231,168,3,9,http://stload.se.ifmo.ru:8080/?token=518472196&&user=-1356113187&config=2,539,0,0
1775999178403,629,HTTP Request 2,200,OK,config 2 2-3,text,true,,231,168,3,9,http://stload.se.ifmo.ru:8080/?token=518472196&&user=-1356113187&config=2,629,0,67
1775999179255,553,HTTP Request 2,200,OK,config 2 2-1,text,true,,231,168,3,9,http://stload.se.ifmo.ru:8080/?token=518472196&&user=-1356113187&config=2,553,0,0
1775999179568,579,HTTP Request 2,200,OK,config 2 2-2,text,true,,231,168,3,9,http://stload.se.ifmo.ru:8080/?token=518472196&&user=-1356113187&config=2,579,0,0
1775999179903,553,HTTP Request 2,200,OK,config 2 2-3,text,true,,231,168,3,9,http://stload.se.ifmo.ru:8080/?token=518472196&&user=-1356113187&config=2,553,0,0
1775999180755,556,HTTP Request 2,200,OK,config 2 2-1,text,true,,231,168,3,9,http://stload.se.ifmo.ru:8080/?token=518472196&&user=-1356113187&config=2,556,0,0
1775999181068,575,HTTP Request 2,200,OK,config 2 2-2,text,true,,231,168,3,9,http://stload.se.ifmo.ru:8080/?token=518472196&&user=-1356113187&config=2,575,0,0
1775999181403,560,HTTP Request 2,200,OK,config 2 2-3,text,true,,231,168,4,12,http://stload.se.ifmo.ru:8080/?token=518472196&&user=-1356113187&config=2,560,0,0
1775999181735,609,HTTP Request 2,200,OK,config 2 2-4,text,true,,231,168,4,12,http://stload.se.ifmo.ru:8080/?token=518472196&&user=-1356113187&config=2,609,0,40
1775999182254,560,HTTP Request 2,200,OK,config 2 2-1,text,true,,231,168,4,12,http://stload.se.ifmo.ru:8080/?token=518472196&&user=-1356113187&config=2,559,0,0
1775999182568,557,HTTP Request 2,200,OK,config 2 2-2,text,true,,231,168,4,12,http://stload.se.ifmo.ru:8080/?token=518472196&&user=-1356113187&config=2,557,0,0
1775999182903,565,HTTP Request 2,200,OK,config 2 2-3,text,true,,231,168,4,12,http://stload.se.ifmo.ru:8080/?token=518472196&&user=-1356113187&config=2,565,0,0
1775999183235,603,HTTP Request 2,200,OK,config 2 2-4,text,true,,231,168,4,12,http://stload.se.ifmo.ru:8080/?token=518472196&&user=-1356113187&config=2,603,0,0
1775999183754,562,HTTP Request 2,200,OK,config 2 2-1,text,true,,231,168,4,12,http://stload.se.ifmo.ru:8080/?token=518472196&&user=-1356113187&config=2,562,0,0
1775999184068,629,HTTP Request 2,200,OK,config 2 2-2,text,true,,231,168,4,12,http://stload.se.ifmo.ru:8080/?token=518472196&&user=-1356113187&config=2,629,0,0
1775999184403,590,HTTP Request 2,200,OK,config 2 2-3,text,true,,231,168,4,12,http://stload.se.ifmo.ru:8080/?token=518472196&&user=-1356113187&config=2,590,0,0
1775999184735,600,HTTP Request 2,200,OK,config 2 2-4,text,true,,231,168,5,15,http://stload.se.ifmo.ru:8080/?token=518472196&&user=-1356113187&config=2,600,0,0
1775999185067,612,HTTP Request 2,200,OK,config 2 2-5,text,true,,231,168,5,15,http://stload.se.ifmo.ru:8080/?token=518472196&&user=-1356113187&config=2,612,0,28
1775999185254,589,HTTP Request 2,200,OK,config 2 2-1,text,true,,231,168,5,15,http://stload.se.ifmo.ru:8080/?token=518472196&&user=-1356113187&config=2,589,0,0
1775999185568,584,HTTP Request 2,200,OK,config 2 2-2,text,true,,231,168,5,15,http://stload.se.ifmo.ru:8080/?token=518472196&&user=-1356113187&config=2,584,0,0
1775999185904,598,HTTP Request 2,200,OK,config 2 2-3,text,true,,231,168,5,15,http://stload.se.ifmo.ru:8080/?token=518472196&&user=-1356113187&config=2,598,0,0
1775999186235,606,HTTP Request 2,200,OK,config 2 2-4,text,true,,231,168,5,15,http://stload.se.ifmo.ru:8080/?token=518472196&&user=-1356113187&config=2,606,0,0
1775999186567,719,HTTP Request 2,200,OK,config 2 2-5,text,true,,231,168,5,15,http://stload.se.ifmo.ru:8080/?token=518472196&&user=-1356113187&config=2,719,0,0
1775999186755,642,HTTP Request 2,200,OK,config 2 2-1,text,true,,231,168,5,15,http://stload.se.ifmo.ru:8080/?token=518472196&&user=-1356113187&config=2,642,0,0
1775999187068,748,HTTP Request 2,200,OK,config 2 2-2,text,true,,231,168,5,15,http://stload.se.ifmo.ru:8080/?token=518472196&&user=-1356113187&config=2,748,0,0
1775999187403,637,HTTP Request 2,200,OK,config 2 2-3,text,true,,231,168,5,15,http://stload.se.ifmo.ru:8080/?token=518472196&&user=-1356113187&config=2,637,0,0
1775999187735,650,HTTP Request 2,200,OK,config 2 2-4,text,true,,231,168,5,15,http://stload.se.ifmo.ru:8080/?token=518472196&&user=-1356113187&config=2,650,0,0
1775999188068,631,HTTP Request 2,200,OK,config 2 2-5,text,true,,231,168,6,18,http://stload.se.ifmo.ru:8080/?token=518472196&&user=-1356113187&config=2,631,0,0
1775999188254,656,HTTP Request 2,200,OK,config 2 2-1,text,true,,231,168,6,18,http://stload.se.ifmo.ru:8080/?token=518472196&&user=-1356113187&config=2,656,0,0
1775999188401,673,HTTP Request 2,200,OK,config 2 2-6,text,true,,231,168,6,18,http://stload.se.ifmo.ru:8080/?token=518472196&&user=-1356113187&config=2,673,0,66
1775999188568,630,HTTP Request 2,200,OK,config 2 2-2,text,true,,231,168,6,18,http://stload.se.ifmo.ru:8080/?token=518472196&&user=-1356113187&config=2,630,0,0
1775999188904,605,HTTP Request 2,200,OK,config 2 2-3,text,true,,231,168,6,18,http://stload.se.ifmo.ru:8080/?token=518472196&&user=-1356113187&config=2,604,0,0
1775999189235,631,HTTP Request 2,200,OK,config 2 2-4,text,true,,231,168,6,18,http://stload.se.ifmo.ru:8080/?token=518472196&&user=-1356113187&config=2,631,0,0
1775999189568,631,HTTP Request 2,200,OK,config 2 2-5,text,true,,231,168,6,18,http://stload.se.ifmo.ru:8080/?token=518472196&&user=-1356113187&config=2,631,0,0
1775999189755,609,HTTP Request 2,200,OK,config 2 2-1,text,true,,231,168,6,18,http://stload.se.ifmo.ru:8080/?token=518472196&&user=-1356113187&config=2,609,0,0
1775999189901,636,HTTP Request 2,200,OK,config 2 2-6,text,true,,231,168,6,18,http://stload.se.ifmo.ru:8080/?token=518472196&&user=-1356113187&config=2,636,0,0
1775999190068,614,HTTP Request 2,200,OK,config 2 2-2,text,true,,231,168,6,18,http://stload.se.ifmo.ru:8080/?token=518472196&&user=-1356113187&config=2,613,0,0
1775999190403,656,HTTP Request 2,200,OK,config 2 2-3,text,true,,231,168,6,18,http://stload.se.ifmo.ru:8080/?token=518472196&&user=-1356113187&config=2,656,0,0
1775999190735,627,HTTP Request 2,200,OK,config 2 2-4,text,true,,231,168,6,18,http://stload.se.ifmo.ru:8080/?token=518472196&&user=-1356113187&config=2,627,0,0
1775999191068,627,HTTP Request 2,200,OK,config 2 2-5,text,true,,231,168,6,18,http://stload.se.ifmo.ru:8080/?token=518472196&&user=-1356113187&config=2,627,0,0
1775999191254,623,HTTP Request 2,200,OK,config 2 2-1,text,true,,231,168,6,18,http://stload.se.ifmo.ru:8080/?token=518472196&&user=-1356113187&config=2,623,0,0
1775999191401,649,HTTP Request 2,200,OK,config 2 2-6,text,true,,231,168,6,18,http://stload.se.ifmo.ru:8080/?token=518472196&&user=-1356113187&config=2,649,0,0
1775999191568,659,HTTP Request 2,200,OK,config 2 2-2,text,true,,231,168,6,18,http://stload.se.ifmo.ru:8080/?token=518472196&&user=-1356113187&config=2,658,0,0
1775999191904,743,HTTP Request 2,200,OK,config 2 2-3,text,true,,231,168,6,18,http://stload.se.ifmo.ru:8080/?token=518472196&&user=-1356113187&config=2,743,0,0
1775999192236,626,HTTP Request 2,200,OK,config 2 2-4,text,true,,231,168,6,18,http://stload.se.ifmo.ru:8080/?token=518472196&&user=-1356113187&config=2,626,0,0
1775999192567,632,HTTP Request 2,200,OK,config 2 2-5,text,true,,231,168,6,18,http://stload.se.ifmo.ru:8080/?token=518472196&&user=-1356113187&config=2,632,0,0
1775999192755,627,HTTP Request 2,200,OK,config 2 2-1,text,true,,231,168,6,18,http://stload.se.ifmo.ru:8080/?token=518472196&&user=-1356113187&config=2,627,0,0
1775999192901,639,HTTP Request 2,200,OK,config 2 2-6,text,true,,231,168,6,18,http://stload.se.ifmo.ru:8080/?token=518472196&&user=-1356113187&config=2,639,0,0
1775999193068,720,HTTP Request 2,200,OK,config 2 2-2,text,true,,231,168,6,18,http://stload.se.ifmo.ru:8080/?token=518472196&&user=-1356113187&config=2,720,0,0
1775999193403,684,HTTP Request 2,200,OK,config 2 2-3,text,true,,231,168,6,18,http://stload.se.ifmo.ru:8080/?token=518472196&&user=-1356113187&config=2,684,0,0
1775999193735,700,HTTP Request 2,200,OK,config 2 2-4,text,true,,231,168,6,18,http://stload.se.ifmo.ru:8080/?token=518472196&&user=-1356113187&config=2,700,0,0
1775999194068,640,HTTP Request 2,200,OK,config 2 2-5,text,true,,231,168,6,18,http://stload.se.ifmo.ru:8080/?token=518472196&&user=-1356113187&config=2,640,0,0
1775999194255,671,HTTP Request 2,200,OK,config 2 2-1,text,true,,231,168,6,18,http://stload.se.ifmo.ru:8080/?token=518472196&&user=-1356113187&config=2,671,0,0
1775999194401,652,HTTP Request 2,200,OK,config 2 2-6,text,true,,231,168,6,18,http://stload.se.ifmo.ru:8080/?token=518472196&&user=-1356113187&config=2,652,0,0
1775999194569,718,HTTP Request 2,200,OK,config 2 2-2,text,true,,231,168,6,18,http://stload.se.ifmo.ru:8080/?token=518472196&&user=-1356113187&config=2,718,0,0
1775999194904,644,HTTP Request 2,200,OK,config 2 2-3,text,true,,231,168,6,18,http://stload.se.ifmo.ru:8080/?token=518472196&&user=-1356113187&config=2,644,0,0
1775999195235,695,HTTP Request 2,200,OK,config 2 2-4,text,true,,231,168,6,18,http://stload.se.ifmo.ru:8080/?token=518472196&&user=-1356113187&config=2,695,0,0
1775999195567,664,HTTP Request 2,200,OK,config 2 2-5,text,true,,231,168,6,18,http://stload.se.ifmo.ru:8080/?token=518472196&&user=-1356113187&config=2,664,0,0
1775999195754,728,HTTP Request 2,200,OK,config 2 2-1,text,true,,231,168,6,18,http://stload.se.ifmo.ru:8080/?token=518472196&&user=-1356113187&config=2,728,0,0
1775999195902,656,HTTP Request 2,200,OK,config 2 2-6,text,true,,231,168,6,18,http://stload.se.ifmo.ru:8080/?token=518472196&&user=-1356113187&config=2,656,0,0
1775999196069,717,HTTP Request 2,200,OK,config 2 2-2,text,true,,231,168,6,18,http://stload.se.ifmo.ru:8080/?token=518472196&&user=-1356113187&config=2,717,0,0
1775999196403,647,HTTP Request 2,200,OK,config 2 2-3,text,true,,231,168,6,18,http://stload.se.ifmo.ru:8080/?token=518472196&&user=-1356113187&config=2,647,0,0
1775999196736,693,HTTP Request 2,200,OK,config 2 2-4,text,true,,231,168,6,18,http://stload.se.ifmo.ru:8080/?token=518472196&&user=-1356113187&config=2,693,0,0
1775999197067,668,HTTP Request 2,200,OK,config 2 2-5,text,true,,231,168,6,18,http://stload.se.ifmo.ru:8080/?token=518472196&&user=-1356113187&config=2,668,0,0
1775999197254,735,HTTP Request 2,200,OK,config 2 2-1,text,true,,231,168,6,18,http://stload.se.ifmo.ru:8080/?token=518472196&&user=-1356113187&config=2,735,0,0
1775999197402,658,HTTP Request 2,200,OK,config 2 2-6,text,true,,231,168,6,18,http://stload.se.ifmo.ru:8080/?token=518472196&&user=-1356113187&config=2,658,0,0
1775999197569,646,HTTP Request 2,200,OK,config 2 2-2,text,true,,231,168,6,18,http://stload.se.ifmo.ru:8080/?token=518472196&&user=-1356113187&config=2,646,0,0
1775999197904,664,HTTP Request 2,200,OK,config 2 2-3,text,true,,231,168,6,18,http://stload.se.ifmo.ru:8080/?token=518472196&&user=-1356113187&config=2,664,0,0
1775999198236,654,HTTP Request 2,200,OK,config 2 2-4,text,true,,231,168,6,18,http://stload.se.ifmo.ru:8080/?token=518472196&&user=-1356113187&config=2,654,0,0
1775999198567,698,HTTP Request 2,200,OK,config 2 2-5,text,true,,231,168,6,18,http://stload.se.ifmo.ru:8080/?token=518472196&&user=-1356113187&config=2,698,0,0
1775999198754,638,HTTP Request 2,200,OK,config 2 2-1,text,true,,231,168,6,18,http://stload.se.ifmo.ru:8080/?token=518472196&&user=-1356113187&config=2,638,0,0
1775999198901,698,HTTP Request 2,200,OK,config 2 2-6,text,true,,231,168,6,18,http://stload.se.ifmo.ru:8080/?token=518472196&&user=-1356113187&config=2,698,0,0
1775999199069,661,HTTP Request 2,200,OK,config 2 2-2,text,true,,231,168,6,18,http://stload.se.ifmo.ru:8080/?token=518472196&&user=-1356113187&config=2,661,0,0
1775999199403,677,HTTP Request 2,200,OK,config 2 2-3,text,true,,231,168,6,18,http://stload.se.ifmo.ru:8080/?token=518472196&&user=-1356113187&config=2,677,0,0
1775999199736,745,HTTP Request 2,200,OK,config 2 2-4,text,true,,231,168,6,18,http://stload.se.ifmo.ru:8080/?token=518472196&&user=-1356113187&config=2,745,0,0
1775999200067,650,HTTP Request 2,200,OK,config 2 2-5,text,true,,231,168,6,18,http://stload.se.ifmo.ru:8080/?token=518472196&&user=-1356113187&config=2,649,0,0
1775999200254,714,HTTP Request 2,200,OK,config 2 2-1,text,true,,231,168,6,18,http://stload.se.ifmo.ru:8080/?token=518472196&&user=-1356113187&config=2,714,0,0
1775999200401,656,HTTP Request 2,200,OK,config 2 2-6,text,true,,231,168,6,18,http://stload.se.ifmo.ru:8080/?token=518472196&&user=-1356113187&config=2,656,0,0
1775999200568,648,HTTP Request 2,200,OK,config 2 2-2,text,true,,231,168,6,18,http://stload.se.ifmo.ru:8080/?token=518472196&&user=-1356113187&config=2,648,0,0
1775999200904,653,HTTP Request 2,200,OK,config 2 2-3,text,true,,231,168,6,18,http://stload.se.ifmo.ru:8080/?token=518472196&&user=-1356113187&config=2,653,0,0
1775999201235,654,HTTP Request 2,200,OK,config 2 2-4,text,true,,231,168,6,18,http://stload.se.ifmo.ru:8080/?token=518472196&&user=-1356113187&config=2,654,0,0
1775999201567,647,HTTP Request 2,200,OK,config 2 2-5,text,true,,231,168,6,18,http://stload.se.ifmo.ru:8080/?token=518472196&&user=-1356113187&config=2,647,0,0
1775999201754,649,HTTP Request 2,200,OK,config 2 2-1,text,true,,231,168,6,18,http://stload.se.ifmo.ru:8080/?token=518472196&&user=-1356113187&config=2,649,0,0
1775999201902,710,HTTP Request 2,200,OK,config 2 2-6,text,true,,231,168,6,18,http://stload.se.ifmo.ru:8080/?token=518472196&&user=-1356113187&config=2,710,0,0
1775999202068,665,HTTP Request 2,200,OK,config 2 2-2,text,true,,231,168,6,18,http://stload.se.ifmo.ru:8080/?token=518472196&&user=-1356113187&config=2,665,0,0
1775999202403,737,HTTP Request 2,200,OK,config 2 2-3,text,true,,231,168,6,18,http://stload.se.ifmo.ru:8080/?token=518472196&&user=-1356113187&config=2,737,0,0
1775999202735,699,HTTP Request 2,200,OK,config 2 2-4,text,true,,231,168,6,18,http://stload.se.ifmo.ru:8080/?token=518472196&&user=-1356113187&config=2,699,0,0
1775999203067,645,HTTP Request 2,200,OK,config 2 2-5,text,true,,231,168,6,18,http://stload.se.ifmo.ru:8080/?token=518472196&&user=-1356113187&config=2,645,0,0
1775999203254,739,HTTP Request 2,200,OK,config 2 2-1,text,true,,231,168,6,18,http://stload.se.ifmo.ru:8080/?token=518472196&&user=-1356113187&config=2,739,0,0
1775999203401,664,HTTP Request 2,200,OK,config 2 2-6,text,true,,231,168,6,18,http://stload.se.ifmo.ru:8080/?token=518472196&&user=-1356113187&config=2,664,0,0
1775999203568,651,HTTP Request 2,200,OK,config 2 2-2,text,true,,231,168,6,18,http://stload.se.ifmo.ru:8080/?token=518472196&&user=-1356113187&config=2,651,0,0
1775999203903,651,HTTP Request 2,200,OK,config 2 2-3,text,true,,231,168,6,18,http://stload.se.ifmo.ru:8080/?token=518472196&&user=-1356113187&config=2,651,0,0
1775999204235,658,HTTP Request 2,200,OK,config 2 2-4,text,true,,231,168,6,18,http://stload.se.ifmo.ru:8080/?token=518472196&&user=-1356113187&config=2,658,0,0
1775999204568,703,HTTP Request 2,200,OK,config 2 2-5,text,true,,231,168,6,18,http://stload.se.ifmo.ru:8080/?token=518472196&&user=-1356113187&config=2,703,0,0
1775999204754,659,HTTP Request 2,200,OK,config 2 2-1,text,true,,231,168,6,18,http://stload.se.ifmo.ru:8080/?token=518472196&&user=-1356113187&config=2,659,0,0
1775999204901,728,HTTP Request 2,200,OK,config 2 2-6,text,true,,231,168,6,18,http://stload.se.ifmo.ru:8080/?token=518472196&&user=-1356113187&config=2,728,0,0
1775999205068,659,HTTP Request 2,200,OK,config 2 2-2,text,true,,231,168,6,18,http://stload.se.ifmo.ru:8080/?token=518472196&&user=-1356113187&config=2,659,0,0
1775999205404,653,HTTP Request 2,200,OK,config 2 2-3,text,true,,231,168,6,18,http://stload.se.ifmo.ru:8080/?token=518472196&&user=-1356113187&config=2,653,0,0
1775999205735,695,HTTP Request 2,200,OK,config 2 2-4,text,true,,231,168,6,18,http://stload.se.ifmo.ru:8080/?token=518472196&&user=-1356113187&config=2,695,0,0
1775999206067,686,HTTP Request 2,200,OK,config 2 2-5,text,true,,231,168,6,18,http://stload.se.ifmo.ru:8080/?token=518472196&&user=-1356113187&config=2,686,0,0
1775999206255,734,HTTP Request 2,200,OK,config 2 2-1,text,true,,231,168,6,18,http://stload.se.ifmo.ru:8080/?token=518472196&&user=-1356113187&config=2,734,0,0
1775999206401,655,HTTP Request 2,200,OK,config 2 2-6,text,true,,231,168,6,18,http://stload.se.ifmo.ru:8080/?token=518472196&&user=-1356113187&config=2,655,0,0
1775999206568,758,HTTP Request 2,200,OK,config 2 2-2,text,true,,231,168,6,18,http://stload.se.ifmo.ru:8080/?token=518472196&&user=-1356113187&config=2,758,0,0
1775999206904,667,HTTP Request 2,200,OK,config 2 2-3,text,true,,231,168,6,18,http://stload.se.ifmo.ru:8080/?token=518472196&&user=-1356113187&config=2,667,0,0
1775999207235,653,HTTP Request 2,200,OK,config 2 2-4,text,true,,231,168,6,18,http://stload.se.ifmo.ru:8080/?token=518472196&&user=-1356113187&config=2,653,0,0
1775999207567,692,HTTP Request 2,200,OK,config 2 2-5,text,true,,231,168,6,18,http://stload.se.ifmo.ru:8080/?token=518472196&&user=-1356113187&config=2,692,0,0
1775999207754,652,HTTP Request 2,200,OK,config 2 2-1,text,true,,231,168,6,18,http://stload.se.ifmo.ru:8080/?token=518472196&&user=-1356113187&config=2,651,0,0
1775999207901,695,HTTP Request 2,200,OK,config 2 2-6,text,true,,231,168,6,18,http://stload.se.ifmo.ru:8080/?token=518472196&&user=-1356113187&config=2,695,0,0
1775999208068,695,HTTP Request 2,200,OK,config 2 2-2,text,true,,231,168,6,18,http://stload.se.ifmo.ru:8080/?token=518472196&&user=-1356113187&config=2,695,0,0
1775999208403,648,HTTP Request 2,200,OK,config 2 2-3,text,true,,231,168,6,18,http://stload.se.ifmo.ru:8080/?token=518472196&&user=-1356113187&config=2,648,0,0
1775999208735,659,HTTP Request 2,200,OK,config 2 2-4,text,true,,231,168,6,18,http://stload.se.ifmo.ru:8080/?token=518472196&&user=-1356113187&config=2,659,0,0
1775999209068,683,HTTP Request 2,200,OK,config 2 2-5,text,true,,231,168,6,18,http://stload.se.ifmo.ru:8080/?token=518472196&&user=-1356113187&config=2,683,0,0
1775999209254,708,HTTP Request 2,200,OK,config 2 2-1,text,true,,231,168,6,18,http://stload.se.ifmo.ru:8080/?token=518472196&&user=-1356113187&config=2,708,0,0
1775999209402,683,HTTP Request 2,200,OK,config 2 2-6,text,true,,231,168,6,18,http://stload.se.ifmo.ru:8080/?token=518472196&&user=-1356113187&config=2,683,0,0
1775999209568,652,HTTP Request 2,200,OK,config 2 2-2,text,true,,231,168,6,18,http://stload.se.ifmo.ru:8080/?token=518472196&&user=-1356113187&config=2,652,0,0
1775999209903,694,HTTP Request 2,200,OK,config 2 2-3,text,true,,231,168,6,18,http://stload.se.ifmo.ru:8080/?token=518472196&&user=-1356113187&config=2,694,0,0
1775999210236,693,HTTP Request 2,200,OK,config 2 2-4,text,true,,231,168,6,18,http://stload.se.ifmo.ru:8080/?token=518472196&&user=-1356113187&config=2,693,0,0
1775999210567,674,HTTP Request 2,200,OK,config 2 2-5,text,true,,231,168,6,18,http://stload.se.ifmo.ru:8080/?token=518472196&&user=-1356113187&config=2,674,0,0
1775999210754,688,HTTP Request 2,200,OK,config 2 2-1,text,true,,231,168,6,18,http://stload.se.ifmo.ru:8080/?token=518472196&&user=-1356113187&config=2,688,0,0
1775999210901,654,HTTP Request 2,200,OK,config 2 2-6,text,true,,231,168,6,18,http://stload.se.ifmo.ru:8080/?token=518472196&&user=-1356113187&config=2,654,0,0
1775999211068,646,HTTP Request 2,200,OK,config 2 2-2,text,true,,231,168,6,18,http://stload.se.ifmo.ru:8080/?token=518472196&&user=-1356113187&config=2,646,0,0
1775999211403,661,HTTP Request 2,200,OK,config 2 2-3,text,true,,231,168,6,18,http://stload.se.ifmo.ru:8080/?token=518472196&&user=-1356113187&config=2,661,0,0
1775999211735,654,HTTP Request 2,200,OK,config 2 2-4,text,true,,231,168,6,18,http://stload.se.ifmo.ru:8080/?token=518472196&&user=-1356113187&config=2,654,0,0
1775999212067,666,HTTP Request 2,200,OK,config 2 2-5,text,true,,231,168,6,18,http://stload.se.ifmo.ru:8080/?token=518472196&&user=-1356113187&config=2,666,0,0
1775999212254,718,HTTP Request 2,200,OK,config 2 2-1,text,true,,231,168,6,18,http://stload.se.ifmo.ru:8080/?token=518472196&&user=-1356113187&config=2,718,0,0
1775999212401,676,HTTP Request 2,200,OK,config 2 2-6,text,true,,231,168,6,18,http://stload.se.ifmo.ru:8080/?token=518472196&&user=-1356113187&config=2,676,0,0
1775999212568,659,HTTP Request 2,200,OK,config 2 2-2,text,true,,231,168,6,18,http://stload.se.ifmo.ru:8080/?token=518472196&&user=-1356113187&config=2,659,0,0
1775999212903,659,HTTP Request 2,200,OK,config 2 2-3,text,true,,231,168,6,18,http://stload.se.ifmo.ru:8080/?token=518472196&&user=-1356113187&config=2,659,0,0
1775999213235,656,HTTP Request 2,200,OK,config 2 2-4,text,true,,231,168,6,18,http://stload.se.ifmo.ru:8080/?token=518472196&&user=-1356113187&config=2,656,0,0
1775999213567,696,HTTP Request 2,200,OK,config 2 2-5,text,true,,231,168,6,18,http://stload.se.ifmo.ru:8080/?token=518472196&&user=-1356113187&config=2,696,0,0
1775999213755,729,HTTP Request 2,200,OK,config 2 2-1,text,true,,231,168,6,18,http://stload.se.ifmo.ru:8080/?token=518472196&&user=-1356113187&config=2,729,0,0
1775999213902,702,HTTP Request 2,200,OK,config 2 2-6,text,true,,231,168,6,18,http://stload.se.ifmo.ru:8080/?token=518472196&&user=-1356113187&config=2,702,0,0
1775999214068,664,HTTP Request 2,200,OK,config 2 2-2,text,true,,231,168,6,18,http://stload.se.ifmo.ru:8080/?token=518472196&&user=-1356113187&config=2,664,0,0
1775999214403,655,HTTP Request 2,200,OK,config 2 2-3,text,true,,231,168,6,18,http://stload.se.ifmo.ru:8080/?token=518472196&&user=-1356113187&config=2,655,0,0
1775999214735,655,HTTP Request 2,200,OK,config 2 2-4,text,true,,231,168,6,18,http://stload.se.ifmo.ru:8080/?token=518472196&&user=-1356113187&config=2,655,0,0
1775999215068,683,HTTP Request 2,200,OK,config 2 2-5,text,true,,231,168,6,18,http://stload.se.ifmo.ru:8080/?token=518472196&&user=-1356113187&config=2,683,0,0
1775999215254,682,HTTP Request 2,200,OK,config 2 2-1,text,true,,231,168,6,18,http://stload.se.ifmo.ru:8080/?token=518472196&&user=-1356113187&config=2,682,0,0
1775999215402,693,HTTP Request 2,200,OK,config 2 2-6,text,true,,231,168,6,18,http://stload.se.ifmo.ru:8080/?token=518472196&&user=-1356113187&config=2,693,0,0
1775999215568,650,HTTP Request 2,200,OK,config 2 2-2,text,true,,231,168,6,18,http://stload.se.ifmo.ru:8080/?token=518472196&&user=-1356113187&config=2,650,0,0
1775999215903,688,HTTP Request 2,200,OK,config 2 2-3,text,true,,231,168,6,18,http://stload.se.ifmo.ru:8080/?token=518472196&&user=-1356113187&config=2,688,0,0
1775999216235,744,HTTP Request 2,200,OK,config 2 2-4,text,true,,231,168,6,18,http://stload.se.ifmo.ru:8080/?token=518472196&&user=-1356113187&config=2,744,0,0
1775999216568,683,HTTP Request 2,200,OK,config 2 2-5,text,true,,231,168,6,18,http://stload.se.ifmo.ru:8080/?token=518472196&&user=-1356113187&config=2,683,0,0
1775999216754,666,HTTP Request 2,200,OK,config 2 2-1,text,true,,231,168,6,18,http://stload.se.ifmo.ru:8080/?token=518472196&&user=-1356113187&config=2,666,0,0
1775999216901,656,HTTP Request 2,200,OK,config 2 2-6,text,true,,231,168,6,18,http://stload.se.ifmo.ru:8080/?token=518472196&&user=-1356113187&config=2,656,0,0
1775999217069,721,HTTP Request 2,200,OK,config 2 2-2,text,true,,231,168,6,18,http://stload.se.ifmo.ru:8080/?token=518472196&&user=-1356113187&config=2,721,0,0
1775999217403,657,HTTP Request 2,200,OK,config 2 2-3,text,true,,231,168,6,18,http://stload.se.ifmo.ru:8080/?token=518472196&&user=-1356113187&config=2,657,0,0
1775999217735,698,HTTP Request 2,200,OK,config 2 2-4,text,true,,231,168,6,18,http://stload.se.ifmo.ru:8080/?token=518472196&&user=-1356113187&config=2,698,0,0
1775999218068,690,HTTP Request 2,200,OK,config 2 2-5,text,true,,231,168,6,18,http://stload.se.ifmo.ru:8080/?token=518472196&&user=-1356113187&config=2,690,0,0
1775999218255,750,HTTP Request 2,200,OK,config 2 2-1,text,true,,231,168,6,18,http://stload.se.ifmo.ru:8080/?token=518472196&&user=-1356113187&config=2,750,0,0
1775999218401,685,HTTP Request 2,200,OK,config 2 2-6,text,true,,231,168,6,18,http://stload.se.ifmo.ru:8080/?token=518472196&&user=-1356113187&config=2,685,0,0
1775999218568,744,HTTP Request 2,200,OK,config 2 2-2,text,true,,231,168,6,18,http://stload.se.ifmo.ru:8080/?token=518472196&&user=-1356113187&config=2,744,0,0
1775999218904,660,HTTP Request 2,200,OK,config 2 2-3,text,true,,231,168,6,18,http://stload.se.ifmo.ru:8080/?token=518472196&&user=-1356113187&config=2,660,0,0
1775999219235,653,HTTP Request 2,200,OK,config 2 2-4,text,true,,231,168,6,18,http://stload.se.ifmo.ru:8080/?token=518472196&&user=-1356113187&config=2,653,0,0
1775999219567,683,HTTP Request 2,200,OK,config 2 2-5,text,true,,231,168,6,18,http://stload.se.ifmo.ru:8080/?token=518472196&&user=-1356113187&config=2,683,0,0
1775999219754,705,HTTP Request 2,200,OK,config 2 2-1,text,true,,231,168,6,18,http://stload.se.ifmo.ru:8080/?token=518472196&&user=-1356113187&config=2,705,0,0
1775999219901,690,HTTP Request 2,200,OK,config 2 2-6,text,true,,231,168,6,18,http://stload.se.ifmo.ru:8080/?token=518472196&&user=-1356113187&config=2,690,0,0
1775999220068,655,HTTP Request 2,200,OK,config 2 2-2,text,true,,231,168,6,18,http://stload.se.ifmo.ru:8080/?token=518472196&&user=-1356113187&config=2,655,0,0
1775999220403,646,HTTP Request 2,200,OK,config 2 2-3,text,true,,231,168,6,18,http://stload.se.ifmo.ru:8080/?token=518472196&&user=-1356113187&config=2,646,0,0
1775999220735,684,HTTP Request 2,200,OK,config 2 2-4,text,true,,231,168,6,18,http://stload.se.ifmo.ru:8080/?token=518472196&&user=-1356113187&config=2,684,0,0
1775999221067,667,HTTP Request 2,200,OK,config 2 2-5,text,true,,231,168,6,18,http://stload.se.ifmo.ru:8080/?token=518472196&&user=-1356113187&config=2,667,0,0
1775999221254,775,HTTP Request 2,200,OK,config 2 2-1,text,true,,231,168,6,18,http://stload.se.ifmo.ru:8080/?token=518472196&&user=-1356113187&config=2,775,0,0
1775999221401,661,HTTP Request 2,200,OK,config 2 2-6,text,true,,231,168,6,18,http://stload.se.ifmo.ru:8080/?token=518472196&&user=-1356113187&config=2,661,0,0
1775999221568,671,HTTP Request 2,200,OK,config 2 2-2,text,true,,231,168,6,18,http://stload.se.ifmo.ru:8080/?token=518472196&&user=-1356113187&config=2,671,0,0
1775999221903,672,HTTP Request 2,200,OK,config 2 2-3,text,true,,231,168,6,18,http://stload.se.ifmo.ru:8080/?token=518472196&&user=-1356113187&config=2,672,0,0
1775999222235,669,HTTP Request 2,200,OK,config 2 2-4,text,true,,231,168,6,18,http://stload.se.ifmo.ru:8080/?token=518472196&&user=-1356113187&config=2,669,0,0
1775999222567,659,HTTP Request 2,200,OK,config 2 2-5,text,true,,231,168,6,18,http://stload.se.ifmo.ru:8080/?token=518472196&&user=-1356113187&config=2,659,0,0
1775999222755,746,HTTP Request 2,200,OK,config 2 2-1,text,true,,231,168,6,18,http://stload.se.ifmo.ru:8080/?token=518472196&&user=-1356113187&config=2,746,0,0
1775999222901,674,HTTP Request 2,200,OK,config 2 2-6,text,true,,231,168,6,18,http://stload.se.ifmo.ru:8080/?token=518472196&&user=-1356113187&config=2,674,0,0
1775999223068,659,HTTP Request 2,200,OK,config 2 2-2,text,true,,231,168,6,18,http://stload.se.ifmo.ru:8080/?token=518472196&&user=-1356113187&config=2,659,0,0
1775999223403,647,HTTP Request 2,200,OK,config 2 2-3,text,true,,231,168,6,18,http://stload.se.ifmo.ru:8080/?token=518472196&&user=-1356113187&config=2,647,0,0
1775999223735,678,HTTP Request 2,200,OK,config 2 2-4,text,true,,231,168,6,18,http://stload.se.ifmo.ru:8080/?token=518472196&&user=-1356113187&config=2,678,0,0
1775999224067,675,HTTP Request 2,200,OK,config 2 2-5,text,true,,231,168,6,18,http://stload.se.ifmo.ru:8080/?token=518472196&&user=-1356113187&config=2,675,0,0
1775999224254,692,HTTP Request 2,200,OK,config 2 2-1,text,true,,231,168,6,18,http://stload.se.ifmo.ru:8080/?token=518472196&&user=-1356113187&config=2,692,0,0
1775999224401,654,HTTP Request 2,200,OK,config 2 2-6,text,true,,231,168,6,18,http://stload.se.ifmo.ru:8080/?token=518472196&&user=-1356113187&config=2,654,0,0
1775999224568,653,HTTP Request 2,200,OK,config 2 2-2,text,true,,231,168,6,18,http://stload.se.ifmo.ru:8080/?token=518472196&&user=-1356113187&config=2,653,0,0
1775999224903,679,HTTP Request 2,200,OK,config 2 2-3,text,true,,231,168,6,18,http://stload.se.ifmo.ru:8080/?token=518472196&&user=-1356113187&config=2,679,0,0
1775999225235,647,HTTP Request 2,200,OK,config 2 2-4,text,true,,231,168,6,18,http://stload.se.ifmo.ru:8080/?token=518472196&&user=-1356113187&config=2,647,0,0
1775999225567,650,HTTP Request 2,200,OK,config 2 2-5,text,true,,231,168,6,18,http://stload.se.ifmo.ru:8080/?token=518472196&&user=-1356113187&config=2,650,0,0
1775999225754,653,HTTP Request 2,200,OK,config 2 2-1,text,true,,231,168,6,18,http://stload.se.ifmo.ru:8080/?token=518472196&&user=-1356113187&config=2,653,0,0
1775999225902,673,HTTP Request 2,200,OK,config 2 2-6,text,true,,231,168,6,18,http://stload.se.ifmo.ru:8080/?token=518472196&&user=-1356113187&config=2,673,0,0
1775999226068,660,HTTP Request 2,200,OK,config 2 2-2,text,true,,231,168,6,18,http://stload.se.ifmo.ru:8080/?token=518472196&&user=-1356113187&config=2,660,0,0
1775999226403,647,HTTP Request 2,200,OK,config 2 2-3,text,true,,231,168,6,18,http://stload.se.ifmo.ru:8080/?token=518472196&&user=-1356113187&config=2,647,0,0
1775999226735,677,HTTP Request 2,200,OK,config 2 2-4,text,true,,231,168,6,18,http://stload.se.ifmo.ru:8080/?token=518472196&&user=-1356113187&config=2,677,0,0
1775999227067,720,HTTP Request 2,200,OK,config 2 2-5,text,true,,231,168,6,18,http://stload.se.ifmo.ru:8080/?token=518472196&&user=-1356113187&config=2,720,0,0
1775999227254,654,HTTP Request 2,200,OK,config 2 2-1,text,true,,231,168,6,18,http://stload.se.ifmo.ru:8080/?token=518472196&&user=-1356113187&config=2,654,0,0
1775999227401,661,HTTP Request 2,200,OK,config 2 2-6,text,true,,231,168,6,18,http://stload.se.ifmo.ru:8080/?token=518472196&&user=-1356113187&config=2,661,0,0
1775999227568,705,HTTP Request 2,200,OK,config 2 2-2,text,true,,231,168,6,18,http://stload.se.ifmo.ru:8080/?token=518472196&&user=-1356113187&config=2,705,0,0
1775999227903,646,HTTP Request 2,200,OK,config 2 2-3,text,true,,231,168,6,18,http://stload.se.ifmo.ru:8080/?token=518472196&&user=-1356113187&config=2,646,0,0
1775999228236,657,HTTP Request 2,200,OK,config 2 2-4,text,true,,231,168,6,18,http://stload.se.ifmo.ru:8080/?token=518472196&&user=-1356113187&config=2,657,0,0
1775999228568,677,HTTP Request 2,200,OK,config 2 2-5,text,true,,231,168,6,18,http://stload.se.ifmo.ru:8080/?token=518472196&&user=-1356113187&config=2,677,0,0
1775999228754,656,HTTP Request 2,200,OK,config 2 2-1,text,true,,231,168,6,18,http://stload.se.ifmo.ru:8080/?token=518472196&&user=-1356113187&config=2,656,0,0
1775999228901,649,HTTP Request 2,200,OK,config 2 2-6,text,true,,231,168,6,18,http://stload.se.ifmo.ru:8080/?token=518472196&&user=-1356113187&config=2,649,0,0
1775999229068,677,HTTP Request 2,200,OK,config 2 2-2,text,true,,231,168,6,18,http://stload.se.ifmo.ru:8080/?token=518472196&&user=-1356113187&config=2,677,0,0
1775999229403,652,HTTP Request 2,200,OK,config 2 2-3,text,true,,231,168,6,18,http://stload.se.ifmo.ru:8080/?token=518472196&&user=-1356113187&config=2,652,0,0
1775999229735,677,HTTP Request 2,200,OK,config 2 2-4,text,true,,231,168,6,18,http://stload.se.ifmo.ru:8080/?token=518472196&&user=-1356113187&config=2,677,0,0
1775999230068,669,HTTP Request 2,200,OK,config 2 2-5,text,true,,231,168,6,18,http://stload.se.ifmo.ru:8080/?token=518472196&&user=-1356113187&config=2,669,0,0
1775999230254,644,HTTP Request 2,200,OK,config 2 2-1,text,true,,231,168,6,18,http://stload.se.ifmo.ru:8080/?token=518472196&&user=-1356113187&config=2,644,0,0
1775999230401,653,HTTP Request 2,200,OK,config 2 2-6,text,true,,231,168,6,18,http://stload.se.ifmo.ru:8080/?token=518472196&&user=-1356113187&config=2,653,0,0
1775999230568,660,HTTP Request 2,200,OK,config 2 2-2,text,true,,231,168,6,18,http://stload.se.ifmo.ru:8080/?token=518472196&&user=-1356113187&config=2,660,0,0
1775999230903,665,HTTP Request 2,200,OK,config 2 2-3,text,true,,231,168,6,18,http://stload.se.ifmo.ru:8080/?token=518472196&&user=-1356113187&config=2,665,0,0
1775999231236,661,HTTP Request 2,200,OK,config 2 2-4,text,true,,231,168,6,18,http://stload.se.ifmo.ru:8080/?token=518472196&&user=-1356113187&config=2,661,0,0
1775999231567,640,HTTP Request 2,200,OK,config 2 2-5,text,true,,231,168,6,18,http://stload.se.ifmo.ru:8080/?token=518472196&&user=-1356113187&config=2,640,0,0
1775999231754,734,HTTP Request 2,200,OK,config 2 2-1,text,true,,231,168,6,18,http://stload.se.ifmo.ru:8080/?token=518472196&&user=-1356113187&config=2,734,0,0
1775999231901,660,HTTP Request 2,200,OK,config 2 2-6,text,true,,231,168,6,18,http://stload.se.ifmo.ru:8080/?token=518472196&&user=-1356113187&config=2,660,0,0
1775999232068,660,HTTP Request 2,200,OK,config 2 2-2,text,true,,231,168,6,18,http://stload.se.ifmo.ru:8080/?token=518472196&&user=-1356113187&config=2,660,0,0
1775999232403,645,HTTP Request 2,200,OK,config 2 2-3,text,true,,231,168,6,18,http://stload.se.ifmo.ru:8080/?token=518472196&&user=-1356113187&config=2,645,0,0
1775999232735,678,HTTP Request 2,200,OK,config 2 2-4,text,true,,231,168,6,18,http://stload.se.ifmo.ru:8080/?token=518472196&&user=-1356113187&config=2,678,0,0
1775999233068,721,HTTP Request 2,200,OK,config 2 2-5,text,true,,231,168,6,18,http://stload.se.ifmo.ru:8080/?token=518472196&&user=-1356113187&config=2,721,0,0
1775999233254,694,HTTP Request 2,200,OK,config 2 2-1,text,true,,231,168,6,18,http://stload.se.ifmo.ru:8080/?token=518472196&&user=-1356113187&config=2,694,0,36
1775999233402,650,HTTP Request 2,200,OK,config 2 2-6,text,true,,231,168,6,18,http://stload.se.ifmo.ru:8080/?token=518472196&&user=-1356113187&config=2,650,0,0
1775999233568,649,HTTP Request 2,200,OK,config 2 2-2,text,true,,231,168,6,18,http://stload.se.ifmo.ru:8080/?token=518472196&&user=-1356113187&config=2,648,0,0
1775999233903,647,HTTP Request 2,200,OK,config 2 2-3,text,true,,231,168,6,18,http://stload.se.ifmo.ru:8080/?token=518472196&&user=-1356113187&config=2,647,0,0
1775999234235,662,HTTP Request 2,200,OK,config 2 2-4,text,true,,231,168,6,18,http://stload.se.ifmo.ru:8080/?token=518472196&&user=-1356113187&config=2,662,0,0
1775999234567,697,HTTP Request 2,200,OK,config 2 2-5,text,true,,231,168,6,18,http://stload.se.ifmo.ru:8080/?token=518472196&&user=-1356113187&config=2,697,0,0
1775999234754,724,HTTP Request 2,200,OK,config 2 2-1,text,true,,231,168,6,18,http://stload.se.ifmo.ru:8080/?token=518472196&&user=-1356113187&config=2,724,0,0
1775999234902,678,HTTP Request 2,200,OK,config 2 2-6,text,true,,231,168,6,18,http://stload.se.ifmo.ru:8080/?token=518472196&&user=-1356113187&config=2,678,0,0
1775999235068,647,HTTP Request 2,200,OK,config 2 2-2,text,true,,231,168,6,18,http://stload.se.ifmo.ru:8080/?token=518472196&&user=-1356113187&config=2,647,0,0
1775999235403,655,HTTP Request 2,200,OK,config 2 2-3,text,true,,231,168,6,18,http://stload.se.ifmo.ru:8080/?token=518472196&&user=-1356113187&config=2,655,0,0
1775999235736,674,HTTP Request 2,200,OK,config 2 2-4,text,true,,231,168,6,18,http://stload.se.ifmo.ru:8080/?token=518472196&&user=-1356113187&config=2,674,0,0
1775999236067,712,HTTP Request 2,200,OK,config 2 2-5,text,true,,231,168,6,18,http://stload.se.ifmo.ru:8080/?token=518472196&&user=-1356113187&config=2,712,0,0
1775999236254,721,HTTP Request 2,200,OK,config 2 2-1,text,true,,231,168,6,18,http://stload.se.ifmo.ru:8080/?token=518472196&&user=-1356113187&config=2,721,0,0
1775999236402,693,HTTP Request 2,200,OK,config 2 2-6,text,true,,231,168,6,18,http://stload.se.ifmo.ru:8080/?token=518472196&&user=-1356113187&config=2,693,0,0
1775999236568,785,HTTP Request 2,200,OK,config 2 2-2,text,true,,231,168,6,18,http://stload.se.ifmo.ru:8080/?token=518472196&&user=-1356113187&config=2,785,0,89
1775999236903,682,HTTP Request 2,200,OK,config 2 2-3,text,true,,231,168,6,18,http://stload.se.ifmo.ru:8080/?token=518472196&&user=-1356113187&config=2,682,0,0
1775999237235,648,HTTP Request 2,200,OK,config 2 2-4,text,true,,231,168,6,18,http://stload.se.ifmo.ru:8080/?token=518472196&&user=-1356113187&config=2,648,0,0
1775999237567,657,HTTP Request 2,200,OK,config 2 2-5,text,true,,231,168,6,18,http://stload.se.ifmo.ru:8080/?token=518472196&&user=-1356113187&config=2,657,0,0
1775999237754,669,HTTP Request 2,200,OK,config 2 2-1,text,true,,231,168,6,18,http://stload.se.ifmo.ru:8080/?token=518472196&&user=-1356113187&config=2,669,0,0
1775999237901,674,HTTP Request 2,200,OK,config 2 2-6,text,true,,231,168,6,18,http://stload.se.ifmo.ru:8080/?token=518472196&&user=-1356113187&config=2,674,0,0
1775999238068,647,HTTP Request 2,200,OK,config 2 2-2,text,true,,231,168,6,18,http://stload.se.ifmo.ru:8080/?token=518472196&&user=-1356113187&config=2,647,0,0
1775999238403,666,HTTP Request 2,200,OK,config 2 2-3,text,true,,231,168,6,18,http://stload.se.ifmo.ru:8080/?token=518472196&&user=-1356113187&config=2,666,0,0
1775999238736,692,HTTP Request 2,200,OK,config 2 2-4,text,true,,231,168,6,18,http://stload.se.ifmo.ru:8080/?token=518472196&&user=-1356113187&config=2,692,0,0
1775999239067,642,HTTP Request 2,200,OK,config 2 2-5,text,true,,231,168,6,18,http://stload.se.ifmo.ru:8080/?token=518472196&&user=-1356113187&config=2,642,0,0
1775999239255,673,HTTP Request 2,200,OK,config 2 2-1,text,true,,231,168,6,18,http://stload.se.ifmo.ru:8080/?token=518472196&&user=-1356113187&config=2,673,0,0
1775999239401,672,HTTP Request 2,200,OK,config 2 2-6,text,true,,231,168,6,18,http://stload.se.ifmo.ru:8080/?token=518472196&&user=-1356113187&config=2,672,0,0
1775999239568,661,HTTP Request 2,200,OK,config 2 2-2,text,true,,231,168,6,18,http://stload.se.ifmo.ru:8080/?token=518472196&&user=-1356113187&config=2,661,0,0
1775999239904,750,HTTP Request 2,200,OK,config 2 2-3,text,true,,231,168,6,18,http://stload.se.ifmo.ru:8080/?token=518472196&&user=-1356113187&config=2,750,0,38
1775999240236,655,HTTP Request 2,200,OK,config 2 2-4,text,true,,231,168,6,18,http://stload.se.ifmo.ru:8080/?token=518472196&&user=-1356113187&config=2,655,0,0
1775999240567,650,HTTP Request 2,200,OK,config 2 2-5,text,true,,231,168,6,18,http://stload.se.ifmo.ru:8080/?token=518472196&&user=-1356113187&config=2,650,0,0
1775999240754,643,HTTP Request 2,200,OK,config 2 2-1,text,true,,231,168,6,18,http://stload.se.ifmo.ru:8080/?token=518472196&&user=-1356113187&config=2,643,0,0
1775999240901,710,HTTP Request 2,200,OK,config 2 2-6,text,true,,231,168,6,18,http://stload.se.ifmo.ru:8080/?token=518472196&&user=-1356113187&config=2,710,0,0
1775999241068,663,HTTP Request 2,200,OK,config 2 2-2,text,true,,231,168,6,18,http://stload.se.ifmo.ru:8080/?token=518472196&&user=-1356113187&config=2,663,0,0
1775999241403,651,HTTP Request 2,200,OK,config 2 2-3,text,true,,231,168,6,18,http://stload.se.ifmo.ru:8080/?token=518472196&&user=-1356113187&config=2,651,0,0
1775999241735,825,HTTP Request 2,200,OK,config 2 2-4,text,true,,231,168,6,18,http://stload.se.ifmo.ru:8080/?token=518472196&&user=-1356113187&config=2,825,0,129
1775999242067,676,HTTP Request 2,200,OK,config 2 2-5,text,true,,231,168,6,18,http://stload.se.ifmo.ru:8080/?token=518472196&&user=-1356113187&config=2,676,0,0
1775999242254,726,HTTP Request 2,200,OK,config 2 2-1,text,true,,231,168,6,18,http://stload.se.ifmo.ru:8080/?token=518472196&&user=-1356113187&config=2,726,0,0
1775999242401,655,HTTP Request 2,200,OK,config 2 2-6,text,true,,231,168,6,18,http://stload.se.ifmo.ru:8080/?token=518472196&&user=-1356113187&config=2,655,0,0
1775999242569,718,HTTP Request 2,200,OK,config 2 2-2,text,true,,231,168,6,18,http://stload.se.ifmo.ru:8080/?token=518472196&&user=-1356113187&config=2,718,0,0
1775999242903,650,HTTP Request 2,200,OK,config 2 2-3,text,true,,231,168,6,18,http://stload.se.ifmo.ru:8080/?token=518472196&&user=-1356113187&config=2,650,0,0
1775999243235,695,HTTP Request 2,200,OK,config 2 2-4,text,true,,231,168,6,18,http://stload.se.ifmo.ru:8080/?token=518472196&&user=-1356113187&config=2,695,0,0
1775999243568,688,HTTP Request 2,200,OK,config 2 2-5,text,true,,231,168,6,18,http://stload.se.ifmo.ru:8080/?token=518472196&&user=-1356113187&config=2,688,0,0
1775999243755,657,HTTP Request 2,200,OK,config 2 2-1,text,true,,231,168,6,18,http://stload.se.ifmo.ru:8080/?token=518472196&&user=-1356113187&config=2,657,0,0
1775999243901,661,HTTP Request 2,200,OK,config 2 2-6,text,true,,231,168,6,18,http://stload.se.ifmo.ru:8080/?token=518472196&&user=-1356113187&config=2,661,0,0
1775999244068,740,HTTP Request 2,200,OK,config 2 2-2,text,true,,231,168,6,18,http://stload.se.ifmo.ru:8080/?token=518472196&&user=-1356113187&config=2,740,0,0
1775999244403,650,HTTP Request 2,200,OK,config 2 2-3,text,true,,231,168,6,18,http://stload.se.ifmo.ru:8080/?token=518472196&&user=-1356113187&config=2,650,0,0
1775999244735,747,HTTP Request 2,200,OK,config 2 2-4,text,true,,231,168,6,18,http://stload.se.ifmo.ru:8080/?token=518472196&&user=-1356113187&config=2,747,0,0
1775999245067,708,HTTP Request 2,200,OK,config 2 2-5,text,true,,231,168,6,18,http://stload.se.ifmo.ru:8080/?token=518472196&&user=-1356113187&config=2,708,0,56
1775999245254,731,HTTP Request 2,200,OK,config 2 2-1,text,true,,231,168,6,18,http://stload.se.ifmo.ru:8080/?token=518472196&&user=-1356113187&config=2,731,0,0
1775999245402,652,HTTP Request 2,200,OK,config 2 2-6,text,true,,231,168,6,18,http://stload.se.ifmo.ru:8080/?token=518472196&&user=-1356113187&config=2,652,0,0
1775999245569,666,HTTP Request 2,200,OK,config 2 2-2,text,true,,231,168,6,18,http://stload.se.ifmo.ru:8080/?token=518472196&&user=-1356113187&config=2,666,0,0
1775999245903,656,HTTP Request 2,200,OK,config 2 2-3,text,true,,231,168,6,18,http://stload.se.ifmo.ru:8080/?token=518472196&&user=-1356113187&config=2,656,0,0
1775999246235,657,HTTP Request 2,200,OK,config 2 2-4,text,true,,231,168,6,18,http://stload.se.ifmo.ru:8080/?token=518472196&&user=-1356113187&config=2,657,0,0
1775999246568,698,HTTP Request 2,200,OK,config 2 2-5,text,true,,231,168,6,18,http://stload.se.ifmo.ru:8080/?token=518472196&&user=-1356113187&config=2,698,0,0
1775999246755,699,HTTP Request 2,200,OK,config 2 2-1,text,true,,231,168,6,18,http://stload.se.ifmo.ru:8080/?token=518472196&&user=-1356113187&config=2,699,0,0
1775999246901,706,HTTP Request 2,200,OK,config 2 2-6,text,true,,231,168,6,18,http://stload.se.ifmo.ru:8080/?token=518472196&&user=-1356113187&config=2,706,0,0
1775999247068,652,HTTP Request 2,200,OK,config 2 2-2,text,true,,231,168,6,18,http://stload.se.ifmo.ru:8080/?token=518472196&&user=-1356113187&config=2,652,0,0
1775999247403,696,HTTP Request 2,200,OK,config 2 2-3,text,true,,231,168,6,18,http://stload.se.ifmo.ru:8080/?token=518472196&&user=-1356113187&config=2,696,0,0
1775999247735,696,HTTP Request 2,200,OK,config 2 2-4,text,true,,231,168,6,18,http://stload.se.ifmo.ru:8080/?token=518472196&&user=-1356113187&config=2,696,0,0
1775999248067,656,HTTP Request 2,200,OK,config 2 2-5,text,true,,231,168,6,18,http://stload.se.ifmo.ru:8080/?token=518472196&&user=-1356113187&config=2,656,0,0
1775999248254,685,HTTP Request 2,200,OK,config 2 2-1,text,true,,231,168,6,18,http://stload.se.ifmo.ru:8080/?token=518472196&&user=-1356113187&config=2,685,0,0
1775999248401,750,HTTP Request 2,200,OK,config 2 2-6,text,true,,231,168,6,18,http://stload.se.ifmo.ru:8080/?token=518472196&&user=-1356113187&config=2,750,0,56
1775999248568,684,HTTP Request 2,200,OK,config 2 2-2,text,true,,231,168,6,18,http://stload.se.ifmo.ru:8080/?token=518472196&&user=-1356113187&config=2,684,0,0
1775999248903,654,HTTP Request 2,200,OK,config 2 2-3,text,true,,231,168,6,18,http://stload.se.ifmo.ru:8080/?token=518472196&&user=-1356113187&config=2,654,0,0
1775999249236,649,HTTP Request 2,200,OK,config 2 2-4,text,true,,231,168,6,18,http://stload.se.ifmo.ru:8080/?token=518472196&&user=-1356113187&config=2,649,0,0
1775999249567,667,HTTP Request 2,200,OK,config 2 2-5,text,true,,231,168,6,18,http://stload.se.ifmo.ru:8080/?token=518472196&&user=-1356113187&config=2,667,0,0
1775999249754,666,HTTP Request 2,200,OK,config 2 2-1,text,true,,231,168,6,18,http://stload.se.ifmo.ru:8080/?token=518472196&&user=-1356113187&config=2,666,0,0
1775999249901,681,HTTP Request 2,200,OK,config 2 2-6,text,true,,231,168,6,18,http://stload.se.ifmo.ru:8080/?token=518472196&&user=-1356113187&config=2,681,0,0
1775999250068,668,HTTP Request 2,200,OK,config 2 2-2,text,true,,231,168,6,18,http://stload.se.ifmo.ru:8080/?token=518472196&&user=-1356113187&config=2,668,0,0
1775999250403,658,HTTP Request 2,200,OK,config 2 2-3,text,true,,231,168,6,18,http://stload.se.ifmo.ru:8080/?token=518472196&&user=-1356113187&config=2,658,0,0
1775999250735,695,HTTP Request 2,200,OK,config 2 2-4,text,true,,231,168,6,18,http://stload.se.ifmo.ru:8080/?token=518472196&&user=-1356113187&config=2,695,0,0
1775999251067,687,HTTP Request 2,200,OK,config 2 2-5,text,true,,231,168,6,18,http://stload.se.ifmo.ru:8080/?token=518472196&&user=-1356113187&config=2,687,0,0
1775999251254,650,HTTP Request 2,200,OK,config 2 2-1,text,true,,231,168,6,18,http://stload.se.ifmo.ru:8080/?token=518472196&&user=-1356113187&config=2,650,0,0
1775999251401,670,HTTP Request 2,200,OK,config 2 2-6,text,true,,231,168,6,18,http://stload.se.ifmo.ru:8080/?token=518472196&&user=-1356113187&config=2,670,0,0
1775999251568,652,HTTP Request 2,200,OK,config 2 2-2,text,true,,231,168,6,18,http://stload.se.ifmo.ru:8080/?token=518472196&&user=-1356113187&config=2,652,0,0
1775999251903,645,HTTP Request 2,200,OK,config 2 2-3,text,true,,231,168,6,18,http://stload.se.ifmo.ru:8080/?token=518472196&&user=-1356113187&config=2,645,0,0
1775999252235,654,HTTP Request 2,200,OK,config 2 2-4,text,true,,231,168,6,18,http://stload.se.ifmo.ru:8080/?token=518472196&&user=-1356113187&config=2,654,0,0
1775999252567,679,HTTP Request 2,200,OK,config 2 2-5,text,true,,231,168,6,18,http://stload.se.ifmo.ru:8080/?token=518472196&&user=-1356113187&config=2,679,0,0
1775999252754,695,HTTP Request 2,200,OK,config 2 2-1,text,true,,231,168,6,18,http://stload.se.ifmo.ru:8080/?token=518472196&&user=-1356113187&config=2,695,0,0
1775999252901,681,HTTP Request 2,200,OK,config 2 2-6,text,true,,231,168,6,18,http://stload.se.ifmo.ru:8080/?token=518472196&&user=-1356113187&config=2,681,0,0
1775999253068,666,HTTP Request 2,200,OK,config 2 2-2,text,true,,231,168,6,18,http://stload.se.ifmo.ru:8080/?token=518472196&&user=-1356113187&config=2,666,0,0
1775999253403,666,HTTP Request 2,200,OK,config 2 2-3,text,true,,231,168,6,18,http://stload.se.ifmo.ru:8080/?token=518472196&&user=-1356113187&config=2,666,0,0
1775999253736,695,HTTP Request 2,200,OK,config 2 2-4,text,true,,231,168,6,18,http://stload.se.ifmo.ru:8080/?token=518472196&&user=-1356113187&config=2,695,0,0
1775999254067,640,HTTP Request 2,200,OK,config 2 2-5,text,true,,231,168,6,18,http://stload.se.ifmo.ru:8080/?token=518472196&&user=-1356113187&config=2,640,0,0
1775999254254,668,HTTP Request 2,200,OK,config 2 2-1,text,true,,231,168,6,18,http://stload.se.ifmo.ru:8080/?token=518472196&&user=-1356113187&config=2,668,0,0
1775999254401,654,HTTP Request 2,200,OK,config 2 2-6,text,true,,231,168,6,18,http://stload.se.ifmo.ru:8080/?token=518472196&&user=-1356113187&config=2,654,0,0
1775999254568,649,HTTP Request 2,200,OK,config 2 2-2,text,true,,231,168,6,18,http://stload.se.ifmo.ru:8080/?token=518472196&&user=-1356113187&config=2,649,0,0
1775999254903,651,HTTP Request 2,200,OK,config 2 2-3,text,true,,231,168,6,18,http://stload.se.ifmo.ru:8080/?token=518472196&&user=-1356113187&config=2,651,0,0
1775999255235,660,HTTP Request 2,200,OK,config 2 2-4,text,true,,231,168,6,18,http://stload.se.ifmo.ru:8080/?token=518472196&&user=-1356113187&config=2,660,0,0
1775999255567,675,HTTP Request 2,200,OK,config 2 2-5,text,true,,231,168,6,18,http://stload.se.ifmo.ru:8080/?token=518472196&&user=-1356113187&config=2,675,0,0
1775999255754,716,HTTP Request 2,200,OK,config 2 2-1,text,true,,231,168,6,18,http://stload.se.ifmo.ru:8080/?token=518472196&&user=-1356113187&config=2,716,0,0
1775999255901,692,HTTP Request 2,200,OK,config 2 2-6,text,true,,231,168,6,18,http://stload.se.ifmo.ru:8080/?token=518472196&&user=-1356113187&config=2,692,0,0
1775999256068,665,HTTP Request 2,200,OK,config 2 2-2,text,true,,231,168,6,18,http://stload.se.ifmo.ru:8080/?token=518472196&&user=-1356113187&config=2,665,0,0
1775999256403,745,HTTP Request 2,200,OK,config 2 2-3,text,true,,231,168,6,18,http://stload.se.ifmo.ru:8080/?token=518472196&&user=-1356113187&config=2,745,0,0
1775999256735,744,HTTP Request 2,200,OK,config 2 2-4,text,true,,231,168,6,18,http://stload.se.ifmo.ru:8080/?token=518472196&&user=-1356113187&config=2,744,0,0
1775999257067,650,HTTP Request 2,200,OK,config 2 2-5,text,true,,231,168,6,18,http://stload.se.ifmo.ru:8080/?token=518472196&&user=-1356113187&config=2,650,0,0
1775999257254,672,HTTP Request 2,200,OK,config 2 2-1,text,true,,231,168,6,18,http://stload.se.ifmo.ru:8080/?token=518472196&&user=-1356113187&config=2,672,0,0
1775999257401,652,HTTP Request 2,200,OK,config 2 2-6,text,true,,231,168,6,18,http://stload.se.ifmo.ru:8080/?token=518472196&&user=-1356113187&config=2,652,0,0
1775999257568,652,HTTP Request 2,200,OK,config 2 2-2,text,true,,231,168,6,18,http://stload.se.ifmo.ru:8080/?token=518472196&&user=-1356113187&config=2,652,0,0
1775999257904,657,HTTP Request 2,200,OK,config 2 2-3,text,true,,231,168,6,18,http://stload.se.ifmo.ru:8080/?token=518472196&&user=-1356113187&config=2,657,0,0
1775999258235,661,HTTP Request 2,200,OK,config 2 2-4,text,true,,231,168,6,18,http://stload.se.ifmo.ru:8080/?token=518472196&&user=-1356113187&config=2,661,0,0
1775999258567,655,HTTP Request 2,200,OK,config 2 2-5,text,true,,231,168,6,18,http://stload.se.ifmo.ru:8080/?token=518472196&&user=-1356113187&config=2,655,0,0
1775999258755,697,HTTP Request 2,200,OK,config 2 2-1,text,true,,231,168,6,18,http://stload.se.ifmo.ru:8080/?token=518472196&&user=-1356113187&config=2,697,0,0
1775999258902,652,HTTP Request 2,200,OK,config 2 2-6,text,true,,231,168,6,18,http://stload.se.ifmo.ru:8080/?token=518472196&&user=-1356113187&config=2,652,0,0
1775999259069,673,HTTP Request 2,200,OK,config 2 2-2,text,true,,231,168,6,18,http://stload.se.ifmo.ru:8080/?token=518472196&&user=-1356113187&config=2,673,0,0
1775999259403,666,HTTP Request 2,200,OK,config 2 2-3,text,true,,231,168,6,18,http://stload.se.ifmo.ru:8080/?token=518472196&&user=-1356113187&config=2,666,0,0
1775999259735,718,HTTP Request 2,200,OK,config 2 2-4,text,true,,231,168,6,18,http://stload.se.ifmo.ru:8080/?token=518472196&&user=-1356113187&config=2,718,0,0
1775999260067,652,HTTP Request 2,200,OK,config 2 2-5,text,true,,231,168,6,17,http://stload.se.ifmo.ru:8080/?token=518472196&&user=-1356113187&config=2,652,0,0
1775999260254,647,HTTP Request 2,200,OK,config 2 2-1,text,true,,231,168,6,17,http://stload.se.ifmo.ru:8080/?token=518472196&&user=-1356113187&config=2,647,0,0
1775999260401,659,HTTP Request 2,200,OK,config 2 2-6,text,true,,231,168,5,16,http://stload.se.ifmo.ru:8080/?token=518472196&&user=-1356113187&config=2,659,0,0
1775999260569,665,HTTP Request 2,200,OK,config 2 2-2,text,true,,231,168,5,15,http://stload.se.ifmo.ru:8080/?token=518472196&&user=-1356113187&config=2,665,0,0
1775999260903,654,HTTP Request 2,200,OK,config 2 2-3,text,true,,231,168,5,15,http://stload.se.ifmo.ru:8080/?token=518472196&&user=-1356113187&config=2,654,0,0
1775999261235,662,HTTP Request 2,200,OK,config 2 2-4,text,true,,231,168,5,15,http://stload.se.ifmo.ru:8080/?token=518472196&&user=-1356113187&config=2,662,0,0
1775999261567,712,HTTP Request 2,200,OK,config 2 2-5,text,true,,231,168,5,15,http://stload.se.ifmo.ru:8080/?token=518472196&&user=-1356113187&config=2,712,0,0
1775999261901,645,HTTP Request 2,200,OK,config 2 2-6,text,true,,231,168,5,15,http://stload.se.ifmo.ru:8080/?token=518472196&&user=-1356113187&config=2,645,0,0
1775999262069,639,HTTP Request 2,200,OK,config 2 2-2,text,true,,231,168,5,15,http://stload.se.ifmo.ru:8080/?token=518472196&&user=-1356113187&config=2,639,0,0
1775999262404,650,HTTP Request 2,200,OK,config 2 2-3,text,true,,231,168,5,15,http://stload.se.ifmo.ru:8080/?token=518472196&&user=-1356113187&config=2,650,0,0
1775999262735,681,HTTP Request 2,200,OK,config 2 2-4,text,true,,231,168,5,15,http://stload.se.ifmo.ru:8080/?token=518472196&&user=-1356113187&config=2,681,0,0
1775999263067,673,HTTP Request 2,200,OK,config 2 2-5,text,true,,231,168,5,15,http://stload.se.ifmo.ru:8080/?token=518472196&&user=-1356113187&config=2,673,0,0
1775999263401,682,HTTP Request 2,200,OK,config 2 2-6,text,true,,231,168,5,14,http://stload.se.ifmo.ru:8080/?token=518472196&&user=-1356113187&config=2,682,0,0
1775999263568,654,HTTP Request 2,200,OK,config 2 2-2,text,true,,231,168,5,14,http://stload.se.ifmo.ru:8080/?token=518472196&&user=-1356113187&config=2,654,0,0
1775999263903,657,HTTP Request 2,200,OK,config 2 2-3,text,true,,231,168,4,12,http://stload.se.ifmo.ru:8080/?token=518472196&&user=-1356113187&config=2,657,0,0
1775999264235,674,HTTP Request 2,200,OK,config 2 2-4,text,true,,231,168,4,12,http://stload.se.ifmo.ru:8080/?token=518472196&&user=-1356113187&config=2,674,0,0
1775999264568,700,HTTP Request 2,200,OK,config 2 2-5,text,true,,231,168,4,12,http://stload.se.ifmo.ru:8080/?token=518472196&&user=-1356113187&config=2,700,0,0
1775999264902,687,HTTP Request 2,200,OK,config 2 2-6,text,true,,231,168,4,12,http://stload.se.ifmo.ru:8080/?token=518472196&&user=-1356113187&config=2,687,0,0
1775999265404,628,HTTP Request 2,200,OK,config 2 2-3,text,true,,231,168,4,12,http://stload.se.ifmo.ru:8080/?token=518472196&&user=-1356113187&config=2,628,0,0
1775999265735,635,HTTP Request 2,200,OK,config 2 2-4,text,true,,231,168,4,12,http://stload.se.ifmo.ru:8080/?token=518472196&&user=-1356113187&config=2,635,0,0
1775999266067,683,HTTP Request 2,200,OK,config 2 2-5,text,true,,231,168,4,12,http://stload.se.ifmo.ru:8080/?token=518472196&&user=-1356113187&config=2,683,0,0
1775999266402,650,HTTP Request 2,200,OK,config 2 2-6,text,true,,231,168,4,12,http://stload.se.ifmo.ru:8080/?token=518472196&&user=-1356113187&config=2,650,0,0
1775999266903,623,HTTP Request 2,200,OK,config 2 2-3,text,true,,231,168,4,11,http://stload.se.ifmo.ru:8080/?token=518472196&&user=-1356113187&config=2,623,0,0
1775999267235,633,HTTP Request 2,200,OK,config 2 2-4,text,true,,231,168,3,9,http://stload.se.ifmo.ru:8080/?token=518472196&&user=-1356113187&config=2,633,0,0
1775999267567,658,HTTP Request 2,200,OK,config 2 2-5,text,true,,231,168,3,9,http://stload.se.ifmo.ru:8080/?token=518472196&&user=-1356113187&config=2,658,0,0
1775999267901,656,HTTP Request 2,200,OK,config 2 2-6,text,true,,231,168,3,9,http://stload.se.ifmo.ru:8080/?token=518472196&&user=-1356113187&config=2,656,0,0
1775999268736,665,HTTP Request 2,200,OK,config 2 2-4,text,true,,231,168,3,9,http://stload.se.ifmo.ru:8080/?token=518472196&&user=-1356113187&config=2,665,0,0
1775999269067,683,HTTP Request 2,200,OK,config 2 2-5,text,true,,231,168,3,9,http://stload.se.ifmo.ru:8080/?token=518472196&&user=-1356113187&config=2,683,0,0
1775999269401,625,HTTP Request 2,200,OK,config 2 2-6,text,true,,231,168,3,9,http://stload.se.ifmo.ru:8080/?token=518472196&&user=-1356113187&config=2,625,0,0
1775999270236,663,HTTP Request 2,200,OK,config 2 2-4,text,true,,231,168,3,8,http://stload.se.ifmo.ru:8080/?token=518472196&&user=-1356113187&config=2,663,0,0
1775999270567,598,HTTP Request 2,200,OK,config 2 2-5,text,true,,231,168,2,6,http://stload.se.ifmo.ru:8080/?token=518472196&&user=-1356113187&config=2,598,0,0
1775999270901,601,HTTP Request 2,200,OK,config 2 2-6,text,true,,231,168,2,6,http://stload.se.ifmo.ru:8080/?token=518472196&&user=-1356113187&config=2,601,0,0
1775999272067,619,HTTP Request 2,200,OK,config 2 2-5,text,true,,231,168,2,6,http://stload.se.ifmo.ru:8080/?token=518472196&&user=-1356113187&config=2,619,0,0
1775999272401,591,HTTP Request 2,200,OK,config 2 2-6,text,true,,231,168,2,6,http://stload.se.ifmo.ru:8080/?token=518472196&&user=-1356113187&config=2,591,0,0
1775999273567,598,HTTP Request 2,200,OK,config 2 2-5,text,true,,231,168,2,5,http://stload.se.ifmo.ru:8080/?token=518472196&&user=-1356113187&config=2,598,0,0
1775999273902,586,HTTP Request 2,200,OK,config 2 2-6,text,true,,231,168,1,3,http://stload.se.ifmo.ru:8080/?token=518472196&&user=-1356113187&config=2,586,0,0
1775999275401,571,HTTP Request 2,200,OK,config 2 2-6,text,true,,231,168,1,3,http://stload.se.ifmo.ru:8080/?token=518472196&&user=-1356113187&config=2,571,0,0
1775999276902,604,HTTP Request 2,200,OK,config 2 2-6,text,true,,231,168,1,2,http://stload.se.ifmo.ru:8080/?token=518472196&&user=-1356113187&config=2,604,0,0
1776021770923,902,HTTP Request 2,200,OK,config 2 2-1,text,false,"The operation lasted too long: It took 902 milliseconds, but should not have lasted longer than 840 milliseconds.",231,168,1,3,http://stload.se.ifmo.ru:8080/?token=518472196&&user=-1356113187&config=2,902,0,139
1776021772370,698,HTTP Request 2,200,OK,config 2 2-1,text,true,,231,168,1,3,http://stload.se.ifmo.ru:8080/?token=518472196&&user=-1356113187&config=2,698,0,0
1776021773871,725,HTTP Request 2,200,OK,config 2 2-1,text,true,,231,168,2,6,http://stload.se.ifmo.ru:8080/?token=518472196&&user=-1356113187&config=2,725,0,0
1776021774182,923,HTTP Request 2,200,OK,config 2 2-2,text,false,"The operation lasted too long: It took 923 milliseconds, but should not have lasted longer than 840 milliseconds.",231,168,2,6,http://stload.se.ifmo.ru:8080/?token=518472196&&user=-1356113187&config=2,923,0,274
1776021779760,823,HTTP Request 2,200,OK,config 2 2-1,text,true,,231,168,1,3,http://stload.se.ifmo.ru:8080/?token=518472196&&user=-1356113187&config=2,823,0,108
1776021781206,662,HTTP Request 2,200,OK,config 2 2-1,text,true,,231,168,1,3,http://stload.se.ifmo.ru:8080/?token=518472196&&user=-1356113187&config=2,662,0,0
1776021782705,731,HTTP Request 2,200,OK,config 2 2-1,text,true,,231,168,2,6,http://stload.se.ifmo.ru:8080/?token=518472196&&user=-1356113187&config=2,731,0,0
1776021783018,809,HTTP Request 2,200,OK,config 2 2-2,text,true,,231,168,2,6,http://stload.se.ifmo.ru:8080/?token=518472196&&user=-1356113187&config=2,809,0,127
1776021784205,653,HTTP Request 2,200,OK,config 2 2-1,text,true,,231,168,2,6,http://stload.se.ifmo.ru:8080/?token=518472196&&user=-1356113187&config=2,652,0,0
1776021784516,652,HTTP Request 2,200,OK,config 2 2-2,text,true,,231,168,2,6,http://stload.se.ifmo.ru:8080/?token=518472196&&user=-1356113187&config=2,652,0,0
1776021785706,674,HTTP Request 2,200,OK,config 2 2-1,text,true,,231,168,3,9,http://stload.se.ifmo.ru:8080/?token=518472196&&user=-1356113187&config=2,674,0,0
1776021786017,623,HTTP Request 2,200,OK,config 2 2-2,text,true,,231,168,3,9,http://stload.se.ifmo.ru:8080/?token=518472196&&user=-1356113187&config=2,623,0,0
1776021786351,808,HTTP Request 2,200,OK,config 2 2-3,text,true,,231,168,3,9,http://stload.se.ifmo.ru:8080/?token=518472196&&user=-1356113187&config=2,808,0,157
1776021787204,645,HTTP Request 2,200,OK,config 2 2-1,text,true,,231,168,3,9,http://stload.se.ifmo.ru:8080/?token=518472196&&user=-1356113187&config=2,645,0,0
1776021787517,723,HTTP Request 2,200,OK,config 2 2-2,text,true,,231,168,3,9,http://stload.se.ifmo.ru:8080/?token=518472196&&user=-1356113187&config=2,723,0,0
1776021787851,721,HTTP Request 2,200,OK,config 2 2-3,text,true,,231,168,3,9,http://stload.se.ifmo.ru:8080/?token=518472196&&user=-1356113187&config=2,721,0,0
1776021788705,634,HTTP Request 2,200,OK,config 2 2-1,text,true,,231,168,3,9,http://stload.se.ifmo.ru:8080/?token=518472196&&user=-1356113187&config=2,634,0,0
1776021789017,653,HTTP Request 2,200,OK,config 2 2-2,text,true,,231,168,3,9,http://stload.se.ifmo.ru:8080/?token=518472196&&user=-1356113187&config=2,653,0,0
1776021789351,790,HTTP Request 2,200,OK,config 2 2-3,text,true,,231,168,4,12,http://stload.se.ifmo.ru:8080/?token=518472196&&user=-1356113187&config=2,790,0,0
1776021789684,883,HTTP Request 2,200,OK,config 2 2-4,text,false,"The operation lasted too long: It took 883 milliseconds, but should not have lasted longer than 840 milliseconds.",231,168,4,12,http://stload.se.ifmo.ru:8080/?token=518472196&&user=-1356113187&config=2,883,0,174
1776021790206,669,HTTP Request 2,200,OK,config 2 2-1,text,true,,231,168,4,12,http://stload.se.ifmo.ru:8080/?token=518472196&&user=-1356113187&config=2,669,0,0
1776021790518,706,HTTP Request 2,200,OK,config 2 2-2,text,true,,231,168,4,12,http://stload.se.ifmo.ru:8080/?token=518472196&&user=-1356113187&config=2,706,0,0
1776021790852,744,HTTP Request 2,200,OK,config 2 2-3,text,true,,231,168,4,12,http://stload.se.ifmo.ru:8080/?token=518472196&&user=-1356113187&config=2,744,0,0
1776021791185,667,HTTP Request 2,200,OK,config 2 2-4,text,true,,231,168,4,12,http://stload.se.ifmo.ru:8080/?token=518472196&&user=-1356113187&config=2,666,0,0
1776021791706,647,HTTP Request 2,200,OK,config 2 2-1,text,true,,231,168,4,12,http://stload.se.ifmo.ru:8080/?token=518472196&&user=-1356113187&config=2,647,0,0
1776021792018,661,HTTP Request 2,200,OK,config 2 2-2,text,true,,231,168,4,12,http://stload.se.ifmo.ru:8080/?token=518472196&&user=-1356113187&config=2,661,0,0
1776021792352,710,HTTP Request 2,200,OK,config 2 2-3,text,true,,231,168,5,15,http://stload.se.ifmo.ru:8080/?token=518472196&&user=-1356113187&config=2,710,0,0
1776021792685,633,HTTP Request 2,200,OK,config 2 2-4,text,true,,231,168,5,15,http://stload.se.ifmo.ru:8080/?token=518472196&&user=-1356113187&config=2,633,0,0
1776021793019,816,HTTP Request 2,200,OK,config 2 2-5,text,true,,231,168,5,15,http://stload.se.ifmo.ru:8080/?token=518472196&&user=-1356113187&config=2,816,0,175
1776021793207,687,HTTP Request 2,200,OK,config 2 2-1,text,true,,231,168,5,15,http://stload.se.ifmo.ru:8080/?token=518472196&&user=-1356113187&config=2,687,0,0
1776021793518,759,HTTP Request 2,200,OK,config 2 2-2,text,true,,231,168,5,15,http://stload.se.ifmo.ru:8080/?token=518472196&&user=-1356113187&config=2,759,0,0
1776021793852,698,HTTP Request 2,200,OK,config 2 2-3,text,true,,231,168,5,15,http://stload.se.ifmo.ru:8080/?token=518472196&&user=-1356113187&config=2,698,0,0
1776021794185,691,HTTP Request 2,200,OK,config 2 2-4,text,true,,231,168,5,15,http://stload.se.ifmo.ru:8080/?token=518472196&&user=-1356113187&config=2,691,0,0
1776021794518,676,HTTP Request 2,200,OK,config 2 2-5,text,true,,231,168,5,15,http://stload.se.ifmo.ru:8080/?token=518472196&&user=-1356113187&config=2,676,0,0
1776021794707,673,HTTP Request 2,200,OK,config 2 2-1,text,true,,231,168,5,15,http://stload.se.ifmo.ru:8080/?token=518472196&&user=-1356113187&config=2,673,0,0
1776021795018,685,HTTP Request 2,200,OK,config 2 2-2,text,true,,231,168,5,15,http://stload.se.ifmo.ru:8080/?token=518472196&&user=-1356113187&config=2,685,0,0
1776021795352,669,HTTP Request 2,200,OK,config 2 2-3,text,true,,231,168,5,15,http://stload.se.ifmo.ru:8080/?token=518472196&&user=-1356113187&config=2,669,0,0
1776021795686,884,HTTP Request 2,200,OK,config 2 2-4,text,false,"The operation lasted too long: It took 884 milliseconds, but should not have lasted longer than 840 milliseconds.",231,168,6,18,http://stload.se.ifmo.ru:8080/?token=518472196&&user=-1356113187&config=2,884,0,0
1776021796020,724,HTTP Request 2,200,OK,config 2 2-5,text,true,,231,168,6,18,http://stload.se.ifmo.ru:8080/?token=518472196&&user=-1356113187&config=2,724,0,0
1776021796206,810,HTTP Request 2,200,OK,config 2 2-1,text,true,,231,168,6,18,http://stload.se.ifmo.ru:8080/?token=518472196&&user=-1356113187&config=2,810,0,0
1776021796518,694,HTTP Request 2,200,OK,config 2 2-2,text,true,,231,168,6,18,http://stload.se.ifmo.ru:8080/?token=518472196&&user=-1356113187&config=2,694,0,0
1776021796351,928,HTTP Request 2,200,OK,config 2 2-6,text,false,"The operation lasted too long: It took 928 milliseconds, but should not have lasted longer than 840 milliseconds.",231,168,6,18,http://stload.se.ifmo.ru:8080/?token=518472196&&user=-1356113187&config=2,928,0,219
1776021796852,805,HTTP Request 2,200,OK,config 2 2-3,text,true,,231,168,6,18,http://stload.se.ifmo.ru:8080/?token=518472196&&user=-1356113187&config=2,805,0,0
1776021797185,726,HTTP Request 2,200,OK,config 2 2-4,text,true,,231,168,6,18,http://stload.se.ifmo.ru:8080/?token=518472196&&user=-1356113187&config=2,726,0,0
1776021797519,700,HTTP Request 2,200,OK,config 2 2-5,text,true,,231,168,6,18,http://stload.se.ifmo.ru:8080/?token=518472196&&user=-1356113187&config=2,700,0,0
1776021797706,763,HTTP Request 2,200,OK,config 2 2-1,text,true,,231,168,6,18,http://stload.se.ifmo.ru:8080/?token=518472196&&user=-1356113187&config=2,763,0,0
1776021797850,763,HTTP Request 2,200,OK,config 2 2-6,text,true,,231,168,6,18,http://stload.se.ifmo.ru:8080/?token=518472196&&user=-1356113187&config=2,763,0,0
1776021798018,676,HTTP Request 2,200,OK,config 2 2-2,text,true,,231,168,6,18,http://stload.se.ifmo.ru:8080/?token=518472196&&user=-1356113187&config=2,676,0,0
1776021798351,722,HTTP Request 2,200,OK,config 2 2-3,text,true,,231,168,6,18,http://stload.se.ifmo.ru:8080/?token=518472196&&user=-1356113187&config=2,722,0,0
1776021798685,695,HTTP Request 2,200,OK,config 2 2-4,text,true,,231,168,6,18,http://stload.se.ifmo.ru:8080/?token=518472196&&user=-1356113187&config=2,695,0,0
1776021799019,791,HTTP Request 2,200,OK,config 2 2-5,text,true,,231,168,6,18,http://stload.se.ifmo.ru:8080/?token=518472196&&user=-1356113187&config=2,791,0,0
1776021799206,781,HTTP Request 2,200,OK,config 2 2-1,text,true,,231,168,6,18,http://stload.se.ifmo.ru:8080/?token=518472196&&user=-1356113187&config=2,781,0,0
1776021799352,732,HTTP Request 2,200,OK,config 2 2-6,text,true,,231,168,6,18,http://stload.se.ifmo.ru:8080/?token=518472196&&user=-1356113187&config=2,732,0,0
1776021799518,808,HTTP Request 2,200,OK,config 2 2-2,text,true,,231,168,6,18,http://stload.se.ifmo.ru:8080/?token=518472196&&user=-1356113187&config=2,808,0,0
1776021799853,739,HTTP Request 2,200,OK,config 2 2-3,text,true,,231,168,6,18,http://stload.se.ifmo.ru:8080/?token=518472196&&user=-1356113187&config=2,739,0,0
1776021800186,836,HTTP Request 2,200,OK,config 2 2-4,text,true,,231,168,6,18,http://stload.se.ifmo.ru:8080/?token=518472196&&user=-1356113187&config=2,836,0,0
1776021800519,747,HTTP Request 2,200,OK,config 2 2-5,text,true,,231,168,6,18,http://stload.se.ifmo.ru:8080/?token=518472196&&user=-1356113187&config=2,747,0,0
1776021800706,709,HTTP Request 2,200,OK,config 2 2-1,text,true,,231,168,6,18,http://stload.se.ifmo.ru:8080/?token=518472196&&user=-1356113187&config=2,709,0,0
1776021800852,701,HTTP Request 2,200,OK,config 2 2-6,text,true,,231,168,6,18,http://stload.se.ifmo.ru:8080/?token=518472196&&user=-1356113187&config=2,701,0,0
1776021801018,680,HTTP Request 2,200,OK,config 2 2-2,text,true,,231,168,6,18,http://stload.se.ifmo.ru:8080/?token=518472196&&user=-1356113187&config=2,680,0,0
1776021801352,739,HTTP Request 2,200,OK,config 2 2-3,text,true,,231,168,6,18,http://stload.se.ifmo.ru:8080/?token=518472196&&user=-1356113187&config=2,739,0,0
1776021801686,751,HTTP Request 2,200,OK,config 2 2-4,text,true,,231,168,6,18,http://stload.se.ifmo.ru:8080/?token=518472196&&user=-1356113187&config=2,751,0,0
1776021802020,800,HTTP Request 2,200,OK,config 2 2-5,text,true,,231,168,6,18,http://stload.se.ifmo.ru:8080/?token=518472196&&user=-1356113187&config=2,800,0,0
1776021802206,749,HTTP Request 2,200,OK,config 2 2-1,text,true,,231,168,6,18,http://stload.se.ifmo.ru:8080/?token=518472196&&user=-1356113187&config=2,748,0,0
1776021802351,747,HTTP Request 2,200,OK,config 2 2-6,text,true,,231,168,6,18,http://stload.se.ifmo.ru:8080/?token=518472196&&user=-1356113187&config=2,747,0,0
1776021802518,1114,HTTP Request 2,200,OK,config 2 2-2,text,false,"The operation lasted too long: It took 1,114 milliseconds, but should not have lasted longer than 840 milliseconds.",231,168,6,18,http://stload.se.ifmo.ru:8080/?token=518472196&&user=-1356113187&config=2,1114,0,0
1776021802853,831,HTTP Request 2,200,OK,config 2 2-3,text,true,,231,168,6,18,http://stload.se.ifmo.ru:8080/?token=518472196&&user=-1356113187&config=2,831,0,0
1776021803520,825,HTTP Request 2,200,OK,config 2 2-5,text,true,,231,168,6,18,http://stload.se.ifmo.ru:8080/?token=518472196&&user=-1356113187&config=2,825,0,0
1776021803185,1160,HTTP Request 2,200,OK,config 2 2-4,text,false,"The operation lasted too long: It took 1,160 milliseconds, but should not have lasted longer than 840 milliseconds.",231,168,6,18,http://stload.se.ifmo.ru:8080/?token=518472196&&user=-1356113187&config=2,1160,0,0
1776021803706,767,HTTP Request 2,200,OK,config 2 2-1,text,true,,231,168,6,18,http://stload.se.ifmo.ru:8080/?token=518472196&&user=-1356113187&config=2,767,0,0
1776021803852,764,HTTP Request 2,200,OK,config 2 2-6,text,true,,231,168,6,18,http://stload.se.ifmo.ru:8080/?token=518472196&&user=-1356113187&config=2,764,0,0
1776021804018,809,HTTP Request 2,200,OK,config 2 2-2,text,true,,231,168,6,18,http://stload.se.ifmo.ru:8080/?token=518472196&&user=-1356113187&config=2,809,0,0
1776021804351,763,HTTP Request 2,200,OK,config 2 2-3,text,true,,231,168,6,18,http://stload.se.ifmo.ru:8080/?token=518472196&&user=-1356113187&config=2,763,0,0
1776021804684,773,HTTP Request 2,200,OK,config 2 2-4,text,true,,231,168,6,18,http://stload.se.ifmo.ru:8080/?token=518472196&&user=-1356113187&config=2,773,0,0
1776021805018,805,HTTP Request 2,200,OK,config 2 2-5,text,true,,231,168,6,18,http://stload.se.ifmo.ru:8080/?token=518472196&&user=-1356113187&config=2,805,0,0
1776021805206,755,HTTP Request 2,200,OK,config 2 2-1,text,true,,231,168,6,18,http://stload.se.ifmo.ru:8080/?token=518472196&&user=-1356113187&config=2,755,0,0
1776021805350,761,HTTP Request 2,200,OK,config 2 2-6,text,true,,231,168,6,18,http://stload.se.ifmo.ru:8080/?token=518472196&&user=-1356113187&config=2,761,0,0
1776021805517,750,HTTP Request 2,200,OK,config 2 2-2,text,true,,231,168,6,18,http://stload.se.ifmo.ru:8080/?token=518472196&&user=-1356113187&config=2,750,0,0
1776021805850,740,HTTP Request 2,200,OK,config 2 2-3,text,true,,231,168,6,18,http://stload.se.ifmo.ru:8080/?token=518472196&&user=-1356113187&config=2,740,0,0
1776021806185,839,HTTP Request 2,200,OK,config 2 2-4,text,true,,231,168,6,18,http://stload.se.ifmo.ru:8080/?token=518472196&&user=-1356113187&config=2,839,0,0
1776021806519,746,HTTP Request 2,200,OK,config 2 2-5,text,true,,231,168,6,18,http://stload.se.ifmo.ru:8080/?token=518472196&&user=-1356113187&config=2,746,0,0
1776021806705,818,HTTP Request 2,200,OK,config 2 2-1,text,true,,231,168,6,18,http://stload.se.ifmo.ru:8080/?token=518472196&&user=-1356113187&config=2,818,0,0
1776021806850,747,HTTP Request 2,200,OK,config 2 2-6,text,true,,231,168,6,18,http://stload.se.ifmo.ru:8080/?token=518472196&&user=-1356113187&config=2,747,0,0
1776021807016,736,HTTP Request 2,200,OK,config 2 2-2,text,true,,231,168,6,18,http://stload.se.ifmo.ru:8080/?token=518472196&&user=-1356113187&config=2,736,0,0
1776021807351,741,HTTP Request 2,200,OK,config 2 2-3,text,true,,231,168,6,18,http://stload.se.ifmo.ru:8080/?token=518472196&&user=-1356113187&config=2,741,0,0
1776021807684,749,HTTP Request 2,200,OK,config 2 2-4,text,true,,231,168,6,18,http://stload.se.ifmo.ru:8080/?token=518472196&&user=-1356113187&config=2,749,0,0
1776021808019,776,HTTP Request 2,200,OK,config 2 2-5,text,true,,231,168,6,18,http://stload.se.ifmo.ru:8080/?token=518472196&&user=-1356113187&config=2,776,0,0
1776021808205,799,HTTP Request 2,200,OK,config 2 2-1,text,true,,231,168,6,18,http://stload.se.ifmo.ru:8080/?token=518472196&&user=-1356113187&config=2,798,0,0
1776021808350,714,HTTP Request 2,200,OK,config 2 2-6,text,true,,231,168,6,18,http://stload.se.ifmo.ru:8080/?token=518472196&&user=-1356113187&config=2,714,0,0
1776021808517,816,HTTP Request 2,200,OK,config 2 2-2,text,true,,231,168,6,18,http://stload.se.ifmo.ru:8080/?token=518472196&&user=-1356113187&config=2,816,0,0
1776021808851,714,HTTP Request 2,200,OK,config 2 2-3,text,true,,231,168,6,18,http://stload.se.ifmo.ru:8080/?token=518472196&&user=-1356113187&config=2,714,0,0
1776021809184,729,HTTP Request 2,200,OK,config 2 2-4,text,true,,231,168,6,18,http://stload.se.ifmo.ru:8080/?token=518472196&&user=-1356113187&config=2,729,0,0
1776021809519,740,HTTP Request 2,200,OK,config 2 2-5,text,true,,231,168,6,18,http://stload.se.ifmo.ru:8080/?token=518472196&&user=-1356113187&config=2,740,0,0
1776021809705,694,HTTP Request 2,200,OK,config 2 2-1,text,true,,231,168,6,18,http://stload.se.ifmo.ru:8080/?token=518472196&&user=-1356113187&config=2,694,0,0
1776021809850,803,HTTP Request 2,200,OK,config 2 2-6,text,true,,231,168,6,18,http://stload.se.ifmo.ru:8080/?token=518472196&&user=-1356113187&config=2,803,0,0
1776021810018,761,HTTP Request 2,200,OK,config 2 2-2,text,true,,231,168,6,18,http://stload.se.ifmo.ru:8080/?token=518472196&&user=-1356113187&config=2,761,0,0
1776021810353,751,HTTP Request 2,200,OK,config 2 2-3,text,true,,231,168,6,18,http://stload.se.ifmo.ru:8080/?token=518472196&&user=-1356113187&config=2,751,0,0
1776021810685,752,HTTP Request 2,200,OK,config 2 2-4,text,true,,231,168,6,18,http://stload.se.ifmo.ru:8080/?token=518472196&&user=-1356113187&config=2,752,0,0
1776021811018,808,HTTP Request 2,200,OK,config 2 2-5,text,true,,231,168,6,18,http://stload.se.ifmo.ru:8080/?token=518472196&&user=-1356113187&config=2,808,0,0
1776021811206,739,HTTP Request 2,200,OK,config 2 2-1,text,true,,231,168,6,18,http://stload.se.ifmo.ru:8080/?token=518472196&&user=-1356113187&config=2,739,0,0
1776021811351,719,HTTP Request 2,200,OK,config 2 2-6,text,true,,231,168,6,18,http://stload.se.ifmo.ru:8080/?token=518472196&&user=-1356113187&config=2,719,0,0
1776021811518,762,HTTP Request 2,200,OK,config 2 2-2,text,true,,231,168,6,18,http://stload.se.ifmo.ru:8080/?token=518472196&&user=-1356113187&config=2,762,0,0
1776021811852,728,HTTP Request 2,200,OK,config 2 2-3,text,true,,231,168,6,18,http://stload.se.ifmo.ru:8080/?token=518472196&&user=-1356113187&config=2,728,0,0
1776021812184,781,HTTP Request 2,200,OK,config 2 2-4,text,true,,231,168,6,18,http://stload.se.ifmo.ru:8080/?token=518472196&&user=-1356113187&config=2,781,0,0
1776021812519,800,HTTP Request 2,200,OK,config 2 2-5,text,true,,231,168,6,18,http://stload.se.ifmo.ru:8080/?token=518472196&&user=-1356113187&config=2,800,0,0
1776021812706,767,HTTP Request 2,200,OK,config 2 2-1,text,true,,231,168,6,18,http://stload.se.ifmo.ru:8080/?token=518472196&&user=-1356113187&config=2,767,0,0
1776021812851,747,HTTP Request 2,200,OK,config 2 2-6,text,true,,231,168,6,18,http://stload.se.ifmo.ru:8080/?token=518472196&&user=-1356113187&config=2,747,0,0
1776021813018,706,HTTP Request 2,200,OK,config 2 2-2,text,true,,231,168,6,18,http://stload.se.ifmo.ru:8080/?token=518472196&&user=-1356113187&config=2,706,0,0
1776021813351,756,HTTP Request 2,200,OK,config 2 2-3,text,true,,231,168,6,18,http://stload.se.ifmo.ru:8080/?token=518472196&&user=-1356113187&config=2,756,0,0
1776021813685,807,HTTP Request 2,200,OK,config 2 2-4,text,true,,231,168,6,18,http://stload.se.ifmo.ru:8080/?token=518472196&&user=-1356113187&config=2,807,0,0
1776021814019,780,HTTP Request 2,200,OK,config 2 2-5,text,true,,231,168,6,18,http://stload.se.ifmo.ru:8080/?token=518472196&&user=-1356113187&config=2,780,0,0
1776021814352,809,HTTP Request 2,200,OK,config 2 2-6,text,true,,231,168,6,18,http://stload.se.ifmo.ru:8080/?token=518472196&&user=-1356113187&config=2,809,0,0
1776021814206,955,HTTP Request 2,200,OK,config 2 2-1,text,false,"The operation lasted too long: It took 955 milliseconds, but should not have lasted longer than 840 milliseconds.",231,168,6,18,http://stload.se.ifmo.ru:8080/?token=518472196&&user=-1356113187&config=2,955,0,0
1776021814518,801,HTTP Request 2,200,OK,config 2 2-2,text,true,,231,168,6,18,http://stload.se.ifmo.ru:8080/?token=518472196&&user=-1356113187&config=2,801,0,0
1776021814852,993,HTTP Request 2,200,OK,config 2 2-3,text,false,"The operation lasted too long: It took 993 milliseconds, but should not have lasted longer than 840 milliseconds.",231,168,6,18,http://stload.se.ifmo.ru:8080/?token=518472196&&user=-1356113187&config=2,993,0,0
1776021815185,794,HTTP Request 2,200,OK,config 2 2-4,text,true,,231,168,6,18,http://stload.se.ifmo.ru:8080/?token=518472196&&user=-1356113187&config=2,794,0,0
1776021815518,841,HTTP Request 2,200,OK,config 2 2-5,text,false,"The operation lasted too long: It took 841 milliseconds, but should not have lasted longer than 840 milliseconds.",231,168,6,18,http://stload.se.ifmo.ru:8080/?token=518472196&&user=-1356113187&config=2,841,0,0
1776021815705,787,HTTP Request 2,200,OK,config 2 2-1,text,true,,231,168,6,18,http://stload.se.ifmo.ru:8080/?token=518472196&&user=-1356113187&config=2,787,0,0
1776021815850,771,HTTP Request 2,200,OK,config 2 2-6,text,true,,231,168,6,18,http://stload.se.ifmo.ru:8080/?token=518472196&&user=-1356113187&config=2,771,0,0
1776021816016,735,HTTP Request 2,200,OK,config 2 2-2,text,true,,231,168,6,18,http://stload.se.ifmo.ru:8080/?token=518472196&&user=-1356113187&config=2,735,0,0
1776021816351,712,HTTP Request 2,200,OK,config 2 2-3,text,true,,231,168,6,18,http://stload.se.ifmo.ru:8080/?token=518472196&&user=-1356113187&config=2,712,0,0
1776021816684,879,HTTP Request 2,200,OK,config 2 2-4,text,false,"The operation lasted too long: It took 879 milliseconds, but should not have lasted longer than 840 milliseconds.",231,168,6,18,http://stload.se.ifmo.ru:8080/?token=518472196&&user=-1356113187&config=2,879,0,0
1776021817018,781,HTTP Request 2,200,OK,config 2 2-5,text,true,,231,168,6,18,http://stload.se.ifmo.ru:8080/?token=518472196&&user=-1356113187&config=2,781,0,0
1776021817205,742,HTTP Request 2,200,OK,config 2 2-1,text,true,,231,168,6,18,http://stload.se.ifmo.ru:8080/?token=518472196&&user=-1356113187&config=2,742,0,0
1776021817350,722,HTTP Request 2,200,OK,config 2 2-6,text,true,,231,168,6,18,http://stload.se.ifmo.ru:8080/?token=518472196&&user=-1356113187&config=2,722,0,0
1776021817517,802,HTTP Request 2,200,OK,config 2 2-2,text,true,,231,168,6,18,http://stload.se.ifmo.ru:8080/?token=518472196&&user=-1356113187&config=2,802,0,0
1776021817851,725,HTTP Request 2,200,OK,config 2 2-3,text,true,,231,168,6,18,http://stload.se.ifmo.ru:8080/?token=518472196&&user=-1356113187&config=2,725,0,0
1776021818184,724,HTTP Request 2,200,OK,config 2 2-4,text,true,,231,168,6,18,http://stload.se.ifmo.ru:8080/?token=518472196&&user=-1356113187&config=2,724,0,0
1776021818518,765,HTTP Request 2,200,OK,config 2 2-5,text,true,,231,168,6,18,http://stload.se.ifmo.ru:8080/?token=518472196&&user=-1356113187&config=2,765,0,0
1776021818705,818,HTTP Request 2,200,OK,config 2 2-1,text,true,,231,168,6,18,http://stload.se.ifmo.ru:8080/?token=518472196&&user=-1356113187&config=2,818,0,0
1776021818850,796,HTTP Request 2,200,OK,config 2 2-6,text,true,,231,168,6,18,http://stload.se.ifmo.ru:8080/?token=518472196&&user=-1356113187&config=2,796,0,0
1776021819017,721,HTTP Request 2,200,OK,config 2 2-2,text,true,,231,168,6,18,http://stload.se.ifmo.ru:8080/?token=518472196&&user=-1356113187&config=2,721,0,0
1776021819352,785,HTTP Request 2,200,OK,config 2 2-3,text,true,,231,168,6,18,http://stload.se.ifmo.ru:8080/?token=518472196&&user=-1356113187&config=2,785,0,0
1776021819685,745,HTTP Request 2,200,OK,config 2 2-4,text,true,,231,168,6,18,http://stload.se.ifmo.ru:8080/?token=518472196&&user=-1356113187&config=2,745,0,0
1776021820019,822,HTTP Request 2,200,OK,config 2 2-5,text,true,,231,168,6,18,http://stload.se.ifmo.ru:8080/?token=518472196&&user=-1356113187&config=2,821,0,0
1776021820205,704,HTTP Request 2,200,OK,config 2 2-1,text,true,,231,168,6,18,http://stload.se.ifmo.ru:8080/?token=518472196&&user=-1356113187&config=2,704,0,0
1776021820350,815,HTTP Request 2,200,OK,config 2 2-6,text,true,,231,168,6,18,http://stload.se.ifmo.ru:8080/?token=518472196&&user=-1356113187&config=2,815,0,0
1776021820516,749,HTTP Request 2,200,OK,config 2 2-2,text,true,,231,168,6,18,http://stload.se.ifmo.ru:8080/?token=518472196&&user=-1356113187&config=2,749,0,0
1776021820851,750,HTTP Request 2,200,OK,config 2 2-3,text,true,,231,168,6,18,http://stload.se.ifmo.ru:8080/?token=518472196&&user=-1356113187&config=2,750,0,0
1776021821184,779,HTTP Request 2,200,OK,config 2 2-4,text,true,,231,168,6,18,http://stload.se.ifmo.ru:8080/?token=518472196&&user=-1356113187&config=2,779,0,0
1776021821518,756,HTTP Request 2,200,OK,config 2 2-5,text,true,,231,168,6,18,http://stload.se.ifmo.ru:8080/?token=518472196&&user=-1356113187&config=2,756,0,0
1776021821706,775,HTTP Request 2,200,OK,config 2 2-1,text,true,,231,168,6,18,http://stload.se.ifmo.ru:8080/?token=518472196&&user=-1356113187&config=2,775,0,0
1776021821849,760,HTTP Request 2,200,OK,config 2 2-6,text,true,,231,168,6,18,http://stload.se.ifmo.ru:8080/?token=518472196&&user=-1356113187&config=2,760,0,0
1776021822017,767,HTTP Request 2,200,OK,config 2 2-2,text,true,,231,168,6,18,http://stload.se.ifmo.ru:8080/?token=518472196&&user=-1356113187&config=2,767,0,0
1776021822351,756,HTTP Request 2,200,OK,config 2 2-3,text,true,,231,168,6,18,http://stload.se.ifmo.ru:8080/?token=518472196&&user=-1356113187&config=2,756,0,0
1776021822684,899,HTTP Request 2,200,OK,config 2 2-4,text,false,"The operation lasted too long: It took 899 milliseconds, but should not have lasted longer than 840 milliseconds.",231,168,6,18,http://stload.se.ifmo.ru:8080/?token=518472196&&user=-1356113187&config=2,899,0,0
1776021823019,744,HTTP Request 2,200,OK,config 2 2-5,text,true,,231,168,6,18,http://stload.se.ifmo.ru:8080/?token=518472196&&user=-1356113187&config=2,744,0,0
1776021823205,823,HTTP Request 2,200,OK,config 2 2-1,text,true,,231,168,6,18,http://stload.se.ifmo.ru:8080/?token=518472196&&user=-1356113187&config=2,823,0,0
1776021823350,741,HTTP Request 2,200,OK,config 2 2-6,text,true,,231,168,6,18,http://stload.se.ifmo.ru:8080/?token=518472196&&user=-1356113187&config=2,741,0,0
1776021823516,764,HTTP Request 2,200,OK,config 2 2-2,text,true,,231,168,6,18,http://stload.se.ifmo.ru:8080/?token=518472196&&user=-1356113187&config=2,764,0,0
1776021823851,777,HTTP Request 2,200,OK,config 2 2-3,text,true,,231,168,6,18,http://stload.se.ifmo.ru:8080/?token=518472196&&user=-1356113187&config=2,777,0,0
1776021824184,730,HTTP Request 2,200,OK,config 2 2-4,text,true,,231,168,6,18,http://stload.se.ifmo.ru:8080/?token=518472196&&user=-1356113187&config=2,730,0,0
1776021824518,740,HTTP Request 2,200,OK,config 2 2-5,text,true,,231,168,6,18,http://stload.se.ifmo.ru:8080/?token=518472196&&user=-1356113187&config=2,740,0,0
1776021824705,717,HTTP Request 2,200,OK,config 2 2-1,text,true,,231,168,6,18,http://stload.se.ifmo.ru:8080/?token=518472196&&user=-1356113187&config=2,717,0,0
1776021824852,779,HTTP Request 2,200,OK,config 2 2-6,text,true,,231,168,6,18,http://stload.se.ifmo.ru:8080/?token=518472196&&user=-1356113187&config=2,779,0,0
1776021825018,751,HTTP Request 2,200,OK,config 2 2-2,text,true,,231,168,6,18,http://stload.se.ifmo.ru:8080/?token=518472196&&user=-1356113187&config=2,751,0,0
1776021825352,766,HTTP Request 2,200,OK,config 2 2-3,text,true,,231,168,6,18,http://stload.se.ifmo.ru:8080/?token=518472196&&user=-1356113187&config=2,766,0,0
1776021825685,784,HTTP Request 2,200,OK,config 2 2-4,text,true,,231,168,6,18,http://stload.se.ifmo.ru:8080/?token=518472196&&user=-1356113187&config=2,784,0,0
1776021826019,776,HTTP Request 2,200,OK,config 2 2-5,text,true,,231,168,6,18,http://stload.se.ifmo.ru:8080/?token=518472196&&user=-1356113187&config=2,776,0,0
1776021826206,692,HTTP Request 2,200,OK,config 2 2-1,text,true,,231,168,6,18,http://stload.se.ifmo.ru:8080/?token=518472196&&user=-1356113187&config=2,692,0,0
1776021826351,800,HTTP Request 2,200,OK,config 2 2-6,text,true,,231,168,6,18,http://stload.se.ifmo.ru:8080/?token=518472196&&user=-1356113187&config=2,800,0,0
1776021826518,743,HTTP Request 2,200,OK,config 2 2-2,text,true,,231,168,6,18,http://stload.se.ifmo.ru:8080/?token=518472196&&user=-1356113187&config=2,743,0,0
1776021826852,745,HTTP Request 2,200,OK,config 2 2-3,text,true,,231,168,6,18,http://stload.se.ifmo.ru:8080/?token=518472196&&user=-1356113187&config=2,745,0,0
1776021827186,858,HTTP Request 2,200,OK,config 2 2-4,text,false,"The operation lasted too long: It took 858 milliseconds, but should not have lasted longer than 840 milliseconds.",231,168,6,18,http://stload.se.ifmo.ru:8080/?token=518472196&&user=-1356113187&config=2,858,0,0
1776021827519,777,HTTP Request 2,200,OK,config 2 2-5,text,true,,231,168,6,18,http://stload.se.ifmo.ru:8080/?token=518472196&&user=-1356113187&config=2,777,0,0
1776021827706,726,HTTP Request 2,200,OK,config 2 2-1,text,true,,231,168,6,18,http://stload.se.ifmo.ru:8080/?token=518472196&&user=-1356113187&config=2,726,0,0
1776021827850,755,HTTP Request 2,200,OK,config 2 2-6,text,true,,231,168,6,18,http://stload.se.ifmo.ru:8080/?token=518472196&&user=-1356113187&config=2,755,0,0
1776021828017,810,HTTP Request 2,200,OK,config 2 2-2,text,true,,231,168,6,18,http://stload.se.ifmo.ru:8080/?token=518472196&&user=-1356113187&config=2,810,0,0
1776021828352,733,HTTP Request 2,200,OK,config 2 2-3,text,true,,231,168,6,18,http://stload.se.ifmo.ru:8080/?token=518472196&&user=-1356113187&config=2,733,0,0
1776021828685,777,HTTP Request 2,200,OK,config 2 2-4,text,true,,231,168,6,18,http://stload.se.ifmo.ru:8080/?token=518472196&&user=-1356113187&config=2,777,0,0
1776021829019,809,HTTP Request 2,200,OK,config 2 2-5,text,true,,231,168,6,18,http://stload.se.ifmo.ru:8080/?token=518472196&&user=-1356113187&config=2,809,0,0
1776021829206,761,HTTP Request 2,200,OK,config 2 2-1,text,true,,231,168,6,18,http://stload.se.ifmo.ru:8080/?token=518472196&&user=-1356113187&config=2,761,0,0
1776021829350,770,HTTP Request 2,200,OK,config 2 2-6,text,true,,231,168,6,18,http://stload.se.ifmo.ru:8080/?token=518472196&&user=-1356113187&config=2,770,0,0
1776021829518,722,HTTP Request 2,200,OK,config 2 2-2,text,true,,231,168,6,18,http://stload.se.ifmo.ru:8080/?token=518472196&&user=-1356113187&config=2,722,0,0
1776021829851,744,HTTP Request 2,200,OK,config 2 2-3,text,true,,231,168,6,18,http://stload.se.ifmo.ru:8080/?token=518472196&&user=-1356113187&config=2,744,0,0
1776021830184,811,HTTP Request 2,200,OK,config 2 2-4,text,true,,231,168,6,18,http://stload.se.ifmo.ru:8080/?token=518472196&&user=-1356113187&config=2,811,0,0
1776021830518,735,HTTP Request 2,200,OK,config 2 2-5,text,true,,231,168,6,18,http://stload.se.ifmo.ru:8080/?token=518472196&&user=-1356113187&config=2,735,0,0
1776021830705,727,HTTP Request 2,200,OK,config 2 2-1,text,true,,231,168,6,18,http://stload.se.ifmo.ru:8080/?token=518472196&&user=-1356113187&config=2,727,0,0
1776021830849,800,HTTP Request 2,200,OK,config 2 2-6,text,true,,231,168,6,18,http://stload.se.ifmo.ru:8080/?token=518472196&&user=-1356113187&config=2,800,0,0
1776021831017,771,HTTP Request 2,200,OK,config 2 2-2,text,true,,231,168,6,18,http://stload.se.ifmo.ru:8080/?token=518472196&&user=-1356113187&config=2,771,0,0
1776021831351,733,HTTP Request 2,200,OK,config 2 2-3,text,true,,231,168,6,18,http://stload.se.ifmo.ru:8080/?token=518472196&&user=-1356113187&config=2,733,0,0
1776021831684,734,HTTP Request 2,200,OK,config 2 2-4,text,true,,231,168,6,18,http://stload.se.ifmo.ru:8080/?token=518472196&&user=-1356113187&config=2,734,0,0
1776021832018,734,HTTP Request 2,200,OK,config 2 2-5,text,true,,231,168,6,18,http://stload.se.ifmo.ru:8080/?token=518472196&&user=-1356113187&config=2,734,0,0
1776021832205,754,HTTP Request 2,200,OK,config 2 2-1,text,true,,231,168,6,18,http://stload.se.ifmo.ru:8080/?token=518472196&&user=-1356113187&config=2,754,0,0
1776021832350,760,HTTP Request 2,200,OK,config 2 2-6,text,true,,231,168,6,18,http://stload.se.ifmo.ru:8080/?token=518472196&&user=-1356113187&config=2,760,0,0
1776021832517,780,HTTP Request 2,200,OK,config 2 2-2,text,true,,231,168,6,18,http://stload.se.ifmo.ru:8080/?token=518472196&&user=-1356113187&config=2,780,0,0
1776021832851,758,HTTP Request 2,200,OK,config 2 2-3,text,true,,231,168,6,18,http://stload.se.ifmo.ru:8080/?token=518472196&&user=-1356113187&config=2,758,0,0
1776021833184,760,HTTP Request 2,200,OK,config 2 2-4,text,true,,231,168,6,18,http://stload.se.ifmo.ru:8080/?token=518472196&&user=-1356113187&config=2,760,0,0
1776021833518,753,HTTP Request 2,200,OK,config 2 2-5,text,true,,231,168,6,18,http://stload.se.ifmo.ru:8080/?token=518472196&&user=-1356113187&config=2,753,0,0
1776021833704,755,HTTP Request 2,200,OK,config 2 2-1,text,true,,231,168,6,18,http://stload.se.ifmo.ru:8080/?token=518472196&&user=-1356113187&config=2,754,0,0
1776021833850,727,HTTP Request 2,200,OK,config 2 2-6,text,true,,231,168,6,18,http://stload.se.ifmo.ru:8080/?token=518472196&&user=-1356113187&config=2,727,0,0
1776021834016,856,HTTP Request 2,200,OK,config 2 2-2,text,false,"The operation lasted too long: It took 856 milliseconds, but should not have lasted longer than 840 milliseconds.",231,168,6,18,http://stload.se.ifmo.ru:8080/?token=518472196&&user=-1356113187&config=2,856,0,0
1776021834351,748,HTTP Request 2,200,OK,config 2 2-3,text,true,,231,168,6,18,http://stload.se.ifmo.ru:8080/?token=518472196&&user=-1356113187&config=2,748,0,0
1776021834684,874,HTTP Request 2,200,OK,config 2 2-4,text,false,"The operation lasted too long: It took 874 milliseconds, but should not have lasted longer than 840 milliseconds.",231,168,6,18,http://stload.se.ifmo.ru:8080/?token=518472196&&user=-1356113187&config=2,874,0,0
1776021835018,800,HTTP Request 2,200,OK,config 2 2-5,text,true,,231,168,6,18,http://stload.se.ifmo.ru:8080/?token=518472196&&user=-1356113187&config=2,800,0,0
1776021835205,822,HTTP Request 2,200,OK,config 2 2-1,text,true,,231,168,6,18,http://stload.se.ifmo.ru:8080/?token=518472196&&user=-1356113187&config=2,822,0,0
1776021835350,737,HTTP Request 2,200,OK,config 2 2-6,text,true,,231,168,6,18,http://stload.se.ifmo.ru:8080/?token=518472196&&user=-1356113187&config=2,737,0,0
1776021835516,801,HTTP Request 2,200,OK,config 2 2-2,text,true,,231,168,6,18,http://stload.se.ifmo.ru:8080/?token=518472196&&user=-1356113187&config=2,801,0,0
1776021835850,737,HTTP Request 2,200,OK,config 2 2-3,text,true,,231,168,6,18,http://stload.se.ifmo.ru:8080/?token=518472196&&user=-1356113187&config=2,736,0,0
1776021836185,804,HTTP Request 2,200,OK,config 2 2-4,text,true,,231,168,6,18,http://stload.se.ifmo.ru:8080/?token=518472196&&user=-1356113187&config=2,804,0,0
1776021836518,728,HTTP Request 2,200,OK,config 2 2-5,text,true,,231,168,6,18,http://stload.se.ifmo.ru:8080/?token=518472196&&user=-1356113187&config=2,728,0,0
1776021836705,794,HTTP Request 2,200,OK,config 2 2-1,text,true,,231,168,6,18,http://stload.se.ifmo.ru:8080/?token=518472196&&user=-1356113187&config=2,794,0,0
1776021836850,773,HTTP Request 2,200,OK,config 2 2-6,text,true,,231,168,6,18,http://stload.se.ifmo.ru:8080/?token=518472196&&user=-1356113187&config=2,773,0,0
1776021837017,734,HTTP Request 2,200,OK,config 2 2-2,text,true,,231,168,6,18,http://stload.se.ifmo.ru:8080/?token=518472196&&user=-1356113187&config=2,734,0,0
1776021837351,717,HTTP Request 2,200,OK,config 2 2-3,text,true,,231,168,6,18,http://stload.se.ifmo.ru:8080/?token=518472196&&user=-1356113187&config=2,717,0,0
1776021837684,773,HTTP Request 2,200,OK,config 2 2-4,text,true,,231,168,6,18,http://stload.se.ifmo.ru:8080/?token=518472196&&user=-1356113187&config=2,773,0,0
1776021838018,734,HTTP Request 2,200,OK,config 2 2-5,text,true,,231,168,6,18,http://stload.se.ifmo.ru:8080/?token=518472196&&user=-1356113187&config=2,734,0,0
1776021838205,764,HTTP Request 2,200,OK,config 2 2-1,text,true,,231,168,6,18,http://stload.se.ifmo.ru:8080/?token=518472196&&user=-1356113187&config=2,764,0,0
1776021838349,791,HTTP Request 2,200,OK,config 2 2-6,text,true,,231,168,6,18,http://stload.se.ifmo.ru:8080/?token=518472196&&user=-1356113187&config=2,791,0,0
1776021838517,758,HTTP Request 2,200,OK,config 2 2-2,text,true,,231,168,6,18,http://stload.se.ifmo.ru:8080/?token=518472196&&user=-1356113187&config=2,758,0,0
1776021838851,708,HTTP Request 2,200,OK,config 2 2-3,text,true,,231,168,6,18,http://stload.se.ifmo.ru:8080/?token=518472196&&user=-1356113187&config=2,708,0,0
1776021839184,734,HTTP Request 2,200,OK,config 2 2-4,text,true,,231,168,6,18,http://stload.se.ifmo.ru:8080/?token=518472196&&user=-1356113187&config=2,734,0,0
1776021839518,725,HTTP Request 2,200,OK,config 2 2-5,text,true,,231,168,6,18,http://stload.se.ifmo.ru:8080/?token=518472196&&user=-1356113187&config=2,725,0,0
1776021839705,739,HTTP Request 2,200,OK,config 2 2-1,text,true,,231,168,6,18,http://stload.se.ifmo.ru:8080/?token=518472196&&user=-1356113187&config=2,739,0,0
1776021839852,773,HTTP Request 2,200,OK,config 2 2-6,text,true,,231,168,6,18,http://stload.se.ifmo.ru:8080/?token=518472196&&user=-1356113187&config=2,773,0,0
1776021840017,746,HTTP Request 2,200,OK,config 2 2-2,text,true,,231,168,6,18,http://stload.se.ifmo.ru:8080/?token=518472196&&user=-1356113187&config=2,746,0,0
1776021840352,727,HTTP Request 2,200,OK,config 2 2-3,text,true,,231,168,6,18,http://stload.se.ifmo.ru:8080/?token=518472196&&user=-1356113187&config=2,727,0,0
1776021840685,737,HTTP Request 2,200,OK,config 2 2-4,text,true,,231,168,6,18,http://stload.se.ifmo.ru:8080/?token=518472196&&user=-1356113187&config=2,737,0,0
1776021841019,762,HTTP Request 2,200,OK,config 2 2-5,text,true,,231,168,6,18,http://stload.se.ifmo.ru:8080/?token=518472196&&user=-1356113187&config=2,762,0,0
1776021841350,777,HTTP Request 2,200,OK,config 2 2-6,text,true,,231,168,6,18,http://stload.se.ifmo.ru:8080/?token=518472196&&user=-1356113187&config=2,777,0,0
1776021841206,921,HTTP Request 2,200,OK,config 2 2-1,text,false,"The operation lasted too long: It took 921 milliseconds, but should not have lasted longer than 840 milliseconds.",231,168,6,18,http://stload.se.ifmo.ru:8080/?token=518472196&&user=-1356113187&config=2,921,0,146
1776021841518,714,HTTP Request 2,200,OK,config 2 2-2,text,true,,231,168,6,18,http://stload.se.ifmo.ru:8080/?token=518472196&&user=-1356113187&config=2,714,0,0
1776021841851,769,HTTP Request 2,200,OK,config 2 2-3,text,true,,231,168,6,18,http://stload.se.ifmo.ru:8080/?token=518472196&&user=-1356113187&config=2,769,0,0
1776021842185,754,HTTP Request 2,200,OK,config 2 2-4,text,true,,231,168,6,18,http://stload.se.ifmo.ru:8080/?token=518472196&&user=-1356113187&config=2,754,0,0
1776021842518,813,HTTP Request 2,200,OK,config 2 2-5,text,true,,231,168,6,18,http://stload.se.ifmo.ru:8080/?token=518472196&&user=-1356113187&config=2,813,0,0
1776021842706,699,HTTP Request 2,200,OK,config 2 2-1,text,true,,231,168,6,18,http://stload.se.ifmo.ru:8080/?token=518472196&&user=-1356113187&config=2,699,0,0
1776021842851,811,HTTP Request 2,200,OK,config 2 2-6,text,true,,231,168,6,18,http://stload.se.ifmo.ru:8080/?token=518472196&&user=-1356113187&config=2,811,0,0
1776021843018,752,HTTP Request 2,200,OK,config 2 2-2,text,true,,231,168,6,18,http://stload.se.ifmo.ru:8080/?token=518472196&&user=-1356113187&config=2,752,0,0
1776021843352,746,HTTP Request 2,200,OK,config 2 2-3,text,true,,231,168,6,18,http://stload.se.ifmo.ru:8080/?token=518472196&&user=-1356113187&config=2,746,0,0
1776021843684,883,HTTP Request 2,200,OK,config 2 2-4,text,false,"The operation lasted too long: It took 883 milliseconds, but should not have lasted longer than 840 milliseconds.",231,168,6,18,http://stload.se.ifmo.ru:8080/?token=518472196&&user=-1356113187&config=2,883,0,0
1776021844018,772,HTTP Request 2,200,OK,config 2 2-5,text,true,,231,168,6,18,http://stload.se.ifmo.ru:8080/?token=518472196&&user=-1356113187&config=2,772,0,0
1776021844206,765,HTTP Request 2,200,OK,config 2 2-1,text,true,,231,168,6,18,http://stload.se.ifmo.ru:8080/?token=518472196&&user=-1356113187&config=2,765,0,0
1776021844350,785,HTTP Request 2,200,OK,config 2 2-6,text,true,,231,168,6,18,http://stload.se.ifmo.ru:8080/?token=518472196&&user=-1356113187&config=2,785,0,0
1776021844851,704,HTTP Request 2,200,OK,config 2 2-3,text,true,,231,168,6,18,http://stload.se.ifmo.ru:8080/?token=518472196&&user=-1356113187&config=2,704,0,0
1776021844518,1128,HTTP Request 2,200,OK,config 2 2-2,text,false,"The operation lasted too long: It took 1,128 milliseconds, but should not have lasted longer than 840 milliseconds.",231,168,6,18,http://stload.se.ifmo.ru:8080/?token=518472196&&user=-1356113187&config=2,1128,0,272
1776021845184,739,HTTP Request 2,200,OK,config 2 2-4,text,true,,231,168,6,18,http://stload.se.ifmo.ru:8080/?token=518472196&&user=-1356113187&config=2,739,0,0
1776021845518,740,HTTP Request 2,200,OK,config 2 2-5,text,true,,231,168,6,18,http://stload.se.ifmo.ru:8080/?token=518472196&&user=-1356113187&config=2,740,0,0
1776021845705,717,HTTP Request 2,200,OK,config 2 2-1,text,true,,231,168,6,18,http://stload.se.ifmo.ru:8080/?token=518472196&&user=-1356113187&config=2,717,0,0
1776021845850,757,HTTP Request 2,200,OK,config 2 2-6,text,true,,231,168,6,18,http://stload.se.ifmo.ru:8080/?token=518472196&&user=-1356113187&config=2,757,0,0
1776021846017,822,HTTP Request 2,200,OK,config 2 2-2,text,true,,231,168,6,18,http://stload.se.ifmo.ru:8080/?token=518472196&&user=-1356113187&config=2,822,0,0
1776021846351,807,HTTP Request 2,200,OK,config 2 2-3,text,true,,231,168,6,18,http://stload.se.ifmo.ru:8080/?token=518472196&&user=-1356113187&config=2,806,0,0
1776021846683,792,HTTP Request 2,200,OK,config 2 2-4,text,true,,231,168,6,18,http://stload.se.ifmo.ru:8080/?token=518472196&&user=-1356113187&config=2,792,0,0
1776021847017,718,HTTP Request 2,200,OK,config 2 2-5,text,true,,231,168,6,18,http://stload.se.ifmo.ru:8080/?token=518472196&&user=-1356113187&config=2,718,0,0
1776021847205,813,HTTP Request 2,200,OK,config 2 2-1,text,true,,231,168,6,18,http://stload.se.ifmo.ru:8080/?token=518472196&&user=-1356113187&config=2,813,0,0
1776021847350,734,HTTP Request 2,200,OK,config 2 2-6,text,true,,231,168,6,18,http://stload.se.ifmo.ru:8080/?token=518472196&&user=-1356113187&config=2,734,0,0
1776021847516,765,HTTP Request 2,200,OK,config 2 2-2,text,true,,231,168,6,18,http://stload.se.ifmo.ru:8080/?token=518472196&&user=-1356113187&config=2,765,0,0
1776021847851,1022,HTTP Request 2,200,OK,config 2 2-3,text,false,"The operation lasted too long: It took 1,022 milliseconds, but should not have lasted longer than 840 milliseconds.",231,168,6,18,http://stload.se.ifmo.ru:8080/?token=518472196&&user=-1356113187&config=2,1022,0,300
1776021848183,758,HTTP Request 2,200,OK,config 2 2-4,text,true,,231,168,6,18,http://stload.se.ifmo.ru:8080/?token=518472196&&user=-1356113187&config=2,758,0,0
1776021848518,831,HTTP Request 2,200,OK,config 2 2-5,text,true,,231,168,6,18,http://stload.se.ifmo.ru:8080/?token=518472196&&user=-1356113187&config=2,831,0,0
1776021848705,708,HTTP Request 2,200,OK,config 2 2-1,text,true,,231,168,6,18,http://stload.se.ifmo.ru:8080/?token=518472196&&user=-1356113187&config=2,708,0,0
1776021848849,779,HTTP Request 2,200,OK,config 2 2-6,text,true,,231,168,6,18,http://stload.se.ifmo.ru:8080/?token=518472196&&user=-1356113187&config=2,779,0,0
1776021849017,757,HTTP Request 2,200,OK,config 2 2-2,text,true,,231,168,6,18,http://stload.se.ifmo.ru:8080/?token=518472196&&user=-1356113187&config=2,757,0,0
1776021849350,771,HTTP Request 2,200,OK,config 2 2-3,text,true,,231,168,6,18,http://stload.se.ifmo.ru:8080/?token=518472196&&user=-1356113187&config=2,771,0,0
1776021849683,779,HTTP Request 2,200,OK,config 2 2-4,text,true,,231,168,6,18,http://stload.se.ifmo.ru:8080/?token=518472196&&user=-1356113187&config=2,779,0,0
1776021850017,784,HTTP Request 2,200,OK,config 2 2-5,text,true,,231,168,6,18,http://stload.se.ifmo.ru:8080/?token=518472196&&user=-1356113187&config=2,784,0,0
1776021850205,785,HTTP Request 2,200,OK,config 2 2-1,text,true,,231,168,6,18,http://stload.se.ifmo.ru:8080/?token=518472196&&user=-1356113187&config=2,785,0,0
1776021850350,758,HTTP Request 2,200,OK,config 2 2-6,text,true,,231,168,6,18,http://stload.se.ifmo.ru:8080/?token=518472196&&user=-1356113187&config=2,758,0,0
1776021850516,828,HTTP Request 2,200,OK,config 2 2-2,text,true,,231,168,6,18,http://stload.se.ifmo.ru:8080/?token=518472196&&user=-1356113187&config=2,828,0,0
1776021850851,718,HTTP Request 2,200,OK,config 2 2-3,text,true,,231,168,6,18,http://stload.se.ifmo.ru:8080/?token=518472196&&user=-1356113187&config=2,718,0,0
1776021851184,906,HTTP Request 2,200,OK,config 2 2-4,text,false,"The operation lasted too long: It took 906 milliseconds, but should not have lasted longer than 840 milliseconds.",231,168,6,18,http://stload.se.ifmo.ru:8080/?token=518472196&&user=-1356113187&config=2,906,0,159
1776021851518,766,HTTP Request 2,200,OK,config 2 2-5,text,true,,231,168,6,18,http://stload.se.ifmo.ru:8080/?token=518472196&&user=-1356113187&config=2,766,0,0
1776021851705,745,HTTP Request 2,200,OK,config 2 2-1,text,true,,231,168,6,18,http://stload.se.ifmo.ru:8080/?token=518472196&&user=-1356113187&config=2,745,0,0
1776021851851,822,HTTP Request 2,200,OK,config 2 2-6,text,true,,231,168,6,18,http://stload.se.ifmo.ru:8080/?token=518472196&&user=-1356113187&config=2,822,0,0
1776021852017,890,HTTP Request 2,200,OK,config 2 2-2,text,false,"The operation lasted too long: It took 890 milliseconds, but should not have lasted longer than 840 milliseconds.",231,168,6,18,http://stload.se.ifmo.ru:8080/?token=518472196&&user=-1356113187&config=2,890,0,0
1776021852351,800,HTTP Request 2,200,OK,config 2 2-3,text,true,,231,168,6,18,http://stload.se.ifmo.ru:8080/?token=518472196&&user=-1356113187&config=2,800,0,0
1776021852684,799,HTTP Request 2,200,OK,config 2 2-4,text,true,,231,168,6,18,http://stload.se.ifmo.ru:8080/?token=518472196&&user=-1356113187&config=2,799,0,0
1776021853205,809,HTTP Request 2,200,OK,config 2 2-1,text,true,,231,168,6,18,http://stload.se.ifmo.ru:8080/?token=518472196&&user=-1356113187&config=2,809,0,0
1776021853018,996,HTTP Request 2,200,OK,config 2 2-5,text,false,"The operation lasted too long: It took 996 milliseconds, but should not have lasted longer than 840 milliseconds.",231,168,6,18,http://stload.se.ifmo.ru:8080/?token=518472196&&user=-1356113187&config=2,996,0,204
1776021853350,784,HTTP Request 2,200,OK,config 2 2-6,text,true,,231,168,6,18,http://stload.se.ifmo.ru:8080/?token=518472196&&user=-1356113187&config=2,784,0,0
1776021853517,772,HTTP Request 2,200,OK,config 2 2-2,text,true,,231,168,6,18,http://stload.se.ifmo.ru:8080/?token=518472196&&user=-1356113187&config=2,772,0,0
1776021853852,754,HTTP Request 2,200,OK,config 2 2-3,text,true,,231,168,6,18,http://stload.se.ifmo.ru:8080/?token=518472196&&user=-1356113187&config=2,754,0,0
1776021854184,726,HTTP Request 2,200,OK,config 2 2-4,text,true,,231,168,6,18,http://stload.se.ifmo.ru:8080/?token=518472196&&user=-1356113187&config=2,726,0,0
1776021854517,821,HTTP Request 2,200,OK,config 2 2-5,text,true,,231,168,6,18,http://stload.se.ifmo.ru:8080/?token=518472196&&user=-1356113187&config=2,821,0,0
1776021854705,776,HTTP Request 2,200,OK,config 2 2-1,text,true,,231,168,6,18,http://stload.se.ifmo.ru:8080/?token=518472196&&user=-1356113187&config=2,776,0,0
1776021854850,759,HTTP Request 2,200,OK,config 2 2-6,text,true,,231,168,6,18,http://stload.se.ifmo.ru:8080/?token=518472196&&user=-1356113187&config=2,759,0,0
1776021855017,716,HTTP Request 2,200,OK,config 2 2-2,text,true,,231,168,6,18,http://stload.se.ifmo.ru:8080/?token=518472196&&user=-1356113187&config=2,716,0,0
1776021855352,863,HTTP Request 2,200,OK,config 2 2-3,text,false,"The operation lasted too long: It took 863 milliseconds, but should not have lasted longer than 840 milliseconds.",231,168,6,18,http://stload.se.ifmo.ru:8080/?token=518472196&&user=-1356113187&config=2,863,0,0
1776021855684,788,HTTP Request 2,200,OK,config 2 2-4,text,true,,231,168,6,18,http://stload.se.ifmo.ru:8080/?token=518472196&&user=-1356113187&config=2,788,0,0
1776021856018,715,HTTP Request 2,200,OK,config 2 2-5,text,true,,231,168,6,18,http://stload.se.ifmo.ru:8080/?token=518472196&&user=-1356113187&config=2,715,0,0
1776021856205,806,HTTP Request 2,200,OK,config 2 2-1,text,true,,231,168,6,18,http://stload.se.ifmo.ru:8080/?token=518472196&&user=-1356113187&config=2,806,0,0
1776021856517,731,HTTP Request 2,200,OK,config 2 2-2,text,true,,231,168,6,18,http://stload.se.ifmo.ru:8080/?token=518472196&&user=-1356113187&config=2,731,0,0
1776021856350,960,HTTP Request 2,200,OK,config 2 2-6,text,false,"The operation lasted too long: It took 960 milliseconds, but should not have lasted longer than 840 milliseconds.",231,168,6,18,http://stload.se.ifmo.ru:8080/?token=518472196&&user=-1356113187&config=2,960,0,187
1776021856850,750,HTTP Request 2,200,OK,config 2 2-3,text,true,,231,168,6,18,http://stload.se.ifmo.ru:8080/?token=518472196&&user=-1356113187&config=2,750,0,0
1776021857183,790,HTTP Request 2,200,OK,config 2 2-4,text,true,,231,168,6,18,http://stload.se.ifmo.ru:8080/?token=518472196&&user=-1356113187&config=2,790,0,0
1776021857518,805,HTTP Request 2,200,OK,config 2 2-5,text,true,,231,168,6,18,http://stload.se.ifmo.ru:8080/?token=518472196&&user=-1356113187&config=2,805,0,0
1776021857705,760,HTTP Request 2,200,OK,config 2 2-1,text,true,,231,168,6,18,http://stload.se.ifmo.ru:8080/?token=518472196&&user=-1356113187&config=2,760,0,0
1776021857850,826,HTTP Request 2,200,OK,config 2 2-6,text,true,,231,168,6,18,http://stload.se.ifmo.ru:8080/?token=518472196&&user=-1356113187&config=2,826,0,0
1776021858016,735,HTTP Request 2,200,OK,config 2 2-2,text,true,,231,168,6,18,http://stload.se.ifmo.ru:8080/?token=518472196&&user=-1356113187&config=2,735,0,0
1776021858351,797,HTTP Request 2,200,OK,config 2 2-3,text,true,,231,168,6,18,http://stload.se.ifmo.ru:8080/?token=518472196&&user=-1356113187&config=2,797,0,0
1776021858683,786,HTTP Request 2,200,OK,config 2 2-4,text,true,,231,168,6,18,http://stload.se.ifmo.ru:8080/?token=518472196&&user=-1356113187&config=2,786,0,0
1776021859018,809,HTTP Request 2,200,OK,config 2 2-5,text,true,,231,168,6,18,http://stload.se.ifmo.ru:8080/?token=518472196&&user=-1356113187&config=2,809,0,0
1776021859205,773,HTTP Request 2,200,OK,config 2 2-1,text,true,,231,168,6,18,http://stload.se.ifmo.ru:8080/?token=518472196&&user=-1356113187&config=2,773,0,0
1776021859349,822,HTTP Request 2,200,OK,config 2 2-6,text,true,,231,168,6,18,http://stload.se.ifmo.ru:8080/?token=518472196&&user=-1356113187&config=2,822,0,0
1776021859516,788,HTTP Request 2,200,OK,config 2 2-2,text,true,,231,168,6,18,http://stload.se.ifmo.ru:8080/?token=518472196&&user=-1356113187&config=2,788,0,0
1776021859851,771,HTTP Request 2,200,OK,config 2 2-3,text,true,,231,168,6,18,http://stload.se.ifmo.ru:8080/?token=518472196&&user=-1356113187&config=2,771,0,0
1776021860184,760,HTTP Request 2,200,OK,config 2 2-4,text,true,,231,168,6,18,http://stload.se.ifmo.ru:8080/?token=518472196&&user=-1356113187&config=2,760,0,0
1776021860519,750,HTTP Request 2,200,OK,config 2 2-5,text,true,,231,168,6,18,http://stload.se.ifmo.ru:8080/?token=518472196&&user=-1356113187&config=2,750,0,0
1776021860851,729,HTTP Request 2,200,OK,config 2 2-6,text,true,,231,168,6,18,http://stload.se.ifmo.ru:8080/?token=518472196&&user=-1356113187&config=2,729,0,0
1776021860705,874,HTTP Request 2,200,OK,config 2 2-1,text,false,"The operation lasted too long: It took 874 milliseconds, but should not have lasted longer than 840 milliseconds.",231,168,6,18,http://stload.se.ifmo.ru:8080/?token=518472196&&user=-1356113187&config=2,874,0,0
1776021861018,811,HTTP Request 2,200,OK,config 2 2-2,text,true,,231,168,6,18,http://stload.se.ifmo.ru:8080/?token=518472196&&user=-1356113187&config=2,811,0,0
1776021861351,841,HTTP Request 2,200,OK,config 2 2-3,text,false,"The operation lasted too long: It took 841 milliseconds, but should not have lasted longer than 840 milliseconds.",231,168,6,18,http://stload.se.ifmo.ru:8080/?token=518472196&&user=-1356113187&config=2,841,0,0
1776021861684,767,HTTP Request 2,200,OK,config 2 2-4,text,true,,231,168,6,18,http://stload.se.ifmo.ru:8080/?token=518472196&&user=-1356113187&config=2,767,0,0
1776021862019,853,HTTP Request 2,200,OK,config 2 2-5,text,false,"The operation lasted too long: It took 853 milliseconds, but should not have lasted longer than 840 milliseconds.",231,168,6,18,http://stload.se.ifmo.ru:8080/?token=518472196&&user=-1356113187&config=2,853,0,0
1776021862206,798,HTTP Request 2,200,OK,config 2 2-1,text,true,,231,168,6,18,http://stload.se.ifmo.ru:8080/?token=518472196&&user=-1356113187&config=2,798,0,0
1776021862351,773,HTTP Request 2,200,OK,config 2 2-6,text,true,,231,168,6,18,http://stload.se.ifmo.ru:8080/?token=518472196&&user=-1356113187&config=2,773,0,0
1776021862518,728,HTTP Request 2,200,OK,config 2 2-2,text,true,,231,168,6,18,http://stload.se.ifmo.ru:8080/?token=518472196&&user=-1356113187&config=2,728,0,0
1776021862852,714,HTTP Request 2,200,OK,config 2 2-3,text,true,,231,168,6,18,http://stload.se.ifmo.ru:8080/?token=518472196&&user=-1356113187&config=2,714,0,0
1776021863185,849,HTTP Request 2,200,OK,config 2 2-4,text,false,"The operation lasted too long: It took 849 milliseconds, but should not have lasted longer than 840 milliseconds.",231,168,6,18,http://stload.se.ifmo.ru:8080/?token=518472196&&user=-1356113187&config=2,849,0,0
1776021863519,808,HTTP Request 2,200,OK,config 2 2-5,text,true,,231,168,6,18,http://stload.se.ifmo.ru:8080/?token=518472196&&user=-1356113187&config=2,808,0,0
1776021863705,798,HTTP Request 2,200,OK,config 2 2-1,text,true,,231,168,6,18,http://stload.se.ifmo.ru:8080/?token=518472196&&user=-1356113187&config=2,798,0,0
1776021863851,714,HTTP Request 2,200,OK,config 2 2-6,text,true,,231,168,6,18,http://stload.se.ifmo.ru:8080/?token=518472196&&user=-1356113187&config=2,714,0,0
1776021864017,811,HTTP Request 2,200,OK,config 2 2-2,text,true,,231,168,6,18,http://stload.se.ifmo.ru:8080/?token=518472196&&user=-1356113187&config=2,811,0,0
1776021864351,794,HTTP Request 2,200,OK,config 2 2-3,text,true,,231,168,6,18,http://stload.se.ifmo.ru:8080/?token=518472196&&user=-1356113187&config=2,794,0,0
1776021864684,719,HTTP Request 2,200,OK,config 2 2-4,text,true,,231,168,6,18,http://stload.se.ifmo.ru:8080/?token=518472196&&user=-1356113187&config=2,719,0,0
1776021865019,820,HTTP Request 2,200,OK,config 2 2-5,text,true,,231,168,6,18,http://stload.se.ifmo.ru:8080/?token=518472196&&user=-1356113187&config=2,820,0,0
1776021865206,701,HTTP Request 2,200,OK,config 2 2-1,text,true,,231,168,6,18,http://stload.se.ifmo.ru:8080/?token=518472196&&user=-1356113187&config=2,701,0,0
1776021865351,792,HTTP Request 2,200,OK,config 2 2-6,text,true,,231,168,6,18,http://stload.se.ifmo.ru:8080/?token=518472196&&user=-1356113187&config=2,792,0,0
1776021865518,773,HTTP Request 2,200,OK,config 2 2-2,text,true,,231,168,6,18,http://stload.se.ifmo.ru:8080/?token=518472196&&user=-1356113187&config=2,773,0,0
1776021865851,832,HTTP Request 2,200,OK,config 2 2-3,text,true,,231,168,6,18,http://stload.se.ifmo.ru:8080/?token=518472196&&user=-1356113187&config=2,832,0,0
1776021866185,765,HTTP Request 2,200,OK,config 2 2-4,text,true,,231,168,6,18,http://stload.se.ifmo.ru:8080/?token=518472196&&user=-1356113187&config=2,765,0,0
1776021866519,795,HTTP Request 2,200,OK,config 2 2-5,text,true,,231,168,6,18,http://stload.se.ifmo.ru:8080/?token=518472196&&user=-1356113187&config=2,795,0,0
1776021866706,743,HTTP Request 2,200,OK,config 2 2-1,text,true,,231,168,6,18,http://stload.se.ifmo.ru:8080/?token=518472196&&user=-1356113187&config=2,743,0,0
1776021866851,788,HTTP Request 2,200,OK,config 2 2-6,text,true,,231,168,6,18,http://stload.se.ifmo.ru:8080/?token=518472196&&user=-1356113187&config=2,788,0,0
1776021867017,812,HTTP Request 2,200,OK,config 2 2-2,text,true,,231,168,6,18,http://stload.se.ifmo.ru:8080/?token=518472196&&user=-1356113187&config=2,812,0,0
1776021867352,731,HTTP Request 2,200,OK,config 2 2-3,text,true,,231,168,6,18,http://stload.se.ifmo.ru:8080/?token=518472196&&user=-1356113187&config=2,731,0,0
1776021867685,733,HTTP Request 2,200,OK,config 2 2-4,text,true,,231,168,6,18,http://stload.se.ifmo.ru:8080/?token=518472196&&user=-1356113187&config=2,733,0,0
1776021868019,806,HTTP Request 2,200,OK,config 2 2-5,text,true,,231,168,6,17,http://stload.se.ifmo.ru:8080/?token=518472196&&user=-1356113187&config=2,805,0,0
1776021868205,764,HTTP Request 2,200,OK,config 2 2-1,text,true,,231,168,6,17,http://stload.se.ifmo.ru:8080/?token=518472196&&user=-1356113187&config=2,764,0,0
1776021868350,814,HTTP Request 2,200,OK,config 2 2-6,text,true,,231,168,5,16,http://stload.se.ifmo.ru:8080/?token=518472196&&user=-1356113187&config=2,814,0,0
1776021868517,796,HTTP Request 2,200,OK,config 2 2-2,text,true,,231,168,5,15,http://stload.se.ifmo.ru:8080/?token=518472196&&user=-1356113187&config=2,796,0,0
1776021868852,741,HTTP Request 2,200,OK,config 2 2-3,text,true,,231,168,5,15,http://stload.se.ifmo.ru:8080/?token=518472196&&user=-1356113187&config=2,741,0,0
1776021869184,797,HTTP Request 2,200,OK,config 2 2-4,text,true,,231,168,5,15,http://stload.se.ifmo.ru:8080/?token=518472196&&user=-1356113187&config=2,797,0,0
1776021869519,781,HTTP Request 2,200,OK,config 2 2-5,text,true,,231,168,5,15,http://stload.se.ifmo.ru:8080/?token=518472196&&user=-1356113187&config=2,781,0,0
1776021869850,819,HTTP Request 2,200,OK,config 2 2-6,text,true,,231,168,5,15,http://stload.se.ifmo.ru:8080/?token=518472196&&user=-1356113187&config=2,819,0,0
1776021870018,732,HTTP Request 2,200,OK,config 2 2-2,text,true,,231,168,5,15,http://stload.se.ifmo.ru:8080/?token=518472196&&user=-1356113187&config=2,732,0,0
1776021870352,785,HTTP Request 2,200,OK,config 2 2-3,text,true,,231,168,5,15,http://stload.se.ifmo.ru:8080/?token=518472196&&user=-1356113187&config=2,785,0,0
1776021870684,776,HTTP Request 2,200,OK,config 2 2-4,text,true,,231,168,5,15,http://stload.se.ifmo.ru:8080/?token=518472196&&user=-1356113187&config=2,776,0,0
1776021871018,738,HTTP Request 2,200,OK,config 2 2-5,text,true,,231,168,5,15,http://stload.se.ifmo.ru:8080/?token=518472196&&user=-1356113187&config=2,738,0,0
1776021871351,805,HTTP Request 2,200,OK,config 2 2-6,text,true,,231,168,5,14,http://stload.se.ifmo.ru:8080/?token=518472196&&user=-1356113187&config=2,805,0,0
1776021871517,697,HTTP Request 2,200,OK,config 2 2-2,text,true,,231,168,5,14,http://stload.se.ifmo.ru:8080/?token=518472196&&user=-1356113187&config=2,697,0,0
1776021871852,700,HTTP Request 2,200,OK,config 2 2-3,text,true,,231,168,4,12,http://stload.se.ifmo.ru:8080/?token=518472196&&user=-1356113187&config=2,700,0,0
1776021872184,728,HTTP Request 2,200,OK,config 2 2-4,text,true,,231,168,4,12,http://stload.se.ifmo.ru:8080/?token=518472196&&user=-1356113187&config=2,728,0,0
1776021872518,791,HTTP Request 2,200,OK,config 2 2-5,text,true,,231,168,4,12,http://stload.se.ifmo.ru:8080/?token=518472196&&user=-1356113187&config=2,791,0,0
1776021872851,753,HTTP Request 2,200,OK,config 2 2-6,text,true,,231,168,4,12,http://stload.se.ifmo.ru:8080/?token=518472196&&user=-1356113187&config=2,753,0,0
1776021873351,727,HTTP Request 2,200,OK,config 2 2-3,text,true,,231,168,4,12,http://stload.se.ifmo.ru:8080/?token=518472196&&user=-1356113187&config=2,727,0,0
1776021873684,699,HTTP Request 2,200,OK,config 2 2-4,text,true,,231,168,4,12,http://stload.se.ifmo.ru:8080/?token=518472196&&user=-1356113187&config=2,699,0,0
1776021874019,732,HTTP Request 2,200,OK,config 2 2-5,text,true,,231,168,4,12,http://stload.se.ifmo.ru:8080/?token=518472196&&user=-1356113187&config=2,732,0,0
1776021874350,725,HTTP Request 2,200,OK,config 2 2-6,text,true,,231,168,4,12,http://stload.se.ifmo.ru:8080/?token=518472196&&user=-1356113187&config=2,725,0,0
1776021874851,766,HTTP Request 2,200,OK,config 2 2-3,text,true,,231,168,4,11,http://stload.se.ifmo.ru:8080/?token=518472196&&user=-1356113187&config=2,766,0,0
1776021875184,740,HTTP Request 2,200,OK,config 2 2-4,text,true,,231,168,3,9,http://stload.se.ifmo.ru:8080/?token=518472196&&user=-1356113187&config=2,740,0,0
1776021875519,773,HTTP Request 2,200,OK,config 2 2-5,text,true,,231,168,3,9,http://stload.se.ifmo.ru:8080/?token=518472196&&user=-1356113187&config=2,773,0,0
1776021875851,736,HTTP Request 2,200,OK,config 2 2-6,text,true,,231,168,3,9,http://stload.se.ifmo.ru:8080/?token=518472196&&user=-1356113187&config=2,736,0,0
1776021876685,742,HTTP Request 2,200,OK,config 2 2-4,text,true,,231,168,3,9,http://stload.se.ifmo.ru:8080/?token=518472196&&user=-1356113187&config=2,742,0,0
1776021877018,800,HTTP Request 2,200,OK,config 2 2-5,text,true,,231,168,3,9,http://stload.se.ifmo.ru:8080/?token=518472196&&user=-1356113187&config=2,800,0,0
1776021877351,872,HTTP Request 2,200,OK,config 2 2-6,text,false,"The operation lasted too long: It took 872 milliseconds, but should not have lasted longer than 840 milliseconds.",231,168,3,9,http://stload.se.ifmo.ru:8080/?token=518472196&&user=-1356113187&config=2,872,0,0
1776021878185,783,HTTP Request 2,200,OK,config 2 2-4,text,true,,231,168,3,8,http://stload.se.ifmo.ru:8080/?token=518472196&&user=-1356113187&config=2,782,0,0
1776021878519,668,HTTP Request 2,200,OK,config 2 2-5,text,true,,231,168,2,7,http://stload.se.ifmo.ru:8080/?token=518472196&&user=-1356113187&config=2,667,0,0
1776021878851,691,HTTP Request 2,200,OK,config 2 2-6,text,true,,231,168,2,6,http://stload.se.ifmo.ru:8080/?token=518472196&&user=-1356113187&config=2,690,0,0
1776021880019,761,HTTP Request 2,200,OK,config 2 2-5,text,true,,231,168,2,6,http://stload.se.ifmo.ru:8080/?token=518472196&&user=-1356113187&config=2,761,0,0
1776021880351,751,HTTP Request 2,200,OK,config 2 2-6,text,true,,231,168,2,6,http://stload.se.ifmo.ru:8080/?token=518472196&&user=-1356113187&config=2,751,0,0
1776021881519,753,HTTP Request 2,200,OK,config 2 2-5,text,true,,231,168,2,5,http://stload.se.ifmo.ru:8080/?token=518472196&&user=-1356113187&config=2,753,0,0
1776021881851,666,HTTP Request 2,200,OK,config 2 2-6,text,true,,231,168,1,3,http://stload.se.ifmo.ru:8080/?token=518472196&&user=-1356113187&config=2,666,0,0
1776021883351,611,HTTP Request 2,200,OK,config 2 2-6,text,true,,231,168,1,3,http://stload.se.ifmo.ru:8080/?token=518472196&&user=-1356113187&config=2,611,0,0
1776021884849,676,HTTP Request 2,200,OK,config 2 2-6,text,true,,231,168,1,2,http://stload.se.ifmo.ru:8080/?token=518472196&&user=-1356113187&config=2,676,0,0
