timeStamp,elapsed,label,responseCode,responseMessage,threadName,dataType,success,failureMessage,bytes,sentBytes,grpThreads,allThreads,URL,Latency,IdleTime,Connect
1775997392851,430,HTTP Request 3,200,OK,config 3 3-1,text,true,,231,168,3,9,http://stload.se.ifmo.ru:8080/?token=518472196&&user=-1356113187&config=3,419,0,52
1775997392918,372,HTTP Request 3,200,OK,config 3 3-2,text,true,,231,168,3,11,http://stload.se.ifmo.ru:8080/?token=518472196&&user=-1356113187&config=3,372,0,37
1775997393087,377,HTTP Request 3,200,OK,config 3 3-3,text,true,,231,168,3,12,http://stload.se.ifmo.ru:8080/?token=518472196&&user=-1356113187&config=3,377,0,42
1775997393301,424,HTTP Request 3,200,OK,config 3 3-4,text,true,,231,168,3,11,http://stload.se.ifmo.ru:8080/?token=518472196&&user=-1356113187&config=3,423,0,69
1775997393498,454,HTTP Request 3,200,OK,config 3 3-5,text,true,,231,168,2,8,http://stload.se.ifmo.ru:8080/?token=518472196&&user=-1356113187&config=3,454,0,83
1775997393585,374,HTTP Request 3,200,OK,config 3 3-6,text,true,,231,168,1,6,http://stload.se.ifmo.ru:8080/?token=518472196&&user=-1356113187&config=3,374,0,32
1775997415510,413,HTTP Request 3,200,OK,config 3 3-1,text,true,,231,168,3,9,http://stload.se.ifmo.ru:8080/?token=518472196&&user=-1356113187&config=3,410,0,67
1775997415620,373,HTTP Request 3,200,OK,config 3 3-2,text,true,,231,168,3,11,http://stload.se.ifmo.ru:8080/?token=518472196&&user=-1356113187&config=3,373,0,37
1775997415788,371,HTTP Request 3,200,OK,config 3 3-3,text,true,,231,168,3,12,http://stload.se.ifmo.ru:8080/?token=518472196&&user=-1356113187&config=3,371,0,36
1775997415953,442,HTTP Request 3,200,OK,config 3 3-4,text,true,,231,168,3,11,http://stload.se.ifmo.ru:8080/?token=518472196&&user=-1356113187&config=3,442,0,95
1775997416120,440,HTTP Request 3,200,OK,config 3 3-5,text,true,,231,168,2,8,http://stload.se.ifmo.ru:8080/?token=518472196&&user=-1356113187&config=3,440,0,94
1775997416287,383,HTTP Request 3,200,OK,config 3 3-6,text,true,,231,168,1,6,http://stload.se.ifmo.ru:8080/?token=518472196&&user=-1356113187&config=3,383,0,38
1775997421518,421,HTTP Request 3,200,OK,config 3 3-1,text,true,,231,168,3,9,http://stload.se.ifmo.ru:8080/?token=518472196&&user=-1356113187&config=3,418,0,28
1775997421622,376,HTTP Request 3,200,OK,config 3 3-2,text,true,,231,168,3,11,http://stload.se.ifmo.ru:8080/?token=518472196&&user=-1356113187&config=3,376,0,28
1775997421790,408,HTTP Request 3,200,OK,config 3 3-3,text,true,,231,168,3,12,http://stload.se.ifmo.ru:8080/?token=518472196&&user=-1356113187&config=3,408,0,42
1775997421959,433,HTTP Request 3,200,OK,config 3 3-4,text,true,,231,168,3,12,http://stload.se.ifmo.ru:8080/?token=518472196&&user=-1356113187&config=3,433,0,66
1775997422124,401,HTTP Request 3,200,OK,config 3 3-5,text,true,,231,168,2,9,http://stload.se.ifmo.ru:8080/?token=518472196&&user=-1356113187&config=3,401,0,46
1775997422292,419,HTTP Request 3,200,OK,config 3 3-6,text,true,,231,168,1,6,http://stload.se.ifmo.ru:8080/?token=518472196&&user=-1356113187&config=3,419,0,59
1775997462696,384,HTTP Request 3,200,OK,config 3 3-1,text,true,,231,168,3,9,http://stload.se.ifmo.ru:8080/?token=518472196&&user=-1356113187&config=3,381,0,36
1775997462802,382,HTTP Request 3,200,OK,config 3 3-2,text,true,,231,168,3,11,http://stload.se.ifmo.ru:8080/?token=518472196&&user=-1356113187&config=3,382,0,42
1775997462969,363,HTTP Request 3,200,OK,config 3 3-3,text,true,,231,168,3,12,http://stload.se.ifmo.ru:8080/?token=518472196&&user=-1356113187&config=3,363,0,24
1775997463137,378,HTTP Request 3,200,OK,config 3 3-4,text,true,,231,168,3,13,http://stload.se.ifmo.ru:8080/?token=518472196&&user=-1356113187&config=3,378,0,34
1775997463303,381,HTTP Request 3,200,OK,config 3 3-5,text,true,,231,168,2,11,http://stload.se.ifmo.ru:8080/?token=518472196&&user=-1356113187&config=3,381,0,42
1775997463470,386,HTTP Request 3,200,OK,config 3 3-6,text,true,,231,168,1,9,http://stload.se.ifmo.ru:8080/?token=518472196&&user=-1356113187&config=3,386,0,32
1775997539781,412,HTTP Request 3,200,OK,config 3 3-1,text,true,,231,168,3,9,http://stload.se.ifmo.ru:8080/?token=518472196&&user=-1356113187&config=3,409,0,70
1775997539890,424,HTTP Request 3,200,OK,config 3 3-2,text,true,,231,168,4,12,http://stload.se.ifmo.ru:8080/?token=518472196&&user=-1356113187&config=3,424,0,39
1775997540058,374,HTTP Request 3,200,OK,config 3 3-3,text,true,,231,168,5,15,http://stload.se.ifmo.ru:8080/?token=518472196&&user=-1356113187&config=3,374,0,38
1775997540224,453,HTTP Request 3,200,OK,config 3 3-4,text,true,,231,168,6,18,http://stload.se.ifmo.ru:8080/?token=518472196&&user=-1356113187&config=3,453,0,89
1775997540391,388,HTTP Request 3,200,OK,config 3 3-5,text,true,,231,168,6,18,http://stload.se.ifmo.ru:8080/?token=518472196&&user=-1356113187&config=3,388,0,41
1775997540558,398,HTTP Request 3,200,OK,config 3 3-6,text,true,,231,168,6,18,http://stload.se.ifmo.ru:8080/?token=518472196&&user=-1356113187&config=3,398,0,53
1775997541239,352,HTTP Request 3,200,OK,config 3 3-1,text,true,,231,168,6,18,http://stload.se.ifmo.ru:8080/?token=518472196&&user=-1356113187&config=3,352,0,0
1775997541390,360,HTTP Request 3,200,OK,config 3 3-2,text,true,,231,168,6,18,http://stload.se.ifmo.ru:8080/?token=518472196&&user=-1356113187&config=3,360,0,0
1775997541557,360,HTTP Request 3,200,OK,config 3 3-3,text,true,,231,168,6,18,http://stload.se.ifmo.ru:8080/?token=518472196&&user=-1356113187&config=3,360,0,0
1775997541724,350,HTTP Request 3,200,OK,config 3 3-4,text,true,,231,168,6,18,http://stload.se.ifmo.ru:8080/?token=518472196&&user=-1356113187&config=3,350,0,0
1775997541892,352,HTTP Request 3,200,OK,config 3 3-5,text,true,,231,168,6,18,http://stload.se.ifmo.ru:8080/?token=518472196&&user=-1356113187&config=3,352,0,0
1775997542059,356,HTTP Request 3,200,OK,config 3 3-6,text,true,,231,168,6,18,http://stload.se.ifmo.ru:8080/?token=518472196&&user=-1356113187&config=3,356,0,0
1775997542738,349,HTTP Request 3,200,OK,config 3 3-1,text,true,,231,168,6,18,http://stload.se.ifmo.ru:8080/?token=518472196&&user=-1356113187&config=3,349,0,0
1775997542890,377,HTTP Request 3,200,OK,config 3 3-2,text,true,,231,168,6,18,http://stload.se.ifmo.ru:8080/?token=518472196&&user=-1356113187&config=3,377,0,0
1775997543058,367,HTTP Request 3,200,OK,config 3 3-3,text,true,,231,168,6,18,http://stload.se.ifmo.ru:8080/?token=518472196&&user=-1356113187&config=3,367,0,0
1775997543223,384,HTTP Request 3,200,OK,config 3 3-4,text,true,,231,168,6,18,http://stload.se.ifmo.ru:8080/?token=518472196&&user=-1356113187&config=3,384,0,0
1775997543391,373,HTTP Request 3,200,OK,config 3 3-5,text,true,,231,168,6,18,http://stload.se.ifmo.ru:8080/?token=518472196&&user=-1356113187&config=3,373,0,0
1775997543558,457,HTTP Request 3,200,OK,config 3 3-6,text,true,,231,168,6,18,http://stload.se.ifmo.ru:8080/?token=518472196&&user=-1356113187&config=3,457,0,0
1775997544238,474,HTTP Request 3,200,OK,config 3 3-1,text,true,,231,168,6,18,http://stload.se.ifmo.ru:8080/?token=518472196&&user=-1356113187&config=3,474,0,0
1775997544390,449,HTTP Request 3,200,OK,config 3 3-2,text,true,,231,168,6,18,http://stload.se.ifmo.ru:8080/?token=518472196&&user=-1356113187&config=3,449,0,0
1775997544557,379,HTTP Request 3,200,OK,config 3 3-3,text,true,,231,168,6,18,http://stload.se.ifmo.ru:8080/?token=518472196&&user=-1356113187&config=3,379,0,0
1775997544723,423,HTTP Request 3,200,OK,config 3 3-4,text,true,,231,168,6,18,http://stload.se.ifmo.ru:8080/?token=518472196&&user=-1356113187&config=3,423,0,0
1775997544891,411,HTTP Request 3,200,OK,config 3 3-5,text,true,,231,168,6,18,http://stload.se.ifmo.ru:8080/?token=518472196&&user=-1356113187&config=3,411,0,0
1775997545058,400,HTTP Request 3,200,OK,config 3 3-6,text,true,,231,168,6,18,http://stload.se.ifmo.ru:8080/?token=518472196&&user=-1356113187&config=3,400,0,0
1775997545739,418,HTTP Request 3,200,OK,config 3 3-1,text,true,,231,168,6,18,http://stload.se.ifmo.ru:8080/?token=518472196&&user=-1356113187&config=3,418,0,0
1775997545890,436,HTTP Request 3,200,OK,config 3 3-2,text,true,,231,168,6,18,http://stload.se.ifmo.ru:8080/?token=518472196&&user=-1356113187&config=3,436,0,0
1775997546057,460,HTTP Request 3,200,OK,config 3 3-3,text,true,,231,168,6,18,http://stload.se.ifmo.ru:8080/?token=518472196&&user=-1356113187&config=3,460,0,0
1775997546223,407,HTTP Request 3,200,OK,config 3 3-4,text,true,,231,168,6,18,http://stload.se.ifmo.ru:8080/?token=518472196&&user=-1356113187&config=3,407,0,0
1775997546391,452,HTTP Request 3,200,OK,config 3 3-5,text,true,,231,168,6,18,http://stload.se.ifmo.ru:8080/?token=518472196&&user=-1356113187&config=3,452,0,0
1775997546560,465,HTTP Request 3,200,OK,config 3 3-6,text,true,,231,168,6,18,http://stload.se.ifmo.ru:8080/?token=518472196&&user=-1356113187&config=3,465,0,0
1775997547240,412,HTTP Request 3,200,OK,config 3 3-1,text,true,,231,168,6,18,http://stload.se.ifmo.ru:8080/?token=518472196&&user=-1356113187&config=3,412,0,0
1775997547390,436,HTTP Request 3,200,OK,config 3 3-2,text,true,,231,168,6,18,http://stload.se.ifmo.ru:8080/?token=518472196&&user=-1356113187&config=3,435,0,0
1775997547557,443,HTTP Request 3,200,OK,config 3 3-3,text,true,,231,168,6,18,http://stload.se.ifmo.ru:8080/?token=518472196&&user=-1356113187&config=3,443,0,0
1775997547723,461,HTTP Request 3,200,OK,config 3 3-4,text,true,,231,168,6,18,http://stload.se.ifmo.ru:8080/?token=518472196&&user=-1356113187&config=3,461,0,0
1775997547892,454,HTTP Request 3,200,OK,config 3 3-5,text,true,,231,168,6,18,http://stload.se.ifmo.ru:8080/?token=518472196&&user=-1356113187&config=3,454,0,0
1775997548058,473,HTTP Request 3,200,OK,config 3 3-6,text,true,,231,168,6,18,http://stload.se.ifmo.ru:8080/?token=518472196&&user=-1356113187&config=3,473,0,0
1775997548739,444,HTTP Request 3,200,OK,config 3 3-1,text,true,,231,168,6,18,http://stload.se.ifmo.ru:8080/?token=518472196&&user=-1356113187&config=3,444,0,0
1775997548890,488,HTTP Request 3,200,OK,config 3 3-2,text,true,,231,168,6,18,http://stload.se.ifmo.ru:8080/?token=518472196&&user=-1356113187&config=3,488,0,0
1775997549057,509,HTTP Request 3,200,OK,config 3 3-3,text,true,,231,168,6,18,http://stload.se.ifmo.ru:8080/?token=518472196&&user=-1356113187&config=3,509,0,0
1775997549223,470,HTTP Request 3,200,OK,config 3 3-4,text,true,,231,168,6,18,http://stload.se.ifmo.ru:8080/?token=518472196&&user=-1356113187&config=3,470,0,0
1775997549392,584,HTTP Request 3,200,OK,config 3 3-5,text,true,,231,168,6,18,http://stload.se.ifmo.ru:8080/?token=518472196&&user=-1356113187&config=3,584,0,0
1775997549558,485,HTTP Request 3,200,OK,config 3 3-6,text,true,,231,168,6,18,http://stload.se.ifmo.ru:8080/?token=518472196&&user=-1356113187&config=3,485,0,0
1775997550238,455,HTTP Request 3,200,OK,config 3 3-1,text,true,,231,168,6,18,http://stload.se.ifmo.ru:8080/?token=518472196&&user=-1356113187&config=3,455,0,0
1775997550390,446,HTTP Request 3,200,OK,config 3 3-2,text,true,,231,168,6,18,http://stload.se.ifmo.ru:8080/?token=518472196&&user=-1356113187&config=3,445,0,0
1775997550558,515,HTTP Request 3,200,OK,config 3 3-3,text,true,,231,168,6,18,http://stload.se.ifmo.ru:8080/?token=518472196&&user=-1356113187&config=3,515,0,0
1775997550724,596,HTTP Request 3,200,OK,config 3 3-4,text,true,,231,168,6,18,http://stload.se.ifmo.ru:8080/?token=518472196&&user=-1356113187&config=3,595,0,0
1775997550892,497,HTTP Request 3,200,OK,config 3 3-5,text,true,,231,168,6,18,http://stload.se.ifmo.ru:8080/?token=518472196&&user=-1356113187&config=3,497,0,0
1775997551059,452,HTTP Request 3,200,OK,config 3 3-6,text,true,,231,168,6,18,http://stload.se.ifmo.ru:8080/?token=518472196&&user=-1356113187&config=3,452,0,0
1775997551739,447,HTTP Request 3,200,OK,config 3 3-1,text,true,,231,168,6,18,http://stload.se.ifmo.ru:8080/?token=518472196&&user=-1356113187&config=3,447,0,0
1775997551891,451,HTTP Request 3,200,OK,config 3 3-2,text,true,,231,168,6,18,http://stload.se.ifmo.ru:8080/?token=518472196&&user=-1356113187&config=3,451,0,0
1775997552057,457,HTTP Request 3,200,OK,config 3 3-3,text,true,,231,168,6,18,http://stload.se.ifmo.ru:8080/?token=518472196&&user=-1356113187&config=3,457,0,0
1775997552224,458,HTTP Request 3,200,OK,config 3 3-4,text,true,,231,168,6,18,http://stload.se.ifmo.ru:8080/?token=518472196&&user=-1356113187&config=3,458,0,0
1775997552391,502,HTTP Request 3,200,OK,config 3 3-5,text,true,,231,168,6,18,http://stload.se.ifmo.ru:8080/?token=518472196&&user=-1356113187&config=3,502,0,0
1775997552559,478,HTTP Request 3,200,OK,config 3 3-6,text,true,,231,168,6,18,http://stload.se.ifmo.ru:8080/?token=518472196&&user=-1356113187&config=3,478,0,0
1775997553238,437,HTTP Request 3,200,OK,config 3 3-1,text,true,,231,168,6,18,http://stload.se.ifmo.ru:8080/?token=518472196&&user=-1356113187&config=3,437,0,0
1775997553391,453,HTTP Request 3,200,OK,config 3 3-2,text,true,,231,168,6,18,http://stload.se.ifmo.ru:8080/?token=518472196&&user=-1356113187&config=3,453,0,0
1775997553557,488,HTTP Request 3,200,OK,config 3 3-3,text,true,,231,168,6,18,http://stload.se.ifmo.ru:8080/?token=518472196&&user=-1356113187&config=3,488,0,0
1775997553724,465,HTTP Request 3,200,OK,config 3 3-4,text,true,,231,168,6,18,http://stload.se.ifmo.ru:8080/?token=518472196&&user=-1356113187&config=3,465,0,0
1775997553891,470,HTTP Request 3,200,OK,config 3 3-5,text,true,,231,168,6,18,http://stload.se.ifmo.ru:8080/?token=518472196&&user=-1356113187&config=3,470,0,0
1775997554059,498,HTTP Request 3,200,OK,config 3 3-6,text,true,,231,168,6,18,http://stload.se.ifmo.ru:8080/?token=518472196&&user=-1356113187&config=3,498,0,0
1775997554738,454,HTTP Request 3,200,OK,config 3 3-1,text,true,,231,168,6,18,http://stload.se.ifmo.ru:8080/?token=518472196&&user=-1356113187&config=3,454,0,0
1775997554891,454,HTTP Request 3,200,OK,config 3 3-2,text,true,,231,168,6,18,http://stload.se.ifmo.ru:8080/?token=518472196&&user=-1356113187&config=3,454,0,0
1775997555058,446,HTTP Request 3,200,OK,config 3 3-3,text,true,,231,168,6,18,http://stload.se.ifmo.ru:8080/?token=518472196&&user=-1356113187&config=3,446,0,0
1775997555223,469,HTTP Request 3,200,OK,config 3 3-4,text,true,,231,168,6,18,http://stload.se.ifmo.ru:8080/?token=518472196&&user=-1356113187&config=3,469,0,0
1775997555391,458,HTTP Request 3,200,OK,config 3 3-5,text,true,,231,168,6,18,http://stload.se.ifmo.ru:8080/?token=518472196&&user=-1356113187&config=3,458,0,0
1775997555558,482,HTTP Request 3,200,OK,config 3 3-6,text,true,,231,168,6,18,http://stload.se.ifmo.ru:8080/?token=518472196&&user=-1356113187&config=3,482,0,0
1775997556238,451,HTTP Request 3,200,OK,config 3 3-1,text,true,,231,168,6,18,http://stload.se.ifmo.ru:8080/?token=518472196&&user=-1356113187&config=3,451,0,0
1775997556390,452,HTTP Request 3,200,OK,config 3 3-2,text,true,,231,168,6,18,http://stload.se.ifmo.ru:8080/?token=518472196&&user=-1356113187&config=3,452,0,0
1775997556557,462,HTTP Request 3,200,OK,config 3 3-3,text,true,,231,168,6,18,http://stload.se.ifmo.ru:8080/?token=518472196&&user=-1356113187&config=3,462,0,0
1775997556723,465,HTTP Request 3,200,OK,config 3 3-4,text,true,,231,168,6,18,http://stload.se.ifmo.ru:8080/?token=518472196&&user=-1356113187&config=3,465,0,0
1775997557058,724,HTTP Request 3,200,OK,config 3 3-6,text,true,,231,168,6,18,http://stload.se.ifmo.ru:8080/?token=518472196&&user=-1356113187&config=3,724,0,0
1775997556891,891,HTTP Request 3,200,OK,config 3 3-5,text,false,"The operation lasted too long: It took 891 milliseconds, but should not have lasted longer than 840 milliseconds.",231,168,6,18,http://stload.se.ifmo.ru:8080/?token=518472196&&user=-1356113187&config=3,891,0,0
1775997557739,505,HTTP Request 3,200,OK,config 3 3-1,text,true,,231,168,6,18,http://stload.se.ifmo.ru:8080/?token=518472196&&user=-1356113187&config=3,505,0,0
1775997557890,455,HTTP Request 3,200,OK,config 3 3-2,text,true,,231,168,6,18,http://stload.se.ifmo.ru:8080/?token=518472196&&user=-1356113187&config=3,455,0,0
1775997558058,456,HTTP Request 3,200,OK,config 3 3-3,text,true,,231,168,6,18,http://stload.se.ifmo.ru:8080/?token=518472196&&user=-1356113187&config=3,455,0,0
1775997558224,475,HTTP Request 3,200,OK,config 3 3-4,text,true,,231,168,6,18,http://stload.se.ifmo.ru:8080/?token=518472196&&user=-1356113187&config=3,475,0,0
1775997558392,453,HTTP Request 3,200,OK,config 3 3-5,text,true,,231,168,6,18,http://stload.se.ifmo.ru:8080/?token=518472196&&user=-1356113187&config=3,453,0,0
1775997558559,481,HTTP Request 3,200,OK,config 3 3-6,text,true,,231,168,6,18,http://stload.se.ifmo.ru:8080/?token=518472196&&user=-1356113187&config=3,481,0,0
1775997559238,493,HTTP Request 3,200,OK,config 3 3-1,text,true,,231,168,6,18,http://stload.se.ifmo.ru:8080/?token=518472196&&user=-1356113187&config=3,493,0,0
1775997559390,453,HTTP Request 3,200,OK,config 3 3-2,text,true,,231,168,6,18,http://stload.se.ifmo.ru:8080/?token=518472196&&user=-1356113187&config=3,453,0,0
1775997559557,470,HTTP Request 3,200,OK,config 3 3-3,text,true,,231,168,6,18,http://stload.se.ifmo.ru:8080/?token=518472196&&user=-1356113187&config=3,470,0,0
1775997559724,459,HTTP Request 3,200,OK,config 3 3-4,text,true,,231,168,6,18,http://stload.se.ifmo.ru:8080/?token=518472196&&user=-1356113187&config=3,459,0,0
1775997559891,531,HTTP Request 3,200,OK,config 3 3-5,text,true,,231,168,6,18,http://stload.se.ifmo.ru:8080/?token=518472196&&user=-1356113187&config=3,531,0,0
1775997560059,471,HTTP Request 3,200,OK,config 3 3-6,text,true,,231,168,6,18,http://stload.se.ifmo.ru:8080/?token=518472196&&user=-1356113187&config=3,471,0,0
1775997560738,493,HTTP Request 3,200,OK,config 3 3-1,text,true,,231,168,6,18,http://stload.se.ifmo.ru:8080/?token=518472196&&user=-1356113187&config=3,493,0,0
1775997560890,481,HTTP Request 3,200,OK,config 3 3-2,text,true,,231,168,6,18,http://stload.se.ifmo.ru:8080/?token=518472196&&user=-1356113187&config=3,481,0,0
1775997561058,450,HTTP Request 3,200,OK,config 3 3-3,text,true,,231,168,6,18,http://stload.se.ifmo.ru:8080/?token=518472196&&user=-1356113187&config=3,450,0,0
1775997561223,460,HTTP Request 3,200,OK,config 3 3-4,text,true,,231,168,6,18,http://stload.se.ifmo.ru:8080/?token=518472196&&user=-1356113187&config=3,460,0,0
1775997561392,479,HTTP Request 3,200,OK,config 3 3-5,text,true,,231,168,6,18,http://stload.se.ifmo.ru:8080/?token=518472196&&user=-1356113187&config=3,479,0,0
1775997561558,458,HTTP Request 3,200,OK,config 3 3-6,text,true,,231,168,6,18,http://stload.se.ifmo.ru:8080/?token=518472196&&user=-1356113187&config=3,458,0,0
1775997562238,466,HTTP Request 3,200,OK,config 3 3-1,text,true,,231,168,6,18,http://stload.se.ifmo.ru:8080/?token=518472196&&user=-1356113187&config=3,466,0,0
1775997562390,462,HTTP Request 3,200,OK,config 3 3-2,text,true,,231,168,6,18,http://stload.se.ifmo.ru:8080/?token=518472196&&user=-1356113187&config=3,462,0,0
1775997562558,459,HTTP Request 3,200,OK,config 3 3-3,text,true,,231,168,6,18,http://stload.se.ifmo.ru:8080/?token=518472196&&user=-1356113187&config=3,459,0,0
1775997562723,515,HTTP Request 3,200,OK,config 3 3-4,text,true,,231,168,6,18,http://stload.se.ifmo.ru:8080/?token=518472196&&user=-1356113187&config=3,514,0,0
1775997562892,479,HTTP Request 3,200,OK,config 3 3-5,text,true,,231,168,6,18,http://stload.se.ifmo.ru:8080/?token=518472196&&user=-1356113187&config=3,478,0,0
1775997563058,455,HTTP Request 3,200,OK,config 3 3-6,text,true,,231,168,6,18,http://stload.se.ifmo.ru:8080/?token=518472196&&user=-1356113187&config=3,455,0,0
1775997563739,452,HTTP Request 3,200,OK,config 3 3-1,text,true,,231,168,6,18,http://stload.se.ifmo.ru:8080/?token=518472196&&user=-1356113187&config=3,452,0,0
1775997563890,474,HTTP Request 3,200,OK,config 3 3-2,text,true,,231,168,6,18,http://stload.se.ifmo.ru:8080/?token=518472196&&user=-1356113187&config=3,474,0,0
1775997564057,454,HTTP Request 3,200,OK,config 3 3-3,text,true,,231,168,6,18,http://stload.se.ifmo.ru:8080/?token=518472196&&user=-1356113187&config=3,454,0,0
1775997564224,461,HTTP Request 3,200,OK,config 3 3-4,text,true,,231,168,6,18,http://stload.se.ifmo.ru:8080/?token=518472196&&user=-1356113187&config=3,461,0,0
1775997564391,461,HTTP Request 3,200,OK,config 3 3-5,text,true,,231,168,6,18,http://stload.se.ifmo.ru:8080/?token=518472196&&user=-1356113187&config=3,461,0,0
1775997564558,465,HTTP Request 3,200,OK,config 3 3-6,text,true,,231,168,6,18,http://stload.se.ifmo.ru:8080/?token=518472196&&user=-1356113187&config=3,465,0,0
1775997565239,449,HTTP Request 3,200,OK,config 3 3-1,text,true,,231,168,6,18,http://stload.se.ifmo.ru:8080/?token=518472196&&user=-1356113187&config=3,449,0,0
1775997565390,502,HTTP Request 3,200,OK,config 3 3-2,text,true,,231,168,6,18,http://stload.se.ifmo.ru:8080/?token=518472196&&user=-1356113187&config=3,502,0,0
1775997565557,488,HTTP Request 3,200,OK,config 3 3-3,text,true,,231,168,6,18,http://stload.se.ifmo.ru:8080/?token=518472196&&user=-1356113187&config=3,488,0,0
1775997565724,471,HTTP Request 3,200,OK,config 3 3-4,text,true,,231,168,6,18,http://stload.se.ifmo.ru:8080/?token=518472196&&user=-1356113187&config=3,471,0,0
1775997565892,487,HTTP Request 3,200,OK,config 3 3-5,text,true,,231,168,6,18,http://stload.se.ifmo.ru:8080/?token=518472196&&user=-1356113187&config=3,486,0,0
1775997566059,476,HTTP Request 3,200,OK,config 3 3-6,text,true,,231,168,6,18,http://stload.se.ifmo.ru:8080/?token=518472196&&user=-1356113187&config=3,476,0,0
1775997566738,478,HTTP Request 3,200,OK,config 3 3-1,text,true,,231,168,6,18,http://stload.se.ifmo.ru:8080/?token=518472196&&user=-1356113187&config=3,478,0,0
1775997566890,462,HTTP Request 3,200,OK,config 3 3-2,text,true,,231,168,6,18,http://stload.se.ifmo.ru:8080/?token=518472196&&user=-1356113187&config=3,462,0,0
1775997567057,467,HTTP Request 3,200,OK,config 3 3-3,text,true,,231,168,6,18,http://stload.se.ifmo.ru:8080/?token=518472196&&user=-1356113187&config=3,467,0,0
1775997567223,487,HTTP Request 3,200,OK,config 3 3-4,text,true,,231,168,6,18,http://stload.se.ifmo.ru:8080/?token=518472196&&user=-1356113187&config=3,487,0,0
1775997567391,472,HTTP Request 3,200,OK,config 3 3-5,text,true,,231,168,6,18,http://stload.se.ifmo.ru:8080/?token=518472196&&user=-1356113187&config=3,472,0,0
1775997567558,510,HTTP Request 3,200,OK,config 3 3-6,text,true,,231,168,6,18,http://stload.se.ifmo.ru:8080/?token=518472196&&user=-1356113187&config=3,510,0,0
1775997568238,442,HTTP Request 3,200,OK,config 3 3-1,text,true,,231,168,6,18,http://stload.se.ifmo.ru:8080/?token=518472196&&user=-1356113187&config=3,442,0,0
1775997568391,446,HTTP Request 3,200,OK,config 3 3-2,text,true,,231,168,5,17,http://stload.se.ifmo.ru:8080/?token=518472196&&user=-1356113187&config=3,446,0,0
1775997568558,454,HTTP Request 3,200,OK,config 3 3-3,text,true,,231,168,4,15,http://stload.se.ifmo.ru:8080/?token=518472196&&user=-1356113187&config=3,454,0,0
1775997568724,449,HTTP Request 3,200,OK,config 3 3-4,text,true,,231,168,3,12,http://stload.se.ifmo.ru:8080/?token=518472196&&user=-1356113187&config=3,449,0,0
1775997568892,457,HTTP Request 3,200,OK,config 3 3-5,text,true,,231,168,2,9,http://stload.se.ifmo.ru:8080/?token=518472196&&user=-1356113187&config=3,457,0,0
1775997569058,457,HTTP Request 3,200,OK,config 3 3-6,text,true,,231,168,1,6,http://stload.se.ifmo.ru:8080/?token=518472196&&user=-1356113187&config=3,457,0,0
1775997640652,406,HTTP Request 3,200,OK,config 3 3-1,text,true,,231,168,3,9,http://stload.se.ifmo.ru:8080/?token=518472196&&user=-1356113187&config=3,403,0,40
1775997640761,484,HTTP Request 3,200,OK,config 3 3-2,text,true,,231,168,4,12,http://stload.se.ifmo.ru:8080/?token=518472196&&user=-1356113187&config=3,484,0,76
1775997640927,378,HTTP Request 3,200,OK,config 3 3-3,text,true,,231,168,5,15,http://stload.se.ifmo.ru:8080/?token=518472196&&user=-1356113187&config=3,378,0,38
1775997641094,451,HTTP Request 3,200,OK,config 3 3-4,text,true,,231,168,6,18,http://stload.se.ifmo.ru:8080/?token=518472196&&user=-1356113187&config=3,451,0,67
1775997641261,469,HTTP Request 3,200,OK,config 3 3-5,text,true,,231,168,6,18,http://stload.se.ifmo.ru:8080/?token=518472196&&user=-1356113187&config=3,469,0,96
1775997641428,378,HTTP Request 3,200,OK,config 3 3-6,text,true,,231,168,6,18,http://stload.se.ifmo.ru:8080/?token=518472196&&user=-1356113187&config=3,378,0,33
1775997642109,399,HTTP Request 3,200,OK,config 3 3-1,text,true,,231,168,6,18,http://stload.se.ifmo.ru:8080/?token=518472196&&user=-1356113187&config=3,399,0,0
1775997642260,453,HTTP Request 3,200,OK,config 3 3-2,text,true,,231,168,6,18,http://stload.se.ifmo.ru:8080/?token=518472196&&user=-1356113187&config=3,452,0,0
1775997642428,342,HTTP Request 3,200,OK,config 3 3-3,text,true,,231,168,6,18,http://stload.se.ifmo.ru:8080/?token=518472196&&user=-1356113187&config=3,342,0,0
1775997642595,358,HTTP Request 3,200,OK,config 3 3-4,text,true,,231,168,6,18,http://stload.se.ifmo.ru:8080/?token=518472196&&user=-1356113187&config=3,358,0,0
1775997642761,346,HTTP Request 3,200,OK,config 3 3-5,text,true,,231,168,6,18,http://stload.se.ifmo.ru:8080/?token=518472196&&user=-1356113187&config=3,346,0,0
1775997642928,352,HTTP Request 3,200,OK,config 3 3-6,text,true,,231,168,6,18,http://stload.se.ifmo.ru:8080/?token=518472196&&user=-1356113187&config=3,352,0,0
1775997643608,400,HTTP Request 3,200,OK,config 3 3-1,text,true,,231,168,6,18,http://stload.se.ifmo.ru:8080/?token=518472196&&user=-1356113187&config=3,400,0,0
1775997643761,362,HTTP Request 3,200,OK,config 3 3-2,text,true,,231,168,6,18,http://stload.se.ifmo.ru:8080/?token=518472196&&user=-1356113187&config=3,362,0,0
1775997643928,358,HTTP Request 3,200,OK,config 3 3-3,text,true,,231,168,6,18,http://stload.se.ifmo.ru:8080/?token=518472196&&user=-1356113187&config=3,358,0,0
1775997644095,403,HTTP Request 3,200,OK,config 3 3-4,text,true,,231,168,6,18,http://stload.se.ifmo.ru:8080/?token=518472196&&user=-1356113187&config=3,403,0,0
1775997644261,367,HTTP Request 3,200,OK,config 3 3-5,text,true,,231,168,6,18,http://stload.se.ifmo.ru:8080/?token=518472196&&user=-1356113187&config=3,367,0,0
1775997644429,360,HTTP Request 3,200,OK,config 3 3-6,text,true,,231,168,6,18,http://stload.se.ifmo.ru:8080/?token=518472196&&user=-1356113187&config=3,360,0,0
1775997645109,398,HTTP Request 3,200,OK,config 3 3-1,text,true,,231,168,6,18,http://stload.se.ifmo.ru:8080/?token=518472196&&user=-1356113187&config=3,398,0,0
1775997645261,415,HTTP Request 3,200,OK,config 3 3-2,text,true,,231,168,6,18,http://stload.se.ifmo.ru:8080/?token=518472196&&user=-1356113187&config=3,415,0,0
1775997645427,418,HTTP Request 3,200,OK,config 3 3-3,text,true,,231,168,6,18,http://stload.se.ifmo.ru:8080/?token=518472196&&user=-1356113187&config=3,418,0,0
1775997645595,418,HTTP Request 3,200,OK,config 3 3-4,text,true,,231,168,6,18,http://stload.se.ifmo.ru:8080/?token=518472196&&user=-1356113187&config=3,418,0,0
1775997645761,387,HTTP Request 3,200,OK,config 3 3-5,text,true,,231,168,6,18,http://stload.se.ifmo.ru:8080/?token=518472196&&user=-1356113187&config=3,387,0,0
1775997645928,391,HTTP Request 3,200,OK,config 3 3-6,text,true,,231,168,6,18,http://stload.se.ifmo.ru:8080/?token=518472196&&user=-1356113187&config=3,391,0,0
1775997646609,396,HTTP Request 3,200,OK,config 3 3-1,text,true,,231,168,6,18,http://stload.se.ifmo.ru:8080/?token=518472196&&user=-1356113187&config=3,396,0,0
1775997646761,411,HTTP Request 3,200,OK,config 3 3-2,text,true,,231,168,6,18,http://stload.se.ifmo.ru:8080/?token=518472196&&user=-1356113187&config=3,411,0,0
1775997646928,417,HTTP Request 3,200,OK,config 3 3-3,text,true,,231,168,6,18,http://stload.se.ifmo.ru:8080/?token=518472196&&user=-1356113187&config=3,417,0,0
1775997647095,429,HTTP Request 3,200,OK,config 3 3-4,text,true,,231,168,6,18,http://stload.se.ifmo.ru:8080/?token=518472196&&user=-1356113187&config=3,429,0,0
1775997647262,410,HTTP Request 3,200,OK,config 3 3-5,text,true,,231,168,6,18,http://stload.se.ifmo.ru:8080/?token=518472196&&user=-1356113187&config=3,410,0,0
1775997647428,511,HTTP Request 3,200,OK,config 3 3-6,text,true,,231,168,6,18,http://stload.se.ifmo.ru:8080/?token=518472196&&user=-1356113187&config=3,511,0,0
1775997648109,430,HTTP Request 3,200,OK,config 3 3-1,text,true,,231,168,6,18,http://stload.se.ifmo.ru:8080/?token=518472196&&user=-1356113187&config=3,430,0,0
1775997648261,481,HTTP Request 3,200,OK,config 3 3-2,text,true,,231,168,6,18,http://stload.se.ifmo.ru:8080/?token=518472196&&user=-1356113187&config=3,481,0,0
1775997648428,435,HTTP Request 3,200,OK,config 3 3-3,text,true,,231,168,6,18,http://stload.se.ifmo.ru:8080/?token=518472196&&user=-1356113187&config=3,435,0,0
1775997648594,482,HTTP Request 3,200,OK,config 3 3-4,text,true,,231,168,6,18,http://stload.se.ifmo.ru:8080/?token=518472196&&user=-1356113187&config=3,482,0,0
1775997648762,464,HTTP Request 3,200,OK,config 3 3-5,text,true,,231,168,6,18,http://stload.se.ifmo.ru:8080/?token=518472196&&user=-1356113187&config=3,464,0,0
1775997648929,440,HTTP Request 3,200,OK,config 3 3-6,text,true,,231,168,6,18,http://stload.se.ifmo.ru:8080/?token=518472196&&user=-1356113187&config=3,440,0,0
1775997649608,444,HTTP Request 3,200,OK,config 3 3-1,text,true,,231,168,6,18,http://stload.se.ifmo.ru:8080/?token=518472196&&user=-1356113187&config=3,444,0,0
1775997649762,453,HTTP Request 3,200,OK,config 3 3-2,text,true,,231,168,6,18,http://stload.se.ifmo.ru:8080/?token=518472196&&user=-1356113187&config=3,453,0,0
1775997649927,455,HTTP Request 3,200,OK,config 3 3-3,text,true,,231,168,6,18,http://stload.se.ifmo.ru:8080/?token=518472196&&user=-1356113187&config=3,455,0,0
1775997650094,478,HTTP Request 3,200,OK,config 3 3-4,text,true,,231,168,6,18,http://stload.se.ifmo.ru:8080/?token=518472196&&user=-1356113187&config=3,478,0,0
1775997650262,495,HTTP Request 3,200,OK,config 3 3-5,text,true,,231,168,6,18,http://stload.se.ifmo.ru:8080/?token=518472196&&user=-1356113187&config=3,495,0,0
1775997650429,469,HTTP Request 3,200,OK,config 3 3-6,text,true,,231,168,6,18,http://stload.se.ifmo.ru:8080/?token=518472196&&user=-1356113187&config=3,469,0,0
1775997651108,485,HTTP Request 3,200,OK,config 3 3-1,text,true,,231,168,6,18,http://stload.se.ifmo.ru:8080/?token=518472196&&user=-1356113187&config=3,485,0,0
1775997651260,462,HTTP Request 3,200,OK,config 3 3-2,text,true,,231,168,6,18,http://stload.se.ifmo.ru:8080/?token=518472196&&user=-1356113187&config=3,462,0,0
1775997651427,452,HTTP Request 3,200,OK,config 3 3-3,text,true,,231,168,6,18,http://stload.se.ifmo.ru:8080/?token=518472196&&user=-1356113187&config=3,452,0,0
1775997651594,481,HTTP Request 3,200,OK,config 3 3-4,text,true,,231,168,6,18,http://stload.se.ifmo.ru:8080/?token=518472196&&user=-1356113187&config=3,481,0,0
1775997651762,479,HTTP Request 3,200,OK,config 3 3-5,text,true,,231,168,6,18,http://stload.se.ifmo.ru:8080/?token=518472196&&user=-1356113187&config=3,479,0,0
1775997651928,527,HTTP Request 3,200,OK,config 3 3-6,text,true,,231,168,6,18,http://stload.se.ifmo.ru:8080/?token=518472196&&user=-1356113187&config=3,527,0,0
1775997652609,451,HTTP Request 3,200,OK,config 3 3-1,text,true,,231,168,6,18,http://stload.se.ifmo.ru:8080/?token=518472196&&user=-1356113187&config=3,451,0,0
1775997652761,453,HTTP Request 3,200,OK,config 3 3-2,text,true,,231,168,6,18,http://stload.se.ifmo.ru:8080/?token=518472196&&user=-1356113187&config=3,453,0,0
1775997652927,459,HTTP Request 3,200,OK,config 3 3-3,text,true,,231,168,6,18,http://stload.se.ifmo.ru:8080/?token=518472196&&user=-1356113187&config=3,459,0,0
1775997653095,470,HTTP Request 3,200,OK,config 3 3-4,text,true,,231,168,6,18,http://stload.se.ifmo.ru:8080/?token=518472196&&user=-1356113187&config=3,470,0,0
1775997653261,552,HTTP Request 3,200,OK,config 3 3-5,text,true,,231,168,6,18,http://stload.se.ifmo.ru:8080/?token=518472196&&user=-1356113187&config=3,552,0,0
1775997653428,486,HTTP Request 3,200,OK,config 3 3-6,text,true,,231,168,6,18,http://stload.se.ifmo.ru:8080/?token=518472196&&user=-1356113187&config=3,486,0,0
1775997654109,439,HTTP Request 3,200,OK,config 3 3-1,text,true,,231,168,6,18,http://stload.se.ifmo.ru:8080/?token=518472196&&user=-1356113187&config=3,439,0,0
1775997654260,452,HTTP Request 3,200,OK,config 3 3-2,text,true,,231,168,6,18,http://stload.se.ifmo.ru:8080/?token=518472196&&user=-1356113187&config=3,452,0,0
1775997654427,472,HTTP Request 3,200,OK,config 3 3-3,text,true,,231,168,6,18,http://stload.se.ifmo.ru:8080/?token=518472196&&user=-1356113187&config=3,472,0,0
1775997654595,453,HTTP Request 3,200,OK,config 3 3-4,text,true,,231,168,6,18,http://stload.se.ifmo.ru:8080/?token=518472196&&user=-1356113187&config=3,453,0,0
1775997654762,497,HTTP Request 3,200,OK,config 3 3-5,text,true,,231,168,6,18,http://stload.se.ifmo.ru:8080/?token=518472196&&user=-1356113187&config=3,497,0,0
1775997654928,483,HTTP Request 3,200,OK,config 3 3-6,text,true,,231,168,6,18,http://stload.se.ifmo.ru:8080/?token=518472196&&user=-1356113187&config=3,483,0,0
1775997655608,489,HTTP Request 3,200,OK,config 3 3-1,text,true,,231,168,6,18,http://stload.se.ifmo.ru:8080/?token=518472196&&user=-1356113187&config=3,489,0,0
1775997655760,447,HTTP Request 3,200,OK,config 3 3-2,text,true,,231,168,6,18,http://stload.se.ifmo.ru:8080/?token=518472196&&user=-1356113187&config=3,447,0,0
1775997655927,451,HTTP Request 3,200,OK,config 3 3-3,text,true,,231,168,6,18,http://stload.se.ifmo.ru:8080/?token=518472196&&user=-1356113187&config=3,451,0,0
1775997656094,459,HTTP Request 3,200,OK,config 3 3-4,text,true,,231,168,6,18,http://stload.se.ifmo.ru:8080/?token=518472196&&user=-1356113187&config=3,459,0,0
1775997656261,449,HTTP Request 3,200,OK,config 3 3-5,text,true,,231,168,6,18,http://stload.se.ifmo.ru:8080/?token=518472196&&user=-1356113187&config=3,449,0,0
1775997656428,493,HTTP Request 3,200,OK,config 3 3-6,text,true,,231,168,6,18,http://stload.se.ifmo.ru:8080/?token=518472196&&user=-1356113187&config=3,493,0,0
1775997657108,496,HTTP Request 3,200,OK,config 3 3-1,text,true,,231,168,6,18,http://stload.se.ifmo.ru:8080/?token=518472196&&user=-1356113187&config=3,496,0,0
1775997657261,449,HTTP Request 3,200,OK,config 3 3-2,text,true,,231,168,6,18,http://stload.se.ifmo.ru:8080/?token=518472196&&user=-1356113187&config=3,449,0,0
1775997657428,457,HTTP Request 3,200,OK,config 3 3-3,text,true,,231,168,6,18,http://stload.se.ifmo.ru:8080/?token=518472196&&user=-1356113187&config=3,457,0,0
1775997657595,463,HTTP Request 3,200,OK,config 3 3-4,text,true,,231,168,6,18,http://stload.se.ifmo.ru:8080/?token=518472196&&user=-1356113187&config=3,463,0,0
1775997657761,487,HTTP Request 3,200,OK,config 3 3-5,text,true,,231,168,6,18,http://stload.se.ifmo.ru:8080/?token=518472196&&user=-1356113187&config=3,487,0,0
1775997657928,488,HTTP Request 3,200,OK,config 3 3-6,text,true,,231,168,6,18,http://stload.se.ifmo.ru:8080/?token=518472196&&user=-1356113187&config=3,488,0,0
1775997658609,508,HTTP Request 3,200,OK,config 3 3-1,text,true,,231,168,6,18,http://stload.se.ifmo.ru:8080/?token=518472196&&user=-1356113187&config=3,508,0,0
1775997658760,453,HTTP Request 3,200,OK,config 3 3-2,text,true,,231,168,6,18,http://stload.se.ifmo.ru:8080/?token=518472196&&user=-1356113187&config=3,453,0,0
1775997658928,450,HTTP Request 3,200,OK,config 3 3-3,text,true,,231,168,6,18,http://stload.se.ifmo.ru:8080/?token=518472196&&user=-1356113187&config=3,450,0,0
1775997659094,449,HTTP Request 3,200,OK,config 3 3-4,text,true,,231,168,6,18,http://stload.se.ifmo.ru:8080/?token=518472196&&user=-1356113187&config=3,449,0,0
1775997659262,477,HTTP Request 3,200,OK,config 3 3-5,text,true,,231,168,6,18,http://stload.se.ifmo.ru:8080/?token=518472196&&user=-1356113187&config=3,477,0,0
1775997659428,469,HTTP Request 3,200,OK,config 3 3-6,text,true,,231,168,6,18,http://stload.se.ifmo.ru:8080/?token=518472196&&user=-1356113187&config=3,469,0,0
1775997660108,477,HTTP Request 3,200,OK,config 3 3-1,text,true,,231,168,6,18,http://stload.se.ifmo.ru:8080/?token=518472196&&user=-1356113187&config=3,476,0,0
1775997660260,473,HTTP Request 3,200,OK,config 3 3-2,text,true,,231,168,6,18,http://stload.se.ifmo.ru:8080/?token=518472196&&user=-1356113187&config=3,473,0,0
1775997660427,460,HTTP Request 3,200,OK,config 3 3-3,text,true,,231,168,6,18,http://stload.se.ifmo.ru:8080/?token=518472196&&user=-1356113187&config=3,460,0,0
1775997660595,508,HTTP Request 3,200,OK,config 3 3-4,text,true,,231,168,6,18,http://stload.se.ifmo.ru:8080/?token=518472196&&user=-1356113187&config=3,508,0,0
1775997660761,469,HTTP Request 3,200,OK,config 3 3-5,text,true,,231,168,6,18,http://stload.se.ifmo.ru:8080/?token=518472196&&user=-1356113187&config=3,469,0,0
1775997660928,516,HTTP Request 3,200,OK,config 3 3-6,text,true,,231,168,6,18,http://stload.se.ifmo.ru:8080/?token=518472196&&user=-1356113187&config=3,515,0,0
1775997661608,434,HTTP Request 3,200,OK,config 3 3-1,text,true,,231,168,6,18,http://stload.se.ifmo.ru:8080/?token=518472196&&user=-1356113187&config=3,434,0,0
1775997661760,457,HTTP Request 3,200,OK,config 3 3-2,text,true,,231,168,6,18,http://stload.se.ifmo.ru:8080/?token=518472196&&user=-1356113187&config=3,457,0,0
1775997661928,461,HTTP Request 3,200,OK,config 3 3-3,text,true,,231,168,6,18,http://stload.se.ifmo.ru:8080/?token=518472196&&user=-1356113187&config=3,461,0,0
1775997662095,446,HTTP Request 3,200,OK,config 3 3-4,text,true,,231,168,6,18,http://stload.se.ifmo.ru:8080/?token=518472196&&user=-1356113187&config=3,446,0,0
1775997662261,514,HTTP Request 3,200,OK,config 3 3-5,text,true,,231,168,6,18,http://stload.se.ifmo.ru:8080/?token=518472196&&user=-1356113187&config=3,514,0,0
1775997662428,483,HTTP Request 3,200,OK,config 3 3-6,text,true,,231,168,6,18,http://stload.se.ifmo.ru:8080/?token=518472196&&user=-1356113187&config=3,483,0,0
1775997663108,487,HTTP Request 3,200,OK,config 3 3-1,text,true,,231,168,6,18,http://stload.se.ifmo.ru:8080/?token=518472196&&user=-1356113187&config=3,487,0,0
1775997663261,448,HTTP Request 3,200,OK,config 3 3-2,text,true,,231,168,6,18,http://stload.se.ifmo.ru:8080/?token=518472196&&user=-1356113187&config=3,448,0,0
1775997663427,461,HTTP Request 3,200,OK,config 3 3-3,text,true,,231,168,6,18,http://stload.se.ifmo.ru:8080/?token=518472196&&user=-1356113187&config=3,461,0,0
1775997663595,468,HTTP Request 3,200,OK,config 3 3-4,text,true,,231,168,6,18,http://stload.se.ifmo.ru:8080/?token=518472196&&user=-1356113187&config=3,468,0,0
1775997663761,460,HTTP Request 3,200,OK,config 3 3-5,text,true,,231,168,6,18,http://stload.se.ifmo.ru:8080/?token=518472196&&user=-1356113187&config=3,460,0,0
1775997663928,495,HTTP Request 3,200,OK,config 3 3-6,text,true,,231,168,6,18,http://stload.se.ifmo.ru:8080/?token=518472196&&user=-1356113187&config=3,495,0,0
1775997664609,451,HTTP Request 3,200,OK,config 3 3-1,text,true,,231,168,6,18,http://stload.se.ifmo.ru:8080/?token=518472196&&user=-1356113187&config=3,451,0,0
1775997664761,452,HTTP Request 3,200,OK,config 3 3-2,text,true,,231,168,6,18,http://stload.se.ifmo.ru:8080/?token=518472196&&user=-1356113187&config=3,452,0,0
1775997664927,450,HTTP Request 3,200,OK,config 3 3-3,text,true,,231,168,6,18,http://stload.se.ifmo.ru:8080/?token=518472196&&user=-1356113187&config=3,450,0,0
1775997665094,458,HTTP Request 3,200,OK,config 3 3-4,text,true,,231,168,6,18,http://stload.se.ifmo.ru:8080/?token=518472196&&user=-1356113187&config=3,458,0,0
1775997665261,456,HTTP Request 3,200,OK,config 3 3-5,text,true,,231,168,6,18,http://stload.se.ifmo.ru:8080/?token=518472196&&user=-1356113187&config=3,456,0,0
1775997665428,489,HTTP Request 3,200,OK,config 3 3-6,text,true,,231,168,6,18,http://stload.se.ifmo.ru:8080/?token=518472196&&user=-1356113187&config=3,489,0,0
1775997666108,444,HTTP Request 3,200,OK,config 3 3-1,text,true,,231,168,6,18,http://stload.se.ifmo.ru:8080/?token=518472196&&user=-1356113187&config=3,444,0,0
1775997666260,451,HTTP Request 3,200,OK,config 3 3-2,text,true,,231,168,6,18,http://stload.se.ifmo.ru:8080/?token=518472196&&user=-1356113187&config=3,451,0,0
1775997666428,462,HTTP Request 3,200,OK,config 3 3-3,text,true,,231,168,6,18,http://stload.se.ifmo.ru:8080/?token=518472196&&user=-1356113187&config=3,462,0,0
1775997666595,454,HTTP Request 3,200,OK,config 3 3-4,text,true,,231,168,6,18,http://stload.se.ifmo.ru:8080/?token=518472196&&user=-1356113187&config=3,454,0,0
1775997666761,512,HTTP Request 3,200,OK,config 3 3-5,text,true,,231,168,6,18,http://stload.se.ifmo.ru:8080/?token=518472196&&user=-1356113187&config=3,512,0,0
1775997666929,479,HTTP Request 3,200,OK,config 3 3-6,text,true,,231,168,6,18,http://stload.se.ifmo.ru:8080/?token=518472196&&user=-1356113187&config=3,479,0,0
1775997667609,454,HTTP Request 3,200,OK,config 3 3-1,text,true,,231,168,6,18,http://stload.se.ifmo.ru:8080/?token=518472196&&user=-1356113187&config=3,454,0,0
1775997667761,450,HTTP Request 3,200,OK,config 3 3-2,text,true,,231,168,6,18,http://stload.se.ifmo.ru:8080/?token=518472196&&user=-1356113187&config=3,450,0,0
1775997667928,449,HTTP Request 3,200,OK,config 3 3-3,text,true,,231,168,6,18,http://stload.se.ifmo.ru:8080/?token=518472196&&user=-1356113187&config=3,449,0,0
1775997668095,468,HTTP Request 3,200,OK,config 3 3-4,text,true,,231,168,6,18,http://stload.se.ifmo.ru:8080/?token=518472196&&user=-1356113187&config=3,467,0,0
1775997668261,451,HTTP Request 3,200,OK,config 3 3-5,text,true,,231,168,6,18,http://stload.se.ifmo.ru:8080/?token=518472196&&user=-1356113187&config=3,450,0,0
1775997668428,470,HTTP Request 3,200,OK,config 3 3-6,text,true,,231,168,6,18,http://stload.se.ifmo.ru:8080/?token=518472196&&user=-1356113187&config=3,470,0,0
1775997669109,443,HTTP Request 3,200,OK,config 3 3-1,text,true,,231,168,6,18,http://stload.se.ifmo.ru:8080/?token=518472196&&user=-1356113187&config=3,443,0,0
1775997669260,459,HTTP Request 3,200,OK,config 3 3-2,text,true,,231,168,6,18,http://stload.se.ifmo.ru:8080/?token=518472196&&user=-1356113187&config=3,459,0,0
1775997669427,452,HTTP Request 3,200,OK,config 3 3-3,text,true,,231,168,6,18,http://stload.se.ifmo.ru:8080/?token=518472196&&user=-1356113187&config=3,452,0,0
1775997669594,507,HTTP Request 3,200,OK,config 3 3-4,text,true,,231,168,6,18,http://stload.se.ifmo.ru:8080/?token=518472196&&user=-1356113187&config=3,506,0,0
1775997669762,492,HTTP Request 3,200,OK,config 3 3-5,text,true,,231,168,6,18,http://stload.se.ifmo.ru:8080/?token=518472196&&user=-1356113187&config=3,492,0,0
1775997669928,465,HTTP Request 3,200,OK,config 3 3-6,text,true,,231,168,6,18,http://stload.se.ifmo.ru:8080/?token=518472196&&user=-1356113187&config=3,465,0,0
1775997670609,591,HTTP Request 3,200,OK,config 3 3-1,text,true,,231,168,6,18,http://stload.se.ifmo.ru:8080/?token=518472196&&user=-1356113187&config=3,591,0,0
1775997670760,453,HTTP Request 3,200,OK,config 3 3-2,text,true,,231,168,6,18,http://stload.se.ifmo.ru:8080/?token=518472196&&user=-1356113187&config=3,453,0,0
1775997670927,452,HTTP Request 3,200,OK,config 3 3-3,text,true,,231,168,6,18,http://stload.se.ifmo.ru:8080/?token=518472196&&user=-1356113187&config=3,452,0,0
1775997671094,530,HTTP Request 3,200,OK,config 3 3-4,text,true,,231,168,6,18,http://stload.se.ifmo.ru:8080/?token=518472196&&user=-1356113187&config=3,530,0,0
1775997671262,457,HTTP Request 3,200,OK,config 3 3-5,text,true,,231,168,6,18,http://stload.se.ifmo.ru:8080/?token=518472196&&user=-1356113187&config=3,457,0,0
1775997671428,510,HTTP Request 3,200,OK,config 3 3-6,text,true,,231,168,6,18,http://stload.se.ifmo.ru:8080/?token=518472196&&user=-1356113187&config=3,510,0,0
1775997672108,443,HTTP Request 3,200,OK,config 3 3-1,text,true,,231,168,6,18,http://stload.se.ifmo.ru:8080/?token=518472196&&user=-1356113187&config=3,443,0,0
1775997672261,441,HTTP Request 3,200,OK,config 3 3-2,text,true,,231,168,6,18,http://stload.se.ifmo.ru:8080/?token=518472196&&user=-1356113187&config=3,441,0,0
1775997672428,452,HTTP Request 3,200,OK,config 3 3-3,text,true,,231,168,6,18,http://stload.se.ifmo.ru:8080/?token=518472196&&user=-1356113187&config=3,452,0,0
1775997672595,451,HTTP Request 3,200,OK,config 3 3-4,text,true,,231,168,6,18,http://stload.se.ifmo.ru:8080/?token=518472196&&user=-1356113187&config=3,451,0,0
1775997672761,497,HTTP Request 3,200,OK,config 3 3-5,text,true,,231,168,6,18,http://stload.se.ifmo.ru:8080/?token=518472196&&user=-1356113187&config=3,497,0,0
1775997672928,477,HTTP Request 3,200,OK,config 3 3-6,text,true,,231,168,6,18,http://stload.se.ifmo.ru:8080/?token=518472196&&user=-1356113187&config=3,477,0,0
1775997673608,485,HTTP Request 3,200,OK,config 3 3-1,text,true,,231,168,6,18,http://stload.se.ifmo.ru:8080/?token=518472196&&user=-1356113187&config=3,485,0,0
1775997673761,447,HTTP Request 3,200,OK,config 3 3-2,text,true,,231,168,6,18,http://stload.se.ifmo.ru:8080/?token=518472196&&user=-1356113187&config=3,447,0,0
1775997673928,447,HTTP Request 3,200,OK,config 3 3-3,text,true,,231,168,6,18,http://stload.se.ifmo.ru:8080/?token=518472196&&user=-1356113187&config=3,447,0,0
1775997674094,461,HTTP Request 3,200,OK,config 3 3-4,text,true,,231,168,6,18,http://stload.se.ifmo.ru:8080/?token=518472196&&user=-1356113187&config=3,461,0,0
1775997674262,452,HTTP Request 3,200,OK,config 3 3-5,text,true,,231,168,6,18,http://stload.se.ifmo.ru:8080/?token=518472196&&user=-1356113187&config=3,452,0,0
1775997674428,497,HTTP Request 3,200,OK,config 3 3-6,text,true,,231,168,6,18,http://stload.se.ifmo.ru:8080/?token=518472196&&user=-1356113187&config=3,497,0,0
1775997675109,495,HTTP Request 3,200,OK,config 3 3-1,text,true,,231,168,6,18,http://stload.se.ifmo.ru:8080/?token=518472196&&user=-1356113187&config=3,495,0,0
1775997675260,453,HTTP Request 3,200,OK,config 3 3-2,text,true,,231,168,6,18,http://stload.se.ifmo.ru:8080/?token=518472196&&user=-1356113187&config=3,453,0,0
1775997675428,450,HTTP Request 3,200,OK,config 3 3-3,text,true,,231,168,6,18,http://stload.se.ifmo.ru:8080/?token=518472196&&user=-1356113187&config=3,450,0,0
1775997675594,467,HTTP Request 3,200,OK,config 3 3-4,text,true,,231,168,6,18,http://stload.se.ifmo.ru:8080/?token=518472196&&user=-1356113187&config=3,467,0,0
1775997675762,474,HTTP Request 3,200,OK,config 3 3-5,text,true,,231,168,6,18,http://stload.se.ifmo.ru:8080/?token=518472196&&user=-1356113187&config=3,474,0,0
1775997675928,473,HTTP Request 3,200,OK,config 3 3-6,text,true,,231,168,6,18,http://stload.se.ifmo.ru:8080/?token=518472196&&user=-1356113187&config=3,473,0,0
1775997676608,458,HTTP Request 3,200,OK,config 3 3-1,text,true,,231,168,6,18,http://stload.se.ifmo.ru:8080/?token=518472196&&user=-1356113187&config=3,458,0,0
1775997676760,456,HTTP Request 3,200,OK,config 3 3-2,text,true,,231,168,6,18,http://stload.se.ifmo.ru:8080/?token=518472196&&user=-1356113187&config=3,456,0,0
1775997676927,454,HTTP Request 3,200,OK,config 3 3-3,text,true,,231,168,6,18,http://stload.se.ifmo.ru:8080/?token=518472196&&user=-1356113187&config=3,454,0,0
1775997677095,472,HTTP Request 3,200,OK,config 3 3-4,text,true,,231,168,6,18,http://stload.se.ifmo.ru:8080/?token=518472196&&user=-1356113187&config=3,472,0,0
1775997677262,452,HTTP Request 3,200,OK,config 3 3-5,text,true,,231,168,6,18,http://stload.se.ifmo.ru:8080/?token=518472196&&user=-1356113187&config=3,452,0,0
1775997677429,496,HTTP Request 3,200,OK,config 3 3-6,text,true,,231,168,6,18,http://stload.se.ifmo.ru:8080/?token=518472196&&user=-1356113187&config=3,496,0,0
1775997678109,490,HTTP Request 3,200,OK,config 3 3-1,text,true,,231,168,6,18,http://stload.se.ifmo.ru:8080/?token=518472196&&user=-1356113187&config=3,490,0,0
1775997678260,449,HTTP Request 3,200,OK,config 3 3-2,text,true,,231,168,6,18,http://stload.se.ifmo.ru:8080/?token=518472196&&user=-1356113187&config=3,449,0,0
1775997678427,456,HTTP Request 3,200,OK,config 3 3-3,text,true,,231,168,6,18,http://stload.se.ifmo.ru:8080/?token=518472196&&user=-1356113187&config=3,456,0,0
1775997678595,456,HTTP Request 3,200,OK,config 3 3-4,text,true,,231,168,6,18,http://stload.se.ifmo.ru:8080/?token=518472196&&user=-1356113187&config=3,456,0,0
1775997678761,484,HTTP Request 3,200,OK,config 3 3-5,text,true,,231,168,6,18,http://stload.se.ifmo.ru:8080/?token=518472196&&user=-1356113187&config=3,484,0,0
1775997678928,474,HTTP Request 3,200,OK,config 3 3-6,text,true,,231,168,6,18,http://stload.se.ifmo.ru:8080/?token=518472196&&user=-1356113187&config=3,474,0,0
1775997679608,472,HTTP Request 3,200,OK,config 3 3-1,text,true,,231,168,6,18,http://stload.se.ifmo.ru:8080/?token=518472196&&user=-1356113187&config=3,472,0,0
1775997679760,686,HTTP Request 3,200,OK,config 3 3-2,text,true,,231,168,6,18,http://stload.se.ifmo.ru:8080/?token=518472196&&user=-1356113187&config=3,686,0,0
1775997679927,519,HTTP Request 3,200,OK,config 3 3-3,text,true,,231,168,6,18,http://stload.se.ifmo.ru:8080/?token=518472196&&user=-1356113187&config=3,519,0,0
1775997680094,886,HTTP Request 3,200,OK,config 3 3-4,text,false,"The operation lasted too long: It took 886 milliseconds, but should not have lasted longer than 840 milliseconds.",231,168,6,18,http://stload.se.ifmo.ru:8080/?token=518472196&&user=-1356113187&config=3,886,0,0
1775997680262,1141,HTTP Request 3,200,OK,config 3 3-5,text,false,"The operation lasted too long: It took 1,141 milliseconds, but should not have lasted longer than 840 milliseconds.",231,168,6,18,http://stload.se.ifmo.ru:8080/?token=518472196&&user=-1356113187&config=3,1141,0,0
1775997680428,1009,HTTP Request 3,200,OK,config 3 3-6,text,false,"The operation lasted too long: It took 1,009 milliseconds, but should not have lasted longer than 840 milliseconds.",231,168,6,18,http://stload.se.ifmo.ru:8080/?token=518472196&&user=-1356113187&config=3,1009,0,0
1775997681108,457,HTTP Request 3,200,OK,config 3 3-1,text,true,,231,168,6,18,http://stload.se.ifmo.ru:8080/?token=518472196&&user=-1356113187&config=3,457,0,0
1775997681260,453,HTTP Request 3,200,OK,config 3 3-2,text,true,,231,168,6,18,http://stload.se.ifmo.ru:8080/?token=518472196&&user=-1356113187&config=3,453,0,0
1775997681427,499,HTTP Request 3,200,OK,config 3 3-3,text,true,,231,168,6,18,http://stload.se.ifmo.ru:8080/?token=518472196&&user=-1356113187&config=3,499,0,0
1775997681595,462,HTTP Request 3,200,OK,config 3 3-4,text,true,,231,168,6,18,http://stload.se.ifmo.ru:8080/?token=518472196&&user=-1356113187&config=3,462,0,0
1775997681761,481,HTTP Request 3,200,OK,config 3 3-5,text,true,,231,168,6,18,http://stload.se.ifmo.ru:8080/?token=518472196&&user=-1356113187&config=3,481,0,0
1775997681929,493,HTTP Request 3,200,OK,config 3 3-6,text,true,,231,168,6,18,http://stload.se.ifmo.ru:8080/?token=518472196&&user=-1356113187&config=3,493,0,0
1775997682609,510,HTTP Request 3,200,OK,config 3 3-1,text,true,,231,168,6,18,http://stload.se.ifmo.ru:8080/?token=518472196&&user=-1356113187&config=3,510,0,0
1775997682760,454,HTTP Request 3,200,OK,config 3 3-2,text,true,,231,168,6,18,http://stload.se.ifmo.ru:8080/?token=518472196&&user=-1356113187&config=3,454,0,0
1775997682927,454,HTTP Request 3,200,OK,config 3 3-3,text,true,,231,168,6,18,http://stload.se.ifmo.ru:8080/?token=518472196&&user=-1356113187&config=3,454,0,0
1775997683095,451,HTTP Request 3,200,OK,config 3 3-4,text,true,,231,168,6,18,http://stload.se.ifmo.ru:8080/?token=518472196&&user=-1356113187&config=3,451,0,0
1775997683261,450,HTTP Request 3,200,OK,config 3 3-5,text,true,,231,168,6,18,http://stload.se.ifmo.ru:8080/?token=518472196&&user=-1356113187&config=3,449,0,0
1775997683428,470,HTTP Request 3,200,OK,config 3 3-6,text,true,,231,168,6,18,http://stload.se.ifmo.ru:8080/?token=518472196&&user=-1356113187&config=3,470,0,0
1775997684108,471,HTTP Request 3,200,OK,config 3 3-1,text,true,,231,168,6,18,http://stload.se.ifmo.ru:8080/?token=518472196&&user=-1356113187&config=3,471,0,0
1775997684261,454,HTTP Request 3,200,OK,config 3 3-2,text,true,,231,168,6,18,http://stload.se.ifmo.ru:8080/?token=518472196&&user=-1356113187&config=3,454,0,0
1775997684427,480,HTTP Request 3,200,OK,config 3 3-3,text,true,,231,168,6,18,http://stload.se.ifmo.ru:8080/?token=518472196&&user=-1356113187&config=3,480,0,0
1775997684594,479,HTTP Request 3,200,OK,config 3 3-4,text,true,,231,168,6,18,http://stload.se.ifmo.ru:8080/?token=518472196&&user=-1356113187&config=3,479,0,0
1775997684761,483,HTTP Request 3,200,OK,config 3 3-5,text,true,,231,168,6,18,http://stload.se.ifmo.ru:8080/?token=518472196&&user=-1356113187&config=3,483,0,0
1775997684929,494,HTTP Request 3,200,OK,config 3 3-6,text,true,,231,168,6,18,http://stload.se.ifmo.ru:8080/?token=518472196&&user=-1356113187&config=3,494,0,0
1775997685608,440,HTTP Request 3,200,OK,config 3 3-1,text,true,,231,168,6,18,http://stload.se.ifmo.ru:8080/?token=518472196&&user=-1356113187&config=3,440,0,0
1775997685760,467,HTTP Request 3,200,OK,config 3 3-2,text,true,,231,168,6,18,http://stload.se.ifmo.ru:8080/?token=518472196&&user=-1356113187&config=3,467,0,0
1775997685928,490,HTTP Request 3,200,OK,config 3 3-3,text,true,,231,168,6,18,http://stload.se.ifmo.ru:8080/?token=518472196&&user=-1356113187&config=3,490,0,0
1775997686094,463,HTTP Request 3,200,OK,config 3 3-4,text,true,,231,168,6,18,http://stload.se.ifmo.ru:8080/?token=518472196&&user=-1356113187&config=3,463,0,0
1775997686261,476,HTTP Request 3,200,OK,config 3 3-5,text,true,,231,168,6,18,http://stload.se.ifmo.ru:8080/?token=518472196&&user=-1356113187&config=3,476,0,0
1775997686428,497,HTTP Request 3,200,OK,config 3 3-6,text,true,,231,168,6,18,http://stload.se.ifmo.ru:8080/?token=518472196&&user=-1356113187&config=3,497,0,0
1775997687109,439,HTTP Request 3,200,OK,config 3 3-1,text,true,,231,168,6,18,http://stload.se.ifmo.ru:8080/?token=518472196&&user=-1356113187&config=3,439,0,0
1775997687261,463,HTTP Request 3,200,OK,config 3 3-2,text,true,,231,168,6,18,http://stload.se.ifmo.ru:8080/?token=518472196&&user=-1356113187&config=3,463,0,0
1775997687428,461,HTTP Request 3,200,OK,config 3 3-3,text,true,,231,168,6,18,http://stload.se.ifmo.ru:8080/?token=518472196&&user=-1356113187&config=3,461,0,0
1775997687595,461,HTTP Request 3,200,OK,config 3 3-4,text,true,,231,168,6,18,http://stload.se.ifmo.ru:8080/?token=518472196&&user=-1356113187&config=3,461,0,0
1775997687761,470,HTTP Request 3,200,OK,config 3 3-5,text,true,,231,168,6,18,http://stload.se.ifmo.ru:8080/?token=518472196&&user=-1356113187&config=3,470,0,0
1775997687928,458,HTTP Request 3,200,OK,config 3 3-6,text,true,,231,168,6,18,http://stload.se.ifmo.ru:8080/?token=518472196&&user=-1356113187&config=3,458,0,0
1775997688608,483,HTTP Request 3,200,OK,config 3 3-1,text,true,,231,168,6,18,http://stload.se.ifmo.ru:8080/?token=518472196&&user=-1356113187&config=3,483,0,0
1775997688761,448,HTTP Request 3,200,OK,config 3 3-2,text,true,,231,168,6,18,http://stload.se.ifmo.ru:8080/?token=518472196&&user=-1356113187&config=3,448,0,0
1775997688928,476,HTTP Request 3,200,OK,config 3 3-3,text,true,,231,168,6,18,http://stload.se.ifmo.ru:8080/?token=518472196&&user=-1356113187&config=3,476,0,0
1775997689095,453,HTTP Request 3,200,OK,config 3 3-4,text,true,,231,168,6,18,http://stload.se.ifmo.ru:8080/?token=518472196&&user=-1356113187&config=3,453,0,0
1775997689261,459,HTTP Request 3,200,OK,config 3 3-5,text,true,,231,168,6,18,http://stload.se.ifmo.ru:8080/?token=518472196&&user=-1356113187&config=3,459,0,0
1775997689428,504,HTTP Request 3,200,OK,config 3 3-6,text,true,,231,168,6,18,http://stload.se.ifmo.ru:8080/?token=518472196&&user=-1356113187&config=3,504,0,0
1775997690108,490,HTTP Request 3,200,OK,config 3 3-1,text,true,,231,168,6,18,http://stload.se.ifmo.ru:8080/?token=518472196&&user=-1356113187&config=3,490,0,0
1775997690261,501,HTTP Request 3,200,OK,config 3 3-2,text,true,,231,168,6,18,http://stload.se.ifmo.ru:8080/?token=518472196&&user=-1356113187&config=3,501,0,0
1775997690427,457,HTTP Request 3,200,OK,config 3 3-3,text,true,,231,168,6,18,http://stload.se.ifmo.ru:8080/?token=518472196&&user=-1356113187&config=3,457,0,0
1775997690594,469,HTTP Request 3,200,OK,config 3 3-4,text,true,,231,168,6,18,http://stload.se.ifmo.ru:8080/?token=518472196&&user=-1356113187&config=3,469,0,0
1775997690762,468,HTTP Request 3,200,OK,config 3 3-5,text,true,,231,168,6,18,http://stload.se.ifmo.ru:8080/?token=518472196&&user=-1356113187&config=3,468,0,0
1775997690929,481,HTTP Request 3,200,OK,config 3 3-6,text,true,,231,168,6,18,http://stload.se.ifmo.ru:8080/?token=518472196&&user=-1356113187&config=3,481,0,0
1775997691609,494,HTTP Request 3,200,OK,config 3 3-1,text,true,,231,168,6,18,http://stload.se.ifmo.ru:8080/?token=518472196&&user=-1356113187&config=3,494,0,0
1775997691760,452,HTTP Request 3,200,OK,config 3 3-2,text,true,,231,168,6,18,http://stload.se.ifmo.ru:8080/?token=518472196&&user=-1356113187&config=3,452,0,0
1775997691928,451,HTTP Request 3,200,OK,config 3 3-3,text,true,,231,168,6,18,http://stload.se.ifmo.ru:8080/?token=518472196&&user=-1356113187&config=3,451,0,0
1775997692094,469,HTTP Request 3,200,OK,config 3 3-4,text,true,,231,168,6,18,http://stload.se.ifmo.ru:8080/?token=518472196&&user=-1356113187&config=3,469,0,0
1775997692261,495,HTTP Request 3,200,OK,config 3 3-5,text,true,,231,168,6,18,http://stload.se.ifmo.ru:8080/?token=518472196&&user=-1356113187&config=3,495,0,0
1775997692428,490,HTTP Request 3,200,OK,config 3 3-6,text,true,,231,168,6,18,http://stload.se.ifmo.ru:8080/?token=518472196&&user=-1356113187&config=3,490,0,0
1775997693109,489,HTTP Request 3,200,OK,config 3 3-1,text,true,,231,168,6,18,http://stload.se.ifmo.ru:8080/?token=518472196&&user=-1356113187&config=3,489,0,0
1775997693260,465,HTTP Request 3,200,OK,config 3 3-2,text,true,,231,168,6,18,http://stload.se.ifmo.ru:8080/?token=518472196&&user=-1356113187&config=3,465,0,0
1775997693427,466,HTTP Request 3,200,OK,config 3 3-3,text,true,,231,168,6,18,http://stload.se.ifmo.ru:8080/?token=518472196&&user=-1356113187&config=3,466,0,0
1775997693594,459,HTTP Request 3,200,OK,config 3 3-4,text,true,,231,168,6,18,http://stload.se.ifmo.ru:8080/?token=518472196&&user=-1356113187&config=3,459,0,0
1775997693761,485,HTTP Request 3,200,OK,config 3 3-5,text,true,,231,168,6,18,http://stload.se.ifmo.ru:8080/?token=518472196&&user=-1356113187&config=3,485,0,0
1775997693928,453,HTTP Request 3,200,OK,config 3 3-6,text,true,,231,168,6,18,http://stload.se.ifmo.ru:8080/?token=518472196&&user=-1356113187&config=3,453,0,0
1775997694608,470,HTTP Request 3,200,OK,config 3 3-1,text,true,,231,168,6,18,http://stload.se.ifmo.ru:8080/?token=518472196&&user=-1356113187&config=3,470,0,0
1775997694760,452,HTTP Request 3,200,OK,config 3 3-2,text,true,,231,168,6,18,http://stload.se.ifmo.ru:8080/?token=518472196&&user=-1356113187&config=3,452,0,0
1775997694927,454,HTTP Request 3,200,OK,config 3 3-3,text,true,,231,168,6,18,http://stload.se.ifmo.ru:8080/?token=518472196&&user=-1356113187&config=3,454,0,0
1775997695094,488,HTTP Request 3,200,OK,config 3 3-4,text,true,,231,168,6,18,http://stload.se.ifmo.ru:8080/?token=518472196&&user=-1356113187&config=3,488,0,0
1775997695261,458,HTTP Request 3,200,OK,config 3 3-5,text,true,,231,168,6,18,http://stload.se.ifmo.ru:8080/?token=518472196&&user=-1356113187&config=3,458,0,0
1775997695429,499,HTTP Request 3,200,OK,config 3 3-6,text,true,,231,168,6,18,http://stload.se.ifmo.ru:8080/?token=518472196&&user=-1356113187&config=3,499,0,0
1775997696108,489,HTTP Request 3,200,OK,config 3 3-1,text,true,,231,168,6,18,http://stload.se.ifmo.ru:8080/?token=518472196&&user=-1356113187&config=3,489,0,0
1775997696261,466,HTTP Request 3,200,OK,config 3 3-2,text,true,,231,168,6,18,http://stload.se.ifmo.ru:8080/?token=518472196&&user=-1356113187&config=3,466,0,0
1775997696428,457,HTTP Request 3,200,OK,config 3 3-3,text,true,,231,168,6,18,http://stload.se.ifmo.ru:8080/?token=518472196&&user=-1356113187&config=3,457,0,0
1775997696595,457,HTTP Request 3,200,OK,config 3 3-4,text,true,,231,168,6,18,http://stload.se.ifmo.ru:8080/?token=518472196&&user=-1356113187&config=3,457,0,0
1775997696762,505,HTTP Request 3,200,OK,config 3 3-5,text,true,,231,168,6,18,http://stload.se.ifmo.ru:8080/?token=518472196&&user=-1356113187&config=3,505,0,0
1775997696928,456,HTTP Request 3,200,OK,config 3 3-6,text,true,,231,168,6,18,http://stload.se.ifmo.ru:8080/?token=518472196&&user=-1356113187&config=3,456,0,0
1775997697608,461,HTTP Request 3,200,OK,config 3 3-1,text,true,,231,168,6,18,http://stload.se.ifmo.ru:8080/?token=518472196&&user=-1356113187&config=3,461,0,0
1775997697761,448,HTTP Request 3,200,OK,config 3 3-2,text,true,,231,168,6,18,http://stload.se.ifmo.ru:8080/?token=518472196&&user=-1356113187&config=3,448,0,0
1775997697928,484,HTTP Request 3,200,OK,config 3 3-3,text,true,,231,168,6,18,http://stload.se.ifmo.ru:8080/?token=518472196&&user=-1356113187&config=3,484,0,0
1775997698094,476,HTTP Request 3,200,OK,config 3 3-4,text,true,,231,168,6,18,http://stload.se.ifmo.ru:8080/?token=518472196&&user=-1356113187&config=3,476,0,0
1775997698261,472,HTTP Request 3,200,OK,config 3 3-5,text,true,,231,168,6,18,http://stload.se.ifmo.ru:8080/?token=518472196&&user=-1356113187&config=3,472,0,0
1775997698428,493,HTTP Request 3,200,OK,config 3 3-6,text,true,,231,168,6,18,http://stload.se.ifmo.ru:8080/?token=518472196&&user=-1356113187&config=3,493,0,0
1775997699109,434,HTTP Request 3,200,OK,config 3 3-1,text,true,,231,168,6,18,http://stload.se.ifmo.ru:8080/?token=518472196&&user=-1356113187&config=3,434,0,0
1775997699260,491,HTTP Request 3,200,OK,config 3 3-2,text,true,,231,168,6,18,http://stload.se.ifmo.ru:8080/?token=518472196&&user=-1356113187&config=3,491,0,0
1775997699428,465,HTTP Request 3,200,OK,config 3 3-3,text,true,,231,168,6,18,http://stload.se.ifmo.ru:8080/?token=518472196&&user=-1356113187&config=3,465,0,0
1775997699594,449,HTTP Request 3,200,OK,config 3 3-4,text,true,,231,168,6,18,http://stload.se.ifmo.ru:8080/?token=518472196&&user=-1356113187&config=3,449,0,0
1775997699761,495,HTTP Request 3,200,OK,config 3 3-5,text,true,,231,168,6,18,http://stload.se.ifmo.ru:8080/?token=518472196&&user=-1356113187&config=3,495,0,0
1775997699928,474,HTTP Request 3,200,OK,config 3 3-6,text,true,,231,168,6,18,http://stload.se.ifmo.ru:8080/?token=518472196&&user=-1356113187&config=3,474,0,0
1775997700608,441,HTTP Request 3,200,OK,config 3 3-1,text,true,,231,168,6,18,http://stload.se.ifmo.ru:8080/?token=518472196&&user=-1356113187&config=3,441,0,0
1775997700760,447,HTTP Request 3,200,OK,config 3 3-2,text,true,,231,168,6,18,http://stload.se.ifmo.ru:8080/?token=518472196&&user=-1356113187&config=3,447,0,0
1775997700927,497,HTTP Request 3,200,OK,config 3 3-3,text,true,,231,168,6,18,http://stload.se.ifmo.ru:8080/?token=518472196&&user=-1356113187&config=3,497,0,45
1775997701094,582,HTTP Request 3,200,OK,config 3 3-4,text,true,,231,168,6,18,http://stload.se.ifmo.ru:8080/?token=518472196&&user=-1356113187&config=3,582,0,94
1775997701261,499,HTTP Request 3,200,OK,config 3 3-5,text,true,,231,168,6,18,http://stload.se.ifmo.ru:8080/?token=518472196&&user=-1356113187&config=3,499,0,38
1775997701428,549,HTTP Request 3,200,OK,config 3 3-6,text,true,,231,168,6,18,http://stload.se.ifmo.ru:8080/?token=518472196&&user=-1356113187&config=3,549,0,79
1775997702109,495,HTTP Request 3,200,OK,config 3 3-1,text,true,,231,168,6,18,http://stload.se.ifmo.ru:8080/?token=518472196&&user=-1356113187&config=3,495,0,43
1775997702260,625,HTTP Request 3,200,OK,config 3 3-2,text,true,,231,168,6,18,http://stload.se.ifmo.ru:8080/?token=518472196&&user=-1356113187&config=3,625,0,97
1775997702428,457,HTTP Request 3,200,OK,config 3 3-3,text,true,,231,168,6,18,http://stload.se.ifmo.ru:8080/?token=518472196&&user=-1356113187&config=3,457,0,0
1775997702594,463,HTTP Request 3,200,OK,config 3 3-4,text,true,,231,168,6,18,http://stload.se.ifmo.ru:8080/?token=518472196&&user=-1356113187&config=3,463,0,0
1775997702761,463,HTTP Request 3,200,OK,config 3 3-5,text,true,,231,168,6,18,http://stload.se.ifmo.ru:8080/?token=518472196&&user=-1356113187&config=3,463,0,0
1775997702928,463,HTTP Request 3,200,OK,config 3 3-6,text,true,,231,168,6,18,http://stload.se.ifmo.ru:8080/?token=518472196&&user=-1356113187&config=3,463,0,0
1775997703609,437,HTTP Request 3,200,OK,config 3 3-1,text,true,,231,168,6,18,http://stload.se.ifmo.ru:8080/?token=518472196&&user=-1356113187&config=3,437,0,0
1775997703761,497,HTTP Request 3,200,OK,config 3 3-2,text,true,,231,168,6,18,http://stload.se.ifmo.ru:8080/?token=518472196&&user=-1356113187&config=3,497,0,0
1775997703927,458,HTTP Request 3,200,OK,config 3 3-3,text,true,,231,168,6,18,http://stload.se.ifmo.ru:8080/?token=518472196&&user=-1356113187&config=3,458,0,0
1775997704094,455,HTTP Request 3,200,OK,config 3 3-4,text,true,,231,168,6,18,http://stload.se.ifmo.ru:8080/?token=518472196&&user=-1356113187&config=3,455,0,0
1775997704261,496,HTTP Request 3,200,OK,config 3 3-5,text,true,,231,168,6,18,http://stload.se.ifmo.ru:8080/?token=518472196&&user=-1356113187&config=3,496,0,0
1775997704429,488,HTTP Request 3,200,OK,config 3 3-6,text,true,,231,168,6,18,http://stload.se.ifmo.ru:8080/?token=518472196&&user=-1356113187&config=3,488,0,0
1775997705108,442,HTTP Request 3,200,OK,config 3 3-1,text,true,,231,168,6,18,http://stload.se.ifmo.ru:8080/?token=518472196&&user=-1356113187&config=3,442,0,0
1775997705260,452,HTTP Request 3,200,OK,config 3 3-2,text,true,,231,168,6,18,http://stload.se.ifmo.ru:8080/?token=518472196&&user=-1356113187&config=3,452,0,0
1775997705427,455,HTTP Request 3,200,OK,config 3 3-3,text,true,,231,168,6,18,http://stload.se.ifmo.ru:8080/?token=518472196&&user=-1356113187&config=3,454,0,0
1775997705595,461,HTTP Request 3,200,OK,config 3 3-4,text,true,,231,168,6,18,http://stload.se.ifmo.ru:8080/?token=518472196&&user=-1356113187&config=3,461,0,0
1775997705762,455,HTTP Request 3,200,OK,config 3 3-5,text,true,,231,168,6,18,http://stload.se.ifmo.ru:8080/?token=518472196&&user=-1356113187&config=3,455,0,0
1775997705928,494,HTTP Request 3,200,OK,config 3 3-6,text,true,,231,168,6,18,http://stload.se.ifmo.ru:8080/?token=518472196&&user=-1356113187&config=3,494,0,0
1775997706608,493,HTTP Request 3,200,OK,config 3 3-1,text,true,,231,168,6,18,http://stload.se.ifmo.ru:8080/?token=518472196&&user=-1356113187&config=3,493,0,0
1775997706760,453,HTTP Request 3,200,OK,config 3 3-2,text,true,,231,168,6,18,http://stload.se.ifmo.ru:8080/?token=518472196&&user=-1356113187&config=3,453,0,0
1775997706927,453,HTTP Request 3,200,OK,config 3 3-3,text,true,,231,168,6,18,http://stload.se.ifmo.ru:8080/?token=518472196&&user=-1356113187&config=3,453,0,0
1775997707095,460,HTTP Request 3,200,OK,config 3 3-4,text,true,,231,168,6,18,http://stload.se.ifmo.ru:8080/?token=518472196&&user=-1356113187&config=3,460,0,0
1775997707261,452,HTTP Request 3,200,OK,config 3 3-5,text,true,,231,168,6,18,http://stload.se.ifmo.ru:8080/?token=518472196&&user=-1356113187&config=3,452,0,0
1775997707429,466,HTTP Request 3,200,OK,config 3 3-6,text,true,,231,168,6,18,http://stload.se.ifmo.ru:8080/?token=518472196&&user=-1356113187&config=3,466,0,0
1775997708109,469,HTTP Request 3,200,OK,config 3 3-1,text,true,,231,168,6,18,http://stload.se.ifmo.ru:8080/?token=518472196&&user=-1356113187&config=3,469,0,0
1775997708260,451,HTTP Request 3,200,OK,config 3 3-2,text,true,,231,168,6,18,http://stload.se.ifmo.ru:8080/?token=518472196&&user=-1356113187&config=3,451,0,0
1775997708428,450,HTTP Request 3,200,OK,config 3 3-3,text,true,,231,168,6,18,http://stload.se.ifmo.ru:8080/?token=518472196&&user=-1356113187&config=3,449,0,0
1775997708594,476,HTTP Request 3,200,OK,config 3 3-4,text,true,,231,168,6,18,http://stload.se.ifmo.ru:8080/?token=518472196&&user=-1356113187&config=3,476,0,0
1775997708762,463,HTTP Request 3,200,OK,config 3 3-5,text,true,,231,168,6,18,http://stload.se.ifmo.ru:8080/?token=518472196&&user=-1356113187&config=3,463,0,0
1775997708929,490,HTTP Request 3,200,OK,config 3 3-6,text,true,,231,168,6,18,http://stload.se.ifmo.ru:8080/?token=518472196&&user=-1356113187&config=3,490,0,0
1775997709609,465,HTTP Request 3,200,OK,config 3 3-1,text,true,,231,168,6,18,http://stload.se.ifmo.ru:8080/?token=518472196&&user=-1356113187&config=3,465,0,0
1775997709760,456,HTTP Request 3,200,OK,config 3 3-2,text,true,,231,168,6,18,http://stload.se.ifmo.ru:8080/?token=518472196&&user=-1356113187&config=3,456,0,0
1775997709927,514,HTTP Request 3,200,OK,config 3 3-3,text,true,,231,168,6,18,http://stload.se.ifmo.ru:8080/?token=518472196&&user=-1356113187&config=3,514,0,0
1775997710094,474,HTTP Request 3,200,OK,config 3 3-4,text,true,,231,168,6,18,http://stload.se.ifmo.ru:8080/?token=518472196&&user=-1356113187&config=3,474,0,0
1775997710261,462,HTTP Request 3,200,OK,config 3 3-5,text,true,,231,168,6,18,http://stload.se.ifmo.ru:8080/?token=518472196&&user=-1356113187&config=3,462,0,0
1775997710428,570,HTTP Request 3,200,OK,config 3 3-6,text,true,,231,168,6,18,http://stload.se.ifmo.ru:8080/?token=518472196&&user=-1356113187&config=3,570,0,0
1775997711108,697,HTTP Request 3,200,OK,config 3 3-1,text,true,,231,168,6,18,http://stload.se.ifmo.ru:8080/?token=518472196&&user=-1356113187&config=3,697,0,0
1775997711261,544,HTTP Request 3,200,OK,config 3 3-2,text,true,,231,168,6,18,http://stload.se.ifmo.ru:8080/?token=518472196&&user=-1356113187&config=3,544,0,0
1775997711428,642,HTTP Request 3,200,OK,config 3 3-3,text,true,,231,168,6,18,http://stload.se.ifmo.ru:8080/?token=518472196&&user=-1356113187&config=3,642,0,0
1775997711594,476,HTTP Request 3,200,OK,config 3 3-4,text,true,,231,168,6,18,http://stload.se.ifmo.ru:8080/?token=518472196&&user=-1356113187&config=3,476,0,0
1775997711761,609,HTTP Request 3,200,OK,config 3 3-5,text,true,,231,168,6,18,http://stload.se.ifmo.ru:8080/?token=518472196&&user=-1356113187&config=3,609,0,0
1775997711929,658,HTTP Request 3,200,OK,config 3 3-6,text,true,,231,168,6,18,http://stload.se.ifmo.ru:8080/?token=518472196&&user=-1356113187&config=3,658,0,0
1775997712608,509,HTTP Request 3,200,OK,config 3 3-1,text,true,,231,168,6,18,http://stload.se.ifmo.ru:8080/?token=518472196&&user=-1356113187&config=3,509,0,0
1775997712760,545,HTTP Request 3,200,OK,config 3 3-2,text,true,,231,168,6,18,http://stload.se.ifmo.ru:8080/?token=518472196&&user=-1356113187&config=3,545,0,0
1775997712927,585,HTTP Request 3,200,OK,config 3 3-3,text,true,,231,168,6,18,http://stload.se.ifmo.ru:8080/?token=518472196&&user=-1356113187&config=3,585,0,0
1775997713094,460,HTTP Request 3,200,OK,config 3 3-4,text,true,,231,168,6,18,http://stload.se.ifmo.ru:8080/?token=518472196&&user=-1356113187&config=3,460,0,0
1775997713261,518,HTTP Request 3,200,OK,config 3 3-5,text,true,,231,168,6,18,http://stload.se.ifmo.ru:8080/?token=518472196&&user=-1356113187&config=3,518,0,0
1775997713428,600,HTTP Request 3,200,OK,config 3 3-6,text,true,,231,168,6,18,http://stload.se.ifmo.ru:8080/?token=518472196&&user=-1356113187&config=3,600,0,0
1775997714260,568,HTTP Request 3,200,OK,config 3 3-2,text,true,,231,168,6,18,http://stload.se.ifmo.ru:8080/?token=518472196&&user=-1356113187&config=3,568,0,0
1775997714108,720,HTTP Request 3,200,OK,config 3 3-1,text,true,,231,168,6,18,http://stload.se.ifmo.ru:8080/?token=518472196&&user=-1356113187&config=3,720,0,0
1775997714427,732,HTTP Request 3,200,OK,config 3 3-3,text,true,,231,168,6,18,http://stload.se.ifmo.ru:8080/?token=518472196&&user=-1356113187&config=3,732,0,0
1775997714594,565,HTTP Request 3,200,OK,config 3 3-4,text,true,,231,168,6,18,http://stload.se.ifmo.ru:8080/?token=518472196&&user=-1356113187&config=3,565,0,0
1775997714763,584,HTTP Request 3,200,OK,config 3 3-5,text,true,,231,168,6,18,http://stload.se.ifmo.ru:8080/?token=518472196&&user=-1356113187&config=3,584,0,0
1775997714929,493,HTTP Request 3,200,OK,config 3 3-6,text,true,,231,168,6,18,http://stload.se.ifmo.ru:8080/?token=518472196&&user=-1356113187&config=3,493,0,0
1775997715609,464,HTTP Request 3,200,OK,config 3 3-1,text,true,,231,168,6,18,http://stload.se.ifmo.ru:8080/?token=518472196&&user=-1356113187&config=3,464,0,0
1775997715761,519,HTTP Request 3,200,OK,config 3 3-2,text,true,,231,168,6,18,http://stload.se.ifmo.ru:8080/?token=518472196&&user=-1356113187&config=3,519,0,0
1775997715928,596,HTTP Request 3,200,OK,config 3 3-3,text,true,,231,168,6,18,http://stload.se.ifmo.ru:8080/?token=518472196&&user=-1356113187&config=3,596,0,0
1775997716095,479,HTTP Request 3,200,OK,config 3 3-4,text,true,,231,168,6,18,http://stload.se.ifmo.ru:8080/?token=518472196&&user=-1356113187&config=3,479,0,0
1775997716261,489,HTTP Request 3,200,OK,config 3 3-5,text,true,,231,168,6,18,http://stload.se.ifmo.ru:8080/?token=518472196&&user=-1356113187&config=3,489,0,0
1775997716429,464,HTTP Request 3,200,OK,config 3 3-6,text,true,,231,168,6,18,http://stload.se.ifmo.ru:8080/?token=518472196&&user=-1356113187&config=3,464,0,0
1775997717260,589,HTTP Request 3,200,OK,config 3 3-2,text,true,,231,168,6,18,http://stload.se.ifmo.ru:8080/?token=518472196&&user=-1356113187&config=3,589,0,0
1775997717109,740,HTTP Request 3,200,OK,config 3 3-1,text,true,,231,168,6,18,http://stload.se.ifmo.ru:8080/?token=518472196&&user=-1356113187&config=3,740,0,0
1775997717427,690,HTTP Request 3,200,OK,config 3 3-3,text,true,,231,168,6,18,http://stload.se.ifmo.ru:8080/?token=518472196&&user=-1356113187&config=3,690,0,0
1775997717595,522,HTTP Request 3,200,OK,config 3 3-4,text,true,,231,168,6,18,http://stload.se.ifmo.ru:8080/?token=518472196&&user=-1356113187&config=3,522,0,0
1775997717761,630,HTTP Request 3,200,OK,config 3 3-5,text,true,,231,168,6,18,http://stload.se.ifmo.ru:8080/?token=518472196&&user=-1356113187&config=3,630,0,0
1775997717928,728,HTTP Request 3,200,OK,config 3 3-6,text,true,,231,168,6,18,http://stload.se.ifmo.ru:8080/?token=518472196&&user=-1356113187&config=3,728,0,0
1775997718608,569,HTTP Request 3,200,OK,config 3 3-1,text,true,,231,168,6,18,http://stload.se.ifmo.ru:8080/?token=518472196&&user=-1356113187&config=3,569,0,0
1775997718928,525,HTTP Request 3,200,OK,config 3 3-3,text,true,,231,168,6,18,http://stload.se.ifmo.ru:8080/?token=518472196&&user=-1356113187&config=3,525,0,0
1775997718760,693,HTTP Request 3,200,OK,config 3 3-2,text,true,,231,168,6,18,http://stload.se.ifmo.ru:8080/?token=518472196&&user=-1356113187&config=3,693,0,0
1775997719095,562,HTTP Request 3,200,OK,config 3 3-4,text,true,,231,168,6,18,http://stload.se.ifmo.ru:8080/?token=518472196&&user=-1356113187&config=3,562,0,0
1775997719261,457,HTTP Request 3,200,OK,config 3 3-5,text,true,,231,168,6,18,http://stload.se.ifmo.ru:8080/?token=518472196&&user=-1356113187&config=3,457,0,0
1775997719429,457,HTTP Request 3,200,OK,config 3 3-6,text,true,,231,168,6,18,http://stload.se.ifmo.ru:8080/?token=518472196&&user=-1356113187&config=3,457,0,0
1775997720109,509,HTTP Request 3,200,OK,config 3 3-1,text,true,,231,168,6,18,http://stload.se.ifmo.ru:8080/?token=518472196&&user=-1356113187&config=3,509,0,0
1775997720261,610,HTTP Request 3,200,OK,config 3 3-2,text,true,,231,168,6,18,http://stload.se.ifmo.ru:8080/?token=518472196&&user=-1356113187&config=3,610,0,0
1775997720428,456,HTTP Request 3,200,OK,config 3 3-3,text,true,,231,168,6,18,http://stload.se.ifmo.ru:8080/?token=518472196&&user=-1356113187&config=3,456,0,0
1775997720595,608,HTTP Request 3,200,OK,config 3 3-4,text,true,,231,168,6,18,http://stload.se.ifmo.ru:8080/?token=518472196&&user=-1356113187&config=3,608,0,0
1775997720761,554,HTTP Request 3,200,OK,config 3 3-5,text,true,,231,168,6,18,http://stload.se.ifmo.ru:8080/?token=518472196&&user=-1356113187&config=3,554,0,0
1775997720928,755,HTTP Request 3,200,OK,config 3 3-6,text,true,,231,168,6,18,http://stload.se.ifmo.ru:8080/?token=518472196&&user=-1356113187&config=3,755,0,0
1775997721609,535,HTTP Request 3,200,OK,config 3 3-1,text,true,,231,168,6,18,http://stload.se.ifmo.ru:8080/?token=518472196&&user=-1356113187&config=3,535,0,0
1775997721760,668,HTTP Request 3,200,OK,config 3 3-2,text,true,,231,168,6,18,http://stload.se.ifmo.ru:8080/?token=518472196&&user=-1356113187&config=3,668,0,0
1775997721927,501,HTTP Request 3,200,OK,config 3 3-3,text,true,,231,168,6,18,http://stload.se.ifmo.ru:8080/?token=518472196&&user=-1356113187&config=3,501,0,0
1775997722095,533,HTTP Request 3,200,OK,config 3 3-4,text,true,,231,168,6,18,http://stload.se.ifmo.ru:8080/?token=518472196&&user=-1356113187&config=3,533,0,0
1775997722262,558,HTTP Request 3,200,OK,config 3 3-5,text,true,,231,168,6,18,http://stload.se.ifmo.ru:8080/?token=518472196&&user=-1356113187&config=3,558,0,0
1775997722428,463,HTTP Request 3,200,OK,config 3 3-6,text,true,,231,168,6,18,http://stload.se.ifmo.ru:8080/?token=518472196&&user=-1356113187&config=3,463,0,0
1775997723108,514,HTTP Request 3,200,OK,config 3 3-1,text,true,,231,168,6,18,http://stload.se.ifmo.ru:8080/?token=518472196&&user=-1356113187&config=3,514,0,0
1775997723260,453,HTTP Request 3,200,OK,config 3 3-2,text,true,,231,168,6,18,http://stload.se.ifmo.ru:8080/?token=518472196&&user=-1356113187&config=3,453,0,0
1775997723428,470,HTTP Request 3,200,OK,config 3 3-3,text,true,,231,168,6,18,http://stload.se.ifmo.ru:8080/?token=518472196&&user=-1356113187&config=3,469,0,0
1775997723595,485,HTTP Request 3,200,OK,config 3 3-4,text,true,,231,168,6,18,http://stload.se.ifmo.ru:8080/?token=518472196&&user=-1356113187&config=3,485,0,0
1775997723761,474,HTTP Request 3,200,OK,config 3 3-5,text,true,,231,168,6,18,http://stload.se.ifmo.ru:8080/?token=518472196&&user=-1356113187&config=3,474,0,0
1775997723928,499,HTTP Request 3,200,OK,config 3 3-6,text,true,,231,168,6,18,http://stload.se.ifmo.ru:8080/?token=518472196&&user=-1356113187&config=3,499,0,0
1775997724608,451,HTTP Request 3,200,OK,config 3 3-1,text,true,,231,168,6,18,http://stload.se.ifmo.ru:8080/?token=518472196&&user=-1356113187&config=3,451,0,0
1775997724761,450,HTTP Request 3,200,OK,config 3 3-2,text,true,,231,168,6,18,http://stload.se.ifmo.ru:8080/?token=518472196&&user=-1356113187&config=3,450,0,0
1775997724927,467,HTTP Request 3,200,OK,config 3 3-3,text,true,,231,168,6,18,http://stload.se.ifmo.ru:8080/?token=518472196&&user=-1356113187&config=3,467,0,0
1775997725095,461,HTTP Request 3,200,OK,config 3 3-4,text,true,,231,168,6,18,http://stload.se.ifmo.ru:8080/?token=518472196&&user=-1356113187&config=3,461,0,0
1775997725262,508,HTTP Request 3,200,OK,config 3 3-5,text,true,,231,168,6,18,http://stload.se.ifmo.ru:8080/?token=518472196&&user=-1356113187&config=3,508,0,0
1775997725428,470,HTTP Request 3,200,OK,config 3 3-6,text,true,,231,168,6,18,http://stload.se.ifmo.ru:8080/?token=518472196&&user=-1356113187&config=3,470,0,0
1775997726108,482,HTTP Request 3,200,OK,config 3 3-1,text,true,,231,168,6,18,http://stload.se.ifmo.ru:8080/?token=518472196&&user=-1356113187&config=3,482,0,0
1775997726261,463,HTTP Request 3,200,OK,config 3 3-2,text,true,,231,168,6,18,http://stload.se.ifmo.ru:8080/?token=518472196&&user=-1356113187&config=3,463,0,0
1775997726427,473,HTTP Request 3,200,OK,config 3 3-3,text,true,,231,168,6,18,http://stload.se.ifmo.ru:8080/?token=518472196&&user=-1356113187&config=3,473,0,0
1775997726594,500,HTTP Request 3,200,OK,config 3 3-4,text,true,,231,168,6,18,http://stload.se.ifmo.ru:8080/?token=518472196&&user=-1356113187&config=3,500,0,0
1775997726762,457,HTTP Request 3,200,OK,config 3 3-5,text,true,,231,168,6,18,http://stload.se.ifmo.ru:8080/?token=518472196&&user=-1356113187&config=3,457,0,0
1775997726928,478,HTTP Request 3,200,OK,config 3 3-6,text,true,,231,168,6,18,http://stload.se.ifmo.ru:8080/?token=518472196&&user=-1356113187&config=3,478,0,0
1775997727609,493,HTTP Request 3,200,OK,config 3 3-1,text,true,,231,168,6,18,http://stload.se.ifmo.ru:8080/?token=518472196&&user=-1356113187&config=3,493,0,0
1775997727760,470,HTTP Request 3,200,OK,config 3 3-2,text,true,,231,168,6,18,http://stload.se.ifmo.ru:8080/?token=518472196&&user=-1356113187&config=3,470,0,0
1775997727928,454,HTTP Request 3,200,OK,config 3 3-3,text,true,,231,168,6,18,http://stload.se.ifmo.ru:8080/?token=518472196&&user=-1356113187&config=3,454,0,0
1775997728095,462,HTTP Request 3,200,OK,config 3 3-4,text,true,,231,168,6,18,http://stload.se.ifmo.ru:8080/?token=518472196&&user=-1356113187&config=3,462,0,0
1775997728262,466,HTTP Request 3,200,OK,config 3 3-5,text,true,,231,168,6,18,http://stload.se.ifmo.ru:8080/?token=518472196&&user=-1356113187&config=3,466,0,0
1775997728429,471,HTTP Request 3,200,OK,config 3 3-6,text,true,,231,168,6,18,http://stload.se.ifmo.ru:8080/?token=518472196&&user=-1356113187&config=3,471,0,0
1775997729108,476,HTTP Request 3,200,OK,config 3 3-1,text,true,,231,168,6,18,http://stload.se.ifmo.ru:8080/?token=518472196&&user=-1356113187&config=3,476,0,0
1775997729260,453,HTTP Request 3,200,OK,config 3 3-2,text,true,,231,168,5,17,http://stload.se.ifmo.ru:8080/?token=518472196&&user=-1356113187&config=3,453,0,0
1775997729427,451,HTTP Request 3,200,OK,config 3 3-3,text,true,,231,168,4,15,http://stload.se.ifmo.ru:8080/?token=518472196&&user=-1356113187&config=3,451,0,0
1775997729594,536,HTTP Request 3,200,OK,config 3 3-4,text,true,,231,168,3,11,http://stload.se.ifmo.ru:8080/?token=518472196&&user=-1356113187&config=3,536,0,0
1775997729761,478,HTTP Request 3,200,OK,config 3 3-5,text,true,,231,168,2,9,http://stload.se.ifmo.ru:8080/?token=518472196&&user=-1356113187&config=3,478,0,0
1775997729928,460,HTTP Request 3,200,OK,config 3 3-6,text,true,,231,168,1,6,http://stload.se.ifmo.ru:8080/?token=518472196&&user=-1356113187&config=3,460,0,0
1775998201348,129,HTTP Request 3,Non HTTP response code: java.net.UnknownHostException,Non HTTP response message: stload.se.ifmo.ru: Name or service not known,config 3 3-1,text,false,,2506,0,1,3,http://stload.se.ifmo.ru:8080/?token=518472196&&user=-1356113187&config=3,0,0,129
1775998202801,1,HTTP Request 3,Non HTTP response code: java.net.UnknownHostException,Non HTTP response message: stload.se.ifmo.ru,config 3 3-1,text,false,,2139,0,1,3,http://stload.se.ifmo.ru:8080/?token=518472196&&user=-1356113187&config=3,0,0,1
1775998202952,0,HTTP Request 3,Non HTTP response code: java.net.UnknownHostException,Non HTTP response message: stload.se.ifmo.ru,config 3 3-2,text,false,,2139,0,2,6,http://stload.se.ifmo.ru:8080/?token=518472196&&user=-1356113187&config=3,0,0,0
1775998204302,1,HTTP Request 3,Non HTTP response code: java.net.UnknownHostException,Non HTTP response message: stload.se.ifmo.ru,config 3 3-1,text,false,,2139,0,2,6,http://stload.se.ifmo.ru:8080/?token=518472196&&user=-1356113187&config=3,0,0,0
1775998204452,0,HTTP Request 3,Non HTTP response code: java.net.UnknownHostException,Non HTTP response message: stload.se.ifmo.ru,config 3 3-2,text,false,,2139,0,2,6,http://stload.se.ifmo.ru:8080/?token=518472196&&user=-1356113187&config=3,0,0,0
1775998204619,1,HTTP Request 3,Non HTTP response code: java.net.UnknownHostException,Non HTTP response message: stload.se.ifmo.ru,config 3 3-3,text,false,,2139,0,3,9,http://stload.se.ifmo.ru:8080/?token=518472196&&user=-1356113187&config=3,0,0,1
1775998205801,1,HTTP Request 3,Non HTTP response code: java.net.UnknownHostException,Non HTTP response message: stload.se.ifmo.ru,config 3 3-1,text,false,,2139,0,3,9,http://stload.se.ifmo.ru:8080/?token=518472196&&user=-1356113187&config=3,0,0,1
1775998205951,1,HTTP Request 3,Non HTTP response code: java.net.UnknownHostException,Non HTTP response message: stload.se.ifmo.ru,config 3 3-2,text,false,,2139,0,3,9,http://stload.se.ifmo.ru:8080/?token=518472196&&user=-1356113187&config=3,0,0,1
1775998206119,1,HTTP Request 3,Non HTTP response code: java.net.UnknownHostException,Non HTTP response message: stload.se.ifmo.ru,config 3 3-3,text,false,,2139,0,3,9,http://stload.se.ifmo.ru:8080/?token=518472196&&user=-1356113187&config=3,0,0,1
1775998206285,0,HTTP Request 3,Non HTTP response code: java.net.UnknownHostException,Non HTTP response message: stload.se.ifmo.ru,config 3 3-4,text,false,,2139,0,4,12,http://stload.se.ifmo.ru:8080/?token=518472196&&user=-1356113187&config=3,0,0,0
1775998207302,0,HTTP Request 3,Non HTTP response code: java.net.UnknownHostException,Non HTTP response message: stload.se.ifmo.ru,config 3 3-1,text,false,,2139,0,4,12,http://stload.se.ifmo.ru:8080/?token=518472196&&user=-1356113187&config=3,0,0,0
1775998207451,0,HTTP Request 3,Non HTTP response code: java.net.UnknownHostException,Non HTTP response message: stload.se.ifmo.ru,config 3 3-2,text,false,,2139,0,4,12,http://stload.se.ifmo.ru:8080/?token=518472196&&user=-1356113187&config=3,0,0,0
1775998207619,1,HTTP Request 3,Non HTTP response code: java.net.UnknownHostException,Non HTTP response message: stload.se.ifmo.ru,config 3 3-3,text,false,,2139,0,4,12,http://stload.se.ifmo.ru:8080/?token=518472196&&user=-1356113187&config=3,0,0,1
1775998207785,0,HTTP Request 3,Non HTTP response code: java.net.UnknownHostException,Non HTTP response message: stload.se.ifmo.ru,config 3 3-4,text,false,,2139,0,4,12,http://stload.se.ifmo.ru:8080/?token=518472196&&user=-1356113187&config=3,0,0,0
1775998207953,0,HTTP Request 3,Non HTTP response code: java.net.UnknownHostException,Non HTTP response message: stload.se.ifmo.ru,config 3 3-5,text,false,,2139,0,5,15,http://stload.se.ifmo.ru:8080/?token=518472196&&user=-1356113187&config=3,0,0,0
1775998208801,1,HTTP Request 3,Non HTTP response code: java.net.UnknownHostException,Non HTTP response message: stload.se.ifmo.ru,config 3 3-1,text,false,,2139,0,5,15,http://stload.se.ifmo.ru:8080/?token=518472196&&user=-1356113187&config=3,0,0,1
1775998208951,1,HTTP Request 3,Non HTTP response code: java.net.UnknownHostException,Non HTTP response message: stload.se.ifmo.ru,config 3 3-2,text,false,,2139,0,5,15,http://stload.se.ifmo.ru:8080/?token=518472196&&user=-1356113187&config=3,0,0,1
1775998209120,0,HTTP Request 3,Non HTTP response code: java.net.UnknownHostException,Non HTTP response message: stload.se.ifmo.ru,config 3 3-3,text,false,,2139,0,5,15,http://stload.se.ifmo.ru:8080/?token=518472196&&user=-1356113187&config=3,0,0,0
1775998209285,1,HTTP Request 3,Non HTTP response code: java.net.UnknownHostException,Non HTTP response message: stload.se.ifmo.ru,config 3 3-4,text,false,,2139,0,5,15,http://stload.se.ifmo.ru:8080/?token=518472196&&user=-1356113187&config=3,0,0,1
1775998209453,0,HTTP Request 3,Non HTTP response code: java.net.UnknownHostException,Non HTTP response message: stload.se.ifmo.ru,config 3 3-5,text,false,,2139,0,5,15,http://stload.se.ifmo.ru:8080/?token=518472196&&user=-1356113187&config=3,0,0,0
1775998209619,1,HTTP Request 3,Non HTTP response code: java.net.UnknownHostException,Non HTTP response message: stload.se.ifmo.ru,config 3 3-6,text,false,,2139,0,6,18,http://stload.se.ifmo.ru:8080/?token=518472196&&user=-1356113187&config=3,0,0,1
1775998210302,1,HTTP Request 3,Non HTTP response code: java.net.UnknownHostException,Non HTTP response message: stload.se.ifmo.ru,config 3 3-1,text,false,,2139,0,6,18,http://stload.se.ifmo.ru:8080/?token=518472196&&user=-1356113187&config=3,0,0,1
1775998210451,1,HTTP Request 3,Non HTTP response code: java.net.UnknownHostException,Non HTTP response message: stload.se.ifmo.ru,config 3 3-2,text,false,,2139,0,6,18,http://stload.se.ifmo.ru:8080/?token=518472196&&user=-1356113187&config=3,0,0,1
1775998210620,0,HTTP Request 3,Non HTTP response code: java.net.UnknownHostException,Non HTTP response message: stload.se.ifmo.ru,config 3 3-3,text,false,,2139,0,6,18,http://stload.se.ifmo.ru:8080/?token=518472196&&user=-1356113187&config=3,0,0,0
1775998210785,0,HTTP Request 3,Non HTTP response code: java.net.UnknownHostException,Non HTTP response message: stload.se.ifmo.ru,config 3 3-4,text,false,,2139,0,6,18,http://stload.se.ifmo.ru:8080/?token=518472196&&user=-1356113187&config=3,0,0,0
1775998210953,0,HTTP Request 3,Non HTTP response code: java.net.UnknownHostException,Non HTTP response message: stload.se.ifmo.ru,config 3 3-5,text,false,,2139,0,6,18,http://stload.se.ifmo.ru:8080/?token=518472196&&user=-1356113187&config=3,0,0,0
1775998211119,0,HTTP Request 3,Non HTTP response code: java.net.UnknownHostException,Non HTTP response message: stload.se.ifmo.ru,config 3 3-6,text,false,,2139,0,6,18,http://stload.se.ifmo.ru:8080/?token=518472196&&user=-1356113187&config=3,0,0,0
1775998211802,0,HTTP Request 3,Non HTTP response code: java.net.UnknownHostException,Non HTTP response message: stload.se.ifmo.ru,config 3 3-1,text,false,,2139,0,6,18,http://stload.se.ifmo.ru:8080/?token=518472196&&user=-1356113187&config=3,0,0,0
1775998211951,0,HTTP Request 3,Non HTTP response code: java.net.UnknownHostException,Non HTTP response message: stload.se.ifmo.ru,config 3 3-2,text,false,,2139,0,6,18,http://stload.se.ifmo.ru:8080/?token=518472196&&user=-1356113187&config=3,0,0,0
1775998212119,1,HTTP Request 3,Non HTTP response code: java.net.UnknownHostException,Non HTTP response message: stload.se.ifmo.ru,config 3 3-3,text,false,,2139,0,6,18,http://stload.se.ifmo.ru:8080/?token=518472196&&user=-1356113187&config=3,0,0,1
1775998212285,0,HTTP Request 3,Non HTTP response code: java.net.UnknownHostException,Non HTTP response message: stload.se.ifmo.ru,config 3 3-4,text,false,,2139,0,6,18,http://stload.se.ifmo.ru:8080/?token=518472196&&user=-1356113187&config=3,0,0,0
1775998212452,0,HTTP Request 3,Non HTTP response code: java.net.UnknownHostException,Non HTTP response message: stload.se.ifmo.ru,config 3 3-5,text,false,,2139,0,6,18,http://stload.se.ifmo.ru:8080/?token=518472196&&user=-1356113187&config=3,0,0,0
1775998212620,0,HTTP Request 3,Non HTTP response code: java.net.UnknownHostException,Non HTTP response message: stload.se.ifmo.ru,config 3 3-6,text,false,,2139,0,6,18,http://stload.se.ifmo.ru:8080/?token=518472196&&user=-1356113187&config=3,0,0,0
1775998213301,1,HTTP Request 3,Non HTTP response code: java.net.UnknownHostException,Non HTTP response message: stload.se.ifmo.ru,config 3 3-1,text,false,,2139,0,6,18,http://stload.se.ifmo.ru:8080/?token=518472196&&user=-1356113187&config=3,0,0,1
1775998213451,0,HTTP Request 3,Non HTTP response code: java.net.UnknownHostException,Non HTTP response message: stload.se.ifmo.ru,config 3 3-2,text,false,,2139,0,6,18,http://stload.se.ifmo.ru:8080/?token=518472196&&user=-1356113187&config=3,0,0,0
1775998213620,0,HTTP Request 3,Non HTTP response code: java.net.UnknownHostException,Non HTTP response message: stload.se.ifmo.ru,config 3 3-3,text,false,,2139,0,6,18,http://stload.se.ifmo.ru:8080/?token=518472196&&user=-1356113187&config=3,0,0,0
1775998213786,0,HTTP Request 3,Non HTTP response code: java.net.UnknownHostException,Non HTTP response message: stload.se.ifmo.ru,config 3 3-4,text,false,,2139,0,6,18,http://stload.se.ifmo.ru:8080/?token=518472196&&user=-1356113187&config=3,0,0,0
1775998213953,0,HTTP Request 3,Non HTTP response code: java.net.UnknownHostException,Non HTTP response message: stload.se.ifmo.ru,config 3 3-5,text,false,,2139,0,6,18,http://stload.se.ifmo.ru:8080/?token=518472196&&user=-1356113187&config=3,0,0,0
1775998214120,0,HTTP Request 3,Non HTTP response code: java.net.UnknownHostException,Non HTTP response message: stload.se.ifmo.ru,config 3 3-6,text,false,,2139,0,6,18,http://stload.se.ifmo.ru:8080/?token=518472196&&user=-1356113187&config=3,0,0,0
1775998214802,0,HTTP Request 3,Non HTTP response code: java.net.UnknownHostException,Non HTTP response message: stload.se.ifmo.ru,config 3 3-1,text,false,,2139,0,6,18,http://stload.se.ifmo.ru:8080/?token=518472196&&user=-1356113187&config=3,0,0,0
1775998214952,0,HTTP Request 3,Non HTTP response code: java.net.UnknownHostException,Non HTTP response message: stload.se.ifmo.ru,config 3 3-2,text,false,,2139,0,6,18,http://stload.se.ifmo.ru:8080/?token=518472196&&user=-1356113187&config=3,0,0,0
1775998215120,0,HTTP Request 3,Non HTTP response code: java.net.UnknownHostException,Non HTTP response message: stload.se.ifmo.ru,config 3 3-3,text,false,,2139,0,6,18,http://stload.se.ifmo.ru:8080/?token=518472196&&user=-1356113187&config=3,0,0,0
1775998215286,0,HTTP Request 3,Non HTTP response code: java.net.UnknownHostException,Non HTTP response message: stload.se.ifmo.ru,config 3 3-4,text,false,,2139,0,6,18,http://stload.se.ifmo.ru:8080/?token=518472196&&user=-1356113187&config=3,0,0,0
1775998215453,0,HTTP Request 3,Non HTTP response code: java.net.UnknownHostException,Non HTTP response message: stload.se.ifmo.ru,config 3 3-5,text,false,,2139,0,6,18,http://stload.se.ifmo.ru:8080/?token=518472196&&user=-1356113187&config=3,0,0,0
1775998215619,0,HTTP Request 3,Non HTTP response code: java.net.UnknownHostException,Non HTTP response message: stload.se.ifmo.ru,config 3 3-6,text,false,,2139,0,6,18,http://stload.se.ifmo.ru:8080/?token=518472196&&user=-1356113187&config=3,0,0,0
1775998216301,1,HTTP Request 3,Non HTTP response code: java.net.UnknownHostException,Non HTTP response message: stload.se.ifmo.ru,config 3 3-1,text,false,,2139,0,6,18,http://stload.se.ifmo.ru:8080/?token=518472196&&user=-1356113187&config=3,0,0,0
1775998216451,0,HTTP Request 3,Non HTTP response code: java.net.UnknownHostException,Non HTTP response message: stload.se.ifmo.ru,config 3 3-2,text,false,,2139,0,6,18,http://stload.se.ifmo.ru:8080/?token=518472196&&user=-1356113187&config=3,0,0,0
1775998216619,1,HTTP Request 3,Non HTTP response code: java.net.UnknownHostException,Non HTTP response message: stload.se.ifmo.ru,config 3 3-3,text,false,,2139,0,6,18,http://stload.se.ifmo.ru:8080/?token=518472196&&user=-1356113187&config=3,0,0,1
1775998216785,0,HTTP Request 3,Non HTTP response code: java.net.UnknownHostException,Non HTTP response message: stload.se.ifmo.ru,config 3 3-4,text,false,,2139,0,6,18,http://stload.se.ifmo.ru:8080/?token=518472196&&user=-1356113187&config=3,0,0,0
1775998216952,0,HTTP Request 3,Non HTTP response code: java.net.UnknownHostException,Non HTTP response message: stload.se.ifmo.ru,config 3 3-5,text,false,,2139,0,6,18,http://stload.se.ifmo.ru:8080/?token=518472196&&user=-1356113187&config=3,0,0,0
1775998217119,0,HTTP Request 3,Non HTTP response code: java.net.UnknownHostException,Non HTTP response message: stload.se.ifmo.ru,config 3 3-6,text,false,,2139,0,6,18,http://stload.se.ifmo.ru:8080/?token=518472196&&user=-1356113187&config=3,0,0,0
1775998217801,1,HTTP Request 3,Non HTTP response code: java.net.UnknownHostException,Non HTTP response message: stload.se.ifmo.ru,config 3 3-1,text,false,,2139,0,6,18,http://stload.se.ifmo.ru:8080/?token=518472196&&user=-1356113187&config=3,0,0,1
1775998217952,0,HTTP Request 3,Non HTTP response code: java.net.UnknownHostException,Non HTTP response message: stload.se.ifmo.ru,config 3 3-2,text,false,,2139,0,6,18,http://stload.se.ifmo.ru:8080/?token=518472196&&user=-1356113187&config=3,0,0,0
1775998218119,1,HTTP Request 3,Non HTTP response code: java.net.UnknownHostException,Non HTTP response message: stload.se.ifmo.ru,config 3 3-3,text,false,,2139,0,6,18,http://stload.se.ifmo.ru:8080/?token=518472196&&user=-1356113187&config=3,0,0,1
1775998218286,0,HTTP Request 3,Non HTTP response code: java.net.UnknownHostException,Non HTTP response message: stload.se.ifmo.ru,config 3 3-4,text,false,,2139,0,6,18,http://stload.se.ifmo.ru:8080/?token=518472196&&user=-1356113187&config=3,0,0,0
1775998218453,0,HTTP Request 3,Non HTTP response code: java.net.UnknownHostException,Non HTTP response message: stload.se.ifmo.ru,config 3 3-5,text,false,,2139,0,6,18,http://stload.se.ifmo.ru:8080/?token=518472196&&user=-1356113187&config=3,0,0,0
1775998218619,0,HTTP Request 3,Non HTTP response code: java.net.UnknownHostException,Non HTTP response message: stload.se.ifmo.ru,config 3 3-6,text,false,,2139,0,6,18,http://stload.se.ifmo.ru:8080/?token=518472196&&user=-1356113187&config=3,0,0,0
1775998219302,0,HTTP Request 3,Non HTTP response code: java.net.UnknownHostException,Non HTTP response message: stload.se.ifmo.ru,config 3 3-1,text,false,,2139,0,6,18,http://stload.se.ifmo.ru:8080/?token=518472196&&user=-1356113187&config=3,0,0,0
1775998219451,0,HTTP Request 3,Non HTTP response code: java.net.UnknownHostException,Non HTTP response message: stload.se.ifmo.ru,config 3 3-2,text,false,,2139,0,6,18,http://stload.se.ifmo.ru:8080/?token=518472196&&user=-1356113187&config=3,0,0,0
1775998219619,1,HTTP Request 3,Non HTTP response code: java.net.UnknownHostException,Non HTTP response message: stload.se.ifmo.ru,config 3 3-3,text,false,,2139,0,6,18,http://stload.se.ifmo.ru:8080/?token=518472196&&user=-1356113187&config=3,0,0,1
1775998219785,1,HTTP Request 3,Non HTTP response code: java.net.UnknownHostException,Non HTTP response message: stload.se.ifmo.ru,config 3 3-4,text,false,,2139,0,6,18,http://stload.se.ifmo.ru:8080/?token=518472196&&user=-1356113187&config=3,0,0,1
1775998219952,0,HTTP Request 3,Non HTTP response code: java.net.UnknownHostException,Non HTTP response message: stload.se.ifmo.ru,config 3 3-5,text,false,,2139,0,6,18,http://stload.se.ifmo.ru:8080/?token=518472196&&user=-1356113187&config=3,0,0,0
1775998220119,0,HTTP Request 3,Non HTTP response code: java.net.UnknownHostException,Non HTTP response message: stload.se.ifmo.ru,config 3 3-6,text,false,,2139,0,6,18,http://stload.se.ifmo.ru:8080/?token=518472196&&user=-1356113187&config=3,0,0,0
1775998220802,0,HTTP Request 3,Non HTTP response code: java.net.UnknownHostException,Non HTTP response message: stload.se.ifmo.ru,config 3 3-1,text,false,,2139,0,6,18,http://stload.se.ifmo.ru:8080/?token=518472196&&user=-1356113187&config=3,0,0,0
1775998220952,0,HTTP Request 3,Non HTTP response code: java.net.UnknownHostException,Non HTTP response message: stload.se.ifmo.ru,config 3 3-2,text,false,,2139,0,6,18,http://stload.se.ifmo.ru:8080/?token=518472196&&user=-1356113187&config=3,0,0,0
1775998221119,1,HTTP Request 3,Non HTTP response code: java.net.UnknownHostException,Non HTTP response message: stload.se.ifmo.ru,config 3 3-3,text,false,,2139,0,6,18,http://stload.se.ifmo.ru:8080/?token=518472196&&user=-1356113187&config=3,0,0,1
1775998221285,0,HTTP Request 3,Non HTTP response code: java.net.UnknownHostException,Non HTTP response message: stload.se.ifmo.ru,config 3 3-4,text,false,,2139,0,6,18,http://stload.se.ifmo.ru:8080/?token=518472196&&user=-1356113187&config=3,0,0,0
1775998221452,0,HTTP Request 3,Non HTTP response code: java.net.UnknownHostException,Non HTTP response message: stload.se.ifmo.ru,config 3 3-5,text,false,,2139,0,6,18,http://stload.se.ifmo.ru:8080/?token=518472196&&user=-1356113187&config=3,0,0,0
1775998221619,0,HTTP Request 3,Non HTTP response code: java.net.UnknownHostException,Non HTTP response message: stload.se.ifmo.ru,config 3 3-6,text,false,,2139,0,6,18,http://stload.se.ifmo.ru:8080/?token=518472196&&user=-1356113187&config=3,0,0,0
1775998222301,114,HTTP Request 3,Non HTTP response code: java.net.UnknownHostException,Non HTTP response message: stload.se.ifmo.ru: Name or service not known,config 3 3-1,text,false,,2506,0,6,18,http://stload.se.ifmo.ru:8080/?token=518472196&&user=-1356113187&config=3,0,0,114
1775998222451,0,HTTP Request 3,Non HTTP response code: java.net.UnknownHostException,Non HTTP response message: stload.se.ifmo.ru,config 3 3-2,text,false,,2139,0,6,18,http://stload.se.ifmo.ru:8080/?token=518472196&&user=-1356113187&config=3,0,0,0
1775998222619,1,HTTP Request 3,Non HTTP response code: java.net.UnknownHostException,Non HTTP response message: stload.se.ifmo.ru,config 3 3-3,text,false,,2139,0,6,18,http://stload.se.ifmo.ru:8080/?token=518472196&&user=-1356113187&config=3,0,0,1
1775998222785,0,HTTP Request 3,Non HTTP response code: java.net.UnknownHostException,Non HTTP response message: stload.se.ifmo.ru,config 3 3-4,text,false,,2139,0,6,18,http://stload.se.ifmo.ru:8080/?token=518472196&&user=-1356113187&config=3,0,0,0
1775998222952,1,HTTP Request 3,Non HTTP response code: java.net.UnknownHostException,Non HTTP response message: stload.se.ifmo.ru,config 3 3-5,text,false,,2139,0,6,18,http://stload.se.ifmo.ru:8080/?token=518472196&&user=-1356113187&config=3,0,0,1
1775998223120,0,HTTP Request 3,Non HTTP response code: java.net.UnknownHostException,Non HTTP response message: stload.se.ifmo.ru,config 3 3-6,text,false,,2139,0,6,18,http://stload.se.ifmo.ru:8080/?token=518472196&&user=-1356113187&config=3,0,0,0
1775998223801,0,HTTP Request 3,Non HTTP response code: java.net.UnknownHostException,Non HTTP response message: stload.se.ifmo.ru,config 3 3-1,text,false,,2139,0,6,18,http://stload.se.ifmo.ru:8080/?token=518472196&&user=-1356113187&config=3,0,0,0
1775998223951,0,HTTP Request 3,Non HTTP response code: java.net.UnknownHostException,Non HTTP response message: stload.se.ifmo.ru,config 3 3-2,text,false,,2139,0,6,18,http://stload.se.ifmo.ru:8080/?token=518472196&&user=-1356113187&config=3,0,0,0
1775998224119,1,HTTP Request 3,Non HTTP response code: java.net.UnknownHostException,Non HTTP response message: stload.se.ifmo.ru,config 3 3-3,text,false,,2139,0,6,18,http://stload.se.ifmo.ru:8080/?token=518472196&&user=-1356113187&config=3,0,0,0
1775998224285,1,HTTP Request 3,Non HTTP response code: java.net.UnknownHostException,Non HTTP response message: stload.se.ifmo.ru,config 3 3-4,text,false,,2139,0,6,18,http://stload.se.ifmo.ru:8080/?token=518472196&&user=-1356113187&config=3,0,0,1
1775998224452,1,HTTP Request 3,Non HTTP response code: java.net.UnknownHostException,Non HTTP response message: stload.se.ifmo.ru,config 3 3-5,text,false,,2139,0,6,18,http://stload.se.ifmo.ru:8080/?token=518472196&&user=-1356113187&config=3,0,0,1
1775998224619,1,HTTP Request 3,Non HTTP response code: java.net.UnknownHostException,Non HTTP response message: stload.se.ifmo.ru,config 3 3-6,text,false,,2139,0,6,18,http://stload.se.ifmo.ru:8080/?token=518472196&&user=-1356113187&config=3,0,0,1
1775998225301,1,HTTP Request 3,Non HTTP response code: java.net.UnknownHostException,Non HTTP response message: stload.se.ifmo.ru,config 3 3-1,text,false,,2139,0,6,18,http://stload.se.ifmo.ru:8080/?token=518472196&&user=-1356113187&config=3,0,0,0
1775998225452,0,HTTP Request 3,Non HTTP response code: java.net.UnknownHostException,Non HTTP response message: stload.se.ifmo.ru,config 3 3-2,text,false,,2139,0,6,18,http://stload.se.ifmo.ru:8080/?token=518472196&&user=-1356113187&config=3,0,0,0
1775998225619,0,HTTP Request 3,Non HTTP response code: java.net.UnknownHostException,Non HTTP response message: stload.se.ifmo.ru,config 3 3-3,text,false,,2139,0,6,18,http://stload.se.ifmo.ru:8080/?token=518472196&&user=-1356113187&config=3,0,0,0
1775998225785,0,HTTP Request 3,Non HTTP response code: java.net.UnknownHostException,Non HTTP response message: stload.se.ifmo.ru,config 3 3-4,text,false,,2139,0,6,18,http://stload.se.ifmo.ru:8080/?token=518472196&&user=-1356113187&config=3,0,0,0
1775998225952,1,HTTP Request 3,Non HTTP response code: java.net.UnknownHostException,Non HTTP response message: stload.se.ifmo.ru,config 3 3-5,text,false,,2139,0,6,18,http://stload.se.ifmo.ru:8080/?token=518472196&&user=-1356113187&config=3,0,0,1
1775998226119,1,HTTP Request 3,Non HTTP response code: java.net.UnknownHostException,Non HTTP response message: stload.se.ifmo.ru,config 3 3-6,text,false,,2139,0,6,18,http://stload.se.ifmo.ru:8080/?token=518472196&&user=-1356113187&config=3,0,0,1
1775998226801,1,HTTP Request 3,Non HTTP response code: java.net.UnknownHostException,Non HTTP response message: stload.se.ifmo.ru,config 3 3-1,text,false,,2139,0,6,18,http://stload.se.ifmo.ru:8080/?token=518472196&&user=-1356113187&config=3,0,0,1
1775998226951,0,HTTP Request 3,Non HTTP response code: java.net.UnknownHostException,Non HTTP response message: stload.se.ifmo.ru,config 3 3-2,text,false,,2139,0,6,18,http://stload.se.ifmo.ru:8080/?token=518472196&&user=-1356113187&config=3,0,0,0
1775998227120,0,HTTP Request 3,Non HTTP response code: java.net.UnknownHostException,Non HTTP response message: stload.se.ifmo.ru,config 3 3-3,text,false,,2139,0,6,18,http://stload.se.ifmo.ru:8080/?token=518472196&&user=-1356113187&config=3,0,0,0
1775998227286,0,HTTP Request 3,Non HTTP response code: java.net.UnknownHostException,Non HTTP response message: stload.se.ifmo.ru,config 3 3-4,text,false,,2139,0,6,18,http://stload.se.ifmo.ru:8080/?token=518472196&&user=-1356113187&config=3,0,0,0
1775998227452,0,HTTP Request 3,Non HTTP response code: java.net.UnknownHostException,Non HTTP response message: stload.se.ifmo.ru,config 3 3-5,text,false,,2139,0,6,18,http://stload.se.ifmo.ru:8080/?token=518472196&&user=-1356113187&config=3,0,0,0
1775998227619,0,HTTP Request 3,Non HTTP response code: java.net.UnknownHostException,Non HTTP response message: stload.se.ifmo.ru,config 3 3-6,text,false,,2139,0,6,18,http://stload.se.ifmo.ru:8080/?token=518472196&&user=-1356113187&config=3,0,0,0
1775998228301,1,HTTP Request 3,Non HTTP response code: java.net.UnknownHostException,Non HTTP response message: stload.se.ifmo.ru,config 3 3-1,text,false,,2139,0,6,18,http://stload.se.ifmo.ru:8080/?token=518472196&&user=-1356113187&config=3,0,0,1
1775998228452,0,HTTP Request 3,Non HTTP response code: java.net.UnknownHostException,Non HTTP response message: stload.se.ifmo.ru,config 3 3-2,text,false,,2139,0,6,18,http://stload.se.ifmo.ru:8080/?token=518472196&&user=-1356113187&config=3,0,0,0
1775998228619,0,HTTP Request 3,Non HTTP response code: java.net.UnknownHostException,Non HTTP response message: stload.se.ifmo.ru,config 3 3-3,text,false,,2139,0,6,18,http://stload.se.ifmo.ru:8080/?token=518472196&&user=-1356113187&config=3,0,0,0
1775998228785,0,HTTP Request 3,Non HTTP response code: java.net.UnknownHostException,Non HTTP response message: stload.se.ifmo.ru,config 3 3-4,text,false,,2139,0,6,18,http://stload.se.ifmo.ru:8080/?token=518472196&&user=-1356113187&config=3,0,0,0
1775998228952,0,HTTP Request 3,Non HTTP response code: java.net.UnknownHostException,Non HTTP response message: stload.se.ifmo.ru,config 3 3-5,text,false,,2139,0,6,18,http://stload.se.ifmo.ru:8080/?token=518472196&&user=-1356113187&config=3,0,0,0
1775998229120,0,HTTP Request 3,Non HTTP response code: java.net.UnknownHostException,Non HTTP response message: stload.se.ifmo.ru,config 3 3-6,text,false,,2139,0,6,18,http://stload.se.ifmo.ru:8080/?token=518472196&&user=-1356113187&config=3,0,0,0
1775998229801,1,HTTP Request 3,Non HTTP response code: java.net.UnknownHostException,Non HTTP response message: stload.se.ifmo.ru,config 3 3-1,text,false,,2139,0,6,18,http://stload.se.ifmo.ru:8080/?token=518472196&&user=-1356113187&config=3,0,0,1
1775998229951,0,HTTP Request 3,Non HTTP response code: java.net.UnknownHostException,Non HTTP response message: stload.se.ifmo.ru,config 3 3-2,text,false,,2139,0,6,18,http://stload.se.ifmo.ru:8080/?token=518472196&&user=-1356113187&config=3,0,0,0
1775998230119,0,HTTP Request 3,Non HTTP response code: java.net.UnknownHostException,Non HTTP response message: stload.se.ifmo.ru,config 3 3-3,text,false,,2139,0,6,18,http://stload.se.ifmo.ru:8080/?token=518472196&&user=-1356113187&config=3,0,0,0
1775998230286,0,HTTP Request 3,Non HTTP response code: java.net.UnknownHostException,Non HTTP response message: stload.se.ifmo.ru,config 3 3-4,text,false,,2139,0,6,18,http://stload.se.ifmo.ru:8080/?token=518472196&&user=-1356113187&config=3,0,0,0
1775998230452,1,HTTP Request 3,Non HTTP response code: java.net.UnknownHostException,Non HTTP response message: stload.se.ifmo.ru,config 3 3-5,text,false,,2139,0,6,18,http://stload.se.ifmo.ru:8080/?token=518472196&&user=-1356113187&config=3,0,0,1
1775998230619,1,HTTP Request 3,Non HTTP response code: java.net.UnknownHostException,Non HTTP response message: stload.se.ifmo.ru,config 3 3-6,text,false,,2139,0,6,18,http://stload.se.ifmo.ru:8080/?token=518472196&&user=-1356113187&config=3,0,0,1
1775998231302,1,HTTP Request 3,Non HTTP response code: java.net.UnknownHostException,Non HTTP response message: stload.se.ifmo.ru,config 3 3-1,text,false,,2139,0,6,18,http://stload.se.ifmo.ru:8080/?token=518472196&&user=-1356113187&config=3,0,0,0
1775998231452,0,HTTP Request 3,Non HTTP response code: java.net.UnknownHostException,Non HTTP response message: stload.se.ifmo.ru,config 3 3-2,text,false,,2139,0,6,18,http://stload.se.ifmo.ru:8080/?token=518472196&&user=-1356113187&config=3,0,0,0
1775998231619,0,HTTP Request 3,Non HTTP response code: java.net.UnknownHostException,Non HTTP response message: stload.se.ifmo.ru,config 3 3-3,text,false,,2139,0,6,18,http://stload.se.ifmo.ru:8080/?token=518472196&&user=-1356113187&config=3,0,0,0
1775998231786,0,HTTP Request 3,Non HTTP response code: java.net.UnknownHostException,Non HTTP response message: stload.se.ifmo.ru,config 3 3-4,text,false,,2139,0,6,18,http://stload.se.ifmo.ru:8080/?token=518472196&&user=-1356113187&config=3,0,0,0
1775998231952,1,HTTP Request 3,Non HTTP response code: java.net.UnknownHostException,Non HTTP response message: stload.se.ifmo.ru,config 3 3-5,text,false,,2139,0,6,18,http://stload.se.ifmo.ru:8080/?token=518472196&&user=-1356113187&config=3,0,0,0
1775998232119,1,HTTP Request 3,Non HTTP response code: java.net.UnknownHostException,Non HTTP response message: stload.se.ifmo.ru,config 3 3-6,text,false,,2139,0,6,18,http://stload.se.ifmo.ru:8080/?token=518472196&&user=-1356113187&config=3,0,0,0
1775998232801,1,HTTP Request 3,Non HTTP response code: java.net.UnknownHostException,Non HTTP response message: stload.se.ifmo.ru,config 3 3-1,text,false,,2139,0,6,18,http://stload.se.ifmo.ru:8080/?token=518472196&&user=-1356113187&config=3,0,0,1
1775998232951,0,HTTP Request 3,Non HTTP response code: java.net.UnknownHostException,Non HTTP response message: stload.se.ifmo.ru,config 3 3-2,text,false,,2139,0,6,18,http://stload.se.ifmo.ru:8080/?token=518472196&&user=-1356113187&config=3,0,0,0
1775998233119,1,HTTP Request 3,Non HTTP response code: java.net.UnknownHostException,Non HTTP response message: stload.se.ifmo.ru,config 3 3-3,text,false,,2139,0,6,18,http://stload.se.ifmo.ru:8080/?token=518472196&&user=-1356113187&config=3,0,0,1
1775998233286,0,HTTP Request 3,Non HTTP response code: java.net.UnknownHostException,Non HTTP response message: stload.se.ifmo.ru,config 3 3-4,text,false,,2139,0,6,18,http://stload.se.ifmo.ru:8080/?token=518472196&&user=-1356113187&config=3,0,0,0
1775998233452,0,HTTP Request 3,Non HTTP response code: java.net.UnknownHostException,Non HTTP response message: stload.se.ifmo.ru,config 3 3-5,text,false,,2139,0,6,18,http://stload.se.ifmo.ru:8080/?token=518472196&&user=-1356113187&config=3,0,0,0
1775998233619,0,HTTP Request 3,Non HTTP response code: java.net.UnknownHostException,Non HTTP response message: stload.se.ifmo.ru,config 3 3-6,text,false,,2139,0,6,18,http://stload.se.ifmo.ru:8080/?token=518472196&&user=-1356113187&config=3,0,0,0
1775998234302,0,HTTP Request 3,Non HTTP response code: java.net.UnknownHostException,Non HTTP response message: stload.se.ifmo.ru,config 3 3-1,text,false,,2139,0,6,18,http://stload.se.ifmo.ru:8080/?token=518472196&&user=-1356113187&config=3,0,0,0
1775998234452,0,HTTP Request 3,Non HTTP response code: java.net.UnknownHostException,Non HTTP response message: stload.se.ifmo.ru,config 3 3-2,text,false,,2139,0,6,18,http://stload.se.ifmo.ru:8080/?token=518472196&&user=-1356113187&config=3,0,0,0
1775998234619,0,HTTP Request 3,Non HTTP response code: java.net.UnknownHostException,Non HTTP response message: stload.se.ifmo.ru,config 3 3-3,text,false,,2139,0,6,18,http://stload.se.ifmo.ru:8080/?token=518472196&&user=-1356113187&config=3,0,0,0
1775998234785,1,HTTP Request 3,Non HTTP response code: java.net.UnknownHostException,Non HTTP response message: stload.se.ifmo.ru,config 3 3-4,text,false,,2139,0,6,18,http://stload.se.ifmo.ru:8080/?token=518472196&&user=-1356113187&config=3,0,0,0
1775998234952,0,HTTP Request 3,Non HTTP response code: java.net.UnknownHostException,Non HTTP response message: stload.se.ifmo.ru,config 3 3-5,text,false,,2139,0,6,18,http://stload.se.ifmo.ru:8080/?token=518472196&&user=-1356113187&config=3,0,0,0
1775998235119,0,HTTP Request 3,Non HTTP response code: java.net.UnknownHostException,Non HTTP response message: stload.se.ifmo.ru,config 3 3-6,text,false,,2139,0,6,18,http://stload.se.ifmo.ru:8080/?token=518472196&&user=-1356113187&config=3,0,0,0
1775998235802,0,HTTP Request 3,Non HTTP response code: java.net.UnknownHostException,Non HTTP response message: stload.se.ifmo.ru,config 3 3-1,text,false,,2139,0,6,18,http://stload.se.ifmo.ru:8080/?token=518472196&&user=-1356113187&config=3,0,0,0
1775998235951,0,HTTP Request 3,Non HTTP response code: java.net.UnknownHostException,Non HTTP response message: stload.se.ifmo.ru,config 3 3-2,text,false,,2139,0,6,18,http://stload.se.ifmo.ru:8080/?token=518472196&&user=-1356113187&config=3,0,0,0
1775998236120,0,HTTP Request 3,Non HTTP response code: java.net.UnknownHostException,Non HTTP response message: stload.se.ifmo.ru,config 3 3-3,text,false,,2139,0,6,18,http://stload.se.ifmo.ru:8080/?token=518472196&&user=-1356113187&config=3,0,0,0
1775998236285,0,HTTP Request 3,Non HTTP response code: java.net.UnknownHostException,Non HTTP response message: stload.se.ifmo.ru,config 3 3-4,text,false,,2139,0,6,18,http://stload.se.ifmo.ru:8080/?token=518472196&&user=-1356113187&config=3,0,0,0
1775998236452,0,HTTP Request 3,Non HTTP response code: java.net.UnknownHostException,Non HTTP response message: stload.se.ifmo.ru,config 3 3-5,text,false,,2139,0,6,18,http://stload.se.ifmo.ru:8080/?token=518472196&&user=-1356113187&config=3,0,0,0
1775998236619,1,HTTP Request 3,Non HTTP response code: java.net.UnknownHostException,Non HTTP response message: stload.se.ifmo.ru,config 3 3-6,text,false,,2139,0,6,18,http://stload.se.ifmo.ru:8080/?token=518472196&&user=-1356113187&config=3,0,0,1
1775998237301,1,HTTP Request 3,Non HTTP response code: java.net.UnknownHostException,Non HTTP response message: stload.se.ifmo.ru,config 3 3-1,text,false,,2139,0,6,18,http://stload.se.ifmo.ru:8080/?token=518472196&&user=-1356113187&config=3,0,0,1
1775998237451,1,HTTP Request 3,Non HTTP response code: java.net.UnknownHostException,Non HTTP response message: stload.se.ifmo.ru,config 3 3-2,text,false,,2139,0,6,18,http://stload.se.ifmo.ru:8080/?token=518472196&&user=-1356113187&config=3,0,0,1
1775998237619,1,HTTP Request 3,Non HTTP response code: java.net.UnknownHostException,Non HTTP response message: stload.se.ifmo.ru,config 3 3-3,text,false,,2139,0,6,18,http://stload.se.ifmo.ru:8080/?token=518472196&&user=-1356113187&config=3,0,0,0
1775998237785,1,HTTP Request 3,Non HTTP response code: java.net.UnknownHostException,Non HTTP response message: stload.se.ifmo.ru,config 3 3-4,text,false,,2139,0,6,18,http://stload.se.ifmo.ru:8080/?token=518472196&&user=-1356113187&config=3,0,0,1
1775998237952,1,HTTP Request 3,Non HTTP response code: java.net.UnknownHostException,Non HTTP response message: stload.se.ifmo.ru,config 3 3-5,text,false,,2139,0,6,18,http://stload.se.ifmo.ru:8080/?token=518472196&&user=-1356113187&config=3,0,0,0
1775998238119,0,HTTP Request 3,Non HTTP response code: java.net.UnknownHostException,Non HTTP response message: stload.se.ifmo.ru,config 3 3-6,text,false,,2139,0,6,18,http://stload.se.ifmo.ru:8080/?token=518472196&&user=-1356113187&config=3,0,0,0
1775998238802,1,HTTP Request 3,Non HTTP response code: java.net.UnknownHostException,Non HTTP response message: stload.se.ifmo.ru,config 3 3-1,text,false,,2139,0,6,18,http://stload.se.ifmo.ru:8080/?token=518472196&&user=-1356113187&config=3,0,0,1
1775998238951,0,HTTP Request 3,Non HTTP response code: java.net.UnknownHostException,Non HTTP response message: stload.se.ifmo.ru,config 3 3-2,text,false,,2139,0,6,18,http://stload.se.ifmo.ru:8080/?token=518472196&&user=-1356113187&config=3,0,0,0
1775998239119,0,HTTP Request 3,Non HTTP response code: java.net.UnknownHostException,Non HTTP response message: stload.se.ifmo.ru,config 3 3-3,text,false,,2139,0,6,18,http://stload.se.ifmo.ru:8080/?token=518472196&&user=-1356113187&config=3,0,0,0
1775998239285,0,HTTP Request 3,Non HTTP response code: java.net.UnknownHostException,Non HTTP response message: stload.se.ifmo.ru,config 3 3-4,text,false,,2139,0,6,18,http://stload.se.ifmo.ru:8080/?token=518472196&&user=-1356113187&config=3,0,0,0
1775998239452,0,HTTP Request 3,Non HTTP response code: java.net.UnknownHostException,Non HTTP response message: stload.se.ifmo.ru,config 3 3-5,text,false,,2139,0,6,18,http://stload.se.ifmo.ru:8080/?token=518472196&&user=-1356113187&config=3,0,0,0
1775998239619,1,HTTP Request 3,Non HTTP response code: java.net.UnknownHostException,Non HTTP response message: stload.se.ifmo.ru,config 3 3-6,text,false,,2139,0,6,18,http://stload.se.ifmo.ru:8080/?token=518472196&&user=-1356113187&config=3,0,0,1
1775998240301,1,HTTP Request 3,Non HTTP response code: java.net.UnknownHostException,Non HTTP response message: stload.se.ifmo.ru,config 3 3-1,text,false,,2139,0,6,18,http://stload.se.ifmo.ru:8080/?token=518472196&&user=-1356113187&config=3,0,0,1
1775998240451,1,HTTP Request 3,Non HTTP response code: java.net.UnknownHostException,Non HTTP response message: stload.se.ifmo.ru,config 3 3-2,text,false,,2139,0,6,18,http://stload.se.ifmo.ru:8080/?token=518472196&&user=-1356113187&config=3,0,0,1
1775998240620,0,HTTP Request 3,Non HTTP response code: java.net.UnknownHostException,Non HTTP response message: stload.se.ifmo.ru,config 3 3-3,text,false,,2139,0,6,18,http://stload.se.ifmo.ru:8080/?token=518472196&&user=-1356113187&config=3,0,0,0
1775998240785,0,HTTP Request 3,Non HTTP response code: java.net.UnknownHostException,Non HTTP response message: stload.se.ifmo.ru,config 3 3-4,text,false,,2139,0,6,18,http://stload.se.ifmo.ru:8080/?token=518472196&&user=-1356113187&config=3,0,0,0
1775998240953,0,HTTP Request 3,Non HTTP response code: java.net.UnknownHostException,Non HTTP response message: stload.se.ifmo.ru,config 3 3-5,text,false,,2139,0,6,18,http://stload.se.ifmo.ru:8080/?token=518472196&&user=-1356113187&config=3,0,0,0
1775998241119,0,HTTP Request 3,Non HTTP response code: java.net.UnknownHostException,Non HTTP response message: stload.se.ifmo.ru,config 3 3-6,text,false,,2139,0,6,18,http://stload.se.ifmo.ru:8080/?token=518472196&&user=-1356113187&config=3,0,0,0
1775998241801,1,HTTP Request 3,Non HTTP response code: java.net.UnknownHostException,Non HTTP response message: stload.se.ifmo.ru,config 3 3-1,text,false,,2139,0,6,18,http://stload.se.ifmo.ru:8080/?token=518472196&&user=-1356113187&config=3,0,0,1
1775998241951,0,HTTP Request 3,Non HTTP response code: java.net.UnknownHostException,Non HTTP response message: stload.se.ifmo.ru,config 3 3-2,text,false,,2139,0,6,18,http://stload.se.ifmo.ru:8080/?token=518472196&&user=-1356113187&config=3,0,0,0
1775998242119,1,HTTP Request 3,Non HTTP response code: java.net.UnknownHostException,Non HTTP response message: stload.se.ifmo.ru,config 3 3-3,text,false,,2139,0,6,18,http://stload.se.ifmo.ru:8080/?token=518472196&&user=-1356113187&config=3,0,0,1
1775998242285,1,HTTP Request 3,Non HTTP response code: java.net.UnknownHostException,Non HTTP response message: stload.se.ifmo.ru,config 3 3-4,text,false,,2139,0,6,18,http://stload.se.ifmo.ru:8080/?token=518472196&&user=-1356113187&config=3,0,0,1
1775998242452,0,HTTP Request 3,Non HTTP response code: java.net.UnknownHostException,Non HTTP response message: stload.se.ifmo.ru,config 3 3-5,text,false,,2139,0,6,18,http://stload.se.ifmo.ru:8080/?token=518472196&&user=-1356113187&config=3,0,0,0
1775998242620,1,HTTP Request 3,Non HTTP response code: java.net.UnknownHostException,Non HTTP response message: stload.se.ifmo.ru,config 3 3-6,text,false,,2139,0,6,18,http://stload.se.ifmo.ru:8080/?token=518472196&&user=-1356113187&config=3,0,0,1
1775998243301,2,HTTP Request 3,Non HTTP response code: java.net.UnknownHostException,Non HTTP response message: stload.se.ifmo.ru: Name or service not known,config 3 3-1,text,false,,2506,0,6,18,http://stload.se.ifmo.ru:8080/?token=518472196&&user=-1356113187&config=3,0,0,2
1775998243451,1,HTTP Request 3,Non HTTP response code: java.net.UnknownHostException,Non HTTP response message: stload.se.ifmo.ru,config 3 3-2,text,false,,2139,0,6,18,http://stload.se.ifmo.ru:8080/?token=518472196&&user=-1356113187&config=3,0,0,1
1775998243619,0,HTTP Request 3,Non HTTP response code: java.net.UnknownHostException,Non HTTP response message: stload.se.ifmo.ru,config 3 3-3,text,false,,2139,0,6,18,http://stload.se.ifmo.ru:8080/?token=518472196&&user=-1356113187&config=3,0,0,0
1775998243785,0,HTTP Request 3,Non HTTP response code: java.net.UnknownHostException,Non HTTP response message: stload.se.ifmo.ru,config 3 3-4,text,false,,2139,0,6,18,http://stload.se.ifmo.ru:8080/?token=518472196&&user=-1356113187&config=3,0,0,0
1775998243953,0,HTTP Request 3,Non HTTP response code: java.net.UnknownHostException,Non HTTP response message: stload.se.ifmo.ru,config 3 3-5,text,false,,2139,0,6,18,http://stload.se.ifmo.ru:8080/?token=518472196&&user=-1356113187&config=3,0,0,0
1775998244119,0,HTTP Request 3,Non HTTP response code: java.net.UnknownHostException,Non HTTP response message: stload.se.ifmo.ru,config 3 3-6,text,false,,2139,0,6,18,http://stload.se.ifmo.ru:8080/?token=518472196&&user=-1356113187&config=3,0,0,0
1775998244801,1,HTTP Request 3,Non HTTP response code: java.net.UnknownHostException,Non HTTP response message: stload.se.ifmo.ru,config 3 3-1,text,false,,2139,0,6,18,http://stload.se.ifmo.ru:8080/?token=518472196&&user=-1356113187&config=3,0,0,1
1775998244951,0,HTTP Request 3,Non HTTP response code: java.net.UnknownHostException,Non HTTP response message: stload.se.ifmo.ru,config 3 3-2,text,false,,2139,0,6,18,http://stload.se.ifmo.ru:8080/?token=518472196&&user=-1356113187&config=3,0,0,0
1775998245120,0,HTTP Request 3,Non HTTP response code: java.net.UnknownHostException,Non HTTP response message: stload.se.ifmo.ru,config 3 3-3,text,false,,2139,0,6,18,http://stload.se.ifmo.ru:8080/?token=518472196&&user=-1356113187&config=3,0,0,0
1775998245285,1,HTTP Request 3,Non HTTP response code: java.net.UnknownHostException,Non HTTP response message: stload.se.ifmo.ru,config 3 3-4,text,false,,2139,0,6,18,http://stload.se.ifmo.ru:8080/?token=518472196&&user=-1356113187&config=3,0,0,1
1775998245452,0,HTTP Request 3,Non HTTP response code: java.net.UnknownHostException,Non HTTP response message: stload.se.ifmo.ru,config 3 3-5,text,false,,2139,0,6,18,http://stload.se.ifmo.ru:8080/?token=518472196&&user=-1356113187&config=3,0,0,0
1775998245620,0,HTTP Request 3,Non HTTP response code: java.net.UnknownHostException,Non HTTP response message: stload.se.ifmo.ru,config 3 3-6,text,false,,2139,0,6,18,http://stload.se.ifmo.ru:8080/?token=518472196&&user=-1356113187&config=3,0,0,0
1775998246301,1,HTTP Request 3,Non HTTP response code: java.net.UnknownHostException,Non HTTP response message: stload.se.ifmo.ru,config 3 3-1,text,false,,2139,0,6,18,http://stload.se.ifmo.ru:8080/?token=518472196&&user=-1356113187&config=3,0,0,1
1775998246451,1,HTTP Request 3,Non HTTP response code: java.net.UnknownHostException,Non HTTP response message: stload.se.ifmo.ru,config 3 3-2,text,false,,2139,0,6,18,http://stload.se.ifmo.ru:8080/?token=518472196&&user=-1356113187&config=3,0,0,1
1775998246619,0,HTTP Request 3,Non HTTP response code: java.net.UnknownHostException,Non HTTP response message: stload.se.ifmo.ru,config 3 3-3,text,false,,2139,0,6,18,http://stload.se.ifmo.ru:8080/?token=518472196&&user=-1356113187&config=3,0,0,0
1775998246785,0,HTTP Request 3,Non HTTP response code: java.net.UnknownHostException,Non HTTP response message: stload.se.ifmo.ru,config 3 3-4,text,false,,2139,0,6,18,http://stload.se.ifmo.ru:8080/?token=518472196&&user=-1356113187&config=3,0,0,0
1775998246952,0,HTTP Request 3,Non HTTP response code: java.net.UnknownHostException,Non HTTP response message: stload.se.ifmo.ru,config 3 3-5,text,false,,2139,0,6,18,http://stload.se.ifmo.ru:8080/?token=518472196&&user=-1356113187&config=3,0,0,0
1775998247119,0,HTTP Request 3,Non HTTP response code: java.net.UnknownHostException,Non HTTP response message: stload.se.ifmo.ru,config 3 3-6,text,false,,2139,0,6,18,http://stload.se.ifmo.ru:8080/?token=518472196&&user=-1356113187&config=3,0,0,0
1775998247802,0,HTTP Request 3,Non HTTP response code: java.net.UnknownHostException,Non HTTP response message: stload.se.ifmo.ru,config 3 3-1,text,false,,2139,0,6,18,http://stload.se.ifmo.ru:8080/?token=518472196&&user=-1356113187&config=3,0,0,0
1775998247951,0,HTTP Request 3,Non HTTP response code: java.net.UnknownHostException,Non HTTP response message: stload.se.ifmo.ru,config 3 3-2,text,false,,2139,0,6,18,http://stload.se.ifmo.ru:8080/?token=518472196&&user=-1356113187&config=3,0,0,0
1775998248120,0,HTTP Request 3,Non HTTP response code: java.net.UnknownHostException,Non HTTP response message: stload.se.ifmo.ru,config 3 3-3,text,false,,2139,0,6,18,http://stload.se.ifmo.ru:8080/?token=518472196&&user=-1356113187&config=3,0,0,0
1775998248286,0,HTTP Request 3,Non HTTP response code: java.net.UnknownHostException,Non HTTP response message: stload.se.ifmo.ru,config 3 3-4,text,false,,2139,0,6,18,http://stload.se.ifmo.ru:8080/?token=518472196&&user=-1356113187&config=3,0,0,0
1775998248452,0,HTTP Request 3,Non HTTP response code: java.net.UnknownHostException,Non HTTP response message: stload.se.ifmo.ru,config 3 3-5,text,false,,2139,0,6,18,http://stload.se.ifmo.ru:8080/?token=518472196&&user=-1356113187&config=3,0,0,0
1775998248619,0,HTTP Request 3,Non HTTP response code: java.net.UnknownHostException,Non HTTP response message: stload.se.ifmo.ru,config 3 3-6,text,false,,2139,0,6,18,http://stload.se.ifmo.ru:8080/?token=518472196&&user=-1356113187&config=3,0,0,0
1775998249302,0,HTTP Request 3,Non HTTP response code: java.net.UnknownHostException,Non HTTP response message: stload.se.ifmo.ru,config 3 3-1,text,false,,2139,0,6,18,http://stload.se.ifmo.ru:8080/?token=518472196&&user=-1356113187&config=3,0,0,0
1775998249451,1,HTTP Request 3,Non HTTP response code: java.net.UnknownHostException,Non HTTP response message: stload.se.ifmo.ru,config 3 3-2,text,false,,2139,0,6,18,http://stload.se.ifmo.ru:8080/?token=518472196&&user=-1356113187&config=3,0,0,1
1775998249619,0,HTTP Request 3,Non HTTP response code: java.net.UnknownHostException,Non HTTP response message: stload.se.ifmo.ru,config 3 3-3,text,false,,2139,0,6,18,http://stload.se.ifmo.ru:8080/?token=518472196&&user=-1356113187&config=3,0,0,0
1775998249786,0,HTTP Request 3,Non HTTP response code: java.net.UnknownHostException,Non HTTP response message: stload.se.ifmo.ru,config 3 3-4,text,false,,2139,0,6,18,http://stload.se.ifmo.ru:8080/?token=518472196&&user=-1356113187&config=3,0,0,0
1775998249952,1,HTTP Request 3,Non HTTP response code: java.net.UnknownHostException,Non HTTP response message: stload.se.ifmo.ru,config 3 3-5,text,false,,2139,0,6,18,http://stload.se.ifmo.ru:8080/?token=518472196&&user=-1356113187&config=3,0,0,1
1775998250119,0,HTTP Request 3,Non HTTP response code: java.net.UnknownHostException,Non HTTP response message: stload.se.ifmo.ru,config 3 3-6,text,false,,2139,0,6,18,http://stload.se.ifmo.ru:8080/?token=518472196&&user=-1356113187&config=3,0,0,0
1775998250801,1,HTTP Request 3,Non HTTP response code: java.net.UnknownHostException,Non HTTP response message: stload.se.ifmo.ru,config 3 3-1,text,false,,2139,0,6,18,http://stload.se.ifmo.ru:8080/?token=518472196&&user=-1356113187&config=3,0,0,1
1775998250951,0,HTTP Request 3,Non HTTP response code: java.net.UnknownHostException,Non HTTP response message: stload.se.ifmo.ru,config 3 3-2,text,false,,2139,0,6,18,http://stload.se.ifmo.ru:8080/?token=518472196&&user=-1356113187&config=3,0,0,0
1775998251120,0,HTTP Request 3,Non HTTP response code: java.net.UnknownHostException,Non HTTP response message: stload.se.ifmo.ru,config 3 3-3,text,false,,2139,0,6,18,http://stload.se.ifmo.ru:8080/?token=518472196&&user=-1356113187&config=3,0,0,0
1775998251285,0,HTTP Request 3,Non HTTP response code: java.net.UnknownHostException,Non HTTP response message: stload.se.ifmo.ru,config 3 3-4,text,false,,2139,0,6,18,http://stload.se.ifmo.ru:8080/?token=518472196&&user=-1356113187&config=3,0,0,0
1775998251452,0,HTTP Request 3,Non HTTP response code: java.net.UnknownHostException,Non HTTP response message: stload.se.ifmo.ru,config 3 3-5,text,false,,2139,0,6,18,http://stload.se.ifmo.ru:8080/?token=518472196&&user=-1356113187&config=3,0,0,0
1775998251619,0,HTTP Request 3,Non HTTP response code: java.net.UnknownHostException,Non HTTP response message: stload.se.ifmo.ru,config 3 3-6,text,false,,2139,0,6,18,http://stload.se.ifmo.ru:8080/?token=518472196&&user=-1356113187&config=3,0,0,0
1775998252301,0,HTTP Request 3,Non HTTP response code: java.net.UnknownHostException,Non HTTP response message: stload.se.ifmo.ru,config 3 3-1,text,false,,2139,0,6,18,http://stload.se.ifmo.ru:8080/?token=518472196&&user=-1356113187&config=3,0,0,0
1775998252451,0,HTTP Request 3,Non HTTP response code: java.net.UnknownHostException,Non HTTP response message: stload.se.ifmo.ru,config 3 3-2,text,false,,2139,0,6,18,http://stload.se.ifmo.ru:8080/?token=518472196&&user=-1356113187&config=3,0,0,0
1775998252619,0,HTTP Request 3,Non HTTP response code: java.net.UnknownHostException,Non HTTP response message: stload.se.ifmo.ru,config 3 3-3,text,false,,2139,0,6,18,http://stload.se.ifmo.ru:8080/?token=518472196&&user=-1356113187&config=3,0,0,0
1775998252785,0,HTTP Request 3,Non HTTP response code: java.net.UnknownHostException,Non HTTP response message: stload.se.ifmo.ru,config 3 3-4,text,false,,2139,0,6,18,http://stload.se.ifmo.ru:8080/?token=518472196&&user=-1356113187&config=3,0,0,0
1775998252952,0,HTTP Request 3,Non HTTP response code: java.net.UnknownHostException,Non HTTP response message: stload.se.ifmo.ru,config 3 3-5,text,false,,2139,0,6,18,http://stload.se.ifmo.ru:8080/?token=518472196&&user=-1356113187&config=3,0,0,0
1775998253120,0,HTTP Request 3,Non HTTP response code: java.net.UnknownHostException,Non HTTP response message: stload.se.ifmo.ru,config 3 3-6,text,false,,2139,0,6,18,http://stload.se.ifmo.ru:8080/?token=518472196&&user=-1356113187&config=3,0,0,0
1775998253802,0,HTTP Request 3,Non HTTP response code: java.net.UnknownHostException,Non HTTP response message: stload.se.ifmo.ru,config 3 3-1,text,false,,2139,0,6,18,http://stload.se.ifmo.ru:8080/?token=518472196&&user=-1356113187&config=3,0,0,0
1775998253952,0,HTTP Request 3,Non HTTP response code: java.net.UnknownHostException,Non HTTP response message: stload.se.ifmo.ru,config 3 3-2,text,false,,2139,0,6,18,http://stload.se.ifmo.ru:8080/?token=518472196&&user=-1356113187&config=3,0,0,0
1775998254120,0,HTTP Request 3,Non HTTP response code: java.net.UnknownHostException,Non HTTP response message: stload.se.ifmo.ru,config 3 3-3,text,false,,2139,0,6,18,http://stload.se.ifmo.ru:8080/?token=518472196&&user=-1356113187&config=3,0,0,0
1775998254285,0,HTTP Request 3,Non HTTP response code: java.net.UnknownHostException,Non HTTP response message: stload.se.ifmo.ru,config 3 3-4,text,false,,2139,0,6,18,http://stload.se.ifmo.ru:8080/?token=518472196&&user=-1356113187&config=3,0,0,0
1775998254452,1,HTTP Request 3,Non HTTP response code: java.net.UnknownHostException,Non HTTP response message: stload.se.ifmo.ru,config 3 3-5,text,false,,2139,0,6,18,http://stload.se.ifmo.ru:8080/?token=518472196&&user=-1356113187&config=3,0,0,1
1775998254619,0,HTTP Request 3,Non HTTP response code: java.net.UnknownHostException,Non HTTP response message: stload.se.ifmo.ru,config 3 3-6,text,false,,2139,0,6,18,http://stload.se.ifmo.ru:8080/?token=518472196&&user=-1356113187&config=3,0,0,0
1775998255301,1,HTTP Request 3,Non HTTP response code: java.net.UnknownHostException,Non HTTP response message: stload.se.ifmo.ru,config 3 3-1,text,false,,2139,0,6,18,http://stload.se.ifmo.ru:8080/?token=518472196&&user=-1356113187&config=3,0,0,1
1775998255451,0,HTTP Request 3,Non HTTP response code: java.net.UnknownHostException,Non HTTP response message: stload.se.ifmo.ru,config 3 3-2,text,false,,2139,0,6,18,http://stload.se.ifmo.ru:8080/?token=518472196&&user=-1356113187&config=3,0,0,0
1775998255619,0,HTTP Request 3,Non HTTP response code: java.net.UnknownHostException,Non HTTP response message: stload.se.ifmo.ru,config 3 3-3,text,false,,2139,0,6,18,http://stload.se.ifmo.ru:8080/?token=518472196&&user=-1356113187&config=3,0,0,0
1775998255785,0,HTTP Request 3,Non HTTP response code: java.net.UnknownHostException,Non HTTP response message: stload.se.ifmo.ru,config 3 3-4,text,false,,2139,0,6,18,http://stload.se.ifmo.ru:8080/?token=518472196&&user=-1356113187&config=3,0,0,0
1775998255952,0,HTTP Request 3,Non HTTP response code: java.net.UnknownHostException,Non HTTP response message: stload.se.ifmo.ru,config 3 3-5,text,false,,2139,0,6,18,http://stload.se.ifmo.ru:8080/?token=518472196&&user=-1356113187&config=3,0,0,0
1775998256119,0,HTTP Request 3,Non HTTP response code: java.net.UnknownHostException,Non HTTP response message: stload.se.ifmo.ru,config 3 3-6,text,false,,2139,0,6,18,http://stload.se.ifmo.ru:8080/?token=518472196&&user=-1356113187&config=3,0,0,0
1775998256801,0,HTTP Request 3,Non HTTP response code: java.net.UnknownHostException,Non HTTP response message: stload.se.ifmo.ru,config 3 3-1,text,false,,2139,0,6,18,http://stload.se.ifmo.ru:8080/?token=518472196&&user=-1356113187&config=3,0,0,0
1775998256952,0,HTTP Request 3,Non HTTP response code: java.net.UnknownHostException,Non HTTP response message: stload.se.ifmo.ru,config 3 3-2,text,false,,2139,0,6,18,http://stload.se.ifmo.ru:8080/?token=518472196&&user=-1356113187&config=3,0,0,0
1775998257119,1,HTTP Request 3,Non HTTP response code: java.net.UnknownHostException,Non HTTP response message: stload.se.ifmo.ru,config 3 3-3,text,false,,2139,0,6,18,http://stload.se.ifmo.ru:8080/?token=518472196&&user=-1356113187&config=3,0,0,0
1775998257285,0,HTTP Request 3,Non HTTP response code: java.net.UnknownHostException,Non HTTP response message: stload.se.ifmo.ru,config 3 3-4,text,false,,2139,0,6,18,http://stload.se.ifmo.ru:8080/?token=518472196&&user=-1356113187&config=3,0,0,0
1775998257452,1,HTTP Request 3,Non HTTP response code: java.net.UnknownHostException,Non HTTP response message: stload.se.ifmo.ru,config 3 3-5,text,false,,2139,0,6,18,http://stload.se.ifmo.ru:8080/?token=518472196&&user=-1356113187&config=3,0,0,1
1775998257619,1,HTTP Request 3,Non HTTP response code: java.net.UnknownHostException,Non HTTP response message: stload.se.ifmo.ru,config 3 3-6,text,false,,2139,0,6,18,http://stload.se.ifmo.ru:8080/?token=518472196&&user=-1356113187&config=3,0,0,1
1775998258302,0,HTTP Request 3,Non HTTP response code: java.net.UnknownHostException,Non HTTP response message: stload.se.ifmo.ru,config 3 3-1,text,false,,2139,0,6,18,http://stload.se.ifmo.ru:8080/?token=518472196&&user=-1356113187&config=3,0,0,0
1775998258451,0,HTTP Request 3,Non HTTP response code: java.net.UnknownHostException,Non HTTP response message: stload.se.ifmo.ru,config 3 3-2,text,false,,2139,0,6,18,http://stload.se.ifmo.ru:8080/?token=518472196&&user=-1356113187&config=3,0,0,0
1775998258619,0,HTTP Request 3,Non HTTP response code: java.net.UnknownHostException,Non HTTP response message: stload.se.ifmo.ru,config 3 3-3,text,false,,2139,0,6,18,http://stload.se.ifmo.ru:8080/?token=518472196&&user=-1356113187&config=3,0,0,0
1775998258785,0,HTTP Request 3,Non HTTP response code: java.net.UnknownHostException,Non HTTP response message: stload.se.ifmo.ru,config 3 3-4,text,false,,2139,0,6,18,http://stload.se.ifmo.ru:8080/?token=518472196&&user=-1356113187&config=3,0,0,0
1775998258952,0,HTTP Request 3,Non HTTP response code: java.net.UnknownHostException,Non HTTP response message: stload.se.ifmo.ru,config 3 3-5,text,false,,2139,0,6,18,http://stload.se.ifmo.ru:8080/?token=518472196&&user=-1356113187&config=3,0,0,0
1775998259119,0,HTTP Request 3,Non HTTP response code: java.net.UnknownHostException,Non HTTP response message: stload.se.ifmo.ru,config 3 3-6,text,false,,2139,0,6,18,http://stload.se.ifmo.ru:8080/?token=518472196&&user=-1356113187&config=3,0,0,0
1775998722007,5203,HTTP Request 3,Non HTTP response code: java.net.UnknownHostException,Non HTTP response message: stload.se.ifmo.ru,config 3 3-6,text,false,"The operation lasted too long: It took 5,203 milliseconds, but should not have lasted longer than 840 milliseconds.",2222,0,6,18,http://stload.se.ifmo.ru:8080/?token=518472196&&user=-1356113187&config=3,0,0,5203
1775998722007,5203,HTTP Request 3,Non HTTP response code: java.net.UnknownHostException,Non HTTP response message: stload.se.ifmo.ru,config 3 3-1,text,false,"The operation lasted too long: It took 5,203 milliseconds, but should not have lasted longer than 840 milliseconds.",2222,0,6,18,http://stload.se.ifmo.ru:8080/?token=518472196&&user=-1356113187&config=3,0,0,5203
1775998265007,5204,HTTP Request 3,Non HTTP response code: java.net.UnknownHostException,Non HTTP response message: stload.se.ifmo.ru,config 3 3-3,text,false,"The operation lasted too long: It took 5,204 milliseconds, but should not have lasted longer than 840 milliseconds.",2222,0,6,18,http://stload.se.ifmo.ru:8080/?token=518472196&&user=-1356113187&config=3,0,0,5204
1775998722007,5204,HTTP Request 3,Non HTTP response code: java.net.UnknownHostException,Non HTTP response message: stload.se.ifmo.ru,config 3 3-2,text,false,"The operation lasted too long: It took 5,204 milliseconds, but should not have lasted longer than 840 milliseconds.",2222,0,6,18,http://stload.se.ifmo.ru:8080/?token=518472196&&user=-1356113187&config=3,0,0,5204
1775998722007,5204,HTTP Request 3,Non HTTP response code: java.net.UnknownHostException,Non HTTP response message: stload.se.ifmo.ru,config 3 3-5,text,false,"The operation lasted too long: It took 5,204 milliseconds, but should not have lasted longer than 840 milliseconds.",2222,0,6,18,http://stload.se.ifmo.ru:8080/?token=518472196&&user=-1356113187&config=3,0,0,5204
1775998722012,5201,HTTP Request 3,Non HTTP response code: java.net.UnknownHostException,Non HTTP response message: stload.se.ifmo.ru,config 3 3-4,text,false,"The operation lasted too long: It took 5,201 milliseconds, but should not have lasted longer than 840 milliseconds.",2222,0,6,18,http://stload.se.ifmo.ru:8080/?token=518472196&&user=-1356113187&config=3,0,0,5201
1775998727213,0,HTTP Request 3,Non HTTP response code: java.net.UnknownHostException,Non HTTP response message: stload.se.ifmo.ru,config 3 3-6,text,false,,2139,0,6,18,http://stload.se.ifmo.ru:8080/?token=518472196&&user=-1356113187&config=3,0,0,0
1775998727213,0,HTTP Request 3,Non HTTP response code: java.net.UnknownHostException,Non HTTP response message: stload.se.ifmo.ru,config 3 3-1,text,false,,2139,0,6,18,http://stload.se.ifmo.ru:8080/?token=518472196&&user=-1356113187&config=3,0,0,0
1775998727213,0,HTTP Request 3,Non HTTP response code: java.net.UnknownHostException,Non HTTP response message: stload.se.ifmo.ru,config 3 3-4,text,false,,2139,0,6,18,http://stload.se.ifmo.ru:8080/?token=518472196&&user=-1356113187&config=3,0,0,0
1775998727213,1,HTTP Request 3,Non HTTP response code: java.net.UnknownHostException,Non HTTP response message: stload.se.ifmo.ru,config 3 3-5,text,false,,2139,0,6,18,http://stload.se.ifmo.ru:8080/?token=518472196&&user=-1356113187&config=3,0,0,1
1775998727214,0,HTTP Request 3,Non HTTP response code: java.net.UnknownHostException,Non HTTP response message: stload.se.ifmo.ru,config 3 3-2,text,false,,2139,0,6,18,http://stload.se.ifmo.ru:8080/?token=518472196&&user=-1356113187&config=3,0,0,0
1775998727213,2,HTTP Request 3,Non HTTP response code: java.net.UnknownHostException,Non HTTP response message: stload.se.ifmo.ru,config 3 3-3,text,false,,2139,0,6,18,http://stload.se.ifmo.ru:8080/?token=518472196&&user=-1356113187&config=3,0,0,2
1775998728712,0,HTTP Request 3,Non HTTP response code: java.net.UnknownHostException,Non HTTP response message: stload.se.ifmo.ru,config 3 3-6,text,false,,2139,0,6,18,http://stload.se.ifmo.ru:8080/?token=518472196&&user=-1356113187&config=3,0,0,0
1775998728713,0,HTTP Request 3,Non HTTP response code: java.net.UnknownHostException,Non HTTP response message: stload.se.ifmo.ru,config 3 3-3,text,false,,2139,0,6,18,http://stload.se.ifmo.ru:8080/?token=518472196&&user=-1356113187&config=3,0,0,0
1775998728712,0,HTTP Request 3,Non HTTP response code: java.net.UnknownHostException,Non HTTP response message: stload.se.ifmo.ru,config 3 3-1,text,false,,2139,0,6,18,http://stload.se.ifmo.ru:8080/?token=518472196&&user=-1356113187&config=3,0,0,0
1775998728713,0,HTTP Request 3,Non HTTP response code: java.net.UnknownHostException,Non HTTP response message: stload.se.ifmo.ru,config 3 3-5,text,false,,2139,0,6,18,http://stload.se.ifmo.ru:8080/?token=518472196&&user=-1356113187&config=3,0,0,0
1775998728713,0,HTTP Request 3,Non HTTP response code: java.net.UnknownHostException,Non HTTP response message: stload.se.ifmo.ru,config 3 3-4,text,false,,2139,0,6,18,http://stload.se.ifmo.ru:8080/?token=518472196&&user=-1356113187&config=3,0,0,0
1775998728714,0,HTTP Request 3,Non HTTP response code: java.net.UnknownHostException,Non HTTP response message: stload.se.ifmo.ru,config 3 3-2,text,false,,2139,0,6,18,http://stload.se.ifmo.ru:8080/?token=518472196&&user=-1356113187&config=3,0,0,0
1775998730212,0,HTTP Request 3,Non HTTP response code: java.net.UnknownHostException,Non HTTP response message: stload.se.ifmo.ru,config 3 3-1,text,false,,2139,0,6,18,http://stload.se.ifmo.ru:8080/?token=518472196&&user=-1356113187&config=3,0,0,0
1775998730213,0,HTTP Request 3,Non HTTP response code: java.net.UnknownHostException,Non HTTP response message: stload.se.ifmo.ru,config 3 3-4,text,false,,2139,0,6,18,http://stload.se.ifmo.ru:8080/?token=518472196&&user=-1356113187&config=3,0,0,0
1775998730213,0,HTTP Request 3,Non HTTP response code: java.net.UnknownHostException,Non HTTP response message: stload.se.ifmo.ru,config 3 3-5,text,false,,2139,0,6,18,http://stload.se.ifmo.ru:8080/?token=518472196&&user=-1356113187&config=3,0,0,0
1775998730213,0,HTTP Request 3,Non HTTP response code: java.net.UnknownHostException,Non HTTP response message: stload.se.ifmo.ru,config 3 3-6,text,false,,2139,0,6,18,http://stload.se.ifmo.ru:8080/?token=518472196&&user=-1356113187&config=3,0,0,0
1775998730214,0,HTTP Request 3,Non HTTP response code: java.net.UnknownHostException,Non HTTP response message: stload.se.ifmo.ru,config 3 3-3,text,false,,2139,0,6,18,http://stload.se.ifmo.ru:8080/?token=518472196&&user=-1356113187&config=3,0,0,0
1775998730214,0,HTTP Request 3,Non HTTP response code: java.net.UnknownHostException,Non HTTP response message: stload.se.ifmo.ru,config 3 3-2,text,false,,2139,0,6,18,http://stload.se.ifmo.ru:8080/?token=518472196&&user=-1356113187&config=3,0,0,0
1775998731712,0,HTTP Request 3,Non HTTP response code: java.net.UnknownHostException,Non HTTP response message: stload.se.ifmo.ru,config 3 3-6,text,false,,2139,0,6,18,http://stload.se.ifmo.ru:8080/?token=518472196&&user=-1356113187&config=3,0,0,0
1775998731712,0,HTTP Request 3,Non HTTP response code: java.net.UnknownHostException,Non HTTP response message: stload.se.ifmo.ru,config 3 3-1,text,false,,2139,0,6,18,http://stload.se.ifmo.ru:8080/?token=518472196&&user=-1356113187&config=3,0,0,0
1775998731713,0,HTTP Request 3,Non HTTP response code: java.net.UnknownHostException,Non HTTP response message: stload.se.ifmo.ru,config 3 3-5,text,false,,2139,0,6,18,http://stload.se.ifmo.ru:8080/?token=518472196&&user=-1356113187&config=3,0,0,0
1775998731713,0,HTTP Request 3,Non HTTP response code: java.net.UnknownHostException,Non HTTP response message: stload.se.ifmo.ru,config 3 3-4,text,false,,2139,0,6,18,http://stload.se.ifmo.ru:8080/?token=518472196&&user=-1356113187&config=3,0,0,0
1775998731713,1,HTTP Request 3,Non HTTP response code: java.net.UnknownHostException,Non HTTP response message: stload.se.ifmo.ru,config 3 3-3,text,false,,2139,0,6,18,http://stload.se.ifmo.ru:8080/?token=518472196&&user=-1356113187&config=3,0,0,1
1775998731714,0,HTTP Request 3,Non HTTP response code: java.net.UnknownHostException,Non HTTP response message: stload.se.ifmo.ru,config 3 3-2,text,false,,2139,0,6,18,http://stload.se.ifmo.ru:8080/?token=518472196&&user=-1356113187&config=3,0,0,0
1775998733212,0,HTTP Request 3,Non HTTP response code: java.net.UnknownHostException,Non HTTP response message: stload.se.ifmo.ru,config 3 3-1,text,false,,2139,0,6,18,http://stload.se.ifmo.ru:8080/?token=518472196&&user=-1356113187&config=3,0,0,0
1775998733212,0,HTTP Request 3,Non HTTP response code: java.net.UnknownHostException,Non HTTP response message: stload.se.ifmo.ru,config 3 3-6,text,false,,2139,0,6,18,http://stload.se.ifmo.ru:8080/?token=518472196&&user=-1356113187&config=3,0,0,0
1775998733213,0,HTTP Request 3,Non HTTP response code: java.net.UnknownHostException,Non HTTP response message: stload.se.ifmo.ru,config 3 3-3,text,false,,2139,0,6,18,http://stload.se.ifmo.ru:8080/?token=518472196&&user=-1356113187&config=3,0,0,0
1775998733214,0,HTTP Request 3,Non HTTP response code: java.net.UnknownHostException,Non HTTP response message: stload.se.ifmo.ru,config 3 3-4,text,false,,2139,0,6,18,http://stload.se.ifmo.ru:8080/?token=518472196&&user=-1356113187&config=3,0,0,0
1775998733214,0,HTTP Request 3,Non HTTP response code: java.net.UnknownHostException,Non HTTP response message: stload.se.ifmo.ru,config 3 3-5,text,false,,2139,0,6,18,http://stload.se.ifmo.ru:8080/?token=518472196&&user=-1356113187&config=3,0,0,0
1775998733214,0,HTTP Request 3,Non HTTP response code: java.net.UnknownHostException,Non HTTP response message: stload.se.ifmo.ru,config 3 3-2,text,false,,2139,0,6,18,http://stload.se.ifmo.ru:8080/?token=518472196&&user=-1356113187&config=3,0,0,0
1775998734712,1,HTTP Request 3,Non HTTP response code: java.net.UnknownHostException,Non HTTP response message: stload.se.ifmo.ru,config 3 3-6,text,false,,2139,0,6,18,http://stload.se.ifmo.ru:8080/?token=518472196&&user=-1356113187&config=3,0,0,1
1775998734712,1,HTTP Request 3,Non HTTP response code: java.net.UnknownHostException,Non HTTP response message: stload.se.ifmo.ru,config 3 3-1,text,false,,2139,0,6,18,http://stload.se.ifmo.ru:8080/?token=518472196&&user=-1356113187&config=3,0,0,1
1775998734713,0,HTTP Request 3,Non HTTP response code: java.net.UnknownHostException,Non HTTP response message: stload.se.ifmo.ru,config 3 3-4,text,false,,2139,0,6,18,http://stload.se.ifmo.ru:8080/?token=518472196&&user=-1356113187&config=3,0,0,0
1775998734713,0,HTTP Request 3,Non HTTP response code: java.net.UnknownHostException,Non HTTP response message: stload.se.ifmo.ru,config 3 3-5,text,false,,2139,0,6,18,http://stload.se.ifmo.ru:8080/?token=518472196&&user=-1356113187&config=3,0,0,0
1775998734713,0,HTTP Request 3,Non HTTP response code: java.net.UnknownHostException,Non HTTP response message: stload.se.ifmo.ru,config 3 3-3,text,false,,2139,0,6,18,http://stload.se.ifmo.ru:8080/?token=518472196&&user=-1356113187&config=3,0,0,0
1775998734714,0,HTTP Request 3,Non HTTP response code: java.net.UnknownHostException,Non HTTP response message: stload.se.ifmo.ru,config 3 3-2,text,false,,2139,0,6,18,http://stload.se.ifmo.ru:8080/?token=518472196&&user=-1356113187&config=3,0,0,0
1775998736213,0,HTTP Request 3,Non HTTP response code: java.net.UnknownHostException,Non HTTP response message: stload.se.ifmo.ru,config 3 3-1,text,false,,2139,0,6,18,http://stload.se.ifmo.ru:8080/?token=518472196&&user=-1356113187&config=3,0,0,0
1775998736213,0,HTTP Request 3,Non HTTP response code: java.net.UnknownHostException,Non HTTP response message: stload.se.ifmo.ru,config 3 3-6,text,false,,2139,0,6,18,http://stload.se.ifmo.ru:8080/?token=518472196&&user=-1356113187&config=3,0,0,0
1775998736213,0,HTTP Request 3,Non HTTP response code: java.net.UnknownHostException,Non HTTP response message: stload.se.ifmo.ru,config 3 3-5,text,false,,2139,0,6,18,http://stload.se.ifmo.ru:8080/?token=518472196&&user=-1356113187&config=3,0,0,0
1775998736213,0,HTTP Request 3,Non HTTP response code: java.net.UnknownHostException,Non HTTP response message: stload.se.ifmo.ru,config 3 3-4,text,false,,2139,0,6,18,http://stload.se.ifmo.ru:8080/?token=518472196&&user=-1356113187&config=3,0,0,0
1775998736213,1,HTTP Request 3,Non HTTP response code: java.net.UnknownHostException,Non HTTP response message: stload.se.ifmo.ru,config 3 3-3,text,false,,2139,0,6,18,http://stload.se.ifmo.ru:8080/?token=518472196&&user=-1356113187&config=3,0,0,1
1775998736215,0,HTTP Request 3,Non HTTP response code: java.net.UnknownHostException,Non HTTP response message: stload.se.ifmo.ru,config 3 3-2,text,false,,2139,0,6,18,http://stload.se.ifmo.ru:8080/?token=518472196&&user=-1356113187&config=3,0,0,0
1775998737712,20664,HTTP Request 3,Non HTTP response code: java.net.UnknownHostException,Non HTTP response message: stload.se.ifmo.ru,config 3 3-1,text,false,"The operation lasted too long: It took 20,664 milliseconds, but should not have lasted longer than 840 milliseconds.",2222,0,6,18,http://stload.se.ifmo.ru:8080/?token=518472196&&user=-1356113187&config=3,0,0,20664
1775998737713,20663,HTTP Request 3,Non HTTP response code: java.net.UnknownHostException,Non HTTP response message: stload.se.ifmo.ru,config 3 3-3,text,false,"The operation lasted too long: It took 20,663 milliseconds, but should not have lasted longer than 840 milliseconds.",2222,0,6,18,http://stload.se.ifmo.ru:8080/?token=518472196&&user=-1356113187&config=3,0,0,20663
1775998737713,20663,HTTP Request 3,Non HTTP response code: java.net.UnknownHostException,Non HTTP response message: stload.se.ifmo.ru,config 3 3-5,text,false,"The operation lasted too long: It took 20,663 milliseconds, but should not have lasted longer than 840 milliseconds.",2222,0,6,18,http://stload.se.ifmo.ru:8080/?token=518472196&&user=-1356113187&config=3,0,0,20663
1775998737712,20664,HTTP Request 3,Non HTTP response code: java.net.UnknownHostException,Non HTTP response message: stload.se.ifmo.ru,config 3 3-6,text,false,"The operation lasted too long: It took 20,664 milliseconds, but should not have lasted longer than 840 milliseconds.",2222,0,6,18,http://stload.se.ifmo.ru:8080/?token=518472196&&user=-1356113187&config=3,0,0,20664
1775998758376,0,HTTP Request 3,Non HTTP response code: java.net.UnknownHostException,Non HTTP response message: stload.se.ifmo.ru,config 3 3-1,text,false,,2139,0,6,18,http://stload.se.ifmo.ru:8080/?token=518472196&&user=-1356113187&config=3,0,0,0
1775998758376,1,HTTP Request 3,Non HTTP response code: java.net.UnknownHostException,Non HTTP response message: stload.se.ifmo.ru,config 3 3-3,text,false,,2139,0,6,18,http://stload.se.ifmo.ru:8080/?token=518472196&&user=-1356113187&config=3,0,0,1
1775998758377,0,HTTP Request 3,Non HTTP response code: java.net.UnknownHostException,Non HTTP response message: stload.se.ifmo.ru,config 3 3-6,text,false,,2139,0,6,18,http://stload.se.ifmo.ru:8080/?token=518472196&&user=-1356113187&config=3,0,0,0
1775998758377,0,HTTP Request 3,Non HTTP response code: java.net.UnknownHostException,Non HTTP response message: stload.se.ifmo.ru,config 3 3-5,text,false,,2139,0,6,18,http://stload.se.ifmo.ru:8080/?token=518472196&&user=-1356113187&config=3,0,0,0
1775998737713,20664,HTTP Request 3,Non HTTP response code: java.net.UnknownHostException,Non HTTP response message: stload.se.ifmo.ru,config 3 3-4,text,false,"The operation lasted too long: It took 20,664 milliseconds, but should not have lasted longer than 840 milliseconds.",2222,0,6,18,http://stload.se.ifmo.ru:8080/?token=518472196&&user=-1356113187&config=3,0,0,20664
1775998737714,20663,HTTP Request 3,Non HTTP response code: java.net.UnknownHostException,Non HTTP response message: stload.se.ifmo.ru,config 3 3-2,text,false,"The operation lasted too long: It took 20,663 milliseconds, but should not have lasted longer than 840 milliseconds.",2222,0,6,18,http://stload.se.ifmo.ru:8080/?token=518472196&&user=-1356113187&config=3,0,0,20663
1775998758377,0,HTTP Request 3,Non HTTP response code: java.net.UnknownHostException,Non HTTP response message: stload.se.ifmo.ru,config 3 3-4,text,false,,2139,0,6,18,http://stload.se.ifmo.ru:8080/?token=518472196&&user=-1356113187&config=3,0,0,0
1775998758377,0,HTTP Request 3,Non HTTP response code: java.net.UnknownHostException,Non HTTP response message: stload.se.ifmo.ru,config 3 3-2,text,false,,2139,0,6,18,http://stload.se.ifmo.ru:8080/?token=518472196&&user=-1356113187&config=3,0,0,0
1775998759876,0,HTTP Request 3,Non HTTP response code: java.net.UnknownHostException,Non HTTP response message: stload.se.ifmo.ru,config 3 3-6,text,false,,2139,0,6,18,http://stload.se.ifmo.ru:8080/?token=518472196&&user=-1356113187&config=3,0,0,0
1775998759876,0,HTTP Request 3,Non HTTP response code: java.net.UnknownHostException,Non HTTP response message: stload.se.ifmo.ru,config 3 3-3,text,false,,2139,0,6,18,http://stload.se.ifmo.ru:8080/?token=518472196&&user=-1356113187&config=3,0,0,0
1775998759877,0,HTTP Request 3,Non HTTP response code: java.net.UnknownHostException,Non HTTP response message: stload.se.ifmo.ru,config 3 3-1,text,false,,2139,0,6,18,http://stload.se.ifmo.ru:8080/?token=518472196&&user=-1356113187&config=3,0,0,0
1775998759877,0,HTTP Request 3,Non HTTP response code: java.net.UnknownHostException,Non HTTP response message: stload.se.ifmo.ru,config 3 3-5,text,false,,2139,0,6,18,http://stload.se.ifmo.ru:8080/?token=518472196&&user=-1356113187&config=3,0,0,0
1775998759877,0,HTTP Request 3,Non HTTP response code: java.net.UnknownHostException,Non HTTP response message: stload.se.ifmo.ru,config 3 3-4,text,false,,2139,0,6,18,http://stload.se.ifmo.ru:8080/?token=518472196&&user=-1356113187&config=3,0,0,0
1775998759878,0,HTTP Request 3,Non HTTP response code: java.net.UnknownHostException,Non HTTP response message: stload.se.ifmo.ru,config 3 3-2,text,false,,2139,0,6,18,http://stload.se.ifmo.ru:8080/?token=518472196&&user=-1356113187&config=3,0,0,0
1775998761376,0,HTTP Request 3,Non HTTP response code: java.net.UnknownHostException,Non HTTP response message: stload.se.ifmo.ru,config 3 3-1,text,false,,2139,0,6,18,http://stload.se.ifmo.ru:8080/?token=518472196&&user=-1356113187&config=3,0,0,0
1775998761377,0,HTTP Request 3,Non HTTP response code: java.net.UnknownHostException,Non HTTP response message: stload.se.ifmo.ru,config 3 3-3,text,false,,2139,0,6,18,http://stload.se.ifmo.ru:8080/?token=518472196&&user=-1356113187&config=3,0,0,0
1775998761377,0,HTTP Request 3,Non HTTP response code: java.net.UnknownHostException,Non HTTP response message: stload.se.ifmo.ru,config 3 3-6,text,false,,2139,0,6,18,http://stload.se.ifmo.ru:8080/?token=518472196&&user=-1356113187&config=3,0,0,0
1775998761377,0,HTTP Request 3,Non HTTP response code: java.net.UnknownHostException,Non HTTP response message: stload.se.ifmo.ru,config 3 3-2,text,false,,2139,0,6,18,http://stload.se.ifmo.ru:8080/?token=518472196&&user=-1356113187&config=3,0,0,0
1775998761377,0,HTTP Request 3,Non HTTP response code: java.net.UnknownHostException,Non HTTP response message: stload.se.ifmo.ru,config 3 3-5,text,false,,2139,0,6,18,http://stload.se.ifmo.ru:8080/?token=518472196&&user=-1356113187&config=3,0,0,0
1775998761378,0,HTTP Request 3,Non HTTP response code: java.net.UnknownHostException,Non HTTP response message: stload.se.ifmo.ru,config 3 3-4,text,false,,2139,0,6,18,http://stload.se.ifmo.ru:8080/?token=518472196&&user=-1356113187&config=3,0,0,0
1775998762876,0,HTTP Request 3,Non HTTP response code: java.net.UnknownHostException,Non HTTP response message: stload.se.ifmo.ru,config 3 3-3,text,false,,2139,0,6,18,http://stload.se.ifmo.ru:8080/?token=518472196&&user=-1356113187&config=3,0,0,0
1775998762876,0,HTTP Request 3,Non HTTP response code: java.net.UnknownHostException,Non HTTP response message: stload.se.ifmo.ru,config 3 3-6,text,false,,2139,0,6,18,http://stload.se.ifmo.ru:8080/?token=518472196&&user=-1356113187&config=3,0,0,0
1775998762877,0,HTTP Request 3,Non HTTP response code: java.net.UnknownHostException,Non HTTP response message: stload.se.ifmo.ru,config 3 3-1,text,false,,2139,0,6,18,http://stload.se.ifmo.ru:8080/?token=518472196&&user=-1356113187&config=3,0,0,0
1775998762877,0,HTTP Request 3,Non HTTP response code: java.net.UnknownHostException,Non HTTP response message: stload.se.ifmo.ru,config 3 3-4,text,false,,2139,0,6,18,http://stload.se.ifmo.ru:8080/?token=518472196&&user=-1356113187&config=3,0,0,0
1775998762877,0,HTTP Request 3,Non HTTP response code: java.net.UnknownHostException,Non HTTP response message: stload.se.ifmo.ru,config 3 3-2,text,false,,2139,0,6,18,http://stload.se.ifmo.ru:8080/?token=518472196&&user=-1356113187&config=3,0,0,0
1775998762878,0,HTTP Request 3,Non HTTP response code: java.net.UnknownHostException,Non HTTP response message: stload.se.ifmo.ru,config 3 3-5,text,false,,2139,0,6,18,http://stload.se.ifmo.ru:8080/?token=518472196&&user=-1356113187&config=3,0,0,0
1775998764376,0,HTTP Request 3,Non HTTP response code: java.net.UnknownHostException,Non HTTP response message: stload.se.ifmo.ru,config 3 3-6,text,false,,2139,0,6,18,http://stload.se.ifmo.ru:8080/?token=518472196&&user=-1356113187&config=3,0,0,0
1775998764376,0,HTTP Request 3,Non HTTP response code: java.net.UnknownHostException,Non HTTP response message: stload.se.ifmo.ru,config 3 3-3,text,false,,2139,0,6,18,http://stload.se.ifmo.ru:8080/?token=518472196&&user=-1356113187&config=3,0,0,0
1775998764376,1,HTTP Request 3,Non HTTP response code: java.net.UnknownHostException,Non HTTP response message: stload.se.ifmo.ru,config 3 3-1,text,false,,2139,0,6,18,http://stload.se.ifmo.ru:8080/?token=518472196&&user=-1356113187&config=3,0,0,1
1775998764377,0,HTTP Request 3,Non HTTP response code: java.net.UnknownHostException,Non HTTP response message: stload.se.ifmo.ru,config 3 3-2,text,false,,2139,0,6,18,http://stload.se.ifmo.ru:8080/?token=518472196&&user=-1356113187&config=3,0,0,0
1775998764377,0,HTTP Request 3,Non HTTP response code: java.net.UnknownHostException,Non HTTP response message: stload.se.ifmo.ru,config 3 3-5,text,false,,2139,0,6,18,http://stload.se.ifmo.ru:8080/?token=518472196&&user=-1356113187&config=3,0,0,0
1775998764378,0,HTTP Request 3,Non HTTP response code: java.net.UnknownHostException,Non HTTP response message: stload.se.ifmo.ru,config 3 3-4,text,false,,2139,0,6,18,http://stload.se.ifmo.ru:8080/?token=518472196&&user=-1356113187&config=3,0,0,0
1775998765876,0,HTTP Request 3,Non HTTP response code: java.net.UnknownHostException,Non HTTP response message: stload.se.ifmo.ru,config 3 3-1,text,false,,2139,0,6,18,http://stload.se.ifmo.ru:8080/?token=518472196&&user=-1356113187&config=3,0,0,0
1775998765876,1,HTTP Request 3,Non HTTP response code: java.net.UnknownHostException,Non HTTP response message: stload.se.ifmo.ru,config 3 3-3,text,false,,2139,0,6,18,http://stload.se.ifmo.ru:8080/?token=518472196&&user=-1356113187&config=3,0,0,1
1775998765876,1,HTTP Request 3,Non HTTP response code: java.net.UnknownHostException,Non HTTP response message: stload.se.ifmo.ru,config 3 3-6,text,false,,2139,0,6,18,http://stload.se.ifmo.ru:8080/?token=518472196&&user=-1356113187&config=3,0,0,1
1775998765877,0,HTTP Request 3,Non HTTP response code: java.net.UnknownHostException,Non HTTP response message: stload.se.ifmo.ru,config 3 3-4,text,false,,2139,0,6,18,http://stload.se.ifmo.ru:8080/?token=518472196&&user=-1356113187&config=3,0,0,0
1775998765877,1,HTTP Request 3,Non HTTP response code: java.net.UnknownHostException,Non HTTP response message: stload.se.ifmo.ru,config 3 3-2,text,false,,2139,0,6,18,http://stload.se.ifmo.ru:8080/?token=518472196&&user=-1356113187&config=3,0,0,1
1775998765878,0,HTTP Request 3,Non HTTP response code: java.net.UnknownHostException,Non HTTP response message: stload.se.ifmo.ru,config 3 3-5,text,false,,2139,0,6,18,http://stload.se.ifmo.ru:8080/?token=518472196&&user=-1356113187&config=3,0,0,0
1775998767376,1,HTTP Request 3,Non HTTP response code: java.net.UnknownHostException,Non HTTP response message: stload.se.ifmo.ru,config 3 3-3,text,false,,2139,0,6,18,http://stload.se.ifmo.ru:8080/?token=518472196&&user=-1356113187&config=3,0,0,1
1775998767377,0,HTTP Request 3,Non HTTP response code: java.net.UnknownHostException,Non HTTP response message: stload.se.ifmo.ru,config 3 3-2,text,false,,2139,0,6,18,http://stload.se.ifmo.ru:8080/?token=518472196&&user=-1356113187&config=3,0,0,0
1775998767376,1,HTTP Request 3,Non HTTP response code: java.net.UnknownHostException,Non HTTP response message: stload.se.ifmo.ru,config 3 3-1,text,false,,2139,0,6,18,http://stload.se.ifmo.ru:8080/?token=518472196&&user=-1356113187&config=3,0,0,1
1775998767376,1,HTTP Request 3,Non HTTP response code: java.net.UnknownHostException,Non HTTP response message: stload.se.ifmo.ru,config 3 3-6,text,false,,2139,0,6,18,http://stload.se.ifmo.ru:8080/?token=518472196&&user=-1356113187&config=3,0,0,1
1775998767378,0,HTTP Request 3,Non HTTP response code: java.net.UnknownHostException,Non HTTP response message: stload.se.ifmo.ru,config 3 3-4,text,false,,2139,0,6,18,http://stload.se.ifmo.ru:8080/?token=518472196&&user=-1356113187&config=3,0,0,0
1775998767378,0,HTTP Request 3,Non HTTP response code: java.net.UnknownHostException,Non HTTP response message: stload.se.ifmo.ru,config 3 3-5,text,false,,2139,0,6,18,http://stload.se.ifmo.ru:8080/?token=518472196&&user=-1356113187&config=3,0,0,0
1775998768876,1,HTTP Request 3,Non HTTP response code: java.net.UnknownHostException,Non HTTP response message: stload.se.ifmo.ru,config 3 3-3,text,false,,2139,0,6,18,http://stload.se.ifmo.ru:8080/?token=518472196&&user=-1356113187&config=3,0,0,1
1775998768876,1,HTTP Request 3,Non HTTP response code: java.net.UnknownHostException,Non HTTP response message: stload.se.ifmo.ru,config 3 3-1,text,false,,2139,0,6,18,http://stload.se.ifmo.ru:8080/?token=518472196&&user=-1356113187&config=3,0,0,1
1775998768876,1,HTTP Request 3,Non HTTP response code: java.net.UnknownHostException,Non HTTP response message: stload.se.ifmo.ru,config 3 3-6,text,false,,2139,0,6,18,http://stload.se.ifmo.ru:8080/?token=518472196&&user=-1356113187&config=3,0,0,1
1775998768877,10447,HTTP Request 3,Non HTTP response code: java.net.UnknownHostException,Non HTTP response message: stload.se.ifmo.ru,config 3 3-2,text,false,"The operation lasted too long: It took 10,447 milliseconds, but should not have lasted longer than 840 milliseconds.",2222,0,6,18,http://stload.se.ifmo.ru:8080/?token=518472196&&user=-1356113187&config=3,0,0,10447
1775998768877,10447,HTTP Request 3,Non HTTP response code: java.net.UnknownHostException,Non HTTP response message: stload.se.ifmo.ru,config 3 3-4,text,false,"The operation lasted too long: It took 10,447 milliseconds, but should not have lasted longer than 840 milliseconds.",2222,0,6,18,http://stload.se.ifmo.ru:8080/?token=518472196&&user=-1356113187&config=3,0,0,10447
1775998779325,0,HTTP Request 3,Non HTTP response code: java.net.UnknownHostException,Non HTTP response message: stload.se.ifmo.ru,config 3 3-2,text,false,,2139,0,6,18,http://stload.se.ifmo.ru:8080/?token=518472196&&user=-1356113187&config=3,0,0,0
1775998768877,10448,HTTP Request 3,Non HTTP response code: java.net.UnknownHostException,Non HTTP response message: stload.se.ifmo.ru,config 3 3-5,text,false,"The operation lasted too long: It took 10,448 milliseconds, but should not have lasted longer than 840 milliseconds.",2222,0,6,18,http://stload.se.ifmo.ru:8080/?token=518472196&&user=-1356113187&config=3,0,0,10448
1775998779325,0,HTTP Request 3,Non HTTP response code: java.net.UnknownHostException,Non HTTP response message: stload.se.ifmo.ru,config 3 3-5,text,false,,2139,0,6,18,http://stload.se.ifmo.ru:8080/?token=518472196&&user=-1356113187&config=3,0,0,0
1775998770376,8950,HTTP Request 3,Non HTTP response code: java.net.UnknownHostException,Non HTTP response message: stload.se.ifmo.ru,config 3 3-3,text,false,"The operation lasted too long: It took 8,950 milliseconds, but should not have lasted longer than 840 milliseconds.",2222,0,6,18,http://stload.se.ifmo.ru:8080/?token=518472196&&user=-1356113187&config=3,0,0,8950
1775998770376,8950,HTTP Request 3,Non HTTP response code: java.net.UnknownHostException,Non HTTP response message: stload.se.ifmo.ru,config 3 3-6,text,false,"The operation lasted too long: It took 8,950 milliseconds, but should not have lasted longer than 840 milliseconds.",2222,0,6,18,http://stload.se.ifmo.ru:8080/?token=518472196&&user=-1356113187&config=3,0,0,8950
1775998770376,8950,HTTP Request 3,Non HTTP response code: java.net.UnknownHostException,Non HTTP response message: stload.se.ifmo.ru,config 3 3-1,text,false,"The operation lasted too long: It took 8,950 milliseconds, but should not have lasted longer than 840 milliseconds.",2222,0,6,18,http://stload.se.ifmo.ru:8080/?token=518472196&&user=-1356113187&config=3,0,0,8950
1775998779326,0,HTTP Request 3,Non HTTP response code: java.net.UnknownHostException,Non HTTP response message: stload.se.ifmo.ru,config 3 3-3,text,false,,2139,0,6,18,http://stload.se.ifmo.ru:8080/?token=518472196&&user=-1356113187&config=3,0,0,0
1775998779326,0,HTTP Request 3,Non HTTP response code: java.net.UnknownHostException,Non HTTP response message: stload.se.ifmo.ru,config 3 3-6,text,false,,2139,0,6,18,http://stload.se.ifmo.ru:8080/?token=518472196&&user=-1356113187&config=3,0,0,0
1775998779326,0,HTTP Request 3,Non HTTP response code: java.net.UnknownHostException,Non HTTP response message: stload.se.ifmo.ru,config 3 3-1,text,false,,2139,0,6,18,http://stload.se.ifmo.ru:8080/?token=518472196&&user=-1356113187&config=3,0,0,0
1775998779325,0,HTTP Request 3,Non HTTP response code: java.net.UnknownHostException,Non HTTP response message: stload.se.ifmo.ru,config 3 3-4,text,false,,2139,0,6,18,http://stload.se.ifmo.ru:8080/?token=518472196&&user=-1356113187&config=3,0,0,0
1775998780825,0,HTTP Request 3,Non HTTP response code: java.net.UnknownHostException,Non HTTP response message: stload.se.ifmo.ru,config 3 3-5,text,false,,2139,0,6,18,http://stload.se.ifmo.ru:8080/?token=518472196&&user=-1356113187&config=3,0,0,0
1775998780825,0,HTTP Request 3,Non HTTP response code: java.net.UnknownHostException,Non HTTP response message: stload.se.ifmo.ru,config 3 3-4,text,false,,2139,0,6,18,http://stload.se.ifmo.ru:8080/?token=518472196&&user=-1356113187&config=3,0,0,0
1775998780825,0,HTTP Request 3,Non HTTP response code: java.net.UnknownHostException,Non HTTP response message: stload.se.ifmo.ru,config 3 3-2,text,false,,2139,0,6,18,http://stload.se.ifmo.ru:8080/?token=518472196&&user=-1356113187&config=3,0,0,0
1775998780826,0,HTTP Request 3,Non HTTP response code: java.net.UnknownHostException,Non HTTP response message: stload.se.ifmo.ru,config 3 3-1,text,false,,2139,0,6,18,http://stload.se.ifmo.ru:8080/?token=518472196&&user=-1356113187&config=3,0,0,0
1775998780826,0,HTTP Request 3,Non HTTP response code: java.net.UnknownHostException,Non HTTP response message: stload.se.ifmo.ru,config 3 3-6,text,false,,2139,0,6,18,http://stload.se.ifmo.ru:8080/?token=518472196&&user=-1356113187&config=3,0,0,0
1775998780826,0,HTTP Request 3,Non HTTP response code: java.net.UnknownHostException,Non HTTP response message: stload.se.ifmo.ru,config 3 3-3,text,false,,2139,0,6,18,http://stload.se.ifmo.ru:8080/?token=518472196&&user=-1356113187&config=3,0,0,0
1775998782325,0,HTTP Request 3,Non HTTP response code: java.net.UnknownHostException,Non HTTP response message: stload.se.ifmo.ru,config 3 3-5,text,false,,2139,0,6,18,http://stload.se.ifmo.ru:8080/?token=518472196&&user=-1356113187&config=3,0,0,0
1775998782325,0,HTTP Request 3,Non HTTP response code: java.net.UnknownHostException,Non HTTP response message: stload.se.ifmo.ru,config 3 3-2,text,false,,2139,0,6,18,http://stload.se.ifmo.ru:8080/?token=518472196&&user=-1356113187&config=3,0,0,0
1775998782325,0,HTTP Request 3,Non HTTP response code: java.net.UnknownHostException,Non HTTP response message: stload.se.ifmo.ru,config 3 3-4,text,false,,2139,0,6,18,http://stload.se.ifmo.ru:8080/?token=518472196&&user=-1356113187&config=3,0,0,0
1775998782326,0,HTTP Request 3,Non HTTP response code: java.net.UnknownHostException,Non HTTP response message: stload.se.ifmo.ru,config 3 3-3,text,false,,2139,0,6,18,http://stload.se.ifmo.ru:8080/?token=518472196&&user=-1356113187&config=3,0,0,0
1775998782326,1,HTTP Request 3,Non HTTP response code: java.net.UnknownHostException,Non HTTP response message: stload.se.ifmo.ru,config 3 3-1,text,false,,2139,0,6,17,http://stload.se.ifmo.ru:8080/?token=518472196&&user=-1356113187&config=3,0,0,1
1775998782327,0,HTTP Request 3,Non HTTP response code: java.net.UnknownHostException,Non HTTP response message: stload.se.ifmo.ru,config 3 3-6,text,false,,2139,0,6,16,http://stload.se.ifmo.ru:8080/?token=518472196&&user=-1356113187&config=3,0,0,0
1775998783825,0,HTTP Request 3,Non HTTP response code: java.net.UnknownHostException,Non HTTP response message: stload.se.ifmo.ru,config 3 3-2,text,false,,2139,0,5,15,http://stload.se.ifmo.ru:8080/?token=518472196&&user=-1356113187&config=3,0,0,0
1775998783825,0,HTTP Request 3,Non HTTP response code: java.net.UnknownHostException,Non HTTP response message: stload.se.ifmo.ru,config 3 3-4,text,false,,2139,0,5,15,http://stload.se.ifmo.ru:8080/?token=518472196&&user=-1356113187&config=3,0,0,0
1775998783826,0,HTTP Request 3,Non HTTP response code: java.net.UnknownHostException,Non HTTP response message: stload.se.ifmo.ru,config 3 3-5,text,false,,2139,0,5,15,http://stload.se.ifmo.ru:8080/?token=518472196&&user=-1356113187&config=3,0,0,0
1775998783826,0,HTTP Request 3,Non HTTP response code: java.net.UnknownHostException,Non HTTP response message: stload.se.ifmo.ru,config 3 3-6,text,false,,2139,0,5,15,http://stload.se.ifmo.ru:8080/?token=518472196&&user=-1356113187&config=3,0,0,0
1775998783826,0,HTTP Request 3,Non HTTP response code: java.net.UnknownHostException,Non HTTP response message: stload.se.ifmo.ru,config 3 3-3,text,false,,2139,0,5,15,http://stload.se.ifmo.ru:8080/?token=518472196&&user=-1356113187&config=3,0,0,0
1775998785325,0,HTTP Request 3,Non HTTP response code: java.net.UnknownHostException,Non HTTP response message: stload.se.ifmo.ru,config 3 3-4,text,false,,2139,0,5,15,http://stload.se.ifmo.ru:8080/?token=518472196&&user=-1356113187&config=3,0,0,0
1775998785325,0,HTTP Request 3,Non HTTP response code: java.net.UnknownHostException,Non HTTP response message: stload.se.ifmo.ru,config 3 3-5,text,false,,2139,0,5,15,http://stload.se.ifmo.ru:8080/?token=518472196&&user=-1356113187&config=3,0,0,0
1775998785325,0,HTTP Request 3,Non HTTP response code: java.net.UnknownHostException,Non HTTP response message: stload.se.ifmo.ru,config 3 3-2,text,false,,2139,0,5,15,http://stload.se.ifmo.ru:8080/?token=518472196&&user=-1356113187&config=3,0,0,0
1775998785326,0,HTTP Request 3,Non HTTP response code: java.net.UnknownHostException,Non HTTP response message: stload.se.ifmo.ru,config 3 3-6,text,false,,2139,0,4,12,http://stload.se.ifmo.ru:8080/?token=518472196&&user=-1356113187&config=3,0,0,0
1775998785326,0,HTTP Request 3,Non HTTP response code: java.net.UnknownHostException,Non HTTP response message: stload.se.ifmo.ru,config 3 3-3,text,false,,2139,0,4,11,http://stload.se.ifmo.ru:8080/?token=518472196&&user=-1356113187&config=3,0,0,0
1775998786825,1,HTTP Request 3,Non HTTP response code: java.net.UnknownHostException,Non HTTP response message: stload.se.ifmo.ru,config 3 3-5,text,false,,2139,0,3,10,http://stload.se.ifmo.ru:8080/?token=518472196&&user=-1356113187&config=3,0,0,1
1775998786825,1,HTTP Request 3,Non HTTP response code: java.net.UnknownHostException,Non HTTP response message: stload.se.ifmo.ru,config 3 3-4,text,false,,2139,0,3,10,http://stload.se.ifmo.ru:8080/?token=518472196&&user=-1356113187&config=3,0,0,1
1775998786826,1,HTTP Request 3,Non HTTP response code: java.net.UnknownHostException,Non HTTP response message: stload.se.ifmo.ru,config 3 3-6,text,false,,2139,0,3,9,http://stload.se.ifmo.ru:8080/?token=518472196&&user=-1356113187&config=3,0,0,1
1775998788325,0,HTTP Request 3,Non HTTP response code: java.net.UnknownHostException,Non HTTP response message: stload.se.ifmo.ru,config 3 3-5,text,false,,2139,0,3,8,http://stload.se.ifmo.ru:8080/?token=518472196&&user=-1356113187&config=3,0,0,0
1775998788325,0,HTTP Request 3,Non HTTP response code: java.net.UnknownHostException,Non HTTP response message: stload.se.ifmo.ru,config 3 3-4,text,false,,2139,0,3,8,http://stload.se.ifmo.ru:8080/?token=518472196&&user=-1356113187&config=3,0,0,0
1775998788326,0,HTTP Request 3,Non HTTP response code: java.net.UnknownHostException,Non HTTP response message: stload.se.ifmo.ru,config 3 3-6,text,false,,2139,0,2,5,http://stload.se.ifmo.ru:8080/?token=518472196&&user=-1356113187&config=3,0,0,0
1775998789826,0,HTTP Request 3,Non HTTP response code: java.net.UnknownHostException,Non HTTP response message: stload.se.ifmo.ru,config 3 3-5,text,false,,2139,0,2,5,http://stload.se.ifmo.ru:8080/?token=518472196&&user=-1356113187&config=3,0,0,0
1775998789826,23,HTTP Request 3,Non HTTP response code: java.net.UnknownHostException,Non HTTP response message: stload.se.ifmo.ru,config 3 3-6,text,false,,2222,0,1,4,http://stload.se.ifmo.ru:8080/?token=518472196&&user=-1356113187&config=3,0,0,23
1775999013243,421,HTTP Request 3,200,OK,config 3 3-1,text,true,,231,168,1,3,http://stload.se.ifmo.ru:8080/?token=518472196&&user=-1356113187&config=3,418,0,79
1775999014700,330,HTTP Request 3,200,OK,config 3 3-1,text,true,,231,168,2,6,http://stload.se.ifmo.ru:8080/?token=518472196&&user=-1356113187&config=3,330,0,0
1775999014851,424,HTTP Request 3,200,OK,config 3 3-2,text,true,,231,168,2,6,http://stload.se.ifmo.ru:8080/?token=518472196&&user=-1356113187&config=3,424,0,83
1775999016200,323,HTTP Request 3,200,OK,config 3 3-1,text,true,,231,168,3,9,http://stload.se.ifmo.ru:8080/?token=518472196&&user=-1356113187&config=3,322,0,0
1775999016351,335,HTTP Request 3,200,OK,config 3 3-2,text,true,,231,168,3,9,http://stload.se.ifmo.ru:8080/?token=518472196&&user=-1356113187&config=3,335,0,0
1775999016517,419,HTTP Request 3,200,OK,config 3 3-3,text,true,,231,168,3,9,http://stload.se.ifmo.ru:8080/?token=518472196&&user=-1356113187&config=3,418,0,47
1775999017700,402,HTTP Request 3,200,OK,config 3 3-1,text,true,,231,168,3,9,http://stload.se.ifmo.ru:8080/?token=518472196&&user=-1356113187&config=3,402,0,0
1775999017851,343,HTTP Request 3,200,OK,config 3 3-2,text,true,,231,168,4,12,http://stload.se.ifmo.ru:8080/?token=518472196&&user=-1356113187&config=3,343,0,0
1775999018017,353,HTTP Request 3,200,OK,config 3 3-3,text,true,,231,168,4,12,http://stload.se.ifmo.ru:8080/?token=518472196&&user=-1356113187&config=3,353,0,0
1775999018186,437,HTTP Request 3,200,OK,config 3 3-4,text,true,,231,168,4,12,http://stload.se.ifmo.ru:8080/?token=518472196&&user=-1356113187&config=3,437,0,84
1775999019200,399,HTTP Request 3,200,OK,config 3 3-1,text,true,,231,168,4,12,http://stload.se.ifmo.ru:8080/?token=518472196&&user=-1356113187&config=3,399,0,0
1775999019351,360,HTTP Request 3,200,OK,config 3 3-2,text,true,,231,168,4,12,http://stload.se.ifmo.ru:8080/?token=518472196&&user=-1356113187&config=3,360,0,0
1775999019517,399,HTTP Request 3,200,OK,config 3 3-3,text,true,,231,168,5,15,http://stload.se.ifmo.ru:8080/?token=518472196&&user=-1356113187&config=3,399,0,0
1775999019686,359,HTTP Request 3,200,OK,config 3 3-4,text,true,,231,168,5,15,http://stload.se.ifmo.ru:8080/?token=518472196&&user=-1356113187&config=3,359,0,0
1775999019852,460,HTTP Request 3,200,OK,config 3 3-5,text,true,,231,168,5,15,http://stload.se.ifmo.ru:8080/?token=518472196&&user=-1356113187&config=3,460,0,95
1775999020700,402,HTTP Request 3,200,OK,config 3 3-1,text,true,,231,168,5,15,http://stload.se.ifmo.ru:8080/?token=518472196&&user=-1356113187&config=3,402,0,0
1775999020851,417,HTTP Request 3,200,OK,config 3 3-2,text,true,,231,168,5,15,http://stload.se.ifmo.ru:8080/?token=518472196&&user=-1356113187&config=3,417,0,0
1775999021017,416,HTTP Request 3,200,OK,config 3 3-3,text,true,,231,168,5,15,http://stload.se.ifmo.ru:8080/?token=518472196&&user=-1356113187&config=3,416,0,0
1775999021186,374,HTTP Request 3,200,OK,config 3 3-4,text,true,,231,168,6,18,http://stload.se.ifmo.ru:8080/?token=518472196&&user=-1356113187&config=3,374,0,0
1775999021351,378,HTTP Request 3,200,OK,config 3 3-5,text,true,,231,168,6,18,http://stload.se.ifmo.ru:8080/?token=518472196&&user=-1356113187&config=3,378,0,0
1775999021519,450,HTTP Request 3,200,OK,config 3 3-6,text,true,,231,168,6,18,http://stload.se.ifmo.ru:8080/?token=518472196&&user=-1356113187&config=3,450,0,54
1775999022201,387,HTTP Request 3,200,OK,config 3 3-1,text,true,,231,168,6,18,http://stload.se.ifmo.ru:8080/?token=518472196&&user=-1356113187&config=3,387,0,0
1775999022352,426,HTTP Request 3,200,OK,config 3 3-2,text,true,,231,168,6,18,http://stload.se.ifmo.ru:8080/?token=518472196&&user=-1356113187&config=3,426,0,0
1775999022518,393,HTTP Request 3,200,OK,config 3 3-3,text,true,,231,168,6,18,http://stload.se.ifmo.ru:8080/?token=518472196&&user=-1356113187&config=3,393,0,0
1775999022687,401,HTTP Request 3,200,OK,config 3 3-4,text,true,,231,168,6,18,http://stload.se.ifmo.ru:8080/?token=518472196&&user=-1356113187&config=3,401,0,0
1775999022851,451,HTTP Request 3,200,OK,config 3 3-5,text,true,,231,168,6,18,http://stload.se.ifmo.ru:8080/?token=518472196&&user=-1356113187&config=3,451,0,0
1775999023019,443,HTTP Request 3,200,OK,config 3 3-6,text,true,,231,168,6,18,http://stload.se.ifmo.ru:8080/?token=518472196&&user=-1356113187&config=3,443,0,0
1775999023701,429,HTTP Request 3,200,OK,config 3 3-1,text,true,,231,168,6,18,http://stload.se.ifmo.ru:8080/?token=518472196&&user=-1356113187&config=3,429,0,0
1775999023851,461,HTTP Request 3,200,OK,config 3 3-2,text,true,,231,168,6,18,http://stload.se.ifmo.ru:8080/?token=518472196&&user=-1356113187&config=3,461,0,0
1775999024017,446,HTTP Request 3,200,OK,config 3 3-3,text,true,,231,168,6,18,http://stload.se.ifmo.ru:8080/?token=518472196&&user=-1356113187&config=3,446,0,0
1775999024186,422,HTTP Request 3,200,OK,config 3 3-4,text,true,,231,168,6,18,http://stload.se.ifmo.ru:8080/?token=518472196&&user=-1356113187&config=3,422,0,0
1775999024351,438,HTTP Request 3,200,OK,config 3 3-5,text,true,,231,168,6,18,http://stload.se.ifmo.ru:8080/?token=518472196&&user=-1356113187&config=3,438,0,0
1775999024519,414,HTTP Request 3,200,OK,config 3 3-6,text,true,,231,168,6,18,http://stload.se.ifmo.ru:8080/?token=518472196&&user=-1356113187&config=3,414,0,0
1775999025200,509,HTTP Request 3,200,OK,config 3 3-1,text,true,,231,168,6,18,http://stload.se.ifmo.ru:8080/?token=518472196&&user=-1356113187&config=3,509,0,0
1775999025352,612,HTTP Request 3,200,OK,config 3 3-2,text,true,,231,168,6,18,http://stload.se.ifmo.ru:8080/?token=518472196&&user=-1356113187&config=3,612,0,0
1775999025517,718,HTTP Request 3,200,OK,config 3 3-3,text,true,,231,168,6,18,http://stload.se.ifmo.ru:8080/?token=518472196&&user=-1356113187&config=3,718,0,0
1775999025686,549,HTTP Request 3,200,OK,config 3 3-4,text,true,,231,168,6,18,http://stload.se.ifmo.ru:8080/?token=518472196&&user=-1356113187&config=3,549,0,0
1775999025852,663,HTTP Request 3,200,OK,config 3 3-5,text,true,,231,168,6,18,http://stload.se.ifmo.ru:8080/?token=518472196&&user=-1356113187&config=3,663,0,0
1775999026018,497,HTTP Request 3,200,OK,config 3 3-6,text,true,,231,168,6,18,http://stload.se.ifmo.ru:8080/?token=518472196&&user=-1356113187&config=3,497,0,0
1775999026700,605,HTTP Request 3,200,OK,config 3 3-1,text,true,,231,168,6,18,http://stload.se.ifmo.ru:8080/?token=518472196&&user=-1356113187&config=3,605,0,0
1775999027017,548,HTTP Request 3,200,OK,config 3 3-3,text,true,,231,168,6,18,http://stload.se.ifmo.ru:8080/?token=518472196&&user=-1356113187&config=3,548,0,0
1775999026851,714,HTTP Request 3,200,OK,config 3 3-2,text,true,,231,168,6,18,http://stload.se.ifmo.ru:8080/?token=518472196&&user=-1356113187&config=3,714,0,0
1775999027187,586,HTTP Request 3,200,OK,config 3 3-4,text,true,,231,168,6,18,http://stload.se.ifmo.ru:8080/?token=518472196&&user=-1356113187&config=3,586,0,0
1775999027351,455,HTTP Request 3,200,OK,config 3 3-5,text,true,,231,168,6,18,http://stload.se.ifmo.ru:8080/?token=518472196&&user=-1356113187&config=3,455,0,0
1775999027518,809,HTTP Request 3,200,OK,config 3 3-6,text,true,,231,168,6,18,http://stload.se.ifmo.ru:8080/?token=518472196&&user=-1356113187&config=3,809,0,0
1775999028200,568,HTTP Request 3,200,OK,config 3 3-1,text,true,,231,168,6,18,http://stload.se.ifmo.ru:8080/?token=518472196&&user=-1356113187&config=3,567,0,0
1775999028352,724,HTTP Request 3,200,OK,config 3 3-2,text,true,,231,168,6,18,http://stload.se.ifmo.ru:8080/?token=518472196&&user=-1356113187&config=3,724,0,0
1775999028517,559,HTTP Request 3,200,OK,config 3 3-3,text,true,,231,168,6,18,http://stload.se.ifmo.ru:8080/?token=518472196&&user=-1356113187&config=3,559,0,0
1775999028686,532,HTTP Request 3,200,OK,config 3 3-4,text,true,,231,168,6,18,http://stload.se.ifmo.ru:8080/?token=518472196&&user=-1356113187&config=3,532,0,0
1775999028852,509,HTTP Request 3,200,OK,config 3 3-5,text,true,,231,168,6,18,http://stload.se.ifmo.ru:8080/?token=518472196&&user=-1356113187&config=3,509,0,0
1775999029018,617,HTTP Request 3,200,OK,config 3 3-6,text,true,,231,168,6,18,http://stload.se.ifmo.ru:8080/?token=518472196&&user=-1356113187&config=3,617,0,0
1775999029701,620,HTTP Request 3,200,OK,config 3 3-1,text,true,,231,168,6,18,http://stload.se.ifmo.ru:8080/?token=518472196&&user=-1356113187&config=3,620,0,0
1775999029852,484,HTTP Request 3,200,OK,config 3 3-2,text,true,,231,168,6,18,http://stload.se.ifmo.ru:8080/?token=518472196&&user=-1356113187&config=3,484,0,0
1775999030018,504,HTTP Request 3,200,OK,config 3 3-3,text,true,,231,168,6,18,http://stload.se.ifmo.ru:8080/?token=518472196&&user=-1356113187&config=3,504,0,0
1775999030186,518,HTTP Request 3,200,OK,config 3 3-4,text,true,,231,168,6,18,http://stload.se.ifmo.ru:8080/?token=518472196&&user=-1356113187&config=3,518,0,0
1775999030351,602,HTTP Request 3,200,OK,config 3 3-5,text,true,,231,168,6,18,http://stload.se.ifmo.ru:8080/?token=518472196&&user=-1356113187&config=3,602,0,0
1775999030519,451,HTTP Request 3,200,OK,config 3 3-6,text,true,,231,168,6,18,http://stload.se.ifmo.ru:8080/?token=518472196&&user=-1356113187&config=3,451,0,0
1775999031200,622,HTTP Request 3,200,OK,config 3 3-1,text,true,,231,168,6,18,http://stload.se.ifmo.ru:8080/?token=518472196&&user=-1356113187&config=3,622,0,0
1775999031351,484,HTTP Request 3,200,OK,config 3 3-2,text,true,,231,168,6,18,http://stload.se.ifmo.ru:8080/?token=518472196&&user=-1356113187&config=3,484,0,0
1775999031518,676,HTTP Request 3,200,OK,config 3 3-3,text,true,,231,168,6,18,http://stload.se.ifmo.ru:8080/?token=518472196&&user=-1356113187&config=3,676,0,0
1775999031686,675,HTTP Request 3,200,OK,config 3 3-4,text,true,,231,168,6,18,http://stload.se.ifmo.ru:8080/?token=518472196&&user=-1356113187&config=3,675,0,0
1775999031851,571,HTTP Request 3,200,OK,config 3 3-5,text,true,,231,168,6,18,http://stload.se.ifmo.ru:8080/?token=518472196&&user=-1356113187&config=3,571,0,0
1775999032018,637,HTTP Request 3,200,OK,config 3 3-6,text,true,,231,168,6,18,http://stload.se.ifmo.ru:8080/?token=518472196&&user=-1356113187&config=3,637,0,0
1775999032700,468,HTTP Request 3,200,OK,config 3 3-1,text,true,,231,168,6,18,http://stload.se.ifmo.ru:8080/?token=518472196&&user=-1356113187&config=3,468,0,0
1775999032851,589,HTTP Request 3,200,OK,config 3 3-2,text,true,,231,168,6,18,http://stload.se.ifmo.ru:8080/?token=518472196&&user=-1356113187&config=3,589,0,0
1775999033018,682,HTTP Request 3,200,OK,config 3 3-3,text,true,,231,168,6,18,http://stload.se.ifmo.ru:8080/?token=518472196&&user=-1356113187&config=3,682,0,0
1775999033187,513,HTTP Request 3,200,OK,config 3 3-4,text,true,,231,168,6,18,http://stload.se.ifmo.ru:8080/?token=518472196&&user=-1356113187&config=3,513,0,0
1775999033352,600,HTTP Request 3,200,OK,config 3 3-5,text,true,,231,168,6,18,http://stload.se.ifmo.ru:8080/?token=518472196&&user=-1356113187&config=3,600,0,0
1775999033518,693,HTTP Request 3,200,OK,config 3 3-6,text,true,,231,168,6,18,http://stload.se.ifmo.ru:8080/?token=518472196&&user=-1356113187&config=3,693,0,0
1775999034200,507,HTTP Request 3,200,OK,config 3 3-1,text,true,,231,168,6,18,http://stload.se.ifmo.ru:8080/?token=518472196&&user=-1356113187&config=3,507,0,0
1775999034351,657,HTTP Request 3,200,OK,config 3 3-2,text,true,,231,168,6,18,http://stload.se.ifmo.ru:8080/?token=518472196&&user=-1356113187&config=3,657,0,0
1775999034517,491,HTTP Request 3,200,OK,config 3 3-3,text,true,,231,168,6,18,http://stload.se.ifmo.ru:8080/?token=518472196&&user=-1356113187&config=3,491,0,0
1775999034686,597,HTTP Request 3,200,OK,config 3 3-4,text,true,,231,168,6,18,http://stload.se.ifmo.ru:8080/?token=518472196&&user=-1356113187&config=3,597,0,0
1775999034851,662,HTTP Request 3,200,OK,config 3 3-5,text,true,,231,168,6,18,http://stload.se.ifmo.ru:8080/?token=518472196&&user=-1356113187&config=3,662,0,0
1775999035019,547,HTTP Request 3,200,OK,config 3 3-6,text,true,,231,168,6,18,http://stload.se.ifmo.ru:8080/?token=518472196&&user=-1356113187&config=3,547,0,0
1775999035700,744,HTTP Request 3,200,OK,config 3 3-1,text,true,,231,168,6,18,http://stload.se.ifmo.ru:8080/?token=518472196&&user=-1356113187&config=3,744,0,0
1775999035851,608,HTTP Request 3,200,OK,config 3 3-2,text,true,,231,168,6,18,http://stload.se.ifmo.ru:8080/?token=518472196&&user=-1356113187&config=3,608,0,0
1775999036017,492,HTTP Request 3,200,OK,config 3 3-3,text,true,,231,168,6,18,http://stload.se.ifmo.ru:8080/?token=518472196&&user=-1356113187&config=3,492,0,0
1775999036186,468,HTTP Request 3,200,OK,config 3 3-4,text,true,,231,168,6,18,http://stload.se.ifmo.ru:8080/?token=518472196&&user=-1356113187&config=3,468,0,0
1775999036351,538,HTTP Request 3,200,OK,config 3 3-5,text,true,,231,168,6,18,http://stload.se.ifmo.ru:8080/?token=518472196&&user=-1356113187&config=3,538,0,0
1775999036518,496,HTTP Request 3,200,OK,config 3 3-6,text,true,,231,168,6,18,http://stload.se.ifmo.ru:8080/?token=518472196&&user=-1356113187&config=3,496,0,0
1775999037201,509,HTTP Request 3,200,OK,config 3 3-1,text,true,,231,168,6,18,http://stload.se.ifmo.ru:8080/?token=518472196&&user=-1356113187&config=3,509,0,0
1775999037351,473,HTTP Request 3,200,OK,config 3 3-2,text,true,,231,168,6,18,http://stload.se.ifmo.ru:8080/?token=518472196&&user=-1356113187&config=3,473,0,0
1775999037517,456,HTTP Request 3,200,OK,config 3 3-3,text,true,,231,168,6,18,http://stload.se.ifmo.ru:8080/?token=518472196&&user=-1356113187&config=3,456,0,0
1775999037686,450,HTTP Request 3,200,OK,config 3 3-4,text,true,,231,168,6,18,http://stload.se.ifmo.ru:8080/?token=518472196&&user=-1356113187&config=3,450,0,0
1775999037851,486,HTTP Request 3,200,OK,config 3 3-5,text,true,,231,168,6,18,http://stload.se.ifmo.ru:8080/?token=518472196&&user=-1356113187&config=3,486,0,0
1775999038019,458,HTTP Request 3,200,OK,config 3 3-6,text,true,,231,168,6,18,http://stload.se.ifmo.ru:8080/?token=518472196&&user=-1356113187&config=3,458,0,0
1775999038700,473,HTTP Request 3,200,OK,config 3 3-1,text,true,,231,168,6,18,http://stload.se.ifmo.ru:8080/?token=518472196&&user=-1356113187&config=3,473,0,0
1775999038851,488,HTTP Request 3,200,OK,config 3 3-2,text,true,,231,168,6,18,http://stload.se.ifmo.ru:8080/?token=518472196&&user=-1356113187&config=3,488,0,0
1775999039017,468,HTTP Request 3,200,OK,config 3 3-3,text,true,,231,168,6,18,http://stload.se.ifmo.ru:8080/?token=518472196&&user=-1356113187&config=3,468,0,0
1775999039186,531,HTTP Request 3,200,OK,config 3 3-4,text,true,,231,168,6,18,http://stload.se.ifmo.ru:8080/?token=518472196&&user=-1356113187&config=3,531,0,0
1775999039351,485,HTTP Request 3,200,OK,config 3 3-5,text,true,,231,168,6,18,http://stload.se.ifmo.ru:8080/?token=518472196&&user=-1356113187&config=3,485,0,0
1775999039518,460,HTTP Request 3,200,OK,config 3 3-6,text,true,,231,168,6,18,http://stload.se.ifmo.ru:8080/?token=518472196&&user=-1356113187&config=3,460,0,0
1775999040201,463,HTTP Request 3,200,OK,config 3 3-1,text,true,,231,168,6,18,http://stload.se.ifmo.ru:8080/?token=518472196&&user=-1356113187&config=3,463,0,0
1775999040351,453,HTTP Request 3,200,OK,config 3 3-2,text,true,,231,168,6,18,http://stload.se.ifmo.ru:8080/?token=518472196&&user=-1356113187&config=3,453,0,0
1775999040518,449,HTTP Request 3,200,OK,config 3 3-3,text,true,,231,168,6,18,http://stload.se.ifmo.ru:8080/?token=518472196&&user=-1356113187&config=3,449,0,0
1775999040686,460,HTTP Request 3,200,OK,config 3 3-4,text,true,,231,168,6,18,http://stload.se.ifmo.ru:8080/?token=518472196&&user=-1356113187&config=3,460,0,0
1775999040851,462,HTTP Request 3,200,OK,config 3 3-5,text,true,,231,168,6,18,http://stload.se.ifmo.ru:8080/?token=518472196&&user=-1356113187&config=3,462,0,0
1775999041018,456,HTTP Request 3,200,OK,config 3 3-6,text,true,,231,168,6,18,http://stload.se.ifmo.ru:8080/?token=518472196&&user=-1356113187&config=3,456,0,0
1775999041700,496,HTTP Request 3,200,OK,config 3 3-1,text,true,,231,168,6,18,http://stload.se.ifmo.ru:8080/?token=518472196&&user=-1356113187&config=3,496,0,0
1775999041851,443,HTTP Request 3,200,OK,config 3 3-2,text,true,,231,168,6,18,http://stload.se.ifmo.ru:8080/?token=518472196&&user=-1356113187&config=3,443,0,0
1775999042018,466,HTTP Request 3,200,OK,config 3 3-3,text,true,,231,168,6,18,http://stload.se.ifmo.ru:8080/?token=518472196&&user=-1356113187&config=3,466,0,0
1775999042187,462,HTTP Request 3,200,OK,config 3 3-4,text,true,,231,168,6,18,http://stload.se.ifmo.ru:8080/?token=518472196&&user=-1356113187&config=3,462,0,0
1775999042351,483,HTTP Request 3,200,OK,config 3 3-5,text,true,,231,168,6,18,http://stload.se.ifmo.ru:8080/?token=518472196&&user=-1356113187&config=3,483,0,0
1775999042519,469,HTTP Request 3,200,OK,config 3 3-6,text,true,,231,168,6,18,http://stload.se.ifmo.ru:8080/?token=518472196&&user=-1356113187&config=3,469,0,0
1775999043201,449,HTTP Request 3,200,OK,config 3 3-1,text,true,,231,168,6,18,http://stload.se.ifmo.ru:8080/?token=518472196&&user=-1356113187&config=3,449,0,0
1775999043351,467,HTTP Request 3,200,OK,config 3 3-2,text,true,,231,168,6,18,http://stload.se.ifmo.ru:8080/?token=518472196&&user=-1356113187&config=3,467,0,0
1775999043517,503,HTTP Request 3,200,OK,config 3 3-3,text,true,,231,168,6,18,http://stload.se.ifmo.ru:8080/?token=518472196&&user=-1356113187&config=3,503,0,0
1775999043686,505,HTTP Request 3,200,OK,config 3 3-4,text,true,,231,168,6,18,http://stload.se.ifmo.ru:8080/?token=518472196&&user=-1356113187&config=3,505,0,0
1775999043851,491,HTTP Request 3,200,OK,config 3 3-5,text,true,,231,168,6,18,http://stload.se.ifmo.ru:8080/?token=518472196&&user=-1356113187&config=3,491,0,0
1775999044018,479,HTTP Request 3,200,OK,config 3 3-6,text,true,,231,168,6,18,http://stload.se.ifmo.ru:8080/?token=518472196&&user=-1356113187&config=3,479,0,0
1775999044701,476,HTTP Request 3,200,OK,config 3 3-1,text,true,,231,168,6,18,http://stload.se.ifmo.ru:8080/?token=518472196&&user=-1356113187&config=3,476,0,0
1775999044852,471,HTTP Request 3,200,OK,config 3 3-2,text,true,,231,168,6,18,http://stload.se.ifmo.ru:8080/?token=518472196&&user=-1356113187&config=3,471,0,0
1775999045018,447,HTTP Request 3,200,OK,config 3 3-3,text,true,,231,168,6,18,http://stload.se.ifmo.ru:8080/?token=518472196&&user=-1356113187&config=3,447,0,0
1775999045186,514,HTTP Request 3,200,OK,config 3 3-4,text,true,,231,168,6,18,http://stload.se.ifmo.ru:8080/?token=518472196&&user=-1356113187&config=3,514,0,0
1775999045351,477,HTTP Request 3,200,OK,config 3 3-5,text,true,,231,168,6,18,http://stload.se.ifmo.ru:8080/?token=518472196&&user=-1356113187&config=3,477,0,0
1775999045518,459,HTTP Request 3,200,OK,config 3 3-6,text,true,,231,168,6,18,http://stload.se.ifmo.ru:8080/?token=518472196&&user=-1356113187&config=3,459,0,0
1775999046200,455,HTTP Request 3,200,OK,config 3 3-1,text,true,,231,168,6,18,http://stload.se.ifmo.ru:8080/?token=518472196&&user=-1356113187&config=3,455,0,0
1775999046351,453,HTTP Request 3,200,OK,config 3 3-2,text,true,,231,168,6,18,http://stload.se.ifmo.ru:8080/?token=518472196&&user=-1356113187&config=3,453,0,0
1775999046517,455,HTTP Request 3,200,OK,config 3 3-3,text,true,,231,168,6,18,http://stload.se.ifmo.ru:8080/?token=518472196&&user=-1356113187&config=3,455,0,0
1775999046686,487,HTTP Request 3,200,OK,config 3 3-4,text,true,,231,168,6,18,http://stload.se.ifmo.ru:8080/?token=518472196&&user=-1356113187&config=3,487,0,0
1775999046852,456,HTTP Request 3,200,OK,config 3 3-5,text,true,,231,168,6,18,http://stload.se.ifmo.ru:8080/?token=518472196&&user=-1356113187&config=3,456,0,0
1775999047019,492,HTTP Request 3,200,OK,config 3 3-6,text,true,,231,168,6,18,http://stload.se.ifmo.ru:8080/?token=518472196&&user=-1356113187&config=3,492,0,0
1775999047700,434,HTTP Request 3,200,OK,config 3 3-1,text,true,,231,168,6,18,http://stload.se.ifmo.ru:8080/?token=518472196&&user=-1356113187&config=3,434,0,0
1775999047851,452,HTTP Request 3,200,OK,config 3 3-2,text,true,,231,168,6,18,http://stload.se.ifmo.ru:8080/?token=518472196&&user=-1356113187&config=3,452,0,0
1775999048017,448,HTTP Request 3,200,OK,config 3 3-3,text,true,,231,168,6,18,http://stload.se.ifmo.ru:8080/?token=518472196&&user=-1356113187&config=3,448,0,0
1775999048186,446,HTTP Request 3,200,OK,config 3 3-4,text,true,,231,168,6,18,http://stload.se.ifmo.ru:8080/?token=518472196&&user=-1356113187&config=3,446,0,0
1775999048351,464,HTTP Request 3,200,OK,config 3 3-5,text,true,,231,168,6,18,http://stload.se.ifmo.ru:8080/?token=518472196&&user=-1356113187&config=3,464,0,0
1775999048519,479,HTTP Request 3,200,OK,config 3 3-6,text,true,,231,168,6,18,http://stload.se.ifmo.ru:8080/?token=518472196&&user=-1356113187&config=3,479,0,0
1775999049201,450,HTTP Request 3,200,OK,config 3 3-1,text,true,,231,168,6,18,http://stload.se.ifmo.ru:8080/?token=518472196&&user=-1356113187&config=3,450,0,0
1775999049351,455,HTTP Request 3,200,OK,config 3 3-2,text,true,,231,168,6,18,http://stload.se.ifmo.ru:8080/?token=518472196&&user=-1356113187&config=3,455,0,0
1775999049517,449,HTTP Request 3,200,OK,config 3 3-3,text,true,,231,168,6,18,http://stload.se.ifmo.ru:8080/?token=518472196&&user=-1356113187&config=3,449,0,0
1775999049686,455,HTTP Request 3,200,OK,config 3 3-4,text,true,,231,168,6,18,http://stload.se.ifmo.ru:8080/?token=518472196&&user=-1356113187&config=3,455,0,0
1775999049851,445,HTTP Request 3,200,OK,config 3 3-5,text,true,,231,168,6,18,http://stload.se.ifmo.ru:8080/?token=518472196&&user=-1356113187&config=3,445,0,0
1775999050019,461,HTTP Request 3,200,OK,config 3 3-6,text,true,,231,168,6,18,http://stload.se.ifmo.ru:8080/?token=518472196&&user=-1356113187&config=3,461,0,0
1775999050701,489,HTTP Request 3,200,OK,config 3 3-1,text,true,,231,168,6,18,http://stload.se.ifmo.ru:8080/?token=518472196&&user=-1356113187&config=3,489,0,0
1775999050851,446,HTTP Request 3,200,OK,config 3 3-2,text,true,,231,168,6,18,http://stload.se.ifmo.ru:8080/?token=518472196&&user=-1356113187&config=3,446,0,0
1775999051017,451,HTTP Request 3,200,OK,config 3 3-3,text,true,,231,168,6,18,http://stload.se.ifmo.ru:8080/?token=518472196&&user=-1356113187&config=3,451,0,0
1775999051186,461,HTTP Request 3,200,OK,config 3 3-4,text,true,,231,168,6,18,http://stload.se.ifmo.ru:8080/?token=518472196&&user=-1356113187&config=3,461,0,0
1775999051351,480,HTTP Request 3,200,OK,config 3 3-5,text,true,,231,168,6,18,http://stload.se.ifmo.ru:8080/?token=518472196&&user=-1356113187&config=3,480,0,0
1775999051518,490,HTTP Request 3,200,OK,config 3 3-6,text,true,,231,168,6,18,http://stload.se.ifmo.ru:8080/?token=518472196&&user=-1356113187&config=3,490,0,0
1775999052200,492,HTTP Request 3,200,OK,config 3 3-1,text,true,,231,168,6,18,http://stload.se.ifmo.ru:8080/?token=518472196&&user=-1356113187&config=3,492,0,0
1775999052352,452,HTTP Request 3,200,OK,config 3 3-2,text,true,,231,168,6,18,http://stload.se.ifmo.ru:8080/?token=518472196&&user=-1356113187&config=3,452,0,0
1775999052517,460,HTTP Request 3,200,OK,config 3 3-3,text,true,,231,168,6,18,http://stload.se.ifmo.ru:8080/?token=518472196&&user=-1356113187&config=3,460,0,0
1775999052686,462,HTTP Request 3,200,OK,config 3 3-4,text,true,,231,168,6,18,http://stload.se.ifmo.ru:8080/?token=518472196&&user=-1356113187&config=3,462,0,0
1775999052851,459,HTTP Request 3,200,OK,config 3 3-5,text,true,,231,168,6,18,http://stload.se.ifmo.ru:8080/?token=518472196&&user=-1356113187&config=3,459,0,0
1775999053018,463,HTTP Request 3,200,OK,config 3 3-6,text,true,,231,168,6,18,http://stload.se.ifmo.ru:8080/?token=518472196&&user=-1356113187&config=3,463,0,0
1775999053700,451,HTTP Request 3,200,OK,config 3 3-1,text,true,,231,168,6,18,http://stload.se.ifmo.ru:8080/?token=518472196&&user=-1356113187&config=3,451,0,0
1775999053851,463,HTTP Request 3,200,OK,config 3 3-2,text,true,,231,168,6,18,http://stload.se.ifmo.ru:8080/?token=518472196&&user=-1356113187&config=3,463,0,0
1775999054018,451,HTTP Request 3,200,OK,config 3 3-3,text,true,,231,168,6,18,http://stload.se.ifmo.ru:8080/?token=518472196&&user=-1356113187&config=3,451,0,0
1775999054186,458,HTTP Request 3,200,OK,config 3 3-4,text,true,,231,168,6,18,http://stload.se.ifmo.ru:8080/?token=518472196&&user=-1356113187&config=3,458,0,0
1775999054351,457,HTTP Request 3,200,OK,config 3 3-5,text,true,,231,168,6,18,http://stload.se.ifmo.ru:8080/?token=518472196&&user=-1356113187&config=3,457,0,0
1775999054518,485,HTTP Request 3,200,OK,config 3 3-6,text,true,,231,168,6,18,http://stload.se.ifmo.ru:8080/?token=518472196&&user=-1356113187&config=3,485,0,0
1775999055200,451,HTTP Request 3,200,OK,config 3 3-1,text,true,,231,168,6,18,http://stload.se.ifmo.ru:8080/?token=518472196&&user=-1356113187&config=3,451,0,0
1775999055351,499,HTTP Request 3,200,OK,config 3 3-2,text,true,,231,168,6,18,http://stload.se.ifmo.ru:8080/?token=518472196&&user=-1356113187&config=3,499,0,0
1775999055517,466,HTTP Request 3,200,OK,config 3 3-3,text,true,,231,168,6,18,http://stload.se.ifmo.ru:8080/?token=518472196&&user=-1356113187&config=3,466,0,0
1775999055686,466,HTTP Request 3,200,OK,config 3 3-4,text,true,,231,168,6,18,http://stload.se.ifmo.ru:8080/?token=518472196&&user=-1356113187&config=3,466,0,0
1775999055851,465,HTTP Request 3,200,OK,config 3 3-5,text,true,,231,168,6,18,http://stload.se.ifmo.ru:8080/?token=518472196&&user=-1356113187&config=3,465,0,0
1775999056018,482,HTTP Request 3,200,OK,config 3 3-6,text,true,,231,168,6,18,http://stload.se.ifmo.ru:8080/?token=518472196&&user=-1356113187&config=3,482,0,0
1775999056700,444,HTTP Request 3,200,OK,config 3 3-1,text,true,,231,168,6,18,http://stload.se.ifmo.ru:8080/?token=518472196&&user=-1356113187&config=3,444,0,0
1775999056851,559,HTTP Request 3,200,OK,config 3 3-2,text,true,,231,168,6,18,http://stload.se.ifmo.ru:8080/?token=518472196&&user=-1356113187&config=3,559,0,0
1775999057017,474,HTTP Request 3,200,OK,config 3 3-3,text,true,,231,168,6,18,http://stload.se.ifmo.ru:8080/?token=518472196&&user=-1356113187&config=3,474,0,0
1775999057186,461,HTTP Request 3,200,OK,config 3 3-4,text,true,,231,168,6,18,http://stload.se.ifmo.ru:8080/?token=518472196&&user=-1356113187&config=3,461,0,0
1775999057351,506,HTTP Request 3,200,OK,config 3 3-5,text,true,,231,168,6,18,http://stload.se.ifmo.ru:8080/?token=518472196&&user=-1356113187&config=3,506,0,0
1775999057518,474,HTTP Request 3,200,OK,config 3 3-6,text,true,,231,168,6,18,http://stload.se.ifmo.ru:8080/?token=518472196&&user=-1356113187&config=3,474,0,0
1775999058200,475,HTTP Request 3,200,OK,config 3 3-1,text,true,,231,168,6,18,http://stload.se.ifmo.ru:8080/?token=518472196&&user=-1356113187&config=3,475,0,0
1775999058351,483,HTTP Request 3,200,OK,config 3 3-2,text,true,,231,168,6,18,http://stload.se.ifmo.ru:8080/?token=518472196&&user=-1356113187&config=3,483,0,0
1775999058517,451,HTTP Request 3,200,OK,config 3 3-3,text,true,,231,168,6,18,http://stload.se.ifmo.ru:8080/?token=518472196&&user=-1356113187&config=3,451,0,0
1775999058686,520,HTTP Request 3,200,OK,config 3 3-4,text,true,,231,168,6,18,http://stload.se.ifmo.ru:8080/?token=518472196&&user=-1356113187&config=3,520,0,0
1775999058851,467,HTTP Request 3,200,OK,config 3 3-5,text,true,,231,168,6,18,http://stload.se.ifmo.ru:8080/?token=518472196&&user=-1356113187&config=3,467,0,0
1775999059019,450,HTTP Request 3,200,OK,config 3 3-6,text,true,,231,168,6,18,http://stload.se.ifmo.ru:8080/?token=518472196&&user=-1356113187&config=3,450,0,0
1775999059701,455,HTTP Request 3,200,OK,config 3 3-1,text,true,,231,168,6,18,http://stload.se.ifmo.ru:8080/?token=518472196&&user=-1356113187&config=3,455,0,0
1775999059851,449,HTTP Request 3,200,OK,config 3 3-2,text,true,,231,168,6,18,http://stload.se.ifmo.ru:8080/?token=518472196&&user=-1356113187&config=3,449,0,0
1775999060018,454,HTTP Request 3,200,OK,config 3 3-3,text,true,,231,168,6,18,http://stload.se.ifmo.ru:8080/?token=518472196&&user=-1356113187&config=3,454,0,0
1775999060186,470,HTTP Request 3,200,OK,config 3 3-4,text,true,,231,168,6,18,http://stload.se.ifmo.ru:8080/?token=518472196&&user=-1356113187&config=3,470,0,0
1775999060351,450,HTTP Request 3,200,OK,config 3 3-5,text,true,,231,168,6,18,http://stload.se.ifmo.ru:8080/?token=518472196&&user=-1356113187&config=3,450,0,0
1775999060518,483,HTTP Request 3,200,OK,config 3 3-6,text,true,,231,168,6,18,http://stload.se.ifmo.ru:8080/?token=518472196&&user=-1356113187&config=3,483,0,0
1775999061201,490,HTTP Request 3,200,OK,config 3 3-1,text,true,,231,168,6,18,http://stload.se.ifmo.ru:8080/?token=518472196&&user=-1356113187&config=3,490,0,0
1775999061351,452,HTTP Request 3,200,OK,config 3 3-2,text,true,,231,168,6,18,http://stload.se.ifmo.ru:8080/?token=518472196&&user=-1356113187&config=3,452,0,0
1775999061517,452,HTTP Request 3,200,OK,config 3 3-3,text,true,,231,168,6,18,http://stload.se.ifmo.ru:8080/?token=518472196&&user=-1356113187&config=3,452,0,0
1775999061686,458,HTTP Request 3,200,OK,config 3 3-4,text,true,,231,168,6,18,http://stload.se.ifmo.ru:8080/?token=518472196&&user=-1356113187&config=3,458,0,0
1775999061851,455,HTTP Request 3,200,OK,config 3 3-5,text,true,,231,168,6,18,http://stload.se.ifmo.ru:8080/?token=518472196&&user=-1356113187&config=3,455,0,0
1775999062019,468,HTTP Request 3,200,OK,config 3 3-6,text,true,,231,168,6,18,http://stload.se.ifmo.ru:8080/?token=518472196&&user=-1356113187&config=3,468,0,0
1775999062700,443,HTTP Request 3,200,OK,config 3 3-1,text,true,,231,168,6,18,http://stload.se.ifmo.ru:8080/?token=518472196&&user=-1356113187&config=3,443,0,0
1775999062851,453,HTTP Request 3,200,OK,config 3 3-2,text,true,,231,168,6,18,http://stload.se.ifmo.ru:8080/?token=518472196&&user=-1356113187&config=3,453,0,0
1775999063017,478,HTTP Request 3,200,OK,config 3 3-3,text,true,,231,168,6,18,http://stload.se.ifmo.ru:8080/?token=518472196&&user=-1356113187&config=3,478,0,0
1775999063186,455,HTTP Request 3,200,OK,config 3 3-4,text,true,,231,168,6,18,http://stload.se.ifmo.ru:8080/?token=518472196&&user=-1356113187&config=3,455,0,0
1775999063352,518,HTTP Request 3,200,OK,config 3 3-5,text,true,,231,168,6,18,http://stload.se.ifmo.ru:8080/?token=518472196&&user=-1356113187&config=3,518,0,0
1775999063518,481,HTTP Request 3,200,OK,config 3 3-6,text,true,,231,168,6,18,http://stload.se.ifmo.ru:8080/?token=518472196&&user=-1356113187&config=3,481,0,0
1775999064200,487,HTTP Request 3,200,OK,config 3 3-1,text,true,,231,168,6,18,http://stload.se.ifmo.ru:8080/?token=518472196&&user=-1356113187&config=3,487,0,0
1775999064352,439,HTTP Request 3,200,OK,config 3 3-2,text,true,,231,168,6,18,http://stload.se.ifmo.ru:8080/?token=518472196&&user=-1356113187&config=3,439,0,0
1775999064517,463,HTTP Request 3,200,OK,config 3 3-3,text,true,,231,168,6,18,http://stload.se.ifmo.ru:8080/?token=518472196&&user=-1356113187&config=3,463,0,0
1775999064687,453,HTTP Request 3,200,OK,config 3 3-4,text,true,,231,168,6,18,http://stload.se.ifmo.ru:8080/?token=518472196&&user=-1356113187&config=3,453,0,0
1775999064851,454,HTTP Request 3,200,OK,config 3 3-5,text,true,,231,168,6,18,http://stload.se.ifmo.ru:8080/?token=518472196&&user=-1356113187&config=3,454,0,0
1775999065018,480,HTTP Request 3,200,OK,config 3 3-6,text,true,,231,168,6,18,http://stload.se.ifmo.ru:8080/?token=518472196&&user=-1356113187&config=3,480,0,0
1775999065700,446,HTTP Request 3,200,OK,config 3 3-1,text,true,,231,168,6,18,http://stload.se.ifmo.ru:8080/?token=518472196&&user=-1356113187&config=3,446,0,0
1775999065852,456,HTTP Request 3,200,OK,config 3 3-2,text,true,,231,168,6,18,http://stload.se.ifmo.ru:8080/?token=518472196&&user=-1356113187&config=3,456,0,0
1775999066017,468,HTTP Request 3,200,OK,config 3 3-3,text,true,,231,168,6,18,http://stload.se.ifmo.ru:8080/?token=518472196&&user=-1356113187&config=3,468,0,0
1775999066186,478,HTTP Request 3,200,OK,config 3 3-4,text,true,,231,168,6,18,http://stload.se.ifmo.ru:8080/?token=518472196&&user=-1356113187&config=3,478,0,0
1775999066351,481,HTTP Request 3,200,OK,config 3 3-5,text,true,,231,168,6,18,http://stload.se.ifmo.ru:8080/?token=518472196&&user=-1356113187&config=3,481,0,0
1775999066518,478,HTTP Request 3,200,OK,config 3 3-6,text,true,,231,168,6,18,http://stload.se.ifmo.ru:8080/?token=518472196&&user=-1356113187&config=3,477,0,0
1775999067200,473,HTTP Request 3,200,OK,config 3 3-1,text,true,,231,168,6,18,http://stload.se.ifmo.ru:8080/?token=518472196&&user=-1356113187&config=3,473,0,0
1775999067352,456,HTTP Request 3,200,OK,config 3 3-2,text,true,,231,168,6,18,http://stload.se.ifmo.ru:8080/?token=518472196&&user=-1356113187&config=3,456,0,0
1775999067518,456,HTTP Request 3,200,OK,config 3 3-3,text,true,,231,168,6,18,http://stload.se.ifmo.ru:8080/?token=518472196&&user=-1356113187&config=3,456,0,0
1775999067687,494,HTTP Request 3,200,OK,config 3 3-4,text,true,,231,168,6,18,http://stload.se.ifmo.ru:8080/?token=518472196&&user=-1356113187&config=3,494,0,0
1775999067851,458,HTTP Request 3,200,OK,config 3 3-5,text,true,,231,168,6,18,http://stload.se.ifmo.ru:8080/?token=518472196&&user=-1356113187&config=3,458,0,0
1775999068018,503,HTTP Request 3,200,OK,config 3 3-6,text,true,,231,168,6,18,http://stload.se.ifmo.ru:8080/?token=518472196&&user=-1356113187&config=3,503,0,0
1775999068700,496,HTTP Request 3,200,OK,config 3 3-1,text,true,,231,168,6,18,http://stload.se.ifmo.ru:8080/?token=518472196&&user=-1356113187&config=3,496,0,0
1775999068852,454,HTTP Request 3,200,OK,config 3 3-2,text,true,,231,168,6,18,http://stload.se.ifmo.ru:8080/?token=518472196&&user=-1356113187&config=3,454,0,0
1775999069017,469,HTTP Request 3,200,OK,config 3 3-3,text,true,,231,168,6,18,http://stload.se.ifmo.ru:8080/?token=518472196&&user=-1356113187&config=3,469,0,0
1775999069186,490,HTTP Request 3,200,OK,config 3 3-4,text,true,,231,168,6,18,http://stload.se.ifmo.ru:8080/?token=518472196&&user=-1356113187&config=3,490,0,0
1775999069351,496,HTTP Request 3,200,OK,config 3 3-5,text,true,,231,168,6,18,http://stload.se.ifmo.ru:8080/?token=518472196&&user=-1356113187&config=3,496,0,0
1775999069518,511,HTTP Request 3,200,OK,config 3 3-6,text,true,,231,168,6,18,http://stload.se.ifmo.ru:8080/?token=518472196&&user=-1356113187&config=3,511,0,0
1775999070200,442,HTTP Request 3,200,OK,config 3 3-1,text,true,,231,168,6,18,http://stload.se.ifmo.ru:8080/?token=518472196&&user=-1356113187&config=3,442,0,0
1775999070351,450,HTTP Request 3,200,OK,config 3 3-2,text,true,,231,168,6,18,http://stload.se.ifmo.ru:8080/?token=518472196&&user=-1356113187&config=3,450,0,0
1775999070517,461,HTTP Request 3,200,OK,config 3 3-3,text,true,,231,168,6,18,http://stload.se.ifmo.ru:8080/?token=518472196&&user=-1356113187&config=3,461,0,0
1775999070686,458,HTTP Request 3,200,OK,config 3 3-4,text,true,,231,168,6,18,http://stload.se.ifmo.ru:8080/?token=518472196&&user=-1356113187&config=3,458,0,0
1775999070851,497,HTTP Request 3,200,OK,config 3 3-5,text,true,,231,168,6,18,http://stload.se.ifmo.ru:8080/?token=518472196&&user=-1356113187&config=3,497,0,0
1775999071018,465,HTTP Request 3,200,OK,config 3 3-6,text,true,,231,168,6,18,http://stload.se.ifmo.ru:8080/?token=518472196&&user=-1356113187&config=3,465,0,0
1775999071700,482,HTTP Request 3,200,OK,config 3 3-1,text,true,,231,168,6,18,http://stload.se.ifmo.ru:8080/?token=518472196&&user=-1356113187&config=3,482,0,0
1775999071851,482,HTTP Request 3,200,OK,config 3 3-2,text,true,,231,168,6,18,http://stload.se.ifmo.ru:8080/?token=518472196&&user=-1356113187&config=3,482,0,0
1775999072017,460,HTTP Request 3,200,OK,config 3 3-3,text,true,,231,168,6,18,http://stload.se.ifmo.ru:8080/?token=518472196&&user=-1356113187&config=3,460,0,0
1775999072187,547,HTTP Request 3,200,OK,config 3 3-4,text,true,,231,168,6,18,http://stload.se.ifmo.ru:8080/?token=518472196&&user=-1356113187&config=3,547,0,0
1775999072351,487,HTTP Request 3,200,OK,config 3 3-5,text,true,,231,168,6,18,http://stload.se.ifmo.ru:8080/?token=518472196&&user=-1356113187&config=3,487,0,0
1775999072519,513,HTTP Request 3,200,OK,config 3 3-6,text,true,,231,168,6,18,http://stload.se.ifmo.ru:8080/?token=518472196&&user=-1356113187&config=3,513,0,0
1775999073200,472,HTTP Request 3,200,OK,config 3 3-1,text,true,,231,168,6,18,http://stload.se.ifmo.ru:8080/?token=518472196&&user=-1356113187&config=3,471,0,0
1775999073351,456,HTTP Request 3,200,OK,config 3 3-2,text,true,,231,168,6,18,http://stload.se.ifmo.ru:8080/?token=518472196&&user=-1356113187&config=3,456,0,0
1775999073518,453,HTTP Request 3,200,OK,config 3 3-3,text,true,,231,168,6,18,http://stload.se.ifmo.ru:8080/?token=518472196&&user=-1356113187&config=3,453,0,0
1775999073686,483,HTTP Request 3,200,OK,config 3 3-4,text,true,,231,168,6,18,http://stload.se.ifmo.ru:8080/?token=518472196&&user=-1356113187&config=3,483,0,0
1775999073851,465,HTTP Request 3,200,OK,config 3 3-5,text,true,,231,168,6,18,http://stload.se.ifmo.ru:8080/?token=518472196&&user=-1356113187&config=3,465,0,0
1775999074018,499,HTTP Request 3,200,OK,config 3 3-6,text,true,,231,168,6,18,http://stload.se.ifmo.ru:8080/?token=518472196&&user=-1356113187&config=3,499,0,0
1775999074700,564,HTTP Request 3,200,OK,config 3 3-1,text,true,,231,168,6,18,http://stload.se.ifmo.ru:8080/?token=518472196&&user=-1356113187&config=3,564,0,42
1775999074851,447,HTTP Request 3,200,OK,config 3 3-2,text,true,,231,168,6,18,http://stload.se.ifmo.ru:8080/?token=518472196&&user=-1356113187&config=3,447,0,0
1775999075017,454,HTTP Request 3,200,OK,config 3 3-3,text,true,,231,168,6,18,http://stload.se.ifmo.ru:8080/?token=518472196&&user=-1356113187&config=3,454,0,0
1775999075186,458,HTTP Request 3,200,OK,config 3 3-4,text,true,,231,168,6,18,http://stload.se.ifmo.ru:8080/?token=518472196&&user=-1356113187&config=3,458,0,0
1775999075352,468,HTTP Request 3,200,OK,config 3 3-5,text,true,,231,168,6,18,http://stload.se.ifmo.ru:8080/?token=518472196&&user=-1356113187&config=3,468,0,0
1775999075518,533,HTTP Request 3,200,OK,config 3 3-6,text,true,,231,168,6,18,http://stload.se.ifmo.ru:8080/?token=518472196&&user=-1356113187&config=3,533,0,0
1775999076200,468,HTTP Request 3,200,OK,config 3 3-1,text,true,,231,168,6,18,http://stload.se.ifmo.ru:8080/?token=518472196&&user=-1356113187&config=3,468,0,0
1775999076352,629,HTTP Request 3,200,OK,config 3 3-2,text,true,,231,168,6,18,http://stload.se.ifmo.ru:8080/?token=518472196&&user=-1356113187&config=3,629,0,104
1775999076517,464,HTTP Request 3,200,OK,config 3 3-3,text,true,,231,168,6,18,http://stload.se.ifmo.ru:8080/?token=518472196&&user=-1356113187&config=3,464,0,0
1775999076686,466,HTTP Request 3,200,OK,config 3 3-4,text,true,,231,168,6,18,http://stload.se.ifmo.ru:8080/?token=518472196&&user=-1356113187&config=3,466,0,0
1775999076852,517,HTTP Request 3,200,OK,config 3 3-5,text,true,,231,168,6,18,http://stload.se.ifmo.ru:8080/?token=518472196&&user=-1356113187&config=3,517,0,0
1775999077018,473,HTTP Request 3,200,OK,config 3 3-6,text,true,,231,168,6,18,http://stload.se.ifmo.ru:8080/?token=518472196&&user=-1356113187&config=3,473,0,0
1775999077700,499,HTTP Request 3,200,OK,config 3 3-1,text,true,,231,168,6,18,http://stload.se.ifmo.ru:8080/?token=518472196&&user=-1356113187&config=3,499,0,0
1775999077851,455,HTTP Request 3,200,OK,config 3 3-2,text,true,,231,168,6,18,http://stload.se.ifmo.ru:8080/?token=518472196&&user=-1356113187&config=3,455,0,0
1775999078017,541,HTTP Request 3,200,OK,config 3 3-3,text,true,,231,168,6,18,http://stload.se.ifmo.ru:8080/?token=518472196&&user=-1356113187&config=3,541,0,46
1775999078186,527,HTTP Request 3,200,OK,config 3 3-4,text,true,,231,168,6,18,http://stload.se.ifmo.ru:8080/?token=518472196&&user=-1356113187&config=3,527,0,39
1775999078351,454,HTTP Request 3,200,OK,config 3 3-5,text,true,,231,168,6,18,http://stload.se.ifmo.ru:8080/?token=518472196&&user=-1356113187&config=3,454,0,0
1775999078518,505,HTTP Request 3,200,OK,config 3 3-6,text,true,,231,168,6,18,http://stload.se.ifmo.ru:8080/?token=518472196&&user=-1356113187&config=3,505,0,0
1775999079200,450,HTTP Request 3,200,OK,config 3 3-1,text,true,,231,168,6,18,http://stload.se.ifmo.ru:8080/?token=518472196&&user=-1356113187&config=3,450,0,0
1775999079352,452,HTTP Request 3,200,OK,config 3 3-2,text,true,,231,168,6,18,http://stload.se.ifmo.ru:8080/?token=518472196&&user=-1356113187&config=3,452,0,0
1775999079517,505,HTTP Request 3,200,OK,config 3 3-3,text,true,,231,168,6,18,http://stload.se.ifmo.ru:8080/?token=518472196&&user=-1356113187&config=3,505,0,0
1775999079686,458,HTTP Request 3,200,OK,config 3 3-4,text,true,,231,168,6,18,http://stload.se.ifmo.ru:8080/?token=518472196&&user=-1356113187&config=3,458,0,0
1775999079851,446,HTTP Request 3,200,OK,config 3 3-5,text,true,,231,168,6,18,http://stload.se.ifmo.ru:8080/?token=518472196&&user=-1356113187&config=3,446,0,0
1775999080018,490,HTTP Request 3,200,OK,config 3 3-6,text,true,,231,168,6,18,http://stload.se.ifmo.ru:8080/?token=518472196&&user=-1356113187&config=3,490,0,0
1775999080700,434,HTTP Request 3,200,OK,config 3 3-1,text,true,,231,168,6,18,http://stload.se.ifmo.ru:8080/?token=518472196&&user=-1356113187&config=3,434,0,0
1775999080851,456,HTTP Request 3,200,OK,config 3 3-2,text,true,,231,168,6,18,http://stload.se.ifmo.ru:8080/?token=518472196&&user=-1356113187&config=3,456,0,0
1775999081017,454,HTTP Request 3,200,OK,config 3 3-3,text,true,,231,168,6,18,http://stload.se.ifmo.ru:8080/?token=518472196&&user=-1356113187&config=3,454,0,0
1775999081187,495,HTTP Request 3,200,OK,config 3 3-4,text,true,,231,168,6,18,http://stload.se.ifmo.ru:8080/?token=518472196&&user=-1356113187&config=3,495,0,0
1775999081351,565,HTTP Request 3,200,OK,config 3 3-5,text,true,,231,168,6,18,http://stload.se.ifmo.ru:8080/?token=518472196&&user=-1356113187&config=3,565,0,78
1775999081519,532,HTTP Request 3,200,OK,config 3 3-6,text,true,,231,168,6,18,http://stload.se.ifmo.ru:8080/?token=518472196&&user=-1356113187&config=3,532,0,70
1775999082200,494,HTTP Request 3,200,OK,config 3 3-1,text,true,,231,168,6,18,http://stload.se.ifmo.ru:8080/?token=518472196&&user=-1356113187&config=3,494,0,0
1775999082352,453,HTTP Request 3,200,OK,config 3 3-2,text,true,,231,168,6,18,http://stload.se.ifmo.ru:8080/?token=518472196&&user=-1356113187&config=3,453,0,0
1775999082517,457,HTTP Request 3,200,OK,config 3 3-3,text,true,,231,168,6,18,http://stload.se.ifmo.ru:8080/?token=518472196&&user=-1356113187&config=3,457,0,0
1775999082686,463,HTTP Request 3,200,OK,config 3 3-4,text,true,,231,168,6,18,http://stload.se.ifmo.ru:8080/?token=518472196&&user=-1356113187&config=3,463,0,0
1775999082851,523,HTTP Request 3,200,OK,config 3 3-5,text,true,,231,168,6,18,http://stload.se.ifmo.ru:8080/?token=518472196&&user=-1356113187&config=3,523,0,0
1775999083019,494,HTTP Request 3,200,OK,config 3 3-6,text,true,,231,168,6,18,http://stload.se.ifmo.ru:8080/?token=518472196&&user=-1356113187&config=3,494,0,0
1775999083700,441,HTTP Request 3,200,OK,config 3 3-1,text,true,,231,168,6,18,http://stload.se.ifmo.ru:8080/?token=518472196&&user=-1356113187&config=3,441,0,0
1775999083851,442,HTTP Request 3,200,OK,config 3 3-2,text,true,,231,168,6,18,http://stload.se.ifmo.ru:8080/?token=518472196&&user=-1356113187&config=3,442,0,0
1775999084017,457,HTTP Request 3,200,OK,config 3 3-3,text,true,,231,168,6,18,http://stload.se.ifmo.ru:8080/?token=518472196&&user=-1356113187&config=3,457,0,0
1775999084187,452,HTTP Request 3,200,OK,config 3 3-4,text,true,,231,168,6,18,http://stload.se.ifmo.ru:8080/?token=518472196&&user=-1356113187&config=3,452,0,0
1775999084351,503,HTTP Request 3,200,OK,config 3 3-5,text,true,,231,168,6,18,http://stload.se.ifmo.ru:8080/?token=518472196&&user=-1356113187&config=3,503,0,0
1775999084518,490,HTTP Request 3,200,OK,config 3 3-6,text,true,,231,168,6,18,http://stload.se.ifmo.ru:8080/?token=518472196&&user=-1356113187&config=3,490,0,0
1775999085200,439,HTTP Request 3,200,OK,config 3 3-1,text,true,,231,168,6,18,http://stload.se.ifmo.ru:8080/?token=518472196&&user=-1356113187&config=3,439,0,0
1775999085351,455,HTTP Request 3,200,OK,config 3 3-2,text,true,,231,168,6,18,http://stload.se.ifmo.ru:8080/?token=518472196&&user=-1356113187&config=3,455,0,0
1775999085517,463,HTTP Request 3,200,OK,config 3 3-3,text,true,,231,168,6,18,http://stload.se.ifmo.ru:8080/?token=518472196&&user=-1356113187&config=3,463,0,0
1775999085686,447,HTTP Request 3,200,OK,config 3 3-4,text,true,,231,168,6,18,http://stload.se.ifmo.ru:8080/?token=518472196&&user=-1356113187&config=3,447,0,0
1775999085851,500,HTTP Request 3,200,OK,config 3 3-5,text,true,,231,168,6,18,http://stload.se.ifmo.ru:8080/?token=518472196&&user=-1356113187&config=3,500,0,0
1775999086019,472,HTTP Request 3,200,OK,config 3 3-6,text,true,,231,168,6,18,http://stload.se.ifmo.ru:8080/?token=518472196&&user=-1356113187&config=3,472,0,0
1775999086701,476,HTTP Request 3,200,OK,config 3 3-1,text,true,,231,168,6,18,http://stload.se.ifmo.ru:8080/?token=518472196&&user=-1356113187&config=3,476,0,0
1775999086851,468,HTTP Request 3,200,OK,config 3 3-2,text,true,,231,168,6,18,http://stload.se.ifmo.ru:8080/?token=518472196&&user=-1356113187&config=3,468,0,0
1775999087017,453,HTTP Request 3,200,OK,config 3 3-3,text,true,,231,168,6,18,http://stload.se.ifmo.ru:8080/?token=518472196&&user=-1356113187&config=3,453,0,0
1775999087186,493,HTTP Request 3,200,OK,config 3 3-4,text,true,,231,168,6,18,http://stload.se.ifmo.ru:8080/?token=518472196&&user=-1356113187&config=3,493,0,0
1775999087351,469,HTTP Request 3,200,OK,config 3 3-5,text,true,,231,168,6,18,http://stload.se.ifmo.ru:8080/?token=518472196&&user=-1356113187&config=3,469,0,0
1775999087519,517,HTTP Request 3,200,OK,config 3 3-6,text,true,,231,168,6,18,http://stload.se.ifmo.ru:8080/?token=518472196&&user=-1356113187&config=3,517,0,0
1775999088200,455,HTTP Request 3,200,OK,config 3 3-1,text,true,,231,168,6,18,http://stload.se.ifmo.ru:8080/?token=518472196&&user=-1356113187&config=3,455,0,0
1775999088352,461,HTTP Request 3,200,OK,config 3 3-2,text,true,,231,168,6,18,http://stload.se.ifmo.ru:8080/?token=518472196&&user=-1356113187&config=3,461,0,0
1775999088517,456,HTTP Request 3,200,OK,config 3 3-3,text,true,,231,168,6,18,http://stload.se.ifmo.ru:8080/?token=518472196&&user=-1356113187&config=3,456,0,0
1775999088687,486,HTTP Request 3,200,OK,config 3 3-4,text,true,,231,168,6,18,http://stload.se.ifmo.ru:8080/?token=518472196&&user=-1356113187&config=3,486,0,0
1775999088852,482,HTTP Request 3,200,OK,config 3 3-5,text,true,,231,168,6,18,http://stload.se.ifmo.ru:8080/?token=518472196&&user=-1356113187&config=3,482,0,0
1775999089018,498,HTTP Request 3,200,OK,config 3 3-6,text,true,,231,168,6,18,http://stload.se.ifmo.ru:8080/?token=518472196&&user=-1356113187&config=3,498,0,0
1775999089700,440,HTTP Request 3,200,OK,config 3 3-1,text,true,,231,168,6,18,http://stload.se.ifmo.ru:8080/?token=518472196&&user=-1356113187&config=3,440,0,0
1775999089851,450,HTTP Request 3,200,OK,config 3 3-2,text,true,,231,168,6,18,http://stload.se.ifmo.ru:8080/?token=518472196&&user=-1356113187&config=3,450,0,0
1775999090017,442,HTTP Request 3,200,OK,config 3 3-3,text,true,,231,168,6,18,http://stload.se.ifmo.ru:8080/?token=518472196&&user=-1356113187&config=3,442,0,0
1775999090186,448,HTTP Request 3,200,OK,config 3 3-4,text,true,,231,168,6,18,http://stload.se.ifmo.ru:8080/?token=518472196&&user=-1356113187&config=3,448,0,0
1775999090351,444,HTTP Request 3,200,OK,config 3 3-5,text,true,,231,168,6,18,http://stload.se.ifmo.ru:8080/?token=518472196&&user=-1356113187&config=3,444,0,0
1775999090518,489,HTTP Request 3,200,OK,config 3 3-6,text,true,,231,168,6,18,http://stload.se.ifmo.ru:8080/?token=518472196&&user=-1356113187&config=3,489,0,0
1775999091201,455,HTTP Request 3,200,OK,config 3 3-1,text,true,,231,168,6,18,http://stload.se.ifmo.ru:8080/?token=518472196&&user=-1356113187&config=3,455,0,0
1775999091351,470,HTTP Request 3,200,OK,config 3 3-2,text,true,,231,168,6,18,http://stload.se.ifmo.ru:8080/?token=518472196&&user=-1356113187&config=3,470,0,0
1775999091517,452,HTTP Request 3,200,OK,config 3 3-3,text,true,,231,168,6,18,http://stload.se.ifmo.ru:8080/?token=518472196&&user=-1356113187&config=3,452,0,0
1775999091686,515,HTTP Request 3,200,OK,config 3 3-4,text,true,,231,168,6,18,http://stload.se.ifmo.ru:8080/?token=518472196&&user=-1356113187&config=3,515,0,0
1775999091851,448,HTTP Request 3,200,OK,config 3 3-5,text,true,,231,168,6,18,http://stload.se.ifmo.ru:8080/?token=518472196&&user=-1356113187&config=3,448,0,0
1775999092018,496,HTTP Request 3,200,OK,config 3 3-6,text,true,,231,168,6,18,http://stload.se.ifmo.ru:8080/?token=518472196&&user=-1356113187&config=3,496,0,0
1775999092700,445,HTTP Request 3,200,OK,config 3 3-1,text,true,,231,168,6,18,http://stload.se.ifmo.ru:8080/?token=518472196&&user=-1356113187&config=3,445,0,0
1775999092852,453,HTTP Request 3,200,OK,config 3 3-2,text,true,,231,168,6,18,http://stload.se.ifmo.ru:8080/?token=518472196&&user=-1356113187&config=3,453,0,0
1775999093017,453,HTTP Request 3,200,OK,config 3 3-3,text,true,,231,168,6,18,http://stload.se.ifmo.ru:8080/?token=518472196&&user=-1356113187&config=3,453,0,0
1775999093187,462,HTTP Request 3,200,OK,config 3 3-4,text,true,,231,168,6,18,http://stload.se.ifmo.ru:8080/?token=518472196&&user=-1356113187&config=3,462,0,0
1775999093352,497,HTTP Request 3,200,OK,config 3 3-5,text,true,,231,168,6,18,http://stload.se.ifmo.ru:8080/?token=518472196&&user=-1356113187&config=3,497,0,0
1775999093518,492,HTTP Request 3,200,OK,config 3 3-6,text,true,,231,168,6,18,http://stload.se.ifmo.ru:8080/?token=518472196&&user=-1356113187&config=3,492,0,0
1775999094200,481,HTTP Request 3,200,OK,config 3 3-1,text,true,,231,168,6,18,http://stload.se.ifmo.ru:8080/?token=518472196&&user=-1356113187&config=3,481,0,0
1775999094351,482,HTTP Request 3,200,OK,config 3 3-2,text,true,,231,168,6,18,http://stload.se.ifmo.ru:8080/?token=518472196&&user=-1356113187&config=3,482,0,0
1775999094517,457,HTTP Request 3,200,OK,config 3 3-3,text,true,,231,168,6,18,http://stload.se.ifmo.ru:8080/?token=518472196&&user=-1356113187&config=3,457,0,0
1775999094687,516,HTTP Request 3,200,OK,config 3 3-4,text,true,,231,168,6,18,http://stload.se.ifmo.ru:8080/?token=518472196&&user=-1356113187&config=3,516,0,0
1775999094852,473,HTTP Request 3,200,OK,config 3 3-5,text,true,,231,168,6,18,http://stload.se.ifmo.ru:8080/?token=518472196&&user=-1356113187&config=3,473,0,0
1775999095019,499,HTTP Request 3,200,OK,config 3 3-6,text,true,,231,168,6,18,http://stload.se.ifmo.ru:8080/?token=518472196&&user=-1356113187&config=3,499,0,0
1775999095701,448,HTTP Request 3,200,OK,config 3 3-1,text,true,,231,168,6,18,http://stload.se.ifmo.ru:8080/?token=518472196&&user=-1356113187&config=3,448,0,0
1775999095852,467,HTTP Request 3,200,OK,config 3 3-2,text,true,,231,168,6,18,http://stload.se.ifmo.ru:8080/?token=518472196&&user=-1356113187&config=3,467,0,0
1775999096017,469,HTTP Request 3,200,OK,config 3 3-3,text,true,,231,168,6,18,http://stload.se.ifmo.ru:8080/?token=518472196&&user=-1356113187&config=3,469,0,0
1775999096187,458,HTTP Request 3,200,OK,config 3 3-4,text,true,,231,168,6,18,http://stload.se.ifmo.ru:8080/?token=518472196&&user=-1356113187&config=3,458,0,0
1775999096352,475,HTTP Request 3,200,OK,config 3 3-5,text,true,,231,168,6,18,http://stload.se.ifmo.ru:8080/?token=518472196&&user=-1356113187&config=3,475,0,0
1775999096519,462,HTTP Request 3,200,OK,config 3 3-6,text,true,,231,168,6,18,http://stload.se.ifmo.ru:8080/?token=518472196&&user=-1356113187&config=3,462,0,0
1775999097201,509,HTTP Request 3,200,OK,config 3 3-1,text,true,,231,168,6,18,http://stload.se.ifmo.ru:8080/?token=518472196&&user=-1356113187&config=3,509,0,0
1775999097352,452,HTTP Request 3,200,OK,config 3 3-2,text,true,,231,168,6,18,http://stload.se.ifmo.ru:8080/?token=518472196&&user=-1356113187&config=3,452,0,0
1775999097518,453,HTTP Request 3,200,OK,config 3 3-3,text,true,,231,168,6,18,http://stload.se.ifmo.ru:8080/?token=518472196&&user=-1356113187&config=3,453,0,0
1775999097686,463,HTTP Request 3,200,OK,config 3 3-4,text,true,,231,168,6,18,http://stload.se.ifmo.ru:8080/?token=518472196&&user=-1356113187&config=3,463,0,0
1775999097851,464,HTTP Request 3,200,OK,config 3 3-5,text,true,,231,168,6,18,http://stload.se.ifmo.ru:8080/?token=518472196&&user=-1356113187&config=3,464,0,0
1775999098018,506,HTTP Request 3,200,OK,config 3 3-6,text,true,,231,168,6,18,http://stload.se.ifmo.ru:8080/?token=518472196&&user=-1356113187&config=3,506,0,0
1775999098700,453,HTTP Request 3,200,OK,config 3 3-1,text,true,,231,168,6,18,http://stload.se.ifmo.ru:8080/?token=518472196&&user=-1356113187&config=3,453,0,0
1775999098851,455,HTTP Request 3,200,OK,config 3 3-2,text,true,,231,168,6,18,http://stload.se.ifmo.ru:8080/?token=518472196&&user=-1356113187&config=3,455,0,0
1775999099017,500,HTTP Request 3,200,OK,config 3 3-3,text,true,,231,168,6,18,http://stload.se.ifmo.ru:8080/?token=518472196&&user=-1356113187&config=3,500,0,0
1775999099186,472,HTTP Request 3,200,OK,config 3 3-4,text,true,,231,168,6,18,http://stload.se.ifmo.ru:8080/?token=518472196&&user=-1356113187&config=3,472,0,0
1775999099351,460,HTTP Request 3,200,OK,config 3 3-5,text,true,,231,168,6,18,http://stload.se.ifmo.ru:8080/?token=518472196&&user=-1356113187&config=3,460,0,0
1775999099519,503,HTTP Request 3,200,OK,config 3 3-6,text,true,,231,168,6,18,http://stload.se.ifmo.ru:8080/?token=518472196&&user=-1356113187&config=3,503,0,0
1775999100200,448,HTTP Request 3,200,OK,config 3 3-1,text,true,,231,168,6,18,http://stload.se.ifmo.ru:8080/?token=518472196&&user=-1356113187&config=3,448,0,0
1775999100351,451,HTTP Request 3,200,OK,config 3 3-2,text,true,,231,168,6,18,http://stload.se.ifmo.ru:8080/?token=518472196&&user=-1356113187&config=3,451,0,0
1775999100517,480,HTTP Request 3,200,OK,config 3 3-3,text,true,,231,168,6,18,http://stload.se.ifmo.ru:8080/?token=518472196&&user=-1356113187&config=3,480,0,0
1775999100686,461,HTTP Request 3,200,OK,config 3 3-4,text,true,,231,168,6,18,http://stload.se.ifmo.ru:8080/?token=518472196&&user=-1356113187&config=3,461,0,0
1775999100851,520,HTTP Request 3,200,OK,config 3 3-5,text,true,,231,168,6,18,http://stload.se.ifmo.ru:8080/?token=518472196&&user=-1356113187&config=3,520,0,0
1775999101018,493,HTTP Request 3,200,OK,config 3 3-6,text,true,,231,168,6,18,http://stload.se.ifmo.ru:8080/?token=518472196&&user=-1356113187&config=3,493,0,0
1775999101700,491,HTTP Request 3,200,OK,config 3 3-1,text,true,,231,168,6,18,http://stload.se.ifmo.ru:8080/?token=518472196&&user=-1356113187&config=3,491,0,0
1775999101851,449,HTTP Request 3,200,OK,config 3 3-2,text,true,,231,168,5,17,http://stload.se.ifmo.ru:8080/?token=518472196&&user=-1356113187&config=3,449,0,0
1775999102017,454,HTTP Request 3,200,OK,config 3 3-3,text,true,,231,168,5,16,http://stload.se.ifmo.ru:8080/?token=518472196&&user=-1356113187&config=3,454,0,0
1775999102186,458,HTTP Request 3,200,OK,config 3 3-4,text,true,,231,168,5,15,http://stload.se.ifmo.ru:8080/?token=518472196&&user=-1356113187&config=3,458,0,0
1775999102351,466,HTTP Request 3,200,OK,config 3 3-5,text,true,,231,168,5,15,http://stload.se.ifmo.ru:8080/?token=518472196&&user=-1356113187&config=3,466,0,0
1775999102519,471,HTTP Request 3,200,OK,config 3 3-6,text,true,,231,168,5,15,http://stload.se.ifmo.ru:8080/?token=518472196&&user=-1356113187&config=3,471,0,0
1775999103351,450,HTTP Request 3,200,OK,config 3 3-2,text,true,,231,168,5,15,http://stload.se.ifmo.ru:8080/?token=518472196&&user=-1356113187&config=3,450,0,0
1775999103518,492,HTTP Request 3,200,OK,config 3 3-3,text,true,,231,168,4,14,http://stload.se.ifmo.ru:8080/?token=518472196&&user=-1356113187&config=3,492,0,0
1775999103687,472,HTTP Request 3,200,OK,config 3 3-4,text,true,,231,168,4,13,http://stload.se.ifmo.ru:8080/?token=518472196&&user=-1356113187&config=3,472,0,0
1775999103851,530,HTTP Request 3,200,OK,config 3 3-5,text,true,,231,168,4,12,http://stload.se.ifmo.ru:8080/?token=518472196&&user=-1356113187&config=3,530,0,0
1775999104018,515,HTTP Request 3,200,OK,config 3 3-6,text,true,,231,168,4,12,http://stload.se.ifmo.ru:8080/?token=518472196&&user=-1356113187&config=3,515,0,0
1775999105017,440,HTTP Request 3,200,OK,config 3 3-3,text,true,,231,168,4,12,http://stload.se.ifmo.ru:8080/?token=518472196&&user=-1356113187&config=3,440,0,0
1775999105186,438,HTTP Request 3,200,OK,config 3 3-4,text,true,,231,168,3,11,http://stload.se.ifmo.ru:8080/?token=518472196&&user=-1356113187&config=3,438,0,0
1775999105351,443,HTTP Request 3,200,OK,config 3 3-5,text,true,,231,168,3,10,http://stload.se.ifmo.ru:8080/?token=518472196&&user=-1356113187&config=3,443,0,0
1775999105518,444,HTTP Request 3,200,OK,config 3 3-6,text,true,,231,168,3,9,http://stload.se.ifmo.ru:8080/?token=518472196&&user=-1356113187&config=3,444,0,0
1775999106687,429,HTTP Request 3,200,OK,config 3 3-4,text,true,,231,168,3,9,http://stload.se.ifmo.ru:8080/?token=518472196&&user=-1356113187&config=3,429,0,0
1775999106851,431,HTTP Request 3,200,OK,config 3 3-5,text,true,,231,168,2,8,http://stload.se.ifmo.ru:8080/?token=518472196&&user=-1356113187&config=3,431,0,0
1775999107018,451,HTTP Request 3,200,OK,config 3 3-6,text,true,,231,168,2,7,http://stload.se.ifmo.ru:8080/?token=518472196&&user=-1356113187&config=3,451,0,0
1775999108351,434,HTTP Request 3,200,OK,config 3 3-5,text,true,,231,168,2,6,http://stload.se.ifmo.ru:8080/?token=518472196&&user=-1356113187&config=3,434,0,0
1775999108518,424,HTTP Request 3,200,OK,config 3 3-6,text,true,,231,168,1,5,http://stload.se.ifmo.ru:8080/?token=518472196&&user=-1356113187&config=3,424,0,0
1775999110019,421,HTTP Request 3,200,OK,config 3 3-6,text,true,,231,168,1,3,http://stload.se.ifmo.ru:8080/?token=518472196&&user=-1356113187&config=3,421,0,0
1775999171797,391,HTTP Request 3,200,OK,config 3 3-1,text,true,,231,168,1,3,http://stload.se.ifmo.ru:8080/?token=518472196&&user=-1356113187&config=3,388,0,54
1775999173255,364,HTTP Request 3,200,OK,config 3 3-1,text,true,,231,168,1,3,http://stload.se.ifmo.ru:8080/?token=518472196&&user=-1356113187&config=3,364,0,0
1775999174754,347,HTTP Request 3,200,OK,config 3 3-1,text,true,,231,168,2,6,http://stload.se.ifmo.ru:8080/?token=518472196&&user=-1356113187&config=3,347,0,0
1775999175070,495,HTTP Request 3,200,OK,config 3 3-2,text,true,,231,168,2,6,http://stload.se.ifmo.ru:8080/?token=518472196&&user=-1356113187&config=3,495,0,96
1775999176255,341,HTTP Request 3,200,OK,config 3 3-1,text,true,,231,168,2,6,http://stload.se.ifmo.ru:8080/?token=518472196&&user=-1356113187&config=3,341,0,0
1775999176570,339,HTTP Request 3,200,OK,config 3 3-2,text,true,,231,168,2,6,http://stload.se.ifmo.ru:8080/?token=518472196&&user=-1356113187&config=3,339,0,0
1775999177754,350,HTTP Request 3,200,OK,config 3 3-1,text,true,,231,168,2,6,http://stload.se.ifmo.ru:8080/?token=518472196&&user=-1356113187&config=3,349,0,0
1775999178070,338,HTTP Request 3,200,OK,config 3 3-2,text,true,,231,168,3,9,http://stload.se.ifmo.ru:8080/?token=518472196&&user=-1356113187&config=3,338,0,0
1775999178403,428,HTTP Request 3,200,OK,config 3 3-3,text,true,,231,168,3,9,http://stload.se.ifmo.ru:8080/?token=518472196&&user=-1356113187&config=3,428,0,80
1775999179255,368,HTTP Request 3,200,OK,config 3 3-1,text,true,,231,168,3,9,http://stload.se.ifmo.ru:8080/?token=518472196&&user=-1356113187&config=3,368,0,0
1775999179570,411,HTTP Request 3,200,OK,config 3 3-2,text,true,,231,168,3,9,http://stload.se.ifmo.ru:8080/?token=518472196&&user=-1356113187&config=3,411,0,0
1775999179903,351,HTTP Request 3,200,OK,config 3 3-3,text,true,,231,168,3,9,http://stload.se.ifmo.ru:8080/?token=518472196&&user=-1356113187&config=3,351,0,0
1775999180754,369,HTTP Request 3,200,OK,config 3 3-1,text,true,,231,168,3,9,http://stload.se.ifmo.ru:8080/?token=518472196&&user=-1356113187&config=3,369,0,0
1775999181070,410,HTTP Request 3,200,OK,config 3 3-2,text,true,,231,168,3,9,http://stload.se.ifmo.ru:8080/?token=518472196&&user=-1356113187&config=3,410,0,0
1775999181403,360,HTTP Request 3,200,OK,config 3 3-3,text,true,,231,168,4,12,http://stload.se.ifmo.ru:8080/?token=518472196&&user=-1356113187&config=3,360,0,0
1775999181736,406,HTTP Request 3,200,OK,config 3 3-4,text,true,,231,168,4,12,http://stload.se.ifmo.ru:8080/?token=518472196&&user=-1356113187&config=3,406,0,39
1775999182254,396,HTTP Request 3,200,OK,config 3 3-1,text,true,,231,168,4,12,http://stload.se.ifmo.ru:8080/?token=518472196&&user=-1356113187&config=3,396,0,0
1775999182570,421,HTTP Request 3,200,OK,config 3 3-2,text,true,,231,168,4,12,http://stload.se.ifmo.ru:8080/?token=518472196&&user=-1356113187&config=3,421,0,0
1775999182903,409,HTTP Request 3,200,OK,config 3 3-3,text,true,,231,168,4,12,http://stload.se.ifmo.ru:8080/?token=518472196&&user=-1356113187&config=3,409,0,0
1775999183235,368,HTTP Request 3,200,OK,config 3 3-4,text,true,,231,168,4,12,http://stload.se.ifmo.ru:8080/?token=518472196&&user=-1356113187&config=3,368,0,0
1775999183754,377,HTTP Request 3,200,OK,config 3 3-1,text,true,,231,168,4,12,http://stload.se.ifmo.ru:8080/?token=518472196&&user=-1356113187&config=3,377,0,0
1775999184070,427,HTTP Request 3,200,OK,config 3 3-2,text,true,,231,168,4,12,http://stload.se.ifmo.ru:8080/?token=518472196&&user=-1356113187&config=3,427,0,0
1775999184403,418,HTTP Request 3,200,OK,config 3 3-3,text,true,,231,168,4,12,http://stload.se.ifmo.ru:8080/?token=518472196&&user=-1356113187&config=3,418,0,0
1775999184735,399,HTTP Request 3,200,OK,config 3 3-4,text,true,,231,168,5,15,http://stload.se.ifmo.ru:8080/?token=518472196&&user=-1356113187&config=3,399,0,0
1775999185069,423,HTTP Request 3,200,OK,config 3 3-5,text,true,,231,168,5,15,http://stload.se.ifmo.ru:8080/?token=518472196&&user=-1356113187&config=3,423,0,39
1775999185254,393,HTTP Request 3,200,OK,config 3 3-1,text,true,,231,168,5,15,http://stload.se.ifmo.ru:8080/?token=518472196&&user=-1356113187&config=3,393,0,0
1775999185571,422,HTTP Request 3,200,OK,config 3 3-2,text,true,,231,168,5,15,http://stload.se.ifmo.ru:8080/?token=518472196&&user=-1356113187&config=3,422,0,0
1775999185904,414,HTTP Request 3,200,OK,config 3 3-3,text,true,,231,168,5,15,http://stload.se.ifmo.ru:8080/?token=518472196&&user=-1356113187&config=3,414,0,0
1775999186235,416,HTTP Request 3,200,OK,config 3 3-4,text,true,,231,168,5,15,http://stload.se.ifmo.ru:8080/?token=518472196&&user=-1356113187&config=3,416,0,0
1775999186568,406,HTTP Request 3,200,OK,config 3 3-5,text,true,,231,168,5,15,http://stload.se.ifmo.ru:8080/?token=518472196&&user=-1356113187&config=3,406,0,0
1775999186754,477,HTTP Request 3,200,OK,config 3 3-1,text,true,,231,168,5,15,http://stload.se.ifmo.ru:8080/?token=518472196&&user=-1356113187&config=3,476,0,0
1775999187071,545,HTTP Request 3,200,OK,config 3 3-2,text,true,,231,168,5,15,http://stload.se.ifmo.ru:8080/?token=518472196&&user=-1356113187&config=3,545,0,0
1775999187403,436,HTTP Request 3,200,OK,config 3 3-3,text,true,,231,168,5,15,http://stload.se.ifmo.ru:8080/?token=518472196&&user=-1356113187&config=3,436,0,0
1775999187736,445,HTTP Request 3,200,OK,config 3 3-4,text,true,,231,168,5,15,http://stload.se.ifmo.ru:8080/?token=518472196&&user=-1356113187&config=3,445,0,0
1775999188069,481,HTTP Request 3,200,OK,config 3 3-5,text,true,,231,168,6,18,http://stload.se.ifmo.ru:8080/?token=518472196&&user=-1356113187&config=3,481,0,0
1775999188254,458,HTTP Request 3,200,OK,config 3 3-1,text,true,,231,168,6,18,http://stload.se.ifmo.ru:8080/?token=518472196&&user=-1356113187&config=3,458,0,0
1775999188403,472,HTTP Request 3,200,OK,config 3 3-6,text,true,,231,168,6,18,http://stload.se.ifmo.ru:8080/?token=518472196&&user=-1356113187&config=3,472,0,64
1775999188570,434,HTTP Request 3,200,OK,config 3 3-2,text,true,,231,168,6,18,http://stload.se.ifmo.ru:8080/?token=518472196&&user=-1356113187&config=3,434,0,0
1775999188904,414,HTTP Request 3,200,OK,config 3 3-3,text,true,,231,168,6,18,http://stload.se.ifmo.ru:8080/?token=518472196&&user=-1356113187&config=3,414,0,0
1775999189235,420,HTTP Request 3,200,OK,config 3 3-4,text,true,,231,168,6,18,http://stload.se.ifmo.ru:8080/?token=518472196&&user=-1356113187&config=3,420,0,0
1775999189569,432,HTTP Request 3,200,OK,config 3 3-5,text,true,,231,168,6,18,http://stload.se.ifmo.ru:8080/?token=518472196&&user=-1356113187&config=3,432,0,0
1775999189755,430,HTTP Request 3,200,OK,config 3 3-1,text,true,,231,168,6,18,http://stload.se.ifmo.ru:8080/?token=518472196&&user=-1356113187&config=3,430,0,0
1775999189904,431,HTTP Request 3,200,OK,config 3 3-6,text,true,,231,168,6,18,http://stload.se.ifmo.ru:8080/?token=518472196&&user=-1356113187&config=3,430,0,0
1775999190070,453,HTTP Request 3,200,OK,config 3 3-2,text,true,,231,168,6,18,http://stload.se.ifmo.ru:8080/?token=518472196&&user=-1356113187&config=3,453,0,0
1775999190403,459,HTTP Request 3,200,OK,config 3 3-3,text,true,,231,168,6,18,http://stload.se.ifmo.ru:8080/?token=518472196&&user=-1356113187&config=3,459,0,0
1775999190735,434,HTTP Request 3,200,OK,config 3 3-4,text,true,,231,168,6,18,http://stload.se.ifmo.ru:8080/?token=518472196&&user=-1356113187&config=3,434,0,0
1775999191068,427,HTTP Request 3,200,OK,config 3 3-5,text,true,,231,168,6,18,http://stload.se.ifmo.ru:8080/?token=518472196&&user=-1356113187&config=3,427,0,0
1775999191254,424,HTTP Request 3,200,OK,config 3 3-1,text,true,,231,168,6,18,http://stload.se.ifmo.ru:8080/?token=518472196&&user=-1356113187&config=3,424,0,0
1775999191403,429,HTTP Request 3,200,OK,config 3 3-6,text,true,,231,168,6,18,http://stload.se.ifmo.ru:8080/?token=518472196&&user=-1356113187&config=3,429,0,0
1775999191570,480,HTTP Request 3,200,OK,config 3 3-2,text,true,,231,168,6,18,http://stload.se.ifmo.ru:8080/?token=518472196&&user=-1356113187&config=3,480,0,0
1775999191903,500,HTTP Request 3,200,OK,config 3 3-3,text,true,,231,168,6,18,http://stload.se.ifmo.ru:8080/?token=518472196&&user=-1356113187&config=3,500,0,0
1775999192235,425,HTTP Request 3,200,OK,config 3 3-4,text,true,,231,168,6,18,http://stload.se.ifmo.ru:8080/?token=518472196&&user=-1356113187&config=3,425,0,0
1775999192569,432,HTTP Request 3,200,OK,config 3 3-5,text,true,,231,168,6,18,http://stload.se.ifmo.ru:8080/?token=518472196&&user=-1356113187&config=3,432,0,0
1775999192755,430,HTTP Request 3,200,OK,config 3 3-1,text,true,,231,168,6,18,http://stload.se.ifmo.ru:8080/?token=518472196&&user=-1356113187&config=3,430,0,0
1775999192904,434,HTTP Request 3,200,OK,config 3 3-6,text,true,,231,168,6,18,http://stload.se.ifmo.ru:8080/?token=518472196&&user=-1356113187&config=3,434,0,0
1775999193071,482,HTTP Request 3,200,OK,config 3 3-2,text,true,,231,168,6,18,http://stload.se.ifmo.ru:8080/?token=518472196&&user=-1356113187&config=3,482,0,0
1775999193403,481,HTTP Request 3,200,OK,config 3 3-3,text,true,,231,168,6,18,http://stload.se.ifmo.ru:8080/?token=518472196&&user=-1356113187&config=3,481,0,0
1775999193735,480,HTTP Request 3,200,OK,config 3 3-4,text,true,,231,168,6,18,http://stload.se.ifmo.ru:8080/?token=518472196&&user=-1356113187&config=3,480,0,0
1775999194068,442,HTTP Request 3,200,OK,config 3 3-5,text,true,,231,168,6,18,http://stload.se.ifmo.ru:8080/?token=518472196&&user=-1356113187&config=3,442,0,0
1775999194254,467,HTTP Request 3,200,OK,config 3 3-1,text,true,,231,168,6,18,http://stload.se.ifmo.ru:8080/?token=518472196&&user=-1356113187&config=3,467,0,0
1775999194403,508,HTTP Request 3,200,OK,config 3 3-6,text,true,,231,168,6,18,http://stload.se.ifmo.ru:8080/?token=518472196&&user=-1356113187&config=3,507,0,0
1775999194570,496,HTTP Request 3,200,OK,config 3 3-2,text,true,,231,168,6,18,http://stload.se.ifmo.ru:8080/?token=518472196&&user=-1356113187&config=3,496,0,0
1775999194904,474,HTTP Request 3,200,OK,config 3 3-3,text,true,,231,168,6,18,http://stload.se.ifmo.ru:8080/?token=518472196&&user=-1356113187&config=3,474,0,0
1775999195235,482,HTTP Request 3,200,OK,config 3 3-4,text,true,,231,168,6,18,http://stload.se.ifmo.ru:8080/?token=518472196&&user=-1356113187&config=3,482,0,0
1775999195568,465,HTTP Request 3,200,OK,config 3 3-5,text,true,,231,168,6,18,http://stload.se.ifmo.ru:8080/?token=518472196&&user=-1356113187&config=3,465,0,0
1775999195754,513,HTTP Request 3,200,OK,config 3 3-1,text,true,,231,168,6,18,http://stload.se.ifmo.ru:8080/?token=518472196&&user=-1356113187&config=3,513,0,0
1775999195903,456,HTTP Request 3,200,OK,config 3 3-6,text,true,,231,168,6,18,http://stload.se.ifmo.ru:8080/?token=518472196&&user=-1356113187&config=3,456,0,0
1775999196070,502,HTTP Request 3,200,OK,config 3 3-2,text,true,,231,168,6,18,http://stload.se.ifmo.ru:8080/?token=518472196&&user=-1356113187&config=3,501,0,0
1775999196404,462,HTTP Request 3,200,OK,config 3 3-3,text,true,,231,168,6,18,http://stload.se.ifmo.ru:8080/?token=518472196&&user=-1356113187&config=3,462,0,0
1775999196736,488,HTTP Request 3,200,OK,config 3 3-4,text,true,,231,168,6,18,http://stload.se.ifmo.ru:8080/?token=518472196&&user=-1356113187&config=3,488,0,0
1775999197068,469,HTTP Request 3,200,OK,config 3 3-5,text,true,,231,168,6,18,http://stload.se.ifmo.ru:8080/?token=518472196&&user=-1356113187&config=3,469,0,0
1775999197254,511,HTTP Request 3,200,OK,config 3 3-1,text,true,,231,168,6,18,http://stload.se.ifmo.ru:8080/?token=518472196&&user=-1356113187&config=3,511,0,0
1775999197404,458,HTTP Request 3,200,OK,config 3 3-6,text,true,,231,168,6,18,http://stload.se.ifmo.ru:8080/?token=518472196&&user=-1356113187&config=3,458,0,0
1775999197571,466,HTTP Request 3,200,OK,config 3 3-2,text,true,,231,168,6,18,http://stload.se.ifmo.ru:8080/?token=518472196&&user=-1356113187&config=3,466,0,0
1775999197904,469,HTTP Request 3,200,OK,config 3 3-3,text,true,,231,168,6,18,http://stload.se.ifmo.ru:8080/?token=518472196&&user=-1356113187&config=3,469,0,0
1775999198236,457,HTTP Request 3,200,OK,config 3 3-4,text,true,,231,168,6,18,http://stload.se.ifmo.ru:8080/?token=518472196&&user=-1356113187&config=3,457,0,0
1775999198568,491,HTTP Request 3,200,OK,config 3 3-5,text,true,,231,168,6,18,http://stload.se.ifmo.ru:8080/?token=518472196&&user=-1356113187&config=3,491,0,0
1775999198755,497,HTTP Request 3,200,OK,config 3 3-1,text,true,,231,168,6,18,http://stload.se.ifmo.ru:8080/?token=518472196&&user=-1356113187&config=3,497,0,0
1775999198903,506,HTTP Request 3,200,OK,config 3 3-6,text,true,,231,168,6,18,http://stload.se.ifmo.ru:8080/?token=518472196&&user=-1356113187&config=3,506,0,0
1775999199070,457,HTTP Request 3,200,OK,config 3 3-2,text,true,,231,168,6,18,http://stload.se.ifmo.ru:8080/?token=518472196&&user=-1356113187&config=3,457,0,0
1775999199404,490,HTTP Request 3,200,OK,config 3 3-3,text,true,,231,168,6,18,http://stload.se.ifmo.ru:8080/?token=518472196&&user=-1356113187&config=3,490,0,0
1775999199735,498,HTTP Request 3,200,OK,config 3 3-4,text,true,,231,168,6,18,http://stload.se.ifmo.ru:8080/?token=518472196&&user=-1356113187&config=3,498,0,0
1775999200068,450,HTTP Request 3,200,OK,config 3 3-5,text,true,,231,168,6,18,http://stload.se.ifmo.ru:8080/?token=518472196&&user=-1356113187&config=3,450,0,0
1775999200254,476,HTTP Request 3,200,OK,config 3 3-1,text,true,,231,168,6,18,http://stload.se.ifmo.ru:8080/?token=518472196&&user=-1356113187&config=3,476,0,0
1775999200403,453,HTTP Request 3,200,OK,config 3 3-6,text,true,,231,168,6,18,http://stload.se.ifmo.ru:8080/?token=518472196&&user=-1356113187&config=3,453,0,0
1775999200570,449,HTTP Request 3,200,OK,config 3 3-2,text,true,,231,168,6,18,http://stload.se.ifmo.ru:8080/?token=518472196&&user=-1356113187&config=3,449,0,0
1775999200904,449,HTTP Request 3,200,OK,config 3 3-3,text,true,,231,168,6,18,http://stload.se.ifmo.ru:8080/?token=518472196&&user=-1356113187&config=3,449,0,0
1775999201235,452,HTTP Request 3,200,OK,config 3 3-4,text,true,,231,168,6,18,http://stload.se.ifmo.ru:8080/?token=518472196&&user=-1356113187&config=3,452,0,0
1775999201569,464,HTTP Request 3,200,OK,config 3 3-5,text,true,,231,168,6,18,http://stload.se.ifmo.ru:8080/?token=518472196&&user=-1356113187&config=3,464,0,0
1775999201754,447,HTTP Request 3,200,OK,config 3 3-1,text,true,,231,168,6,18,http://stload.se.ifmo.ru:8080/?token=518472196&&user=-1356113187&config=3,447,0,0
1775999201903,556,HTTP Request 3,200,OK,config 3 3-6,text,true,,231,168,6,18,http://stload.se.ifmo.ru:8080/?token=518472196&&user=-1356113187&config=3,556,0,0
1775999202071,467,HTTP Request 3,200,OK,config 3 3-2,text,true,,231,168,6,18,http://stload.se.ifmo.ru:8080/?token=518472196&&user=-1356113187&config=3,467,0,0
1775999202403,500,HTTP Request 3,200,OK,config 3 3-3,text,true,,231,168,6,18,http://stload.se.ifmo.ru:8080/?token=518472196&&user=-1356113187&config=3,500,0,0
1775999202735,490,HTTP Request 3,200,OK,config 3 3-4,text,true,,231,168,6,18,http://stload.se.ifmo.ru:8080/?token=518472196&&user=-1356113187&config=3,490,0,0
1775999203068,447,HTTP Request 3,200,OK,config 3 3-5,text,true,,231,168,6,18,http://stload.se.ifmo.ru:8080/?token=518472196&&user=-1356113187&config=3,447,0,0
1775999203254,499,HTTP Request 3,200,OK,config 3 3-1,text,true,,231,168,6,18,http://stload.se.ifmo.ru:8080/?token=518472196&&user=-1356113187&config=3,499,0,0
1775999203403,463,HTTP Request 3,200,OK,config 3 3-6,text,true,,231,168,6,18,http://stload.se.ifmo.ru:8080/?token=518472196&&user=-1356113187&config=3,463,0,0
1775999203570,456,HTTP Request 3,200,OK,config 3 3-2,text,true,,231,168,6,18,http://stload.se.ifmo.ru:8080/?token=518472196&&user=-1356113187&config=3,456,0,0
1775999203903,453,HTTP Request 3,200,OK,config 3 3-3,text,true,,231,168,6,18,http://stload.se.ifmo.ru:8080/?token=518472196&&user=-1356113187&config=3,453,0,0
1775999204236,468,HTTP Request 3,200,OK,config 3 3-4,text,true,,231,168,6,18,http://stload.se.ifmo.ru:8080/?token=518472196&&user=-1356113187&config=3,468,0,0
1775999204568,500,HTTP Request 3,200,OK,config 3 3-5,text,true,,231,168,6,18,http://stload.se.ifmo.ru:8080/?token=518472196&&user=-1356113187&config=3,500,0,0
1775999204754,441,HTTP Request 3,200,OK,config 3 3-1,text,true,,231,168,6,18,http://stload.se.ifmo.ru:8080/?token=518472196&&user=-1356113187&config=3,441,0,0
1775999204904,509,HTTP Request 3,200,OK,config 3 3-6,text,true,,231,168,6,18,http://stload.se.ifmo.ru:8080/?token=518472196&&user=-1356113187&config=3,509,0,0
1775999205070,478,HTTP Request 3,200,OK,config 3 3-2,text,true,,231,168,6,18,http://stload.se.ifmo.ru:8080/?token=518472196&&user=-1356113187&config=3,478,0,0
1775999205404,454,HTTP Request 3,200,OK,config 3 3-3,text,true,,231,168,6,18,http://stload.se.ifmo.ru:8080/?token=518472196&&user=-1356113187&config=3,454,0,0
1775999205735,493,HTTP Request 3,200,OK,config 3 3-4,text,true,,231,168,6,18,http://stload.se.ifmo.ru:8080/?token=518472196&&user=-1356113187&config=3,493,0,0
1775999206068,484,HTTP Request 3,200,OK,config 3 3-5,text,true,,231,168,6,18,http://stload.se.ifmo.ru:8080/?token=518472196&&user=-1356113187&config=3,484,0,0
1775999206255,479,HTTP Request 3,200,OK,config 3 3-1,text,true,,231,168,6,18,http://stload.se.ifmo.ru:8080/?token=518472196&&user=-1356113187&config=3,479,0,0
1775999206403,455,HTTP Request 3,200,OK,config 3 3-6,text,true,,231,168,6,18,http://stload.se.ifmo.ru:8080/?token=518472196&&user=-1356113187&config=3,455,0,0
1775999206570,531,HTTP Request 3,200,OK,config 3 3-2,text,true,,231,168,6,18,http://stload.se.ifmo.ru:8080/?token=518472196&&user=-1356113187&config=3,531,0,0
1775999206903,464,HTTP Request 3,200,OK,config 3 3-3,text,true,,231,168,6,18,http://stload.se.ifmo.ru:8080/?token=518472196&&user=-1356113187&config=3,464,0,0
1775999207235,458,HTTP Request 3,200,OK,config 3 3-4,text,true,,231,168,6,18,http://stload.se.ifmo.ru:8080/?token=518472196&&user=-1356113187&config=3,458,0,0
1775999207568,492,HTTP Request 3,200,OK,config 3 3-5,text,true,,231,168,6,18,http://stload.se.ifmo.ru:8080/?token=518472196&&user=-1356113187&config=3,492,0,0
1775999207754,437,HTTP Request 3,200,OK,config 3 3-1,text,true,,231,168,6,18,http://stload.se.ifmo.ru:8080/?token=518472196&&user=-1356113187&config=3,437,0,0
1775999207903,490,HTTP Request 3,200,OK,config 3 3-6,text,true,,231,168,6,18,http://stload.se.ifmo.ru:8080/?token=518472196&&user=-1356113187&config=3,490,0,0
1775999208070,476,HTTP Request 3,200,OK,config 3 3-2,text,true,,231,168,6,18,http://stload.se.ifmo.ru:8080/?token=518472196&&user=-1356113187&config=3,476,0,0
1775999208403,444,HTTP Request 3,200,OK,config 3 3-3,text,true,,231,168,6,18,http://stload.se.ifmo.ru:8080/?token=518472196&&user=-1356113187&config=3,444,0,0
1775999208736,462,HTTP Request 3,200,OK,config 3 3-4,text,true,,231,168,6,18,http://stload.se.ifmo.ru:8080/?token=518472196&&user=-1356113187&config=3,462,0,0
1775999209068,478,HTTP Request 3,200,OK,config 3 3-5,text,true,,231,168,6,18,http://stload.se.ifmo.ru:8080/?token=518472196&&user=-1356113187&config=3,478,0,0
1775999209254,510,HTTP Request 3,200,OK,config 3 3-1,text,true,,231,168,6,18,http://stload.se.ifmo.ru:8080/?token=518472196&&user=-1356113187&config=3,510,0,0
1775999209403,485,HTTP Request 3,200,OK,config 3 3-6,text,true,,231,168,6,18,http://stload.se.ifmo.ru:8080/?token=518472196&&user=-1356113187&config=3,485,0,0
1775999209570,446,HTTP Request 3,200,OK,config 3 3-2,text,true,,231,168,6,18,http://stload.se.ifmo.ru:8080/?token=518472196&&user=-1356113187&config=3,446,0,0
1775999209903,490,HTTP Request 3,200,OK,config 3 3-3,text,true,,231,168,6,18,http://stload.se.ifmo.ru:8080/?token=518472196&&user=-1356113187&config=3,490,0,0
1775999210235,487,HTTP Request 3,200,OK,config 3 3-4,text,true,,231,168,6,18,http://stload.se.ifmo.ru:8080/?token=518472196&&user=-1356113187&config=3,487,0,0
1775999210568,459,HTTP Request 3,200,OK,config 3 3-5,text,true,,231,168,6,18,http://stload.se.ifmo.ru:8080/?token=518472196&&user=-1356113187&config=3,459,0,0
1775999210754,487,HTTP Request 3,200,OK,config 3 3-1,text,true,,231,168,6,18,http://stload.se.ifmo.ru:8080/?token=518472196&&user=-1356113187&config=3,487,0,0
1775999210903,472,HTTP Request 3,200,OK,config 3 3-6,text,true,,231,168,6,18,http://stload.se.ifmo.ru:8080/?token=518472196&&user=-1356113187&config=3,472,0,0
1775999211070,457,HTTP Request 3,200,OK,config 3 3-2,text,true,,231,168,6,18,http://stload.se.ifmo.ru:8080/?token=518472196&&user=-1356113187&config=3,457,0,0
1775999211403,458,HTTP Request 3,200,OK,config 3 3-3,text,true,,231,168,6,18,http://stload.se.ifmo.ru:8080/?token=518472196&&user=-1356113187&config=3,458,0,0
1775999211735,461,HTTP Request 3,200,OK,config 3 3-4,text,true,,231,168,6,18,http://stload.se.ifmo.ru:8080/?token=518472196&&user=-1356113187&config=3,461,0,0
1775999212068,467,HTTP Request 3,200,OK,config 3 3-5,text,true,,231,168,6,18,http://stload.se.ifmo.ru:8080/?token=518472196&&user=-1356113187&config=3,467,0,0
1775999212254,494,HTTP Request 3,200,OK,config 3 3-1,text,true,,231,168,6,18,http://stload.se.ifmo.ru:8080/?token=518472196&&user=-1356113187&config=3,494,0,0
1775999212404,458,HTTP Request 3,200,OK,config 3 3-6,text,true,,231,168,6,18,http://stload.se.ifmo.ru:8080/?token=518472196&&user=-1356113187&config=3,458,0,0
1775999212570,459,HTTP Request 3,200,OK,config 3 3-2,text,true,,231,168,6,18,http://stload.se.ifmo.ru:8080/?token=518472196&&user=-1356113187&config=3,459,0,0
1775999212903,460,HTTP Request 3,200,OK,config 3 3-3,text,true,,231,168,6,18,http://stload.se.ifmo.ru:8080/?token=518472196&&user=-1356113187&config=3,460,0,0
1775999213235,454,HTTP Request 3,200,OK,config 3 3-4,text,true,,231,168,6,18,http://stload.se.ifmo.ru:8080/?token=518472196&&user=-1356113187&config=3,454,0,0
1775999213568,485,HTTP Request 3,200,OK,config 3 3-5,text,true,,231,168,6,18,http://stload.se.ifmo.ru:8080/?token=518472196&&user=-1356113187&config=3,485,0,0
1775999213754,509,HTTP Request 3,200,OK,config 3 3-1,text,true,,231,168,6,18,http://stload.se.ifmo.ru:8080/?token=518472196&&user=-1356113187&config=3,509,0,0
1775999213903,498,HTTP Request 3,200,OK,config 3 3-6,text,true,,231,168,6,18,http://stload.se.ifmo.ru:8080/?token=518472196&&user=-1356113187&config=3,498,0,0
1775999214070,459,HTTP Request 3,200,OK,config 3 3-2,text,true,,231,168,6,18,http://stload.se.ifmo.ru:8080/?token=518472196&&user=-1356113187&config=3,459,0,0
1775999214404,455,HTTP Request 3,200,OK,config 3 3-3,text,true,,231,168,6,18,http://stload.se.ifmo.ru:8080/?token=518472196&&user=-1356113187&config=3,455,0,0
1775999214735,453,HTTP Request 3,200,OK,config 3 3-4,text,true,,231,168,6,18,http://stload.se.ifmo.ru:8080/?token=518472196&&user=-1356113187&config=3,453,0,0
1775999215068,481,HTTP Request 3,200,OK,config 3 3-5,text,true,,231,168,6,18,http://stload.se.ifmo.ru:8080/?token=518472196&&user=-1356113187&config=3,481,0,0
1775999215254,479,HTTP Request 3,200,OK,config 3 3-1,text,true,,231,168,6,18,http://stload.se.ifmo.ru:8080/?token=518472196&&user=-1356113187&config=3,479,0,0
1775999215404,485,HTTP Request 3,200,OK,config 3 3-6,text,true,,231,168,6,18,http://stload.se.ifmo.ru:8080/?token=518472196&&user=-1356113187&config=3,485,0,0
1775999215570,470,HTTP Request 3,200,OK,config 3 3-2,text,true,,231,168,6,18,http://stload.se.ifmo.ru:8080/?token=518472196&&user=-1356113187&config=3,470,0,0
1775999215904,476,HTTP Request 3,200,OK,config 3 3-3,text,true,,231,168,6,18,http://stload.se.ifmo.ru:8080/?token=518472196&&user=-1356113187&config=3,476,0,0
1775999216235,493,HTTP Request 3,200,OK,config 3 3-4,text,true,,231,168,6,18,http://stload.se.ifmo.ru:8080/?token=518472196&&user=-1356113187&config=3,493,0,0
1775999216568,460,HTTP Request 3,200,OK,config 3 3-5,text,true,,231,168,6,18,http://stload.se.ifmo.ru:8080/?token=518472196&&user=-1356113187&config=3,460,0,0
1775999216754,484,HTTP Request 3,200,OK,config 3 3-1,text,true,,231,168,6,18,http://stload.se.ifmo.ru:8080/?token=518472196&&user=-1356113187&config=3,484,0,0
1775999216903,474,HTTP Request 3,200,OK,config 3 3-6,text,true,,231,168,6,18,http://stload.se.ifmo.ru:8080/?token=518472196&&user=-1356113187&config=3,474,0,0
1775999217070,500,HTTP Request 3,200,OK,config 3 3-2,text,true,,231,168,6,18,http://stload.se.ifmo.ru:8080/?token=518472196&&user=-1356113187&config=3,500,0,0
1775999217403,456,HTTP Request 3,200,OK,config 3 3-3,text,true,,231,168,6,18,http://stload.se.ifmo.ru:8080/?token=518472196&&user=-1356113187&config=3,456,0,0
1775999217735,496,HTTP Request 3,200,OK,config 3 3-4,text,true,,231,168,6,18,http://stload.se.ifmo.ru:8080/?token=518472196&&user=-1356113187&config=3,496,0,0
1775999218069,481,HTTP Request 3,200,OK,config 3 3-5,text,true,,231,168,6,18,http://stload.se.ifmo.ru:8080/?token=518472196&&user=-1356113187&config=3,481,0,0
1775999218255,490,HTTP Request 3,200,OK,config 3 3-1,text,true,,231,168,6,18,http://stload.se.ifmo.ru:8080/?token=518472196&&user=-1356113187&config=3,490,0,0
1775999218404,458,HTTP Request 3,200,OK,config 3 3-6,text,true,,231,168,6,18,http://stload.se.ifmo.ru:8080/?token=518472196&&user=-1356113187&config=3,458,0,0
1775999218570,516,HTTP Request 3,200,OK,config 3 3-2,text,true,,231,168,6,18,http://stload.se.ifmo.ru:8080/?token=518472196&&user=-1356113187&config=3,516,0,0
1775999218904,470,HTTP Request 3,200,OK,config 3 3-3,text,true,,231,168,6,18,http://stload.se.ifmo.ru:8080/?token=518472196&&user=-1356113187&config=3,470,0,0
1775999219235,463,HTTP Request 3,200,OK,config 3 3-4,text,true,,231,168,6,18,http://stload.se.ifmo.ru:8080/?token=518472196&&user=-1356113187&config=3,463,0,0
1775999219568,485,HTTP Request 3,200,OK,config 3 3-5,text,true,,231,168,6,18,http://stload.se.ifmo.ru:8080/?token=518472196&&user=-1356113187&config=3,485,0,0
1775999219754,443,HTTP Request 3,200,OK,config 3 3-1,text,true,,231,168,6,18,http://stload.se.ifmo.ru:8080/?token=518472196&&user=-1356113187&config=3,443,0,0
1775999219903,503,HTTP Request 3,200,OK,config 3 3-6,text,true,,231,168,6,18,http://stload.se.ifmo.ru:8080/?token=518472196&&user=-1356113187&config=3,503,0,0
1775999220070,450,HTTP Request 3,200,OK,config 3 3-2,text,true,,231,168,6,18,http://stload.se.ifmo.ru:8080/?token=518472196&&user=-1356113187&config=3,450,0,0
1775999220403,448,HTTP Request 3,200,OK,config 3 3-3,text,true,,231,168,6,18,http://stload.se.ifmo.ru:8080/?token=518472196&&user=-1356113187&config=3,448,0,0
1775999220735,485,HTTP Request 3,200,OK,config 3 3-4,text,true,,231,168,6,18,http://stload.se.ifmo.ru:8080/?token=518472196&&user=-1356113187&config=3,485,0,0
1775999221068,469,HTTP Request 3,200,OK,config 3 3-5,text,true,,231,168,6,18,http://stload.se.ifmo.ru:8080/?token=518472196&&user=-1356113187&config=3,469,0,0
1775999221254,573,HTTP Request 3,200,OK,config 3 3-1,text,true,,231,168,6,18,http://stload.se.ifmo.ru:8080/?token=518472196&&user=-1356113187&config=3,573,0,0
1775999221404,460,HTTP Request 3,200,OK,config 3 3-6,text,true,,231,168,6,18,http://stload.se.ifmo.ru:8080/?token=518472196&&user=-1356113187&config=3,460,0,0
1775999221570,472,HTTP Request 3,200,OK,config 3 3-2,text,true,,231,168,6,18,http://stload.se.ifmo.ru:8080/?token=518472196&&user=-1356113187&config=3,472,0,0
1775999221903,459,HTTP Request 3,200,OK,config 3 3-3,text,true,,231,168,6,18,http://stload.se.ifmo.ru:8080/?token=518472196&&user=-1356113187&config=3,459,0,0
1775999222236,447,HTTP Request 3,200,OK,config 3 3-4,text,true,,231,168,6,18,http://stload.se.ifmo.ru:8080/?token=518472196&&user=-1356113187&config=3,447,0,0
1775999222568,457,HTTP Request 3,200,OK,config 3 3-5,text,true,,231,168,6,18,http://stload.se.ifmo.ru:8080/?token=518472196&&user=-1356113187&config=3,457,0,0
1775999222754,439,HTTP Request 3,200,OK,config 3 3-1,text,true,,231,168,6,18,http://stload.se.ifmo.ru:8080/?token=518472196&&user=-1356113187&config=3,439,0,0
1775999222903,473,HTTP Request 3,200,OK,config 3 3-6,text,true,,231,168,6,18,http://stload.se.ifmo.ru:8080/?token=518472196&&user=-1356113187&config=3,473,0,0
1775999223070,458,HTTP Request 3,200,OK,config 3 3-2,text,true,,231,168,6,18,http://stload.se.ifmo.ru:8080/?token=518472196&&user=-1356113187&config=3,458,0,0
1775999223404,457,HTTP Request 3,200,OK,config 3 3-3,text,true,,231,168,6,18,http://stload.se.ifmo.ru:8080/?token=518472196&&user=-1356113187&config=3,457,0,0
1775999223735,465,HTTP Request 3,200,OK,config 3 3-4,text,true,,231,168,6,18,http://stload.se.ifmo.ru:8080/?token=518472196&&user=-1356113187&config=3,465,0,0
1775999224068,472,HTTP Request 3,200,OK,config 3 3-5,text,true,,231,168,6,18,http://stload.se.ifmo.ru:8080/?token=518472196&&user=-1356113187&config=3,472,0,0
1775999224254,487,HTTP Request 3,200,OK,config 3 3-1,text,true,,231,168,6,18,http://stload.se.ifmo.ru:8080/?token=518472196&&user=-1356113187&config=3,487,0,0
1775999224403,455,HTTP Request 3,200,OK,config 3 3-6,text,true,,231,168,6,18,http://stload.se.ifmo.ru:8080/?token=518472196&&user=-1356113187&config=3,455,0,0
1775999224571,451,HTTP Request 3,200,OK,config 3 3-2,text,true,,231,168,6,18,http://stload.se.ifmo.ru:8080/?token=518472196&&user=-1356113187&config=3,451,0,0
1775999224904,457,HTTP Request 3,200,OK,config 3 3-3,text,true,,231,168,6,18,http://stload.se.ifmo.ru:8080/?token=518472196&&user=-1356113187&config=3,457,0,0
1775999225235,457,HTTP Request 3,200,OK,config 3 3-4,text,true,,231,168,6,18,http://stload.se.ifmo.ru:8080/?token=518472196&&user=-1356113187&config=3,457,0,0
1775999225568,461,HTTP Request 3,200,OK,config 3 3-5,text,true,,231,168,6,18,http://stload.se.ifmo.ru:8080/?token=518472196&&user=-1356113187&config=3,461,0,0
1775999225755,449,HTTP Request 3,200,OK,config 3 3-1,text,true,,231,168,6,18,http://stload.se.ifmo.ru:8080/?token=518472196&&user=-1356113187&config=3,449,0,0
1775999225903,474,HTTP Request 3,200,OK,config 3 3-6,text,true,,231,168,6,18,http://stload.se.ifmo.ru:8080/?token=518472196&&user=-1356113187&config=3,474,0,0
1775999226070,456,HTTP Request 3,200,OK,config 3 3-2,text,true,,231,168,6,18,http://stload.se.ifmo.ru:8080/?token=518472196&&user=-1356113187&config=3,456,0,0
1775999226403,472,HTTP Request 3,200,OK,config 3 3-3,text,true,,231,168,6,18,http://stload.se.ifmo.ru:8080/?token=518472196&&user=-1356113187&config=3,472,0,0
1775999226735,453,HTTP Request 3,200,OK,config 3 3-4,text,true,,231,168,6,18,http://stload.se.ifmo.ru:8080/?token=518472196&&user=-1356113187&config=3,453,0,0
1775999227068,507,HTTP Request 3,200,OK,config 3 3-5,text,true,,231,168,6,18,http://stload.se.ifmo.ru:8080/?token=518472196&&user=-1356113187&config=3,507,0,0
1775999227254,462,HTTP Request 3,200,OK,config 3 3-1,text,true,,231,168,6,18,http://stload.se.ifmo.ru:8080/?token=518472196&&user=-1356113187&config=3,462,0,0
1775999227403,448,HTTP Request 3,200,OK,config 3 3-6,text,true,,231,168,6,18,http://stload.se.ifmo.ru:8080/?token=518472196&&user=-1356113187&config=3,448,0,0
1775999227570,506,HTTP Request 3,200,OK,config 3 3-2,text,true,,231,168,6,18,http://stload.se.ifmo.ru:8080/?token=518472196&&user=-1356113187&config=3,506,0,0
1775999227903,449,HTTP Request 3,200,OK,config 3 3-3,text,true,,231,168,6,18,http://stload.se.ifmo.ru:8080/?token=518472196&&user=-1356113187&config=3,449,0,0
1775999228236,453,HTTP Request 3,200,OK,config 3 3-4,text,true,,231,168,6,18,http://stload.se.ifmo.ru:8080/?token=518472196&&user=-1356113187&config=3,453,0,0
1775999228569,504,HTTP Request 3,200,OK,config 3 3-5,text,true,,231,168,6,18,http://stload.se.ifmo.ru:8080/?token=518472196&&user=-1356113187&config=3,504,0,0
1775999228754,449,HTTP Request 3,200,OK,config 3 3-1,text,true,,231,168,6,18,http://stload.se.ifmo.ru:8080/?token=518472196&&user=-1356113187&config=3,449,0,0
1775999228903,450,HTTP Request 3,200,OK,config 3 3-6,text,true,,231,168,6,18,http://stload.se.ifmo.ru:8080/?token=518472196&&user=-1356113187&config=3,450,0,0
1775999229071,447,HTTP Request 3,200,OK,config 3 3-2,text,true,,231,168,6,18,http://stload.se.ifmo.ru:8080/?token=518472196&&user=-1356113187&config=3,447,0,0
1775999229403,449,HTTP Request 3,200,OK,config 3 3-3,text,true,,231,168,6,18,http://stload.se.ifmo.ru:8080/?token=518472196&&user=-1356113187&config=3,449,0,0
1775999229735,454,HTTP Request 3,200,OK,config 3 3-4,text,true,,231,168,6,18,http://stload.se.ifmo.ru:8080/?token=518472196&&user=-1356113187&config=3,454,0,0
1775999230068,503,HTTP Request 3,200,OK,config 3 3-5,text,true,,231,168,6,18,http://stload.se.ifmo.ru:8080/?token=518472196&&user=-1356113187&config=3,503,0,0
1775999230254,445,HTTP Request 3,200,OK,config 3 3-1,text,true,,231,168,6,18,http://stload.se.ifmo.ru:8080/?token=518472196&&user=-1356113187&config=3,445,0,0
1775999230403,493,HTTP Request 3,200,OK,config 3 3-6,text,true,,231,168,6,18,http://stload.se.ifmo.ru:8080/?token=518472196&&user=-1356113187&config=3,493,0,0
1775999230570,467,HTTP Request 3,200,OK,config 3 3-2,text,true,,231,168,6,18,http://stload.se.ifmo.ru:8080/?token=518472196&&user=-1356113187&config=3,467,0,0
1775999230903,462,HTTP Request 3,200,OK,config 3 3-3,text,true,,231,168,6,18,http://stload.se.ifmo.ru:8080/?token=518472196&&user=-1356113187&config=3,462,0,0
1775999231236,448,HTTP Request 3,200,OK,config 3 3-4,text,true,,231,168,6,18,http://stload.se.ifmo.ru:8080/?token=518472196&&user=-1356113187&config=3,448,0,0
1775999231568,486,HTTP Request 3,200,OK,config 3 3-5,text,true,,231,168,6,18,http://stload.se.ifmo.ru:8080/?token=518472196&&user=-1356113187&config=3,486,0,0
1775999231754,497,HTTP Request 3,200,OK,config 3 3-1,text,true,,231,168,6,18,http://stload.se.ifmo.ru:8080/?token=518472196&&user=-1356113187&config=3,497,0,0
1775999231904,458,HTTP Request 3,200,OK,config 3 3-6,text,true,,231,168,6,18,http://stload.se.ifmo.ru:8080/?token=518472196&&user=-1356113187&config=3,458,0,0
1775999232070,454,HTTP Request 3,200,OK,config 3 3-2,text,true,,231,168,6,18,http://stload.se.ifmo.ru:8080/?token=518472196&&user=-1356113187&config=3,454,0,0
1775999232403,456,HTTP Request 3,200,OK,config 3 3-3,text,true,,231,168,6,18,http://stload.se.ifmo.ru:8080/?token=518472196&&user=-1356113187&config=3,456,0,0
1775999232735,467,HTTP Request 3,200,OK,config 3 3-4,text,true,,231,168,6,18,http://stload.se.ifmo.ru:8080/?token=518472196&&user=-1356113187&config=3,467,0,0
1775999233068,479,HTTP Request 3,200,OK,config 3 3-5,text,true,,231,168,6,18,http://stload.se.ifmo.ru:8080/?token=518472196&&user=-1356113187&config=3,479,0,0
1775999233254,535,HTTP Request 3,200,OK,config 3 3-1,text,true,,231,168,6,18,http://stload.se.ifmo.ru:8080/?token=518472196&&user=-1356113187&config=3,535,0,36
1775999233403,449,HTTP Request 3,200,OK,config 3 3-6,text,true,,231,168,6,18,http://stload.se.ifmo.ru:8080/?token=518472196&&user=-1356113187&config=3,449,0,0
1775999233570,458,HTTP Request 3,200,OK,config 3 3-2,text,true,,231,168,6,18,http://stload.se.ifmo.ru:8080/?token=518472196&&user=-1356113187&config=3,458,0,0
1775999233903,448,HTTP Request 3,200,OK,config 3 3-3,text,true,,231,168,6,18,http://stload.se.ifmo.ru:8080/?token=518472196&&user=-1356113187&config=3,448,0,0
1775999234235,475,HTTP Request 3,200,OK,config 3 3-4,text,true,,231,168,6,18,http://stload.se.ifmo.ru:8080/?token=518472196&&user=-1356113187&config=3,475,0,0
1775999234568,505,HTTP Request 3,200,OK,config 3 3-5,text,true,,231,168,6,18,http://stload.se.ifmo.ru:8080/?token=518472196&&user=-1356113187&config=3,505,0,0
1775999234754,488,HTTP Request 3,200,OK,config 3 3-1,text,true,,231,168,6,18,http://stload.se.ifmo.ru:8080/?token=518472196&&user=-1356113187&config=3,488,0,0
1775999234903,481,HTTP Request 3,200,OK,config 3 3-6,text,true,,231,168,6,18,http://stload.se.ifmo.ru:8080/?token=518472196&&user=-1356113187&config=3,481,0,0
1775999235070,486,HTTP Request 3,200,OK,config 3 3-2,text,true,,231,168,6,18,http://stload.se.ifmo.ru:8080/?token=518472196&&user=-1356113187&config=3,486,0,29
1775999235403,464,HTTP Request 3,200,OK,config 3 3-3,text,true,,231,168,6,18,http://stload.se.ifmo.ru:8080/?token=518472196&&user=-1356113187&config=3,464,0,0
1775999235736,474,HTTP Request 3,200,OK,config 3 3-4,text,true,,231,168,6,18,http://stload.se.ifmo.ru:8080/?token=518472196&&user=-1356113187&config=3,474,0,0
1775999236069,476,HTTP Request 3,200,OK,config 3 3-5,text,true,,231,168,6,18,http://stload.se.ifmo.ru:8080/?token=518472196&&user=-1356113187&config=3,476,0,0
1775999236254,525,HTTP Request 3,200,OK,config 3 3-1,text,true,,231,168,6,18,http://stload.se.ifmo.ru:8080/?token=518472196&&user=-1356113187&config=3,525,0,0
1775999236403,493,HTTP Request 3,200,OK,config 3 3-6,text,true,,231,168,6,18,http://stload.se.ifmo.ru:8080/?token=518472196&&user=-1356113187&config=3,493,0,0
1775999236570,472,HTTP Request 3,200,OK,config 3 3-2,text,true,,231,168,6,18,http://stload.se.ifmo.ru:8080/?token=518472196&&user=-1356113187&config=3,472,0,0
1775999236903,484,HTTP Request 3,200,OK,config 3 3-3,text,true,,231,168,6,18,http://stload.se.ifmo.ru:8080/?token=518472196&&user=-1356113187&config=3,484,0,0
1775999237235,452,HTTP Request 3,200,OK,config 3 3-4,text,true,,231,168,6,18,http://stload.se.ifmo.ru:8080/?token=518472196&&user=-1356113187&config=3,452,0,0
1775999237568,457,HTTP Request 3,200,OK,config 3 3-5,text,true,,231,168,6,18,http://stload.se.ifmo.ru:8080/?token=518472196&&user=-1356113187&config=3,457,0,0
1775999237754,455,HTTP Request 3,200,OK,config 3 3-1,text,true,,231,168,6,18,http://stload.se.ifmo.ru:8080/?token=518472196&&user=-1356113187&config=3,455,0,0
1775999237903,473,HTTP Request 3,200,OK,config 3 3-6,text,true,,231,168,6,18,http://stload.se.ifmo.ru:8080/?token=518472196&&user=-1356113187&config=3,473,0,0
1775999238070,446,HTTP Request 3,200,OK,config 3 3-2,text,true,,231,168,6,18,http://stload.se.ifmo.ru:8080/?token=518472196&&user=-1356113187&config=3,446,0,0
1775999238403,465,HTTP Request 3,200,OK,config 3 3-3,text,true,,231,168,6,18,http://stload.se.ifmo.ru:8080/?token=518472196&&user=-1356113187&config=3,465,0,0
1775999238736,477,HTTP Request 3,200,OK,config 3 3-4,text,true,,231,168,6,18,http://stload.se.ifmo.ru:8080/?token=518472196&&user=-1356113187&config=3,477,0,0
1775999239069,454,HTTP Request 3,200,OK,config 3 3-5,text,true,,231,168,6,18,http://stload.se.ifmo.ru:8080/?token=518472196&&user=-1356113187&config=3,453,0,0
1775999239255,467,HTTP Request 3,200,OK,config 3 3-1,text,true,,231,168,6,18,http://stload.se.ifmo.ru:8080/?token=518472196&&user=-1356113187&config=3,467,0,0
1775999239403,454,HTTP Request 3,200,OK,config 3 3-6,text,true,,231,168,6,18,http://stload.se.ifmo.ru:8080/?token=518472196&&user=-1356113187&config=3,454,0,0
1775999239570,503,HTTP Request 3,200,OK,config 3 3-2,text,true,,231,168,6,18,http://stload.se.ifmo.ru:8080/?token=518472196&&user=-1356113187&config=3,503,0,0
1775999239904,545,HTTP Request 3,200,OK,config 3 3-3,text,true,,231,168,6,18,http://stload.se.ifmo.ru:8080/?token=518472196&&user=-1356113187&config=3,545,0,38
1775999240235,449,HTTP Request 3,200,OK,config 3 3-4,text,true,,231,168,6,18,http://stload.se.ifmo.ru:8080/?token=518472196&&user=-1356113187&config=3,449,0,0
1775999240568,472,HTTP Request 3,200,OK,config 3 3-5,text,true,,231,168,6,18,http://stload.se.ifmo.ru:8080/?token=518472196&&user=-1356113187&config=3,472,0,0
1775999240754,441,HTTP Request 3,200,OK,config 3 3-1,text,true,,231,168,6,18,http://stload.se.ifmo.ru:8080/?token=518472196&&user=-1356113187&config=3,441,0,0
1775999240904,518,HTTP Request 3,200,OK,config 3 3-6,text,true,,231,168,6,18,http://stload.se.ifmo.ru:8080/?token=518472196&&user=-1356113187&config=3,518,0,0
1775999241070,459,HTTP Request 3,200,OK,config 3 3-2,text,true,,231,168,6,18,http://stload.se.ifmo.ru:8080/?token=518472196&&user=-1356113187&config=3,459,0,0
1775999241403,461,HTTP Request 3,200,OK,config 3 3-3,text,true,,231,168,6,18,http://stload.se.ifmo.ru:8080/?token=518472196&&user=-1356113187&config=3,461,0,0
1775999241735,502,HTTP Request 3,200,OK,config 3 3-4,text,true,,231,168,6,18,http://stload.se.ifmo.ru:8080/?token=518472196&&user=-1356113187&config=3,502,0,0
1775999242068,473,HTTP Request 3,200,OK,config 3 3-5,text,true,,231,168,6,18,http://stload.se.ifmo.ru:8080/?token=518472196&&user=-1356113187&config=3,473,0,0
1775999242254,506,HTTP Request 3,200,OK,config 3 3-1,text,true,,231,168,6,18,http://stload.se.ifmo.ru:8080/?token=518472196&&user=-1356113187&config=3,506,0,0
1775999242403,450,HTTP Request 3,200,OK,config 3 3-6,text,true,,231,168,6,18,http://stload.se.ifmo.ru:8080/?token=518472196&&user=-1356113187&config=3,450,0,0
1775999242570,513,HTTP Request 3,200,OK,config 3 3-2,text,true,,231,168,6,18,http://stload.se.ifmo.ru:8080/?token=518472196&&user=-1356113187&config=3,513,0,0
1775999242903,504,HTTP Request 3,200,OK,config 3 3-3,text,true,,231,168,6,18,http://stload.se.ifmo.ru:8080/?token=518472196&&user=-1356113187&config=3,504,0,0
1775999243235,534,HTTP Request 3,200,OK,config 3 3-4,text,true,,231,168,6,18,http://stload.se.ifmo.ru:8080/?token=518472196&&user=-1356113187&config=3,534,0,79
1775999243568,496,HTTP Request 3,200,OK,config 3 3-5,text,true,,231,168,6,18,http://stload.se.ifmo.ru:8080/?token=518472196&&user=-1356113187&config=3,496,0,0
1775999243754,446,HTTP Request 3,200,OK,config 3 3-1,text,true,,231,168,6,18,http://stload.se.ifmo.ru:8080/?token=518472196&&user=-1356113187&config=3,446,0,0
1775999243903,455,HTTP Request 3,200,OK,config 3 3-6,text,true,,231,168,6,18,http://stload.se.ifmo.ru:8080/?token=518472196&&user=-1356113187&config=3,455,0,0
1775999244070,505,HTTP Request 3,200,OK,config 3 3-2,text,true,,231,168,6,18,http://stload.se.ifmo.ru:8080/?token=518472196&&user=-1356113187&config=3,505,0,0
1775999244403,487,HTTP Request 3,200,OK,config 3 3-3,text,true,,231,168,6,18,http://stload.se.ifmo.ru:8080/?token=518472196&&user=-1356113187&config=3,487,0,0
1775999244735,515,HTTP Request 3,200,OK,config 3 3-4,text,true,,231,168,6,18,http://stload.se.ifmo.ru:8080/?token=518472196&&user=-1356113187&config=3,515,0,0
1775999245068,469,HTTP Request 3,200,OK,config 3 3-5,text,true,,231,168,6,18,http://stload.se.ifmo.ru:8080/?token=518472196&&user=-1356113187&config=3,469,0,0
1775999245254,497,HTTP Request 3,200,OK,config 3 3-1,text,true,,231,168,6,18,http://stload.se.ifmo.ru:8080/?token=518472196&&user=-1356113187&config=3,497,0,0
1775999245403,453,HTTP Request 3,200,OK,config 3 3-6,text,true,,231,168,6,18,http://stload.se.ifmo.ru:8080/?token=518472196&&user=-1356113187&config=3,453,0,0
1775999245571,460,HTTP Request 3,200,OK,config 3 3-2,text,true,,231,168,6,18,http://stload.se.ifmo.ru:8080/?token=518472196&&user=-1356113187&config=3,460,0,0
1775999245903,457,HTTP Request 3,200,OK,config 3 3-3,text,true,,231,168,6,18,http://stload.se.ifmo.ru:8080/?token=518472196&&user=-1356113187&config=3,457,0,0
1775999246235,459,HTTP Request 3,200,OK,config 3 3-4,text,true,,231,168,6,18,http://stload.se.ifmo.ru:8080/?token=518472196&&user=-1356113187&config=3,459,0,0
1775999246568,610,HTTP Request 3,200,OK,config 3 3-5,text,true,,231,168,6,18,http://stload.se.ifmo.ru:8080/?token=518472196&&user=-1356113187&config=3,610,0,112
1775999246755,498,HTTP Request 3,200,OK,config 3 3-1,text,true,,231,168,6,18,http://stload.se.ifmo.ru:8080/?token=518472196&&user=-1356113187&config=3,498,0,0
1775999246904,502,HTTP Request 3,200,OK,config 3 3-6,text,true,,231,168,6,18,http://stload.se.ifmo.ru:8080/?token=518472196&&user=-1356113187&config=3,502,0,0
1775999247070,451,HTTP Request 3,200,OK,config 3 3-2,text,true,,231,168,6,18,http://stload.se.ifmo.ru:8080/?token=518472196&&user=-1356113187&config=3,451,0,0
1775999247403,498,HTTP Request 3,200,OK,config 3 3-3,text,true,,231,168,6,18,http://stload.se.ifmo.ru:8080/?token=518472196&&user=-1356113187&config=3,498,0,0
1775999247736,486,HTTP Request 3,200,OK,config 3 3-4,text,true,,231,168,6,18,http://stload.se.ifmo.ru:8080/?token=518472196&&user=-1356113187&config=3,486,0,0
1775999248068,521,HTTP Request 3,200,OK,config 3 3-5,text,true,,231,168,6,18,http://stload.se.ifmo.ru:8080/?token=518472196&&user=-1356113187&config=3,521,0,0
1775999248255,481,HTTP Request 3,200,OK,config 3 3-1,text,true,,231,168,6,18,http://stload.se.ifmo.ru:8080/?token=518472196&&user=-1356113187&config=3,481,0,0
1775999248403,550,HTTP Request 3,200,OK,config 3 3-6,text,true,,231,168,6,18,http://stload.se.ifmo.ru:8080/?token=518472196&&user=-1356113187&config=3,550,0,54
1775999248571,479,HTTP Request 3,200,OK,config 3 3-2,text,true,,231,168,6,18,http://stload.se.ifmo.ru:8080/?token=518472196&&user=-1356113187&config=3,479,0,0
1775999248903,483,HTTP Request 3,200,OK,config 3 3-3,text,true,,231,168,6,18,http://stload.se.ifmo.ru:8080/?token=518472196&&user=-1356113187&config=3,483,0,0
1775999249235,474,HTTP Request 3,200,OK,config 3 3-4,text,true,,231,168,6,18,http://stload.se.ifmo.ru:8080/?token=518472196&&user=-1356113187&config=3,473,0,0
1775999249569,468,HTTP Request 3,200,OK,config 3 3-5,text,true,,231,168,6,18,http://stload.se.ifmo.ru:8080/?token=518472196&&user=-1356113187&config=3,468,0,0
1775999249754,463,HTTP Request 3,200,OK,config 3 3-1,text,true,,231,168,6,18,http://stload.se.ifmo.ru:8080/?token=518472196&&user=-1356113187&config=3,463,0,0
1775999249904,477,HTTP Request 3,200,OK,config 3 3-6,text,true,,231,168,6,18,http://stload.se.ifmo.ru:8080/?token=518472196&&user=-1356113187&config=3,477,0,0
1775999250070,466,HTTP Request 3,200,OK,config 3 3-2,text,true,,231,168,6,18,http://stload.se.ifmo.ru:8080/?token=518472196&&user=-1356113187&config=3,466,0,0
1775999250403,472,HTTP Request 3,200,OK,config 3 3-3,text,true,,231,168,6,18,http://stload.se.ifmo.ru:8080/?token=518472196&&user=-1356113187&config=3,472,0,0
1775999250735,493,HTTP Request 3,200,OK,config 3 3-4,text,true,,231,168,6,18,http://stload.se.ifmo.ru:8080/?token=518472196&&user=-1356113187&config=3,493,0,0
1775999251068,487,HTTP Request 3,200,OK,config 3 3-5,text,true,,231,168,6,18,http://stload.se.ifmo.ru:8080/?token=518472196&&user=-1356113187&config=3,487,0,0
1775999251254,456,HTTP Request 3,200,OK,config 3 3-1,text,true,,231,168,6,18,http://stload.se.ifmo.ru:8080/?token=518472196&&user=-1356113187&config=3,456,0,0
1775999251404,455,HTTP Request 3,200,OK,config 3 3-6,text,true,,231,168,6,18,http://stload.se.ifmo.ru:8080/?token=518472196&&user=-1356113187&config=3,455,0,0
1775999251570,452,HTTP Request 3,200,OK,config 3 3-2,text,true,,231,168,6,18,http://stload.se.ifmo.ru:8080/?token=518472196&&user=-1356113187&config=3,452,0,0
1775999251903,449,HTTP Request 3,200,OK,config 3 3-3,text,true,,231,168,6,18,http://stload.se.ifmo.ru:8080/?token=518472196&&user=-1356113187&config=3,449,0,0
1775999252235,454,HTTP Request 3,200,OK,config 3 3-4,text,true,,231,168,6,18,http://stload.se.ifmo.ru:8080/?token=518472196&&user=-1356113187&config=3,454,0,0
1775999252568,486,HTTP Request 3,200,OK,config 3 3-5,text,true,,231,168,6,18,http://stload.se.ifmo.ru:8080/?token=518472196&&user=-1356113187&config=3,486,0,0
1775999252754,504,HTTP Request 3,200,OK,config 3 3-1,text,true,,231,168,6,18,http://stload.se.ifmo.ru:8080/?token=518472196&&user=-1356113187&config=3,504,0,0
1775999252903,481,HTTP Request 3,200,OK,config 3 3-6,text,true,,231,168,6,18,http://stload.se.ifmo.ru:8080/?token=518472196&&user=-1356113187&config=3,481,0,0
1775999253070,486,HTTP Request 3,200,OK,config 3 3-2,text,true,,231,168,6,18,http://stload.se.ifmo.ru:8080/?token=518472196&&user=-1356113187&config=3,486,0,0
1775999253403,469,HTTP Request 3,200,OK,config 3 3-3,text,true,,231,168,6,18,http://stload.se.ifmo.ru:8080/?token=518472196&&user=-1356113187&config=3,469,0,0
1775999253735,500,HTTP Request 3,200,OK,config 3 3-4,text,true,,231,168,6,18,http://stload.se.ifmo.ru:8080/?token=518472196&&user=-1356113187&config=3,500,0,0
1775999254069,456,HTTP Request 3,200,OK,config 3 3-5,text,true,,231,168,6,18,http://stload.se.ifmo.ru:8080/?token=518472196&&user=-1356113187&config=3,456,0,0
1775999254255,465,HTTP Request 3,200,OK,config 3 3-1,text,true,,231,168,6,18,http://stload.se.ifmo.ru:8080/?token=518472196&&user=-1356113187&config=3,465,0,0
1775999254403,469,HTTP Request 3,200,OK,config 3 3-6,text,true,,231,168,6,18,http://stload.se.ifmo.ru:8080/?token=518472196&&user=-1356113187&config=3,469,0,0
1775999254570,449,HTTP Request 3,200,OK,config 3 3-2,text,true,,231,168,6,18,http://stload.se.ifmo.ru:8080/?token=518472196&&user=-1356113187&config=3,449,0,0
1775999254903,449,HTTP Request 3,200,OK,config 3 3-3,text,true,,231,168,6,18,http://stload.se.ifmo.ru:8080/?token=518472196&&user=-1356113187&config=3,449,0,0
1775999255235,456,HTTP Request 3,200,OK,config 3 3-4,text,true,,231,168,6,18,http://stload.se.ifmo.ru:8080/?token=518472196&&user=-1356113187&config=3,456,0,0
1775999255568,476,HTTP Request 3,200,OK,config 3 3-5,text,true,,231,168,6,18,http://stload.se.ifmo.ru:8080/?token=518472196&&user=-1356113187&config=3,476,0,0
1775999255754,507,HTTP Request 3,200,OK,config 3 3-1,text,true,,231,168,6,18,http://stload.se.ifmo.ru:8080/?token=518472196&&user=-1356113187&config=3,507,0,0
1775999255903,491,HTTP Request 3,200,OK,config 3 3-6,text,true,,231,168,6,18,http://stload.se.ifmo.ru:8080/?token=518472196&&user=-1356113187&config=3,491,0,0
1775999256071,459,HTTP Request 3,200,OK,config 3 3-2,text,true,,231,168,6,18,http://stload.se.ifmo.ru:8080/?token=518472196&&user=-1356113187&config=3,459,0,0
1775999256403,497,HTTP Request 3,200,OK,config 3 3-3,text,true,,231,168,6,18,http://stload.se.ifmo.ru:8080/?token=518472196&&user=-1356113187&config=3,497,0,0
1775999256735,495,HTTP Request 3,200,OK,config 3 3-4,text,true,,231,168,6,18,http://stload.se.ifmo.ru:8080/?token=518472196&&user=-1356113187&config=3,495,0,0
1775999257068,448,HTTP Request 3,200,OK,config 3 3-5,text,true,,231,168,6,18,http://stload.se.ifmo.ru:8080/?token=518472196&&user=-1356113187&config=3,448,0,0
1775999257254,476,HTTP Request 3,200,OK,config 3 3-1,text,true,,231,168,6,18,http://stload.se.ifmo.ru:8080/?token=518472196&&user=-1356113187&config=3,476,0,0
1775999257403,452,HTTP Request 3,200,OK,config 3 3-6,text,true,,231,168,6,18,http://stload.se.ifmo.ru:8080/?token=518472196&&user=-1356113187&config=3,452,0,0
1775999257570,450,HTTP Request 3,200,OK,config 3 3-2,text,true,,231,168,6,18,http://stload.se.ifmo.ru:8080/?token=518472196&&user=-1356113187&config=3,450,0,0
1775999257903,454,HTTP Request 3,200,OK,config 3 3-3,text,true,,231,168,6,18,http://stload.se.ifmo.ru:8080/?token=518472196&&user=-1356113187&config=3,454,0,0
1775999258235,461,HTTP Request 3,200,OK,config 3 3-4,text,true,,231,168,6,18,http://stload.se.ifmo.ru:8080/?token=518472196&&user=-1356113187&config=3,461,0,0
1775999258568,456,HTTP Request 3,200,OK,config 3 3-5,text,true,,231,168,6,18,http://stload.se.ifmo.ru:8080/?token=518472196&&user=-1356113187&config=3,456,0,0
1775999258754,535,HTTP Request 3,200,OK,config 3 3-1,text,true,,231,168,6,18,http://stload.se.ifmo.ru:8080/?token=518472196&&user=-1356113187&config=3,534,0,0
1775999258903,464,HTTP Request 3,200,OK,config 3 3-6,text,true,,231,168,6,18,http://stload.se.ifmo.ru:8080/?token=518472196&&user=-1356113187&config=3,464,0,0
1775999259070,471,HTTP Request 3,200,OK,config 3 3-2,text,true,,231,168,6,18,http://stload.se.ifmo.ru:8080/?token=518472196&&user=-1356113187&config=3,471,0,0
1775999259403,468,HTTP Request 3,200,OK,config 3 3-3,text,true,,231,168,6,18,http://stload.se.ifmo.ru:8080/?token=518472196&&user=-1356113187&config=3,468,0,0
1775999259735,510,HTTP Request 3,200,OK,config 3 3-4,text,true,,231,168,6,18,http://stload.se.ifmo.ru:8080/?token=518472196&&user=-1356113187&config=3,510,0,0
1775999260068,456,HTTP Request 3,200,OK,config 3 3-5,text,true,,231,168,6,18,http://stload.se.ifmo.ru:8080/?token=518472196&&user=-1356113187&config=3,456,0,0
1775999260254,452,HTTP Request 3,200,OK,config 3 3-1,text,true,,231,168,6,18,http://stload.se.ifmo.ru:8080/?token=518472196&&user=-1356113187&config=3,452,0,0
1775999260403,457,HTTP Request 3,200,OK,config 3 3-6,text,true,,231,168,5,17,http://stload.se.ifmo.ru:8080/?token=518472196&&user=-1356113187&config=3,457,0,0
1775999260570,464,HTTP Request 3,200,OK,config 3 3-2,text,true,,231,168,5,16,http://stload.se.ifmo.ru:8080/?token=518472196&&user=-1356113187&config=3,464,0,0
1775999260903,456,HTTP Request 3,200,OK,config 3 3-3,text,true,,231,168,5,15,http://stload.se.ifmo.ru:8080/?token=518472196&&user=-1356113187&config=3,456,0,0
1775999261235,463,HTTP Request 3,200,OK,config 3 3-4,text,true,,231,168,5,15,http://stload.se.ifmo.ru:8080/?token=518472196&&user=-1356113187&config=3,463,0,0
1775999261568,502,HTTP Request 3,200,OK,config 3 3-5,text,true,,231,168,5,15,http://stload.se.ifmo.ru:8080/?token=518472196&&user=-1356113187&config=3,502,0,0
1775999261903,449,HTTP Request 3,200,OK,config 3 3-6,text,true,,231,168,5,15,http://stload.se.ifmo.ru:8080/?token=518472196&&user=-1356113187&config=3,449,0,0
1775999262070,441,HTTP Request 3,200,OK,config 3 3-2,text,true,,231,168,5,15,http://stload.se.ifmo.ru:8080/?token=518472196&&user=-1356113187&config=3,441,0,0
1775999262404,503,HTTP Request 3,200,OK,config 3 3-3,text,true,,231,168,5,15,http://stload.se.ifmo.ru:8080/?token=518472196&&user=-1356113187&config=3,503,0,0
1775999262735,457,HTTP Request 3,200,OK,config 3 3-4,text,true,,231,168,5,15,http://stload.se.ifmo.ru:8080/?token=518472196&&user=-1356113187&config=3,457,0,0
1775999263068,469,HTTP Request 3,200,OK,config 3 3-5,text,true,,231,168,5,15,http://stload.se.ifmo.ru:8080/?token=518472196&&user=-1356113187&config=3,469,0,0
1775999263403,486,HTTP Request 3,200,OK,config 3 3-6,text,true,,231,168,5,15,http://stload.se.ifmo.ru:8080/?token=518472196&&user=-1356113187&config=3,486,0,0
1775999263570,464,HTTP Request 3,200,OK,config 3 3-2,text,true,,231,168,5,15,http://stload.se.ifmo.ru:8080/?token=518472196&&user=-1356113187&config=3,464,0,0
1775999263903,456,HTTP Request 3,200,OK,config 3 3-3,text,true,,231,168,4,13,http://stload.se.ifmo.ru:8080/?token=518472196&&user=-1356113187&config=3,456,0,0
1775999264235,481,HTTP Request 3,200,OK,config 3 3-4,text,true,,231,168,4,12,http://stload.se.ifmo.ru:8080/?token=518472196&&user=-1356113187&config=3,481,0,0
1775999264569,493,HTTP Request 3,200,OK,config 3 3-5,text,true,,231,168,4,12,http://stload.se.ifmo.ru:8080/?token=518472196&&user=-1356113187&config=3,493,0,0
1775999264904,443,HTTP Request 3,200,OK,config 3 3-6,text,true,,231,168,4,12,http://stload.se.ifmo.ru:8080/?token=518472196&&user=-1356113187&config=3,443,0,0
1775999265403,433,HTTP Request 3,200,OK,config 3 3-3,text,true,,231,168,4,12,http://stload.se.ifmo.ru:8080/?token=518472196&&user=-1356113187&config=3,433,0,0
1775999265735,436,HTTP Request 3,200,OK,config 3 3-4,text,true,,231,168,4,12,http://stload.se.ifmo.ru:8080/?token=518472196&&user=-1356113187&config=3,436,0,0
1775999266068,428,HTTP Request 3,200,OK,config 3 3-5,text,true,,231,168,4,12,http://stload.se.ifmo.ru:8080/?token=518472196&&user=-1356113187&config=3,428,0,0
1775999266403,446,HTTP Request 3,200,OK,config 3 3-6,text,true,,231,168,4,12,http://stload.se.ifmo.ru:8080/?token=518472196&&user=-1356113187&config=3,446,0,0
1775999266903,433,HTTP Request 3,200,OK,config 3 3-3,text,true,,231,168,4,12,http://stload.se.ifmo.ru:8080/?token=518472196&&user=-1356113187&config=3,433,0,0
1775999267235,438,HTTP Request 3,200,OK,config 3 3-4,text,true,,231,168,3,10,http://stload.se.ifmo.ru:8080/?token=518472196&&user=-1356113187&config=3,438,0,0
1775999267568,455,HTTP Request 3,200,OK,config 3 3-5,text,true,,231,168,3,9,http://stload.se.ifmo.ru:8080/?token=518472196&&user=-1356113187&config=3,455,0,0
1775999267903,487,HTTP Request 3,200,OK,config 3 3-6,text,true,,231,168,3,9,http://stload.se.ifmo.ru:8080/?token=518472196&&user=-1356113187&config=3,487,0,0
1775999268735,439,HTTP Request 3,200,OK,config 3 3-4,text,true,,231,168,3,9,http://stload.se.ifmo.ru:8080/?token=518472196&&user=-1356113187&config=3,439,0,0
1775999269068,475,HTTP Request 3,200,OK,config 3 3-5,text,true,,231,168,3,9,http://stload.se.ifmo.ru:8080/?token=518472196&&user=-1356113187&config=3,475,0,0
1775999269404,456,HTTP Request 3,200,OK,config 3 3-6,text,true,,231,168,3,9,http://stload.se.ifmo.ru:8080/?token=518472196&&user=-1356113187&config=3,456,0,0
1775999270235,432,HTTP Request 3,200,OK,config 3 3-4,text,true,,231,168,3,9,http://stload.se.ifmo.ru:8080/?token=518472196&&user=-1356113187&config=3,432,0,0
1775999270568,397,HTTP Request 3,200,OK,config 3 3-5,text,true,,231,168,2,7,http://stload.se.ifmo.ru:8080/?token=518472196&&user=-1356113187&config=3,397,0,0
1775999270903,409,HTTP Request 3,200,OK,config 3 3-6,text,true,,231,168,2,6,http://stload.se.ifmo.ru:8080/?token=518472196&&user=-1356113187&config=3,409,0,0
1775999272068,432,HTTP Request 3,200,OK,config 3 3-5,text,true,,231,168,2,6,http://stload.se.ifmo.ru:8080/?token=518472196&&user=-1356113187&config=3,432,0,0
1775999272403,389,HTTP Request 3,200,OK,config 3 3-6,text,true,,231,168,2,6,http://stload.se.ifmo.ru:8080/?token=518472196&&user=-1356113187&config=3,389,0,0
1775999273568,412,HTTP Request 3,200,OK,config 3 3-5,text,true,,231,168,2,6,http://stload.se.ifmo.ru:8080/?token=518472196&&user=-1356113187&config=3,412,0,0
1775999273904,378,HTTP Request 3,200,OK,config 3 3-6,text,true,,231,168,1,4,http://stload.se.ifmo.ru:8080/?token=518472196&&user=-1356113187&config=3,378,0,0
1775999275403,380,HTTP Request 3,200,OK,config 3 3-6,text,true,,231,168,1,3,http://stload.se.ifmo.ru:8080/?token=518472196&&user=-1356113187&config=3,380,0,0
1775999276904,400,HTTP Request 3,200,OK,config 3 3-6,text,true,,231,168,1,3,http://stload.se.ifmo.ru:8080/?token=518472196&&user=-1356113187&config=3,400,0,0
