timeStamp,elapsed,label,responseCode,responseMessage,threadName,dataType,success,failureMessage,bytes,sentBytes,grpThreads,allThreads,URL,Latency,IdleTime,Connect
1775999171797,391,HTTP Request 3,200,OK,config 3 3-1,text,true,,231,168,1,3,http://stload.se.ifmo.ru:8080/?token=518472196&&user=-1356113187&config=3,388,0,54
1775999171797,575,HTTP Request 2,200,OK,config 2 2-1,text,true,,231,168,1,3,http://stload.se.ifmo.ru:8080/?token=518472196&&user=-1356113187&config=2,575,0,41
1775999171797,756,HTTP Request 1,200,OK,config 1 1-1,text,true,,231,168,1,3,http://stload.se.ifmo.ru:8080/?token=518472196&&user=-1356113187&config=1,756,0,28
1775999173255,364,HTTP Request 3,200,OK,config 3 3-1,text,true,,231,168,1,3,http://stload.se.ifmo.ru:8080/?token=518472196&&user=-1356113187&config=3,364,0,0
1775999173255,536,HTTP Request 2,200,OK,config 2 2-1,text,true,,231,168,1,3,http://stload.se.ifmo.ru:8080/?token=518472196&&user=-1356113187&config=2,536,0,0
1775999173255,734,HTTP Request 1,200,OK,config 1 1-1,text,true,,231,168,1,3,http://stload.se.ifmo.ru:8080/?token=518472196&&user=-1356113187&config=1,734,0,0
1775999174754,347,HTTP Request 3,200,OK,config 3 3-1,text,true,,231,168,2,6,http://stload.se.ifmo.ru:8080/?token=518472196&&user=-1356113187&config=3,347,0,0
1775999174755,613,HTTP Request 2,200,OK,config 2 2-1,text,true,,231,168,2,6,http://stload.se.ifmo.ru:8080/?token=518472196&&user=-1356113187&config=2,613,0,0
1775999174754,723,HTTP Request 1,200,OK,config 1 1-1,text,true,,231,168,2,6,http://stload.se.ifmo.ru:8080/?token=518472196&&user=-1356113187&config=1,723,0,0
1775999175070,495,HTTP Request 3,200,OK,config 3 3-2,text,true,,231,168,2,6,http://stload.se.ifmo.ru:8080/?token=518472196&&user=-1356113187&config=3,495,0,96
1775999175069,700,HTTP Request 2,200,OK,config 2 2-2,text,true,,231,168,2,6,http://stload.se.ifmo.ru:8080/?token=518472196&&user=-1356113187&config=2,700,0,97
1775999175068,898,HTTP Request 1,200,OK,config 1 1-2,text,false,"The operation lasted too long: It took 898 milliseconds, but should not have lasted longer than 840 milliseconds.",231,168,2,6,http://stload.se.ifmo.ru:8080/?token=518472196&&user=-1356113187&config=1,898,0,98
1775999176255,341,HTTP Request 3,200,OK,config 3 3-1,text,true,,231,168,2,6,http://stload.se.ifmo.ru:8080/?token=518472196&&user=-1356113187&config=3,341,0,0
1775999176254,540,HTTP Request 2,200,OK,config 2 2-1,text,true,,231,168,2,6,http://stload.se.ifmo.ru:8080/?token=518472196&&user=-1356113187&config=2,540,0,0
1775999176570,339,HTTP Request 3,200,OK,config 3 3-2,text,true,,231,168,2,6,http://stload.se.ifmo.ru:8080/?token=518472196&&user=-1356113187&config=3,339,0,0
1775999176254,726,HTTP Request 1,200,OK,config 1 1-1,text,true,,231,168,2,6,http://stload.se.ifmo.ru:8080/?token=518472196&&user=-1356113187&config=1,726,0,0
1775999176568,541,HTTP Request 2,200,OK,config 2 2-2,text,true,,231,168,2,6,http://stload.se.ifmo.ru:8080/?token=518472196&&user=-1356113187&config=2,541,0,0
1775999176567,727,HTTP Request 1,200,OK,config 1 1-2,text,true,,231,168,2,6,http://stload.se.ifmo.ru:8080/?token=518472196&&user=-1356113187&config=1,727,0,0
1775999177754,350,HTTP Request 3,200,OK,config 3 3-1,text,true,,231,168,2,6,http://stload.se.ifmo.ru:8080/?token=518472196&&user=-1356113187&config=3,349,0,0
1775999177754,533,HTTP Request 2,200,OK,config 2 2-1,text,true,,231,168,2,6,http://stload.se.ifmo.ru:8080/?token=518472196&&user=-1356113187&config=2,533,0,0
1775999178070,338,HTTP Request 3,200,OK,config 3 3-2,text,true,,231,168,3,9,http://stload.se.ifmo.ru:8080/?token=518472196&&user=-1356113187&config=3,338,0,0
1775999177754,757,HTTP Request 1,200,OK,config 1 1-1,text,true,,231,168,3,9,http://stload.se.ifmo.ru:8080/?token=518472196&&user=-1356113187&config=1,757,0,0
1775999178068,539,HTTP Request 2,200,OK,config 2 2-2,text,true,,231,168,3,9,http://stload.se.ifmo.ru:8080/?token=518472196&&user=-1356113187&config=2,539,0,0
1775999178068,742,HTTP Request 1,200,OK,config 1 1-2,text,true,,231,168,3,9,http://stload.se.ifmo.ru:8080/?token=518472196&&user=-1356113187&config=1,742,0,0
1775999178403,428,HTTP Request 3,200,OK,config 3 3-3,text,true,,231,168,3,9,http://stload.se.ifmo.ru:8080/?token=518472196&&user=-1356113187&config=3,428,0,80
1775999178403,629,HTTP Request 2,200,OK,config 2 2-3,text,true,,231,168,3,9,http://stload.se.ifmo.ru:8080/?token=518472196&&user=-1356113187&config=2,629,0,67
1775999178399,808,HTTP Request 1,200,OK,config 1 1-3,text,true,,231,168,3,9,http://stload.se.ifmo.ru:8080/?token=518472196&&user=-1356113187&config=1,808,0,56
1775999179255,368,HTTP Request 3,200,OK,config 3 3-1,text,true,,231,168,3,9,http://stload.se.ifmo.ru:8080/?token=518472196&&user=-1356113187&config=3,368,0,0
1775999179255,553,HTTP Request 2,200,OK,config 2 2-1,text,true,,231,168,3,9,http://stload.se.ifmo.ru:8080/?token=518472196&&user=-1356113187&config=2,553,0,0
1775999179570,411,HTTP Request 3,200,OK,config 3 3-2,text,true,,231,168,3,9,http://stload.se.ifmo.ru:8080/?token=518472196&&user=-1356113187&config=3,411,0,0
1775999179255,753,HTTP Request 1,200,OK,config 1 1-1,text,true,,231,168,3,9,http://stload.se.ifmo.ru:8080/?token=518472196&&user=-1356113187&config=1,753,0,0
1775999179568,579,HTTP Request 2,200,OK,config 2 2-2,text,true,,231,168,3,9,http://stload.se.ifmo.ru:8080/?token=518472196&&user=-1356113187&config=2,579,0,0
1775999179903,351,HTTP Request 3,200,OK,config 3 3-3,text,true,,231,168,3,9,http://stload.se.ifmo.ru:8080/?token=518472196&&user=-1356113187&config=3,351,0,0
1775999179567,754,HTTP Request 1,200,OK,config 1 1-2,text,true,,231,168,3,9,http://stload.se.ifmo.ru:8080/?token=518472196&&user=-1356113187&config=1,754,0,0
1775999179903,553,HTTP Request 2,200,OK,config 2 2-3,text,true,,231,168,3,9,http://stload.se.ifmo.ru:8080/?token=518472196&&user=-1356113187&config=2,553,0,0
1775999179899,745,HTTP Request 1,200,OK,config 1 1-3,text,true,,231,168,3,9,http://stload.se.ifmo.ru:8080/?token=518472196&&user=-1356113187&config=1,745,0,0
1775999180754,369,HTTP Request 3,200,OK,config 3 3-1,text,true,,231,168,3,9,http://stload.se.ifmo.ru:8080/?token=518472196&&user=-1356113187&config=3,369,0,0
1775999180755,556,HTTP Request 2,200,OK,config 2 2-1,text,true,,231,168,3,9,http://stload.se.ifmo.ru:8080/?token=518472196&&user=-1356113187&config=2,556,0,0
1775999181070,410,HTTP Request 3,200,OK,config 3 3-2,text,true,,231,168,3,9,http://stload.se.ifmo.ru:8080/?token=518472196&&user=-1356113187&config=3,410,0,0
1775999180755,765,HTTP Request 1,200,OK,config 1 1-1,text,true,,231,168,3,9,http://stload.se.ifmo.ru:8080/?token=518472196&&user=-1356113187&config=1,765,0,0
1775999181068,575,HTTP Request 2,200,OK,config 2 2-2,text,true,,231,168,3,9,http://stload.se.ifmo.ru:8080/?token=518472196&&user=-1356113187&config=2,575,0,0
1775999181403,360,HTTP Request 3,200,OK,config 3 3-3,text,true,,231,168,4,12,http://stload.se.ifmo.ru:8080/?token=518472196&&user=-1356113187&config=3,360,0,0
1775999181067,790,HTTP Request 1,200,OK,config 1 1-2,text,true,,231,168,4,12,http://stload.se.ifmo.ru:8080/?token=518472196&&user=-1356113187&config=1,790,0,0
1775999181403,560,HTTP Request 2,200,OK,config 2 2-3,text,true,,231,168,4,12,http://stload.se.ifmo.ru:8080/?token=518472196&&user=-1356113187&config=2,560,0,0
1775999181736,406,HTTP Request 3,200,OK,config 3 3-4,text,true,,231,168,4,12,http://stload.se.ifmo.ru:8080/?token=518472196&&user=-1356113187&config=3,406,0,39
1775999181399,756,HTTP Request 1,200,OK,config 1 1-3,text,true,,231,168,4,12,http://stload.se.ifmo.ru:8080/?token=518472196&&user=-1356113187&config=1,756,0,0
1775999181735,609,HTTP Request 2,200,OK,config 2 2-4,text,true,,231,168,4,12,http://stload.se.ifmo.ru:8080/?token=518472196&&user=-1356113187&config=2,609,0,40
1775999181731,783,HTTP Request 1,200,OK,config 1 1-4,text,true,,231,168,4,12,http://stload.se.ifmo.ru:8080/?token=518472196&&user=-1356113187&config=1,783,0,17
1775999182254,396,HTTP Request 3,200,OK,config 3 3-1,text,true,,231,168,4,12,http://stload.se.ifmo.ru:8080/?token=518472196&&user=-1356113187&config=3,396,0,0
1775999182254,560,HTTP Request 2,200,OK,config 2 2-1,text,true,,231,168,4,12,http://stload.se.ifmo.ru:8080/?token=518472196&&user=-1356113187&config=2,559,0,0
1775999182570,421,HTTP Request 3,200,OK,config 3 3-2,text,true,,231,168,4,12,http://stload.se.ifmo.ru:8080/?token=518472196&&user=-1356113187&config=3,421,0,0
1775999182254,760,HTTP Request 1,200,OK,config 1 1-1,text,true,,231,168,4,12,http://stload.se.ifmo.ru:8080/?token=518472196&&user=-1356113187&config=1,760,0,0
1775999182568,557,HTTP Request 2,200,OK,config 2 2-2,text,true,,231,168,4,12,http://stload.se.ifmo.ru:8080/?token=518472196&&user=-1356113187&config=2,557,0,0
1775999182903,409,HTTP Request 3,200,OK,config 3 3-3,text,true,,231,168,4,12,http://stload.se.ifmo.ru:8080/?token=518472196&&user=-1356113187&config=3,409,0,0
1775999182568,768,HTTP Request 1,200,OK,config 1 1-2,text,true,,231,168,4,12,http://stload.se.ifmo.ru:8080/?token=518472196&&user=-1356113187&config=1,768,0,0
1775999182903,565,HTTP Request 2,200,OK,config 2 2-3,text,true,,231,168,4,12,http://stload.se.ifmo.ru:8080/?token=518472196&&user=-1356113187&config=2,565,0,0
1775999183235,368,HTTP Request 3,200,OK,config 3 3-4,text,true,,231,168,4,12,http://stload.se.ifmo.ru:8080/?token=518472196&&user=-1356113187&config=3,368,0,0
1775999182900,770,HTTP Request 1,200,OK,config 1 1-3,text,true,,231,168,4,12,http://stload.se.ifmo.ru:8080/?token=518472196&&user=-1356113187&config=1,769,0,0
1775999183235,603,HTTP Request 2,200,OK,config 2 2-4,text,true,,231,168,4,12,http://stload.se.ifmo.ru:8080/?token=518472196&&user=-1356113187&config=2,603,0,0
1775999183231,772,HTTP Request 1,200,OK,config 1 1-4,text,true,,231,168,4,12,http://stload.se.ifmo.ru:8080/?token=518472196&&user=-1356113187&config=1,772,0,0
1775999183754,377,HTTP Request 3,200,OK,config 3 3-1,text,true,,231,168,4,12,http://stload.se.ifmo.ru:8080/?token=518472196&&user=-1356113187&config=3,377,0,0
1775999183754,562,HTTP Request 2,200,OK,config 2 2-1,text,true,,231,168,4,12,http://stload.se.ifmo.ru:8080/?token=518472196&&user=-1356113187&config=2,562,0,0
1775999184070,427,HTTP Request 3,200,OK,config 3 3-2,text,true,,231,168,4,12,http://stload.se.ifmo.ru:8080/?token=518472196&&user=-1356113187&config=3,427,0,0
1775999183754,779,HTTP Request 1,200,OK,config 1 1-1,text,true,,231,168,4,12,http://stload.se.ifmo.ru:8080/?token=518472196&&user=-1356113187&config=1,778,0,0
1775999184068,629,HTTP Request 2,200,OK,config 2 2-2,text,true,,231,168,4,12,http://stload.se.ifmo.ru:8080/?token=518472196&&user=-1356113187&config=2,629,0,0
1775999184403,418,HTTP Request 3,200,OK,config 3 3-3,text,true,,231,168,4,12,http://stload.se.ifmo.ru:8080/?token=518472196&&user=-1356113187&config=3,418,0,0
1775999184067,826,HTTP Request 1,200,OK,config 1 1-2,text,true,,231,168,4,12,http://stload.se.ifmo.ru:8080/?token=518472196&&user=-1356113187&config=1,826,0,0
1775999184403,590,HTTP Request 2,200,OK,config 2 2-3,text,true,,231,168,4,12,http://stload.se.ifmo.ru:8080/?token=518472196&&user=-1356113187&config=2,590,0,0
1775999184735,399,HTTP Request 3,200,OK,config 3 3-4,text,true,,231,168,5,15,http://stload.se.ifmo.ru:8080/?token=518472196&&user=-1356113187&config=3,399,0,0
1775999184399,802,HTTP Request 1,200,OK,config 1 1-3,text,true,,231,168,5,15,http://stload.se.ifmo.ru:8080/?token=518472196&&user=-1356113187&config=1,802,0,0
1775999184735,600,HTTP Request 2,200,OK,config 2 2-4,text,true,,231,168,5,15,http://stload.se.ifmo.ru:8080/?token=518472196&&user=-1356113187&config=2,600,0,0
1775999185069,423,HTTP Request 3,200,OK,config 3 3-5,text,true,,231,168,5,15,http://stload.se.ifmo.ru:8080/?token=518472196&&user=-1356113187&config=3,423,0,39
1775999184732,789,HTTP Request 1,200,OK,config 1 1-4,text,true,,231,168,5,15,http://stload.se.ifmo.ru:8080/?token=518472196&&user=-1356113187&config=1,789,0,0
1775999185254,393,HTTP Request 3,200,OK,config 3 3-1,text,true,,231,168,5,15,http://stload.se.ifmo.ru:8080/?token=518472196&&user=-1356113187&config=3,393,0,0
1775999185067,612,HTTP Request 2,200,OK,config 2 2-5,text,true,,231,168,5,15,http://stload.se.ifmo.ru:8080/?token=518472196&&user=-1356113187&config=2,612,0,28
1775999185254,589,HTTP Request 2,200,OK,config 2 2-1,text,true,,231,168,5,15,http://stload.se.ifmo.ru:8080/?token=518472196&&user=-1356113187&config=2,589,0,0
1775999185065,799,HTTP Request 1,200,OK,config 1 1-5,text,true,,231,168,5,15,http://stload.se.ifmo.ru:8080/?token=518472196&&user=-1356113187&config=1,799,0,14
1775999185571,422,HTTP Request 3,200,OK,config 3 3-2,text,true,,231,168,5,15,http://stload.se.ifmo.ru:8080/?token=518472196&&user=-1356113187&config=3,422,0,0
1775999185254,783,HTTP Request 1,200,OK,config 1 1-1,text,true,,231,168,5,15,http://stload.se.ifmo.ru:8080/?token=518472196&&user=-1356113187&config=1,783,0,0
1775999185568,584,HTTP Request 2,200,OK,config 2 2-2,text,true,,231,168,5,15,http://stload.se.ifmo.ru:8080/?token=518472196&&user=-1356113187&config=2,584,0,0
1775999185904,414,HTTP Request 3,200,OK,config 3 3-3,text,true,,231,168,5,15,http://stload.se.ifmo.ru:8080/?token=518472196&&user=-1356113187&config=3,414,0,0
1775999185568,783,HTTP Request 1,200,OK,config 1 1-2,text,true,,231,168,5,15,http://stload.se.ifmo.ru:8080/?token=518472196&&user=-1356113187&config=1,783,0,0
1775999185904,598,HTTP Request 2,200,OK,config 2 2-3,text,true,,231,168,5,15,http://stload.se.ifmo.ru:8080/?token=518472196&&user=-1356113187&config=2,598,0,0
1775999186235,416,HTTP Request 3,200,OK,config 3 3-4,text,true,,231,168,5,15,http://stload.se.ifmo.ru:8080/?token=518472196&&user=-1356113187&config=3,416,0,0
1775999185900,800,HTTP Request 1,200,OK,config 1 1-3,text,true,,231,168,5,15,http://stload.se.ifmo.ru:8080/?token=518472196&&user=-1356113187&config=1,800,0,0
1775999186235,606,HTTP Request 2,200,OK,config 2 2-4,text,true,,231,168,5,15,http://stload.se.ifmo.ru:8080/?token=518472196&&user=-1356113187&config=2,606,0,0
1775999186568,406,HTTP Request 3,200,OK,config 3 3-5,text,true,,231,168,5,15,http://stload.se.ifmo.ru:8080/?token=518472196&&user=-1356113187&config=3,406,0,0
1775999186232,781,HTTP Request 1,200,OK,config 1 1-4,text,true,,231,168,5,15,http://stload.se.ifmo.ru:8080/?token=518472196&&user=-1356113187&config=1,781,0,0
1775999186754,477,HTTP Request 3,200,OK,config 3 3-1,text,true,,231,168,5,15,http://stload.se.ifmo.ru:8080/?token=518472196&&user=-1356113187&config=3,476,0,0
1775999186567,719,HTTP Request 2,200,OK,config 2 2-5,text,true,,231,168,5,15,http://stload.se.ifmo.ru:8080/?token=518472196&&user=-1356113187&config=2,719,0,0
1775999186567,781,HTTP Request 1,200,OK,config 1 1-5,text,true,,231,168,5,15,http://stload.se.ifmo.ru:8080/?token=518472196&&user=-1356113187&config=1,781,0,0
1775999186755,642,HTTP Request 2,200,OK,config 2 2-1,text,true,,231,168,5,15,http://stload.se.ifmo.ru:8080/?token=518472196&&user=-1356113187&config=2,642,0,0
1775999186754,800,HTTP Request 1,200,OK,config 1 1-1,text,true,,231,168,5,15,http://stload.se.ifmo.ru:8080/?token=518472196&&user=-1356113187&config=1,800,0,0
1775999187071,545,HTTP Request 3,200,OK,config 3 3-2,text,true,,231,168,5,15,http://stload.se.ifmo.ru:8080/?token=518472196&&user=-1356113187&config=3,545,0,0
1775999187068,748,HTTP Request 2,200,OK,config 2 2-2,text,true,,231,168,5,15,http://stload.se.ifmo.ru:8080/?token=518472196&&user=-1356113187&config=2,748,0,0
1775999187403,436,HTTP Request 3,200,OK,config 3 3-3,text,true,,231,168,5,15,http://stload.se.ifmo.ru:8080/?token=518472196&&user=-1356113187&config=3,436,0,0
1775999187068,947,HTTP Request 1,200,OK,config 1 1-2,text,false,"The operation lasted too long: It took 947 milliseconds, but should not have lasted longer than 840 milliseconds.",231,168,5,15,http://stload.se.ifmo.ru:8080/?token=518472196&&user=-1356113187&config=1,947,0,0
1775999187403,637,HTTP Request 2,200,OK,config 2 2-3,text,true,,231,168,5,15,http://stload.se.ifmo.ru:8080/?token=518472196&&user=-1356113187&config=2,637,0,0
1775999187736,445,HTTP Request 3,200,OK,config 3 3-4,text,true,,231,168,5,15,http://stload.se.ifmo.ru:8080/?token=518472196&&user=-1356113187&config=3,445,0,0
1775999187399,838,HTTP Request 1,200,OK,config 1 1-3,text,true,,231,168,5,15,http://stload.se.ifmo.ru:8080/?token=518472196&&user=-1356113187&config=1,838,0,0
1775999187735,650,HTTP Request 2,200,OK,config 2 2-4,text,true,,231,168,5,15,http://stload.se.ifmo.ru:8080/?token=518472196&&user=-1356113187&config=2,650,0,0
1775999187732,818,HTTP Request 1,200,OK,config 1 1-4,text,true,,231,168,6,18,http://stload.se.ifmo.ru:8080/?token=518472196&&user=-1356113187&config=1,818,0,0
1775999188069,481,HTTP Request 3,200,OK,config 3 3-5,text,true,,231,168,6,18,http://stload.se.ifmo.ru:8080/?token=518472196&&user=-1356113187&config=3,481,0,0
1775999188068,631,HTTP Request 2,200,OK,config 2 2-5,text,true,,231,168,6,18,http://stload.se.ifmo.ru:8080/?token=518472196&&user=-1356113187&config=2,631,0,0
1775999188254,458,HTTP Request 3,200,OK,config 3 3-1,text,true,,231,168,6,18,http://stload.se.ifmo.ru:8080/?token=518472196&&user=-1356113187&config=3,458,0,0
1775999188403,472,HTTP Request 3,200,OK,config 3 3-6,text,true,,231,168,6,18,http://stload.se.ifmo.ru:8080/?token=518472196&&user=-1356113187&config=3,472,0,64
1775999188065,832,HTTP Request 1,200,OK,config 1 1-5,text,true,,231,168,6,18,http://stload.se.ifmo.ru:8080/?token=518472196&&user=-1356113187&config=1,832,0,0
1775999188254,656,HTTP Request 2,200,OK,config 2 2-1,text,true,,231,168,6,18,http://stload.se.ifmo.ru:8080/?token=518472196&&user=-1356113187&config=2,656,0,0
1775999188570,434,HTTP Request 3,200,OK,config 3 3-2,text,true,,231,168,6,18,http://stload.se.ifmo.ru:8080/?token=518472196&&user=-1356113187&config=3,434,0,0
1775999188401,673,HTTP Request 2,200,OK,config 2 2-6,text,true,,231,168,6,18,http://stload.se.ifmo.ru:8080/?token=518472196&&user=-1356113187&config=2,673,0,66
1775999188254,874,HTTP Request 1,200,OK,config 1 1-1,text,false,"The operation lasted too long: It took 874 milliseconds, but should not have lasted longer than 840 milliseconds.",231,168,6,18,http://stload.se.ifmo.ru:8080/?token=518472196&&user=-1356113187&config=1,874,0,0
1775999188568,630,HTTP Request 2,200,OK,config 2 2-2,text,true,,231,168,6,18,http://stload.se.ifmo.ru:8080/?token=518472196&&user=-1356113187&config=2,630,0,0
1775999188399,907,HTTP Request 1,200,OK,config 1 1-6,text,false,"The operation lasted too long: It took 907 milliseconds, but should not have lasted longer than 840 milliseconds.",231,168,6,18,http://stload.se.ifmo.ru:8080/?token=518472196&&user=-1356113187&config=1,906,0,55
1775999188904,414,HTTP Request 3,200,OK,config 3 3-3,text,true,,231,168,6,18,http://stload.se.ifmo.ru:8080/?token=518472196&&user=-1356113187&config=3,414,0,0
1775999188567,829,HTTP Request 1,200,OK,config 1 1-2,text,true,,231,168,6,18,http://stload.se.ifmo.ru:8080/?token=518472196&&user=-1356113187&config=1,829,0,0
1775999188904,605,HTTP Request 2,200,OK,config 2 2-3,text,true,,231,168,6,18,http://stload.se.ifmo.ru:8080/?token=518472196&&user=-1356113187&config=2,604,0,0
1775999189235,420,HTTP Request 3,200,OK,config 3 3-4,text,true,,231,168,6,18,http://stload.se.ifmo.ru:8080/?token=518472196&&user=-1356113187&config=3,420,0,0
1775999188900,808,HTTP Request 1,200,OK,config 1 1-3,text,true,,231,168,6,18,http://stload.se.ifmo.ru:8080/?token=518472196&&user=-1356113187&config=1,808,0,0
1775999189235,631,HTTP Request 2,200,OK,config 2 2-4,text,true,,231,168,6,18,http://stload.se.ifmo.ru:8080/?token=518472196&&user=-1356113187&config=2,631,0,0
1775999189569,432,HTTP Request 3,200,OK,config 3 3-5,text,true,,231,168,6,18,http://stload.se.ifmo.ru:8080/?token=518472196&&user=-1356113187&config=3,432,0,0
1775999189232,838,HTTP Request 1,200,OK,config 1 1-4,text,true,,231,168,6,18,http://stload.se.ifmo.ru:8080/?token=518472196&&user=-1356113187&config=1,838,0,0
1775999189755,430,HTTP Request 3,200,OK,config 3 3-1,text,true,,231,168,6,18,http://stload.se.ifmo.ru:8080/?token=518472196&&user=-1356113187&config=3,430,0,0
1775999189568,631,HTTP Request 2,200,OK,config 2 2-5,text,true,,231,168,6,18,http://stload.se.ifmo.ru:8080/?token=518472196&&user=-1356113187&config=2,631,0,0
1775999189904,431,HTTP Request 3,200,OK,config 3 3-6,text,true,,231,168,6,18,http://stload.se.ifmo.ru:8080/?token=518472196&&user=-1356113187&config=3,430,0,0
1775999189755,609,HTTP Request 2,200,OK,config 2 2-1,text,true,,231,168,6,18,http://stload.se.ifmo.ru:8080/?token=518472196&&user=-1356113187&config=2,609,0,0
1775999189565,813,HTTP Request 1,200,OK,config 1 1-5,text,true,,231,168,6,18,http://stload.se.ifmo.ru:8080/?token=518472196&&user=-1356113187&config=1,813,0,0
1775999190070,453,HTTP Request 3,200,OK,config 3 3-2,text,true,,231,168,6,18,http://stload.se.ifmo.ru:8080/?token=518472196&&user=-1356113187&config=3,453,0,0
1775999189901,636,HTTP Request 2,200,OK,config 2 2-6,text,true,,231,168,6,18,http://stload.se.ifmo.ru:8080/?token=518472196&&user=-1356113187&config=2,636,0,0
1775999189755,824,HTTP Request 1,200,OK,config 1 1-1,text,true,,231,168,6,18,http://stload.se.ifmo.ru:8080/?token=518472196&&user=-1356113187&config=1,824,0,0
1775999190068,614,HTTP Request 2,200,OK,config 2 2-2,text,true,,231,168,6,18,http://stload.se.ifmo.ru:8080/?token=518472196&&user=-1356113187&config=2,613,0,0
1775999189898,835,HTTP Request 1,200,OK,config 1 1-6,text,true,,231,168,6,18,http://stload.se.ifmo.ru:8080/?token=518472196&&user=-1356113187&config=1,835,0,0
1775999190403,459,HTTP Request 3,200,OK,config 3 3-3,text,true,,231,168,6,18,http://stload.se.ifmo.ru:8080/?token=518472196&&user=-1356113187&config=3,459,0,0
1775999190067,814,HTTP Request 1,200,OK,config 1 1-2,text,true,,231,168,6,18,http://stload.se.ifmo.ru:8080/?token=518472196&&user=-1356113187&config=1,814,0,0
1775999190403,656,HTTP Request 2,200,OK,config 2 2-3,text,true,,231,168,6,18,http://stload.se.ifmo.ru:8080/?token=518472196&&user=-1356113187&config=2,656,0,0
1775999190735,434,HTTP Request 3,200,OK,config 3 3-4,text,true,,231,168,6,18,http://stload.se.ifmo.ru:8080/?token=518472196&&user=-1356113187&config=3,434,0,0
1775999190400,863,HTTP Request 1,200,OK,config 1 1-3,text,false,"The operation lasted too long: It took 863 milliseconds, but should not have lasted longer than 840 milliseconds.",231,168,6,18,http://stload.se.ifmo.ru:8080/?token=518472196&&user=-1356113187&config=1,863,0,0
1775999190735,627,HTTP Request 2,200,OK,config 2 2-4,text,true,,231,168,6,18,http://stload.se.ifmo.ru:8080/?token=518472196&&user=-1356113187&config=2,627,0,0
1775999191068,427,HTTP Request 3,200,OK,config 3 3-5,text,true,,231,168,6,18,http://stload.se.ifmo.ru:8080/?token=518472196&&user=-1356113187&config=3,427,0,0
1775999190731,816,HTTP Request 1,200,OK,config 1 1-4,text,true,,231,168,6,18,http://stload.se.ifmo.ru:8080/?token=518472196&&user=-1356113187&config=1,816,0,0
1775999191254,424,HTTP Request 3,200,OK,config 3 3-1,text,true,,231,168,6,18,http://stload.se.ifmo.ru:8080/?token=518472196&&user=-1356113187&config=3,424,0,0
1775999191068,627,HTTP Request 2,200,OK,config 2 2-5,text,true,,231,168,6,18,http://stload.se.ifmo.ru:8080/?token=518472196&&user=-1356113187&config=2,627,0,0
1775999191403,429,HTTP Request 3,200,OK,config 3 3-6,text,true,,231,168,6,18,http://stload.se.ifmo.ru:8080/?token=518472196&&user=-1356113187&config=3,429,0,0
1775999191254,623,HTTP Request 2,200,OK,config 2 2-1,text,true,,231,168,6,18,http://stload.se.ifmo.ru:8080/?token=518472196&&user=-1356113187&config=2,623,0,0
1775999191066,831,HTTP Request 1,200,OK,config 1 1-5,text,true,,231,168,6,18,http://stload.se.ifmo.ru:8080/?token=518472196&&user=-1356113187&config=1,831,0,0
1775999191570,480,HTTP Request 3,200,OK,config 3 3-2,text,true,,231,168,6,18,http://stload.se.ifmo.ru:8080/?token=518472196&&user=-1356113187&config=3,480,0,0
1775999191401,649,HTTP Request 2,200,OK,config 2 2-6,text,true,,231,168,6,18,http://stload.se.ifmo.ru:8080/?token=518472196&&user=-1356113187&config=2,649,0,0
1775999191254,824,HTTP Request 1,200,OK,config 1 1-1,text,true,,231,168,6,18,http://stload.se.ifmo.ru:8080/?token=518472196&&user=-1356113187&config=1,824,0,0
1775999191568,659,HTTP Request 2,200,OK,config 2 2-2,text,true,,231,168,6,18,http://stload.se.ifmo.ru:8080/?token=518472196&&user=-1356113187&config=2,658,0,0
1775999191398,842,HTTP Request 1,200,OK,config 1 1-6,text,false,"The operation lasted too long: It took 842 milliseconds, but should not have lasted longer than 840 milliseconds.",231,168,6,18,http://stload.se.ifmo.ru:8080/?token=518472196&&user=-1356113187&config=1,842,0,0
1775999191903,500,HTTP Request 3,200,OK,config 3 3-3,text,true,,231,168,6,18,http://stload.se.ifmo.ru:8080/?token=518472196&&user=-1356113187&config=3,500,0,0
1775999191567,861,HTTP Request 1,200,OK,config 1 1-2,text,false,"The operation lasted too long: It took 861 milliseconds, but should not have lasted longer than 840 milliseconds.",231,168,6,18,http://stload.se.ifmo.ru:8080/?token=518472196&&user=-1356113187&config=1,861,0,0
1775999191904,743,HTTP Request 2,200,OK,config 2 2-3,text,true,,231,168,6,18,http://stload.se.ifmo.ru:8080/?token=518472196&&user=-1356113187&config=2,743,0,0
1775999192235,425,HTTP Request 3,200,OK,config 3 3-4,text,true,,231,168,6,18,http://stload.se.ifmo.ru:8080/?token=518472196&&user=-1356113187&config=3,425,0,0
1775999191899,904,HTTP Request 1,200,OK,config 1 1-3,text,false,"The operation lasted too long: It took 904 milliseconds, but should not have lasted longer than 840 milliseconds.",231,168,6,18,http://stload.se.ifmo.ru:8080/?token=518472196&&user=-1356113187&config=1,904,0,0
1775999192236,626,HTTP Request 2,200,OK,config 2 2-4,text,true,,231,168,6,18,http://stload.se.ifmo.ru:8080/?token=518472196&&user=-1356113187&config=2,626,0,0
1775999192569,432,HTTP Request 3,200,OK,config 3 3-5,text,true,,231,168,6,18,http://stload.se.ifmo.ru:8080/?token=518472196&&user=-1356113187&config=3,432,0,0
1775999192231,833,HTTP Request 1,200,OK,config 1 1-4,text,true,,231,168,6,18,http://stload.se.ifmo.ru:8080/?token=518472196&&user=-1356113187&config=1,833,0,0
1775999192755,430,HTTP Request 3,200,OK,config 3 3-1,text,true,,231,168,6,18,http://stload.se.ifmo.ru:8080/?token=518472196&&user=-1356113187&config=3,430,0,0
1775999192567,632,HTTP Request 2,200,OK,config 2 2-5,text,true,,231,168,6,18,http://stload.se.ifmo.ru:8080/?token=518472196&&user=-1356113187&config=2,632,0,0
1775999192904,434,HTTP Request 3,200,OK,config 3 3-6,text,true,,231,168,6,18,http://stload.se.ifmo.ru:8080/?token=518472196&&user=-1356113187&config=3,434,0,0
1775999192755,627,HTTP Request 2,200,OK,config 2 2-1,text,true,,231,168,6,18,http://stload.se.ifmo.ru:8080/?token=518472196&&user=-1356113187&config=2,627,0,0
1775999192565,834,HTTP Request 1,200,OK,config 1 1-5,text,true,,231,168,6,18,http://stload.se.ifmo.ru:8080/?token=518472196&&user=-1356113187&config=1,834,0,0
1775999192901,639,HTTP Request 2,200,OK,config 2 2-6,text,true,,231,168,6,18,http://stload.se.ifmo.ru:8080/?token=518472196&&user=-1356113187&config=2,639,0,0
1775999193071,482,HTTP Request 3,200,OK,config 3 3-2,text,true,,231,168,6,18,http://stload.se.ifmo.ru:8080/?token=518472196&&user=-1356113187&config=3,482,0,0
1775999192755,841,HTTP Request 1,200,OK,config 1 1-1,text,false,"The operation lasted too long: It took 841 milliseconds, but should not have lasted longer than 840 milliseconds.",231,168,6,18,http://stload.se.ifmo.ru:8080/?token=518472196&&user=-1356113187&config=1,841,0,0
1775999192898,843,HTTP Request 1,200,OK,config 1 1-6,text,false,"The operation lasted too long: It took 843 milliseconds, but should not have lasted longer than 840 milliseconds.",231,168,6,18,http://stload.se.ifmo.ru:8080/?token=518472196&&user=-1356113187&config=1,843,0,0
1775999193068,720,HTTP Request 2,200,OK,config 2 2-2,text,true,,231,168,6,18,http://stload.se.ifmo.ru:8080/?token=518472196&&user=-1356113187&config=2,720,0,0
1775999193403,481,HTTP Request 3,200,OK,config 3 3-3,text,true,,231,168,6,18,http://stload.se.ifmo.ru:8080/?token=518472196&&user=-1356113187&config=3,481,0,0
1775999193067,880,HTTP Request 1,200,OK,config 1 1-2,text,false,"The operation lasted too long: It took 880 milliseconds, but should not have lasted longer than 840 milliseconds.",231,168,6,18,http://stload.se.ifmo.ru:8080/?token=518472196&&user=-1356113187&config=1,880,0,0
1775999193403,684,HTTP Request 2,200,OK,config 2 2-3,text,true,,231,168,6,18,http://stload.se.ifmo.ru:8080/?token=518472196&&user=-1356113187&config=2,684,0,0
1775999193735,480,HTTP Request 3,200,OK,config 3 3-4,text,true,,231,168,6,18,http://stload.se.ifmo.ru:8080/?token=518472196&&user=-1356113187&config=3,480,0,0
1775999193399,887,HTTP Request 1,200,OK,config 1 1-3,text,false,"The operation lasted too long: It took 887 milliseconds, but should not have lasted longer than 840 milliseconds.",231,168,6,18,http://stload.se.ifmo.ru:8080/?token=518472196&&user=-1356113187&config=1,887,0,0
1775999193735,700,HTTP Request 2,200,OK,config 2 2-4,text,true,,231,168,6,18,http://stload.se.ifmo.ru:8080/?token=518472196&&user=-1356113187&config=2,700,0,0
1775999194068,442,HTTP Request 3,200,OK,config 3 3-5,text,true,,231,168,6,18,http://stload.se.ifmo.ru:8080/?token=518472196&&user=-1356113187&config=3,442,0,0
1775999193731,830,HTTP Request 1,200,OK,config 1 1-4,text,true,,231,168,6,18,http://stload.se.ifmo.ru:8080/?token=518472196&&user=-1356113187&config=1,830,0,0
1775999194068,640,HTTP Request 2,200,OK,config 2 2-5,text,true,,231,168,6,18,http://stload.se.ifmo.ru:8080/?token=518472196&&user=-1356113187&config=2,640,0,0
1775999194254,467,HTTP Request 3,200,OK,config 3 3-1,text,true,,231,168,6,18,http://stload.se.ifmo.ru:8080/?token=518472196&&user=-1356113187&config=3,467,0,0
1775999194403,508,HTTP Request 3,200,OK,config 3 3-6,text,true,,231,168,6,18,http://stload.se.ifmo.ru:8080/?token=518472196&&user=-1356113187&config=3,507,0,0
1775999194255,671,HTTP Request 2,200,OK,config 2 2-1,text,true,,231,168,6,18,http://stload.se.ifmo.ru:8080/?token=518472196&&user=-1356113187&config=2,671,0,0
1775999194065,861,HTTP Request 1,200,OK,config 1 1-5,text,false,"The operation lasted too long: It took 861 milliseconds, but should not have lasted longer than 840 milliseconds.",231,168,6,18,http://stload.se.ifmo.ru:8080/?token=518472196&&user=-1356113187&config=1,861,0,0
1775999194401,652,HTTP Request 2,200,OK,config 2 2-6,text,true,,231,168,6,18,http://stload.se.ifmo.ru:8080/?token=518472196&&user=-1356113187&config=2,652,0,0
1775999194570,496,HTTP Request 3,200,OK,config 3 3-2,text,true,,231,168,6,18,http://stload.se.ifmo.ru:8080/?token=518472196&&user=-1356113187&config=3,496,0,0
1775999194254,853,HTTP Request 1,200,OK,config 1 1-1,text,false,"The operation lasted too long: It took 853 milliseconds, but should not have lasted longer than 840 milliseconds.",231,168,6,18,http://stload.se.ifmo.ru:8080/?token=518472196&&user=-1356113187&config=1,853,0,0
1775999194399,834,HTTP Request 1,200,OK,config 1 1-6,text,true,,231,168,6,18,http://stload.se.ifmo.ru:8080/?token=518472196&&user=-1356113187&config=1,834,0,0
1775999194569,718,HTTP Request 2,200,OK,config 2 2-2,text,true,,231,168,6,18,http://stload.se.ifmo.ru:8080/?token=518472196&&user=-1356113187&config=2,718,0,0
1775999194904,474,HTTP Request 3,200,OK,config 3 3-3,text,true,,231,168,6,18,http://stload.se.ifmo.ru:8080/?token=518472196&&user=-1356113187&config=3,474,0,0
1775999194567,888,HTTP Request 1,200,OK,config 1 1-2,text,false,"The operation lasted too long: It took 888 milliseconds, but should not have lasted longer than 840 milliseconds.",231,168,6,18,http://stload.se.ifmo.ru:8080/?token=518472196&&user=-1356113187&config=1,888,0,0
1775999194904,644,HTTP Request 2,200,OK,config 2 2-3,text,true,,231,168,6,18,http://stload.se.ifmo.ru:8080/?token=518472196&&user=-1356113187&config=2,644,0,0
1775999195235,482,HTTP Request 3,200,OK,config 3 3-4,text,true,,231,168,6,18,http://stload.se.ifmo.ru:8080/?token=518472196&&user=-1356113187&config=3,482,0,0
1775999194900,850,HTTP Request 1,200,OK,config 1 1-3,text,false,"The operation lasted too long: It took 850 milliseconds, but should not have lasted longer than 840 milliseconds.",231,168,6,18,http://stload.se.ifmo.ru:8080/?token=518472196&&user=-1356113187&config=1,850,0,0
1775999195235,695,HTTP Request 2,200,OK,config 2 2-4,text,true,,231,168,6,18,http://stload.se.ifmo.ru:8080/?token=518472196&&user=-1356113187&config=2,695,0,0
1775999195568,465,HTTP Request 3,200,OK,config 3 3-5,text,true,,231,168,6,18,http://stload.se.ifmo.ru:8080/?token=518472196&&user=-1356113187&config=3,465,0,0
1775999195231,834,HTTP Request 1,200,OK,config 1 1-4,text,true,,231,168,6,18,http://stload.se.ifmo.ru:8080/?token=518472196&&user=-1356113187&config=1,834,0,0
1775999195567,664,HTTP Request 2,200,OK,config 2 2-5,text,true,,231,168,6,18,http://stload.se.ifmo.ru:8080/?token=518472196&&user=-1356113187&config=2,664,0,0
1775999195754,513,HTTP Request 3,200,OK,config 3 3-1,text,true,,231,168,6,18,http://stload.se.ifmo.ru:8080/?token=518472196&&user=-1356113187&config=3,513,0,0
1775999195903,456,HTTP Request 3,200,OK,config 3 3-6,text,true,,231,168,6,18,http://stload.se.ifmo.ru:8080/?token=518472196&&user=-1356113187&config=3,456,0,0
1775999195754,728,HTTP Request 2,200,OK,config 2 2-1,text,true,,231,168,6,18,http://stload.se.ifmo.ru:8080/?token=518472196&&user=-1356113187&config=2,728,0,0
1775999195566,916,HTTP Request 1,200,OK,config 1 1-5,text,false,"The operation lasted too long: It took 916 milliseconds, but should not have lasted longer than 840 milliseconds.",231,168,6,18,http://stload.se.ifmo.ru:8080/?token=518472196&&user=-1356113187&config=1,916,0,0
1775999195902,656,HTTP Request 2,200,OK,config 2 2-6,text,true,,231,168,6,18,http://stload.se.ifmo.ru:8080/?token=518472196&&user=-1356113187&config=2,656,0,0
1775999196070,502,HTTP Request 3,200,OK,config 3 3-2,text,true,,231,168,6,18,http://stload.se.ifmo.ru:8080/?token=518472196&&user=-1356113187&config=3,501,0,0
1775999195754,916,HTTP Request 1,200,OK,config 1 1-1,text,false,"The operation lasted too long: It took 916 milliseconds, but should not have lasted longer than 840 milliseconds.",231,168,6,18,http://stload.se.ifmo.ru:8080/?token=518472196&&user=-1356113187&config=1,916,0,0
1775999195898,839,HTTP Request 1,200,OK,config 1 1-6,text,true,,231,168,6,18,http://stload.se.ifmo.ru:8080/?token=518472196&&user=-1356113187&config=1,839,0,0
1775999196069,717,HTTP Request 2,200,OK,config 2 2-2,text,true,,231,168,6,18,http://stload.se.ifmo.ru:8080/?token=518472196&&user=-1356113187&config=2,717,0,0
1775999196404,462,HTTP Request 3,200,OK,config 3 3-3,text,true,,231,168,6,18,http://stload.se.ifmo.ru:8080/?token=518472196&&user=-1356113187&config=3,462,0,0
1775999196068,893,HTTP Request 1,200,OK,config 1 1-2,text,false,"The operation lasted too long: It took 893 milliseconds, but should not have lasted longer than 840 milliseconds.",231,168,6,18,http://stload.se.ifmo.ru:8080/?token=518472196&&user=-1356113187&config=1,893,0,0
1775999196403,647,HTTP Request 2,200,OK,config 2 2-3,text,true,,231,168,6,18,http://stload.se.ifmo.ru:8080/?token=518472196&&user=-1356113187&config=2,647,0,0
1775999196736,488,HTTP Request 3,200,OK,config 3 3-4,text,true,,231,168,6,18,http://stload.se.ifmo.ru:8080/?token=518472196&&user=-1356113187&config=3,488,0,0
1775999196400,852,HTTP Request 1,200,OK,config 1 1-3,text,false,"The operation lasted too long: It took 852 milliseconds, but should not have lasted longer than 840 milliseconds.",231,168,6,18,http://stload.se.ifmo.ru:8080/?token=518472196&&user=-1356113187&config=1,852,0,0
1775999196736,693,HTTP Request 2,200,OK,config 2 2-4,text,true,,231,168,6,18,http://stload.se.ifmo.ru:8080/?token=518472196&&user=-1356113187&config=2,693,0,0
1775999197068,469,HTTP Request 3,200,OK,config 3 3-5,text,true,,231,168,6,18,http://stload.se.ifmo.ru:8080/?token=518472196&&user=-1356113187&config=3,469,0,0
1775999196731,840,HTTP Request 1,200,OK,config 1 1-4,text,true,,231,168,6,18,http://stload.se.ifmo.ru:8080/?token=518472196&&user=-1356113187&config=1,840,0,0
1775999197067,668,HTTP Request 2,200,OK,config 2 2-5,text,true,,231,168,6,18,http://stload.se.ifmo.ru:8080/?token=518472196&&user=-1356113187&config=2,668,0,0
1775999197254,511,HTTP Request 3,200,OK,config 3 3-1,text,true,,231,168,6,18,http://stload.se.ifmo.ru:8080/?token=518472196&&user=-1356113187&config=3,511,0,0
1775999197404,458,HTTP Request 3,200,OK,config 3 3-6,text,true,,231,168,6,18,http://stload.se.ifmo.ru:8080/?token=518472196&&user=-1356113187&config=3,458,0,0
1775999197254,735,HTTP Request 2,200,OK,config 2 2-1,text,true,,231,168,6,18,http://stload.se.ifmo.ru:8080/?token=518472196&&user=-1356113187&config=2,735,0,0
1775999197066,923,HTTP Request 1,200,OK,config 1 1-5,text,false,"The operation lasted too long: It took 923 milliseconds, but should not have lasted longer than 840 milliseconds.",231,168,6,18,http://stload.se.ifmo.ru:8080/?token=518472196&&user=-1356113187&config=1,923,0,0
1775999197571,466,HTTP Request 3,200,OK,config 3 3-2,text,true,,231,168,6,18,http://stload.se.ifmo.ru:8080/?token=518472196&&user=-1356113187&config=3,466,0,0
1775999197402,658,HTTP Request 2,200,OK,config 2 2-6,text,true,,231,168,6,18,http://stload.se.ifmo.ru:8080/?token=518472196&&user=-1356113187&config=2,658,0,0
1775999197254,909,HTTP Request 1,200,OK,config 1 1-1,text,false,"The operation lasted too long: It took 909 milliseconds, but should not have lasted longer than 840 milliseconds.",231,168,6,18,http://stload.se.ifmo.ru:8080/?token=518472196&&user=-1356113187&config=1,909,0,0
1775999197569,646,HTTP Request 2,200,OK,config 2 2-2,text,true,,231,168,6,18,http://stload.se.ifmo.ru:8080/?token=518472196&&user=-1356113187&config=2,646,0,0
1775999197399,842,HTTP Request 1,200,OK,config 1 1-6,text,false,"The operation lasted too long: It took 842 milliseconds, but should not have lasted longer than 840 milliseconds.",231,168,6,18,http://stload.se.ifmo.ru:8080/?token=518472196&&user=-1356113187&config=1,842,0,0
1775999197904,469,HTTP Request 3,200,OK,config 3 3-3,text,true,,231,168,6,18,http://stload.se.ifmo.ru:8080/?token=518472196&&user=-1356113187&config=3,469,0,0
1775999197568,845,HTTP Request 1,200,OK,config 1 1-2,text,false,"The operation lasted too long: It took 845 milliseconds, but should not have lasted longer than 840 milliseconds.",231,168,6,18,http://stload.se.ifmo.ru:8080/?token=518472196&&user=-1356113187&config=1,845,0,0
1775999197904,664,HTTP Request 2,200,OK,config 2 2-3,text,true,,231,168,6,18,http://stload.se.ifmo.ru:8080/?token=518472196&&user=-1356113187&config=2,664,0,0
1775999198236,457,HTTP Request 3,200,OK,config 3 3-4,text,true,,231,168,6,18,http://stload.se.ifmo.ru:8080/?token=518472196&&user=-1356113187&config=3,457,0,0
1775999197900,866,HTTP Request 1,200,OK,config 1 1-3,text,false,"The operation lasted too long: It took 866 milliseconds, but should not have lasted longer than 840 milliseconds.",231,168,6,18,http://stload.se.ifmo.ru:8080/?token=518472196&&user=-1356113187&config=1,866,0,0
1775999198236,654,HTTP Request 2,200,OK,config 2 2-4,text,true,,231,168,6,18,http://stload.se.ifmo.ru:8080/?token=518472196&&user=-1356113187&config=2,654,0,0
1775999198568,491,HTTP Request 3,200,OK,config 3 3-5,text,true,,231,168,6,18,http://stload.se.ifmo.ru:8080/?token=518472196&&user=-1356113187&config=3,491,0,0
1775999198232,853,HTTP Request 1,200,OK,config 1 1-4,text,false,"The operation lasted too long: It took 853 milliseconds, but should not have lasted longer than 840 milliseconds.",231,168,6,18,http://stload.se.ifmo.ru:8080/?token=518472196&&user=-1356113187&config=1,853,0,0
1775999198755,497,HTTP Request 3,200,OK,config 3 3-1,text,true,,231,168,6,18,http://stload.se.ifmo.ru:8080/?token=518472196&&user=-1356113187&config=3,497,0,0
1775999198567,698,HTTP Request 2,200,OK,config 2 2-5,text,true,,231,168,6,18,http://stload.se.ifmo.ru:8080/?token=518472196&&user=-1356113187&config=2,698,0,0
1775999198754,638,HTTP Request 2,200,OK,config 2 2-1,text,true,,231,168,6,18,http://stload.se.ifmo.ru:8080/?token=518472196&&user=-1356113187&config=2,638,0,0
1775999198903,506,HTTP Request 3,200,OK,config 3 3-6,text,true,,231,168,6,18,http://stload.se.ifmo.ru:8080/?token=518472196&&user=-1356113187&config=3,506,0,0
1775999198565,870,HTTP Request 1,200,OK,config 1 1-5,text,false,"The operation lasted too long: It took 870 milliseconds, but should not have lasted longer than 840 milliseconds.",231,168,6,18,http://stload.se.ifmo.ru:8080/?token=518472196&&user=-1356113187&config=1,870,0,0
1775999199070,457,HTTP Request 3,200,OK,config 3 3-2,text,true,,231,168,6,18,http://stload.se.ifmo.ru:8080/?token=518472196&&user=-1356113187&config=3,457,0,0
1775999198901,698,HTTP Request 2,200,OK,config 2 2-6,text,true,,231,168,6,18,http://stload.se.ifmo.ru:8080/?token=518472196&&user=-1356113187&config=2,698,0,0
1775999198755,895,HTTP Request 1,200,OK,config 1 1-1,text,false,"The operation lasted too long: It took 895 milliseconds, but should not have lasted longer than 840 milliseconds.",231,168,6,18,http://stload.se.ifmo.ru:8080/?token=518472196&&user=-1356113187&config=1,894,0,0
1775999199069,661,HTTP Request 2,200,OK,config 2 2-2,text,true,,231,168,6,18,http://stload.se.ifmo.ru:8080/?token=518472196&&user=-1356113187&config=2,661,0,0
1775999198898,896,HTTP Request 1,200,OK,config 1 1-6,text,false,"The operation lasted too long: It took 896 milliseconds, but should not have lasted longer than 840 milliseconds.",231,168,6,18,http://stload.se.ifmo.ru:8080/?token=518472196&&user=-1356113187&config=1,896,0,0
1775999199404,490,HTTP Request 3,200,OK,config 3 3-3,text,true,,231,168,6,18,http://stload.se.ifmo.ru:8080/?token=518472196&&user=-1356113187&config=3,490,0,0
1775999199067,862,HTTP Request 1,200,OK,config 1 1-2,text,false,"The operation lasted too long: It took 862 milliseconds, but should not have lasted longer than 840 milliseconds.",231,168,6,18,http://stload.se.ifmo.ru:8080/?token=518472196&&user=-1356113187&config=1,862,0,0
1775999199403,677,HTTP Request 2,200,OK,config 2 2-3,text,true,,231,168,6,18,http://stload.se.ifmo.ru:8080/?token=518472196&&user=-1356113187&config=2,677,0,0
1775999199735,498,HTTP Request 3,200,OK,config 3 3-4,text,true,,231,168,6,18,http://stload.se.ifmo.ru:8080/?token=518472196&&user=-1356113187&config=3,498,0,0
1775999199399,880,HTTP Request 1,200,OK,config 1 1-3,text,false,"The operation lasted too long: It took 880 milliseconds, but should not have lasted longer than 840 milliseconds.",231,168,6,18,http://stload.se.ifmo.ru:8080/?token=518472196&&user=-1356113187&config=1,880,0,0
1775999199736,745,HTTP Request 2,200,OK,config 2 2-4,text,true,,231,168,6,18,http://stload.se.ifmo.ru:8080/?token=518472196&&user=-1356113187&config=2,745,0,0
1775999200068,450,HTTP Request 3,200,OK,config 3 3-5,text,true,,231,168,6,18,http://stload.se.ifmo.ru:8080/?token=518472196&&user=-1356113187&config=3,450,0,0
1775999199731,911,HTTP Request 1,200,OK,config 1 1-4,text,false,"The operation lasted too long: It took 911 milliseconds, but should not have lasted longer than 840 milliseconds.",231,168,6,18,http://stload.se.ifmo.ru:8080/?token=518472196&&user=-1356113187&config=1,911,0,0
1775999200067,650,HTTP Request 2,200,OK,config 2 2-5,text,true,,231,168,6,18,http://stload.se.ifmo.ru:8080/?token=518472196&&user=-1356113187&config=2,649,0,0
1775999200254,476,HTTP Request 3,200,OK,config 3 3-1,text,true,,231,168,6,18,http://stload.se.ifmo.ru:8080/?token=518472196&&user=-1356113187&config=3,476,0,0
1775999200403,453,HTTP Request 3,200,OK,config 3 3-6,text,true,,231,168,6,18,http://stload.se.ifmo.ru:8080/?token=518472196&&user=-1356113187&config=3,453,0,0
1775999200065,850,HTTP Request 1,200,OK,config 1 1-5,text,false,"The operation lasted too long: It took 850 milliseconds, but should not have lasted longer than 840 milliseconds.",231,168,6,18,http://stload.se.ifmo.ru:8080/?token=518472196&&user=-1356113187&config=1,849,0,0
1775999200254,714,HTTP Request 2,200,OK,config 2 2-1,text,true,,231,168,6,18,http://stload.se.ifmo.ru:8080/?token=518472196&&user=-1356113187&config=2,714,0,0
1775999200570,449,HTTP Request 3,200,OK,config 3 3-2,text,true,,231,168,6,18,http://stload.se.ifmo.ru:8080/?token=518472196&&user=-1356113187&config=3,449,0,0
1775999200401,656,HTTP Request 2,200,OK,config 2 2-6,text,true,,231,168,6,18,http://stload.se.ifmo.ru:8080/?token=518472196&&user=-1356113187&config=2,656,0,0
1775999200254,863,HTTP Request 1,200,OK,config 1 1-1,text,false,"The operation lasted too long: It took 863 milliseconds, but should not have lasted longer than 840 milliseconds.",231,168,6,18,http://stload.se.ifmo.ru:8080/?token=518472196&&user=-1356113187&config=1,863,0,0
1775999200568,648,HTTP Request 2,200,OK,config 2 2-2,text,true,,231,168,6,18,http://stload.se.ifmo.ru:8080/?token=518472196&&user=-1356113187&config=2,648,0,0
1775999200399,842,HTTP Request 1,200,OK,config 1 1-6,text,false,"The operation lasted too long: It took 842 milliseconds, but should not have lasted longer than 840 milliseconds.",231,168,6,18,http://stload.se.ifmo.ru:8080/?token=518472196&&user=-1356113187&config=1,842,0,0
1775999200904,449,HTTP Request 3,200,OK,config 3 3-3,text,true,,231,168,6,18,http://stload.se.ifmo.ru:8080/?token=518472196&&user=-1356113187&config=3,449,0,0
1775999200568,881,HTTP Request 1,200,OK,config 1 1-2,text,false,"The operation lasted too long: It took 881 milliseconds, but should not have lasted longer than 840 milliseconds.",231,168,6,18,http://stload.se.ifmo.ru:8080/?token=518472196&&user=-1356113187&config=1,881,0,0
1775999200904,653,HTTP Request 2,200,OK,config 2 2-3,text,true,,231,168,6,18,http://stload.se.ifmo.ru:8080/?token=518472196&&user=-1356113187&config=2,653,0,0
1775999201235,452,HTTP Request 3,200,OK,config 3 3-4,text,true,,231,168,6,18,http://stload.se.ifmo.ru:8080/?token=518472196&&user=-1356113187&config=3,452,0,0
1775999200900,857,HTTP Request 1,200,OK,config 1 1-3,text,false,"The operation lasted too long: It took 857 milliseconds, but should not have lasted longer than 840 milliseconds.",231,168,6,18,http://stload.se.ifmo.ru:8080/?token=518472196&&user=-1356113187&config=1,857,0,0
1775999201235,654,HTTP Request 2,200,OK,config 2 2-4,text,true,,231,168,6,18,http://stload.se.ifmo.ru:8080/?token=518472196&&user=-1356113187&config=2,654,0,0
1775999201569,464,HTTP Request 3,200,OK,config 3 3-5,text,true,,231,168,6,18,http://stload.se.ifmo.ru:8080/?token=518472196&&user=-1356113187&config=3,464,0,0
1775999201231,858,HTTP Request 1,200,OK,config 1 1-4,text,false,"The operation lasted too long: It took 858 milliseconds, but should not have lasted longer than 840 milliseconds.",231,168,6,18,http://stload.se.ifmo.ru:8080/?token=518472196&&user=-1356113187&config=1,858,0,0
1775999201754,447,HTTP Request 3,200,OK,config 3 3-1,text,true,,231,168,6,18,http://stload.se.ifmo.ru:8080/?token=518472196&&user=-1356113187&config=3,447,0,0
1775999201567,647,HTTP Request 2,200,OK,config 2 2-5,text,true,,231,168,6,18,http://stload.se.ifmo.ru:8080/?token=518472196&&user=-1356113187&config=2,647,0,0
1775999201754,649,HTTP Request 2,200,OK,config 2 2-1,text,true,,231,168,6,18,http://stload.se.ifmo.ru:8080/?token=518472196&&user=-1356113187&config=2,649,0,0
1775999201903,556,HTTP Request 3,200,OK,config 3 3-6,text,true,,231,168,6,18,http://stload.se.ifmo.ru:8080/?token=518472196&&user=-1356113187&config=3,556,0,0
1775999201566,893,HTTP Request 1,200,OK,config 1 1-5,text,false,"The operation lasted too long: It took 893 milliseconds, but should not have lasted longer than 840 milliseconds.",231,168,6,18,http://stload.se.ifmo.ru:8080/?token=518472196&&user=-1356113187&config=1,893,0,0
1775999202071,467,HTTP Request 3,200,OK,config 3 3-2,text,true,,231,168,6,18,http://stload.se.ifmo.ru:8080/?token=518472196&&user=-1356113187&config=3,467,0,0
1775999201754,845,HTTP Request 1,200,OK,config 1 1-1,text,false,"The operation lasted too long: It took 845 milliseconds, but should not have lasted longer than 840 milliseconds.",231,168,6,18,http://stload.se.ifmo.ru:8080/?token=518472196&&user=-1356113187&config=1,845,0,0
1775999201902,710,HTTP Request 2,200,OK,config 2 2-6,text,true,,231,168,6,18,http://stload.se.ifmo.ru:8080/?token=518472196&&user=-1356113187&config=2,710,0,0
1775999202068,665,HTTP Request 2,200,OK,config 2 2-2,text,true,,231,168,6,18,http://stload.se.ifmo.ru:8080/?token=518472196&&user=-1356113187&config=2,665,0,0
1775999201898,954,HTTP Request 1,200,OK,config 1 1-6,text,false,"The operation lasted too long: It took 954 milliseconds, but should not have lasted longer than 840 milliseconds.",231,168,6,18,http://stload.se.ifmo.ru:8080/?token=518472196&&user=-1356113187&config=1,954,0,0
1775999202403,500,HTTP Request 3,200,OK,config 3 3-3,text,true,,231,168,6,18,http://stload.se.ifmo.ru:8080/?token=518472196&&user=-1356113187&config=3,500,0,0
1775999202067,866,HTTP Request 1,200,OK,config 1 1-2,text,false,"The operation lasted too long: It took 866 milliseconds, but should not have lasted longer than 840 milliseconds.",231,168,6,18,http://stload.se.ifmo.ru:8080/?token=518472196&&user=-1356113187&config=1,866,0,0
1775999202403,737,HTTP Request 2,200,OK,config 2 2-3,text,true,,231,168,6,18,http://stload.se.ifmo.ru:8080/?token=518472196&&user=-1356113187&config=2,737,0,0
1775999202735,490,HTTP Request 3,200,OK,config 3 3-4,text,true,,231,168,6,18,http://stload.se.ifmo.ru:8080/?token=518472196&&user=-1356113187&config=3,490,0,0
1775999202399,847,HTTP Request 1,200,OK,config 1 1-3,text,false,"The operation lasted too long: It took 847 milliseconds, but should not have lasted longer than 840 milliseconds.",231,168,6,18,http://stload.se.ifmo.ru:8080/?token=518472196&&user=-1356113187&config=1,847,0,0
1775999202735,699,HTTP Request 2,200,OK,config 2 2-4,text,true,,231,168,6,18,http://stload.se.ifmo.ru:8080/?token=518472196&&user=-1356113187&config=2,699,0,0
1775999203068,447,HTTP Request 3,200,OK,config 3 3-5,text,true,,231,168,6,18,http://stload.se.ifmo.ru:8080/?token=518472196&&user=-1356113187&config=3,447,0,0
1775999202732,843,HTTP Request 1,200,OK,config 1 1-4,text,false,"The operation lasted too long: It took 843 milliseconds, but should not have lasted longer than 840 milliseconds.",231,168,6,18,http://stload.se.ifmo.ru:8080/?token=518472196&&user=-1356113187&config=1,843,0,0
1775999203067,645,HTTP Request 2,200,OK,config 2 2-5,text,true,,231,168,6,18,http://stload.se.ifmo.ru:8080/?token=518472196&&user=-1356113187&config=2,645,0,0
1775999203254,499,HTTP Request 3,200,OK,config 3 3-1,text,true,,231,168,6,18,http://stload.se.ifmo.ru:8080/?token=518472196&&user=-1356113187&config=3,499,0,0
1775999203403,463,HTTP Request 3,200,OK,config 3 3-6,text,true,,231,168,6,18,http://stload.se.ifmo.ru:8080/?token=518472196&&user=-1356113187&config=3,463,0,0
1775999203065,848,HTTP Request 1,200,OK,config 1 1-5,text,false,"The operation lasted too long: It took 848 milliseconds, but should not have lasted longer than 840 milliseconds.",231,168,6,18,http://stload.se.ifmo.ru:8080/?token=518472196&&user=-1356113187&config=1,848,0,0
1775999203254,739,HTTP Request 2,200,OK,config 2 2-1,text,true,,231,168,6,18,http://stload.se.ifmo.ru:8080/?token=518472196&&user=-1356113187&config=2,739,0,0
1775999203570,456,HTTP Request 3,200,OK,config 3 3-2,text,true,,231,168,6,18,http://stload.se.ifmo.ru:8080/?token=518472196&&user=-1356113187&config=3,456,0,0
1775999203401,664,HTTP Request 2,200,OK,config 2 2-6,text,true,,231,168,6,18,http://stload.se.ifmo.ru:8080/?token=518472196&&user=-1356113187&config=2,664,0,0
1775999203255,899,HTTP Request 1,200,OK,config 1 1-1,text,false,"The operation lasted too long: It took 899 milliseconds, but should not have lasted longer than 840 milliseconds.",231,168,6,18,http://stload.se.ifmo.ru:8080/?token=518472196&&user=-1356113187&config=1,899,0,0
1775999203568,651,HTTP Request 2,200,OK,config 2 2-2,text,true,,231,168,6,18,http://stload.se.ifmo.ru:8080/?token=518472196&&user=-1356113187&config=2,651,0,0
1775999203398,852,HTTP Request 1,200,OK,config 1 1-6,text,false,"The operation lasted too long: It took 852 milliseconds, but should not have lasted longer than 840 milliseconds.",231,168,6,18,http://stload.se.ifmo.ru:8080/?token=518472196&&user=-1356113187&config=1,852,0,0
1775999203903,453,HTTP Request 3,200,OK,config 3 3-3,text,true,,231,168,6,18,http://stload.se.ifmo.ru:8080/?token=518472196&&user=-1356113187&config=3,453,0,0
1775999203568,849,HTTP Request 1,200,OK,config 1 1-2,text,false,"The operation lasted too long: It took 849 milliseconds, but should not have lasted longer than 840 milliseconds.",231,168,6,18,http://stload.se.ifmo.ru:8080/?token=518472196&&user=-1356113187&config=1,849,0,0
1775999203903,651,HTTP Request 2,200,OK,config 2 2-3,text,true,,231,168,6,18,http://stload.se.ifmo.ru:8080/?token=518472196&&user=-1356113187&config=2,651,0,0
1775999204236,468,HTTP Request 3,200,OK,config 3 3-4,text,true,,231,168,6,18,http://stload.se.ifmo.ru:8080/?token=518472196&&user=-1356113187&config=3,468,0,0
1775999203900,857,HTTP Request 1,200,OK,config 1 1-3,text,false,"The operation lasted too long: It took 857 milliseconds, but should not have lasted longer than 840 milliseconds.",231,168,6,18,http://stload.se.ifmo.ru:8080/?token=518472196&&user=-1356113187&config=1,857,0,0
1775999204235,658,HTTP Request 2,200,OK,config 2 2-4,text,true,,231,168,6,18,http://stload.se.ifmo.ru:8080/?token=518472196&&user=-1356113187&config=2,658,0,0
1775999204568,500,HTTP Request 3,200,OK,config 3 3-5,text,true,,231,168,6,18,http://stload.se.ifmo.ru:8080/?token=518472196&&user=-1356113187&config=3,500,0,0
1775999204232,865,HTTP Request 1,200,OK,config 1 1-4,text,false,"The operation lasted too long: It took 865 milliseconds, but should not have lasted longer than 840 milliseconds.",231,168,6,18,http://stload.se.ifmo.ru:8080/?token=518472196&&user=-1356113187&config=1,865,0,0
1775999204754,441,HTTP Request 3,200,OK,config 3 3-1,text,true,,231,168,6,18,http://stload.se.ifmo.ru:8080/?token=518472196&&user=-1356113187&config=3,441,0,0
1775999204568,703,HTTP Request 2,200,OK,config 2 2-5,text,true,,231,168,6,18,http://stload.se.ifmo.ru:8080/?token=518472196&&user=-1356113187&config=2,703,0,0
1775999204754,659,HTTP Request 2,200,OK,config 2 2-1,text,true,,231,168,6,18,http://stload.se.ifmo.ru:8080/?token=518472196&&user=-1356113187&config=2,659,0,0
1775999204904,509,HTTP Request 3,200,OK,config 3 3-6,text,true,,231,168,6,18,http://stload.se.ifmo.ru:8080/?token=518472196&&user=-1356113187&config=3,509,0,0
1775999204565,927,HTTP Request 1,200,OK,config 1 1-5,text,false,"The operation lasted too long: It took 927 milliseconds, but should not have lasted longer than 840 milliseconds.",231,168,6,18,http://stload.se.ifmo.ru:8080/?token=518472196&&user=-1356113187&config=1,927,0,0
1775999205070,478,HTTP Request 3,200,OK,config 3 3-2,text,true,,231,168,6,18,http://stload.se.ifmo.ru:8080/?token=518472196&&user=-1356113187&config=3,478,0,0
1775999204901,728,HTTP Request 2,200,OK,config 2 2-6,text,true,,231,168,6,18,http://stload.se.ifmo.ru:8080/?token=518472196&&user=-1356113187&config=2,728,0,0
1775999204754,875,HTTP Request 1,200,OK,config 1 1-1,text,false,"The operation lasted too long: It took 875 milliseconds, but should not have lasted longer than 840 milliseconds.",231,168,6,18,http://stload.se.ifmo.ru:8080/?token=518472196&&user=-1356113187&config=1,875,0,0
1775999205068,659,HTTP Request 2,200,OK,config 2 2-2,text,true,,231,168,6,18,http://stload.se.ifmo.ru:8080/?token=518472196&&user=-1356113187&config=2,659,0,0
1775999204898,885,HTTP Request 1,200,OK,config 1 1-6,text,false,"The operation lasted too long: It took 885 milliseconds, but should not have lasted longer than 840 milliseconds.",231,168,6,18,http://stload.se.ifmo.ru:8080/?token=518472196&&user=-1356113187&config=1,885,0,0
1775999205404,454,HTTP Request 3,200,OK,config 3 3-3,text,true,,231,168,6,18,http://stload.se.ifmo.ru:8080/?token=518472196&&user=-1356113187&config=3,454,0,0
1775999205067,843,HTTP Request 1,200,OK,config 1 1-2,text,false,"The operation lasted too long: It took 843 milliseconds, but should not have lasted longer than 840 milliseconds.",231,168,6,18,http://stload.se.ifmo.ru:8080/?token=518472196&&user=-1356113187&config=1,843,0,0
1775999205404,653,HTTP Request 2,200,OK,config 2 2-3,text,true,,231,168,6,18,http://stload.se.ifmo.ru:8080/?token=518472196&&user=-1356113187&config=2,653,0,0
1775999205735,493,HTTP Request 3,200,OK,config 3 3-4,text,true,,231,168,6,18,http://stload.se.ifmo.ru:8080/?token=518472196&&user=-1356113187&config=3,493,0,0
1775999205399,843,HTTP Request 1,200,OK,config 1 1-3,text,false,"The operation lasted too long: It took 843 milliseconds, but should not have lasted longer than 840 milliseconds.",231,168,6,18,http://stload.se.ifmo.ru:8080/?token=518472196&&user=-1356113187&config=1,843,0,0
1775999205735,695,HTTP Request 2,200,OK,config 2 2-4,text,true,,231,168,6,18,http://stload.se.ifmo.ru:8080/?token=518472196&&user=-1356113187&config=2,695,0,0
1775999206068,484,HTTP Request 3,200,OK,config 3 3-5,text,true,,231,168,6,18,http://stload.se.ifmo.ru:8080/?token=518472196&&user=-1356113187&config=3,484,0,0
1775999205731,896,HTTP Request 1,200,OK,config 1 1-4,text,false,"The operation lasted too long: It took 896 milliseconds, but should not have lasted longer than 840 milliseconds.",231,168,6,18,http://stload.se.ifmo.ru:8080/?token=518472196&&user=-1356113187&config=1,896,0,0
1775999206255,479,HTTP Request 3,200,OK,config 3 3-1,text,true,,231,168,6,18,http://stload.se.ifmo.ru:8080/?token=518472196&&user=-1356113187&config=3,479,0,0
1775999206067,686,HTTP Request 2,200,OK,config 2 2-5,text,true,,231,168,6,18,http://stload.se.ifmo.ru:8080/?token=518472196&&user=-1356113187&config=2,686,0,0
1775999206403,455,HTTP Request 3,200,OK,config 3 3-6,text,true,,231,168,6,18,http://stload.se.ifmo.ru:8080/?token=518472196&&user=-1356113187&config=3,455,0,0
1775999206255,734,HTTP Request 2,200,OK,config 2 2-1,text,true,,231,168,6,18,http://stload.se.ifmo.ru:8080/?token=518472196&&user=-1356113187&config=2,734,0,0
1775999206065,924,HTTP Request 1,200,OK,config 1 1-5,text,false,"The operation lasted too long: It took 924 milliseconds, but should not have lasted longer than 840 milliseconds.",231,168,6,18,http://stload.se.ifmo.ru:8080/?token=518472196&&user=-1356113187&config=1,924,0,0
1775999206401,655,HTTP Request 2,200,OK,config 2 2-6,text,true,,231,168,6,18,http://stload.se.ifmo.ru:8080/?token=518472196&&user=-1356113187&config=2,655,0,0
1775999206570,531,HTTP Request 3,200,OK,config 3 3-2,text,true,,231,168,6,18,http://stload.se.ifmo.ru:8080/?token=518472196&&user=-1356113187&config=3,531,0,0
1775999206255,878,HTTP Request 1,200,OK,config 1 1-1,text,false,"The operation lasted too long: It took 878 milliseconds, but should not have lasted longer than 840 milliseconds.",231,168,6,18,http://stload.se.ifmo.ru:8080/?token=518472196&&user=-1356113187&config=1,878,0,0
1775999206398,847,HTTP Request 1,200,OK,config 1 1-6,text,false,"The operation lasted too long: It took 847 milliseconds, but should not have lasted longer than 840 milliseconds.",231,168,6,18,http://stload.se.ifmo.ru:8080/?token=518472196&&user=-1356113187&config=1,847,0,0
1775999206568,758,HTTP Request 2,200,OK,config 2 2-2,text,true,,231,168,6,18,http://stload.se.ifmo.ru:8080/?token=518472196&&user=-1356113187&config=2,758,0,0
1775999206903,464,HTTP Request 3,200,OK,config 3 3-3,text,true,,231,168,6,18,http://stload.se.ifmo.ru:8080/?token=518472196&&user=-1356113187&config=3,464,0,0
1775999206567,924,HTTP Request 1,200,OK,config 1 1-2,text,false,"The operation lasted too long: It took 924 milliseconds, but should not have lasted longer than 840 milliseconds.",231,168,6,18,http://stload.se.ifmo.ru:8080/?token=518472196&&user=-1356113187&config=1,924,0,0
1775999206904,667,HTTP Request 2,200,OK,config 2 2-3,text,true,,231,168,6,18,http://stload.se.ifmo.ru:8080/?token=518472196&&user=-1356113187&config=2,667,0,0
1775999207235,458,HTTP Request 3,200,OK,config 3 3-4,text,true,,231,168,6,18,http://stload.se.ifmo.ru:8080/?token=518472196&&user=-1356113187&config=3,458,0,0
1775999206899,868,HTTP Request 1,200,OK,config 1 1-3,text,false,"The operation lasted too long: It took 868 milliseconds, but should not have lasted longer than 840 milliseconds.",231,168,6,18,http://stload.se.ifmo.ru:8080/?token=518472196&&user=-1356113187&config=1,868,0,0
1775999207235,653,HTTP Request 2,200,OK,config 2 2-4,text,true,,231,168,6,18,http://stload.se.ifmo.ru:8080/?token=518472196&&user=-1356113187&config=2,653,0,0
1775999207568,492,HTTP Request 3,200,OK,config 3 3-5,text,true,,231,168,6,18,http://stload.se.ifmo.ru:8080/?token=518472196&&user=-1356113187&config=3,492,0,0
1775999207231,873,HTTP Request 1,200,OK,config 1 1-4,text,false,"The operation lasted too long: It took 873 milliseconds, but should not have lasted longer than 840 milliseconds.",231,168,6,18,http://stload.se.ifmo.ru:8080/?token=518472196&&user=-1356113187&config=1,873,0,0
1775999207754,437,HTTP Request 3,200,OK,config 3 3-1,text,true,,231,168,6,18,http://stload.se.ifmo.ru:8080/?token=518472196&&user=-1356113187&config=3,437,0,0
1775999207567,692,HTTP Request 2,200,OK,config 2 2-5,text,true,,231,168,6,18,http://stload.se.ifmo.ru:8080/?token=518472196&&user=-1356113187&config=2,692,0,0
1775999207903,490,HTTP Request 3,200,OK,config 3 3-6,text,true,,231,168,6,18,http://stload.se.ifmo.ru:8080/?token=518472196&&user=-1356113187&config=3,490,0,0
1775999207754,652,HTTP Request 2,200,OK,config 2 2-1,text,true,,231,168,6,18,http://stload.se.ifmo.ru:8080/?token=518472196&&user=-1356113187&config=2,651,0,0
1775999207565,841,HTTP Request 1,200,OK,config 1 1-5,text,false,"The operation lasted too long: It took 841 milliseconds, but should not have lasted longer than 840 milliseconds.",231,168,6,18,http://stload.se.ifmo.ru:8080/?token=518472196&&user=-1356113187&config=1,840,0,0
1775999208070,476,HTTP Request 3,200,OK,config 3 3-2,text,true,,231,168,6,18,http://stload.se.ifmo.ru:8080/?token=518472196&&user=-1356113187&config=3,476,0,0
1775999207901,695,HTTP Request 2,200,OK,config 2 2-6,text,true,,231,168,6,18,http://stload.se.ifmo.ru:8080/?token=518472196&&user=-1356113187&config=2,695,0,0
1775999207754,855,HTTP Request 1,200,OK,config 1 1-1,text,false,"The operation lasted too long: It took 855 milliseconds, but should not have lasted longer than 840 milliseconds.",231,168,6,18,http://stload.se.ifmo.ru:8080/?token=518472196&&user=-1356113187&config=1,855,0,0
1775999208068,695,HTTP Request 2,200,OK,config 2 2-2,text,true,,231,168,6,18,http://stload.se.ifmo.ru:8080/?token=518472196&&user=-1356113187&config=2,695,0,0
1775999207898,931,HTTP Request 1,200,OK,config 1 1-6,text,false,"The operation lasted too long: It took 931 milliseconds, but should not have lasted longer than 840 milliseconds.",231,168,6,18,http://stload.se.ifmo.ru:8080/?token=518472196&&user=-1356113187&config=1,931,0,0
1775999208403,444,HTTP Request 3,200,OK,config 3 3-3,text,true,,231,168,6,18,http://stload.se.ifmo.ru:8080/?token=518472196&&user=-1356113187&config=3,444,0,0
1775999208067,880,HTTP Request 1,200,OK,config 1 1-2,text,false,"The operation lasted too long: It took 880 milliseconds, but should not have lasted longer than 840 milliseconds.",231,168,6,18,http://stload.se.ifmo.ru:8080/?token=518472196&&user=-1356113187&config=1,880,0,0
1775999208403,648,HTTP Request 2,200,OK,config 2 2-3,text,true,,231,168,6,18,http://stload.se.ifmo.ru:8080/?token=518472196&&user=-1356113187&config=2,648,0,0
1775999208736,462,HTTP Request 3,200,OK,config 3 3-4,text,true,,231,168,6,18,http://stload.se.ifmo.ru:8080/?token=518472196&&user=-1356113187&config=3,462,0,0
1775999208399,853,HTTP Request 1,200,OK,config 1 1-3,text,false,"The operation lasted too long: It took 853 milliseconds, but should not have lasted longer than 840 milliseconds.",231,168,6,18,http://stload.se.ifmo.ru:8080/?token=518472196&&user=-1356113187&config=1,853,0,0
1775999208735,659,HTTP Request 2,200,OK,config 2 2-4,text,true,,231,168,6,18,http://stload.se.ifmo.ru:8080/?token=518472196&&user=-1356113187&config=2,659,0,0
1775999209068,478,HTTP Request 3,200,OK,config 3 3-5,text,true,,231,168,6,18,http://stload.se.ifmo.ru:8080/?token=518472196&&user=-1356113187&config=3,478,0,0
1775999208732,842,HTTP Request 1,200,OK,config 1 1-4,text,false,"The operation lasted too long: It took 842 milliseconds, but should not have lasted longer than 840 milliseconds.",231,168,6,18,http://stload.se.ifmo.ru:8080/?token=518472196&&user=-1356113187&config=1,842,0,0
1775999209068,683,HTTP Request 2,200,OK,config 2 2-5,text,true,,231,168,6,18,http://stload.se.ifmo.ru:8080/?token=518472196&&user=-1356113187&config=2,683,0,0
1775999209254,510,HTTP Request 3,200,OK,config 3 3-1,text,true,,231,168,6,18,http://stload.se.ifmo.ru:8080/?token=518472196&&user=-1356113187&config=3,510,0,0
1775999209403,485,HTTP Request 3,200,OK,config 3 3-6,text,true,,231,168,6,18,http://stload.se.ifmo.ru:8080/?token=518472196&&user=-1356113187&config=3,485,0,0
1775999209065,883,HTTP Request 1,200,OK,config 1 1-5,text,false,"The operation lasted too long: It took 883 milliseconds, but should not have lasted longer than 840 milliseconds.",231,168,6,18,http://stload.se.ifmo.ru:8080/?token=518472196&&user=-1356113187&config=1,883,0,0
1775999209254,708,HTTP Request 2,200,OK,config 2 2-1,text,true,,231,168,6,18,http://stload.se.ifmo.ru:8080/?token=518472196&&user=-1356113187&config=2,708,0,0
1775999209570,446,HTTP Request 3,200,OK,config 3 3-2,text,true,,231,168,6,18,http://stload.se.ifmo.ru:8080/?token=518472196&&user=-1356113187&config=3,446,0,0
1775999209402,683,HTTP Request 2,200,OK,config 2 2-6,text,true,,231,168,6,18,http://stload.se.ifmo.ru:8080/?token=518472196&&user=-1356113187&config=2,683,0,0
1775999209255,896,HTTP Request 1,200,OK,config 1 1-1,text,false,"The operation lasted too long: It took 896 milliseconds, but should not have lasted longer than 840 milliseconds.",231,168,6,18,http://stload.se.ifmo.ru:8080/?token=518472196&&user=-1356113187&config=1,896,0,0
1775999209568,652,HTTP Request 2,200,OK,config 2 2-2,text,true,,231,168,6,18,http://stload.se.ifmo.ru:8080/?token=518472196&&user=-1356113187&config=2,652,0,0
1775999209399,889,HTTP Request 1,200,OK,config 1 1-6,text,false,"The operation lasted too long: It took 889 milliseconds, but should not have lasted longer than 840 milliseconds.",231,168,6,18,http://stload.se.ifmo.ru:8080/?token=518472196&&user=-1356113187&config=1,889,0,0
1775999209903,490,HTTP Request 3,200,OK,config 3 3-3,text,true,,231,168,6,18,http://stload.se.ifmo.ru:8080/?token=518472196&&user=-1356113187&config=3,490,0,0
1775999209567,852,HTTP Request 1,200,OK,config 1 1-2,text,false,"The operation lasted too long: It took 852 milliseconds, but should not have lasted longer than 840 milliseconds.",231,168,6,18,http://stload.se.ifmo.ru:8080/?token=518472196&&user=-1356113187&config=1,852,0,0
1775999209903,694,HTTP Request 2,200,OK,config 2 2-3,text,true,,231,168,6,18,http://stload.se.ifmo.ru:8080/?token=518472196&&user=-1356113187&config=2,694,0,0
1775999210235,487,HTTP Request 3,200,OK,config 3 3-4,text,true,,231,168,6,18,http://stload.se.ifmo.ru:8080/?token=518472196&&user=-1356113187&config=3,487,0,0
1775999209899,892,HTTP Request 1,200,OK,config 1 1-3,text,false,"The operation lasted too long: It took 892 milliseconds, but should not have lasted longer than 840 milliseconds.",231,168,6,18,http://stload.se.ifmo.ru:8080/?token=518472196&&user=-1356113187&config=1,892,0,0
1775999210236,693,HTTP Request 2,200,OK,config 2 2-4,text,true,,231,168,6,18,http://stload.se.ifmo.ru:8080/?token=518472196&&user=-1356113187&config=2,693,0,0
1775999210568,459,HTTP Request 3,200,OK,config 3 3-5,text,true,,231,168,6,18,http://stload.se.ifmo.ru:8080/?token=518472196&&user=-1356113187&config=3,459,0,0
1775999210232,889,HTTP Request 1,200,OK,config 1 1-4,text,false,"The operation lasted too long: It took 889 milliseconds, but should not have lasted longer than 840 milliseconds.",231,168,6,18,http://stload.se.ifmo.ru:8080/?token=518472196&&user=-1356113187&config=1,889,0,0
1775999210567,674,HTTP Request 2,200,OK,config 2 2-5,text,true,,231,168,6,18,http://stload.se.ifmo.ru:8080/?token=518472196&&user=-1356113187&config=2,674,0,0
1775999210754,487,HTTP Request 3,200,OK,config 3 3-1,text,true,,231,168,6,18,http://stload.se.ifmo.ru:8080/?token=518472196&&user=-1356113187&config=3,487,0,0
1775999210903,472,HTTP Request 3,200,OK,config 3 3-6,text,true,,231,168,6,18,http://stload.se.ifmo.ru:8080/?token=518472196&&user=-1356113187&config=3,472,0,0
1775999210565,853,HTTP Request 1,200,OK,config 1 1-5,text,false,"The operation lasted too long: It took 853 milliseconds, but should not have lasted longer than 840 milliseconds.",231,168,6,18,http://stload.se.ifmo.ru:8080/?token=518472196&&user=-1356113187&config=1,853,0,0
1775999210754,688,HTTP Request 2,200,OK,config 2 2-1,text,true,,231,168,6,18,http://stload.se.ifmo.ru:8080/?token=518472196&&user=-1356113187&config=2,688,0,0
1775999211070,457,HTTP Request 3,200,OK,config 3 3-2,text,true,,231,168,6,18,http://stload.se.ifmo.ru:8080/?token=518472196&&user=-1356113187&config=3,457,0,0
1775999210901,654,HTTP Request 2,200,OK,config 2 2-6,text,true,,231,168,6,18,http://stload.se.ifmo.ru:8080/?token=518472196&&user=-1356113187&config=2,654,0,0
1775999210754,865,HTTP Request 1,200,OK,config 1 1-1,text,false,"The operation lasted too long: It took 865 milliseconds, but should not have lasted longer than 840 milliseconds.",231,168,6,18,http://stload.se.ifmo.ru:8080/?token=518472196&&user=-1356113187&config=1,865,0,0
1775999211068,646,HTTP Request 2,200,OK,config 2 2-2,text,true,,231,168,6,18,http://stload.se.ifmo.ru:8080/?token=518472196&&user=-1356113187&config=2,646,0,0
1775999210898,843,HTTP Request 1,200,OK,config 1 1-6,text,false,"The operation lasted too long: It took 843 milliseconds, but should not have lasted longer than 840 milliseconds.",231,168,6,18,http://stload.se.ifmo.ru:8080/?token=518472196&&user=-1356113187&config=1,843,0,0
1775999211403,458,HTTP Request 3,200,OK,config 3 3-3,text,true,,231,168,6,18,http://stload.se.ifmo.ru:8080/?token=518472196&&user=-1356113187&config=3,458,0,0
1775999211067,849,HTTP Request 1,200,OK,config 1 1-2,text,false,"The operation lasted too long: It took 849 milliseconds, but should not have lasted longer than 840 milliseconds.",231,168,6,18,http://stload.se.ifmo.ru:8080/?token=518472196&&user=-1356113187&config=1,849,0,0
1775999211403,661,HTTP Request 2,200,OK,config 2 2-3,text,true,,231,168,6,18,http://stload.se.ifmo.ru:8080/?token=518472196&&user=-1356113187&config=2,661,0,0
1775999211735,461,HTTP Request 3,200,OK,config 3 3-4,text,true,,231,168,6,18,http://stload.se.ifmo.ru:8080/?token=518472196&&user=-1356113187&config=3,461,0,0
1775999211399,865,HTTP Request 1,200,OK,config 1 1-3,text,false,"The operation lasted too long: It took 865 milliseconds, but should not have lasted longer than 840 milliseconds.",231,168,6,18,http://stload.se.ifmo.ru:8080/?token=518472196&&user=-1356113187&config=1,865,0,0
1775999211735,654,HTTP Request 2,200,OK,config 2 2-4,text,true,,231,168,6,18,http://stload.se.ifmo.ru:8080/?token=518472196&&user=-1356113187&config=2,654,0,0
1775999212068,467,HTTP Request 3,200,OK,config 3 3-5,text,true,,231,168,6,18,http://stload.se.ifmo.ru:8080/?token=518472196&&user=-1356113187&config=3,467,0,0
1775999211731,854,HTTP Request 1,200,OK,config 1 1-4,text,false,"The operation lasted too long: It took 854 milliseconds, but should not have lasted longer than 840 milliseconds.",231,168,6,18,http://stload.se.ifmo.ru:8080/?token=518472196&&user=-1356113187&config=1,854,0,0
1775999212067,666,HTTP Request 2,200,OK,config 2 2-5,text,true,,231,168,6,18,http://stload.se.ifmo.ru:8080/?token=518472196&&user=-1356113187&config=2,666,0,0
1775999212254,494,HTTP Request 3,200,OK,config 3 3-1,text,true,,231,168,6,18,http://stload.se.ifmo.ru:8080/?token=518472196&&user=-1356113187&config=3,494,0,0
1775999212404,458,HTTP Request 3,200,OK,config 3 3-6,text,true,,231,168,6,18,http://stload.se.ifmo.ru:8080/?token=518472196&&user=-1356113187&config=3,458,0,0
1775999212254,718,HTTP Request 2,200,OK,config 2 2-1,text,true,,231,168,6,18,http://stload.se.ifmo.ru:8080/?token=518472196&&user=-1356113187&config=2,718,0,0
1775999212065,907,HTTP Request 1,200,OK,config 1 1-5,text,false,"The operation lasted too long: It took 907 milliseconds, but should not have lasted longer than 840 milliseconds.",231,168,6,18,http://stload.se.ifmo.ru:8080/?token=518472196&&user=-1356113187&config=1,907,0,0
1775999212570,459,HTTP Request 3,200,OK,config 3 3-2,text,true,,231,168,6,18,http://stload.se.ifmo.ru:8080/?token=518472196&&user=-1356113187&config=3,459,0,0
1775999212401,676,HTTP Request 2,200,OK,config 2 2-6,text,true,,231,168,6,18,http://stload.se.ifmo.ru:8080/?token=518472196&&user=-1356113187&config=2,676,0,0
1775999212255,898,HTTP Request 1,200,OK,config 1 1-1,text,false,"The operation lasted too long: It took 898 milliseconds, but should not have lasted longer than 840 milliseconds.",231,168,6,18,http://stload.se.ifmo.ru:8080/?token=518472196&&user=-1356113187&config=1,898,0,0
1775999212568,659,HTTP Request 2,200,OK,config 2 2-2,text,true,,231,168,6,18,http://stload.se.ifmo.ru:8080/?token=518472196&&user=-1356113187&config=2,659,0,0
1775999212399,846,HTTP Request 1,200,OK,config 1 1-6,text,false,"The operation lasted too long: It took 846 milliseconds, but should not have lasted longer than 840 milliseconds.",231,168,6,18,http://stload.se.ifmo.ru:8080/?token=518472196&&user=-1356113187&config=1,846,0,0
1775999212903,460,HTTP Request 3,200,OK,config 3 3-3,text,true,,231,168,6,18,http://stload.se.ifmo.ru:8080/?token=518472196&&user=-1356113187&config=3,460,0,0
1775999212568,876,HTTP Request 1,200,OK,config 1 1-2,text,false,"The operation lasted too long: It took 876 milliseconds, but should not have lasted longer than 840 milliseconds.",231,168,6,18,http://stload.se.ifmo.ru:8080/?token=518472196&&user=-1356113187&config=1,876,0,0
1775999212903,659,HTTP Request 2,200,OK,config 2 2-3,text,true,,231,168,6,18,http://stload.se.ifmo.ru:8080/?token=518472196&&user=-1356113187&config=2,659,0,0
1775999213235,454,HTTP Request 3,200,OK,config 3 3-4,text,true,,231,168,6,18,http://stload.se.ifmo.ru:8080/?token=518472196&&user=-1356113187&config=3,454,0,0
1775999212899,864,HTTP Request 1,200,OK,config 1 1-3,text,false,"The operation lasted too long: It took 864 milliseconds, but should not have lasted longer than 840 milliseconds.",231,168,6,18,http://stload.se.ifmo.ru:8080/?token=518472196&&user=-1356113187&config=1,864,0,0
1775999213235,656,HTTP Request 2,200,OK,config 2 2-4,text,true,,231,168,6,18,http://stload.se.ifmo.ru:8080/?token=518472196&&user=-1356113187&config=2,656,0,0
1775999213568,485,HTTP Request 3,200,OK,config 3 3-5,text,true,,231,168,6,18,http://stload.se.ifmo.ru:8080/?token=518472196&&user=-1356113187&config=3,485,0,0
1775999213231,855,HTTP Request 1,200,OK,config 1 1-4,text,false,"The operation lasted too long: It took 855 milliseconds, but should not have lasted longer than 840 milliseconds.",231,168,6,18,http://stload.se.ifmo.ru:8080/?token=518472196&&user=-1356113187&config=1,855,0,0
1775999213754,509,HTTP Request 3,200,OK,config 3 3-1,text,true,,231,168,6,18,http://stload.se.ifmo.ru:8080/?token=518472196&&user=-1356113187&config=3,509,0,0
1775999213567,696,HTTP Request 2,200,OK,config 2 2-5,text,true,,231,168,6,18,http://stload.se.ifmo.ru:8080/?token=518472196&&user=-1356113187&config=2,696,0,0
1775999213903,498,HTTP Request 3,200,OK,config 3 3-6,text,true,,231,168,6,18,http://stload.se.ifmo.ru:8080/?token=518472196&&user=-1356113187&config=3,498,0,0
1775999213755,729,HTTP Request 2,200,OK,config 2 2-1,text,true,,231,168,6,18,http://stload.se.ifmo.ru:8080/?token=518472196&&user=-1356113187&config=2,729,0,0
1775999213565,919,HTTP Request 1,200,OK,config 1 1-5,text,false,"The operation lasted too long: It took 919 milliseconds, but should not have lasted longer than 840 milliseconds.",231,168,6,18,http://stload.se.ifmo.ru:8080/?token=518472196&&user=-1356113187&config=1,919,0,0
1775999214070,459,HTTP Request 3,200,OK,config 3 3-2,text,true,,231,168,6,18,http://stload.se.ifmo.ru:8080/?token=518472196&&user=-1356113187&config=3,459,0,0
1775999213754,838,HTTP Request 1,200,OK,config 1 1-1,text,true,,231,168,6,18,http://stload.se.ifmo.ru:8080/?token=518472196&&user=-1356113187&config=1,838,0,0
1775999213902,702,HTTP Request 2,200,OK,config 2 2-6,text,true,,231,168,6,18,http://stload.se.ifmo.ru:8080/?token=518472196&&user=-1356113187&config=2,702,0,0
1775999214068,664,HTTP Request 2,200,OK,config 2 2-2,text,true,,231,168,6,18,http://stload.se.ifmo.ru:8080/?token=518472196&&user=-1356113187&config=2,664,0,0
1775999213899,913,HTTP Request 1,200,OK,config 1 1-6,text,false,"The operation lasted too long: It took 913 milliseconds, but should not have lasted longer than 840 milliseconds.",231,168,6,18,http://stload.se.ifmo.ru:8080/?token=518472196&&user=-1356113187&config=1,913,0,0
1775999214404,455,HTTP Request 3,200,OK,config 3 3-3,text,true,,231,168,6,18,http://stload.se.ifmo.ru:8080/?token=518472196&&user=-1356113187&config=3,455,0,0
1775999214067,863,HTTP Request 1,200,OK,config 1 1-2,text,false,"The operation lasted too long: It took 863 milliseconds, but should not have lasted longer than 840 milliseconds.",231,168,6,18,http://stload.se.ifmo.ru:8080/?token=518472196&&user=-1356113187&config=1,863,0,0
1775999214403,655,HTTP Request 2,200,OK,config 2 2-3,text,true,,231,168,6,18,http://stload.se.ifmo.ru:8080/?token=518472196&&user=-1356113187&config=2,655,0,0
1775999214735,453,HTTP Request 3,200,OK,config 3 3-4,text,true,,231,168,6,18,http://stload.se.ifmo.ru:8080/?token=518472196&&user=-1356113187&config=3,453,0,0
1775999214400,842,HTTP Request 1,200,OK,config 1 1-3,text,false,"The operation lasted too long: It took 842 milliseconds, but should not have lasted longer than 840 milliseconds.",231,168,6,18,http://stload.se.ifmo.ru:8080/?token=518472196&&user=-1356113187&config=1,842,0,0
1775999214735,655,HTTP Request 2,200,OK,config 2 2-4,text,true,,231,168,6,18,http://stload.se.ifmo.ru:8080/?token=518472196&&user=-1356113187&config=2,655,0,0
1775999215068,481,HTTP Request 3,200,OK,config 3 3-5,text,true,,231,168,6,18,http://stload.se.ifmo.ru:8080/?token=518472196&&user=-1356113187&config=3,481,0,0
1775999214731,843,HTTP Request 1,200,OK,config 1 1-4,text,false,"The operation lasted too long: It took 843 milliseconds, but should not have lasted longer than 840 milliseconds.",231,168,6,18,http://stload.se.ifmo.ru:8080/?token=518472196&&user=-1356113187&config=1,843,0,0
1775999215254,479,HTTP Request 3,200,OK,config 3 3-1,text,true,,231,168,6,18,http://stload.se.ifmo.ru:8080/?token=518472196&&user=-1356113187&config=3,479,0,0
1775999215068,683,HTTP Request 2,200,OK,config 2 2-5,text,true,,231,168,6,18,http://stload.se.ifmo.ru:8080/?token=518472196&&user=-1356113187&config=2,683,0,0
1775999215404,485,HTTP Request 3,200,OK,config 3 3-6,text,true,,231,168,6,18,http://stload.se.ifmo.ru:8080/?token=518472196&&user=-1356113187&config=3,485,0,0
1775999215254,682,HTTP Request 2,200,OK,config 2 2-1,text,true,,231,168,6,18,http://stload.se.ifmo.ru:8080/?token=518472196&&user=-1356113187&config=2,682,0,0
1775999215065,897,HTTP Request 1,200,OK,config 1 1-5,text,false,"The operation lasted too long: It took 897 milliseconds, but should not have lasted longer than 840 milliseconds.",231,168,6,18,http://stload.se.ifmo.ru:8080/?token=518472196&&user=-1356113187&config=1,897,0,0
1775999215570,470,HTTP Request 3,200,OK,config 3 3-2,text,true,,231,168,6,18,http://stload.se.ifmo.ru:8080/?token=518472196&&user=-1356113187&config=3,470,0,0
1775999215402,693,HTTP Request 2,200,OK,config 2 2-6,text,true,,231,168,6,18,http://stload.se.ifmo.ru:8080/?token=518472196&&user=-1356113187&config=2,693,0,0
1775999215254,880,HTTP Request 1,200,OK,config 1 1-1,text,false,"The operation lasted too long: It took 880 milliseconds, but should not have lasted longer than 840 milliseconds.",231,168,6,18,http://stload.se.ifmo.ru:8080/?token=518472196&&user=-1356113187&config=1,880,0,0
1775999215568,650,HTTP Request 2,200,OK,config 2 2-2,text,true,,231,168,6,18,http://stload.se.ifmo.ru:8080/?token=518472196&&user=-1356113187&config=2,650,0,0
1775999215398,889,HTTP Request 1,200,OK,config 1 1-6,text,false,"The operation lasted too long: It took 889 milliseconds, but should not have lasted longer than 840 milliseconds.",231,168,6,18,http://stload.se.ifmo.ru:8080/?token=518472196&&user=-1356113187&config=1,889,0,0
1775999215904,476,HTTP Request 3,200,OK,config 3 3-3,text,true,,231,168,6,18,http://stload.se.ifmo.ru:8080/?token=518472196&&user=-1356113187&config=3,476,0,0
1775999215568,848,HTTP Request 1,200,OK,config 1 1-2,text,false,"The operation lasted too long: It took 848 milliseconds, but should not have lasted longer than 840 milliseconds.",231,168,6,18,http://stload.se.ifmo.ru:8080/?token=518472196&&user=-1356113187&config=1,848,0,0
1775999215903,688,HTTP Request 2,200,OK,config 2 2-3,text,true,,231,168,6,18,http://stload.se.ifmo.ru:8080/?token=518472196&&user=-1356113187&config=2,688,0,0
1775999216235,493,HTTP Request 3,200,OK,config 3 3-4,text,true,,231,168,6,18,http://stload.se.ifmo.ru:8080/?token=518472196&&user=-1356113187&config=3,493,0,0
1775999215900,882,HTTP Request 1,200,OK,config 1 1-3,text,false,"The operation lasted too long: It took 882 milliseconds, but should not have lasted longer than 840 milliseconds.",231,168,6,18,http://stload.se.ifmo.ru:8080/?token=518472196&&user=-1356113187&config=1,882,0,0
1775999216235,744,HTTP Request 2,200,OK,config 2 2-4,text,true,,231,168,6,18,http://stload.se.ifmo.ru:8080/?token=518472196&&user=-1356113187&config=2,744,0,0
1775999216568,460,HTTP Request 3,200,OK,config 3 3-5,text,true,,231,168,6,18,http://stload.se.ifmo.ru:8080/?token=518472196&&user=-1356113187&config=3,460,0,0
1775999216231,956,HTTP Request 1,200,OK,config 1 1-4,text,false,"The operation lasted too long: It took 956 milliseconds, but should not have lasted longer than 840 milliseconds.",231,168,6,18,http://stload.se.ifmo.ru:8080/?token=518472196&&user=-1356113187&config=1,956,0,0
1775999216754,484,HTTP Request 3,200,OK,config 3 3-1,text,true,,231,168,6,18,http://stload.se.ifmo.ru:8080/?token=518472196&&user=-1356113187&config=3,484,0,0
1775999216568,683,HTTP Request 2,200,OK,config 2 2-5,text,true,,231,168,6,18,http://stload.se.ifmo.ru:8080/?token=518472196&&user=-1356113187&config=2,683,0,0
1775999216903,474,HTTP Request 3,200,OK,config 3 3-6,text,true,,231,168,6,18,http://stload.se.ifmo.ru:8080/?token=518472196&&user=-1356113187&config=3,474,0,0
1775999216754,666,HTTP Request 2,200,OK,config 2 2-1,text,true,,231,168,6,18,http://stload.se.ifmo.ru:8080/?token=518472196&&user=-1356113187&config=2,666,0,0
1775999216565,908,HTTP Request 1,200,OK,config 1 1-5,text,false,"The operation lasted too long: It took 908 milliseconds, but should not have lasted longer than 840 milliseconds.",231,168,6,18,http://stload.se.ifmo.ru:8080/?token=518472196&&user=-1356113187&config=1,908,0,0
1775999216901,656,HTTP Request 2,200,OK,config 2 2-6,text,true,,231,168,6,18,http://stload.se.ifmo.ru:8080/?token=518472196&&user=-1356113187&config=2,656,0,0
1775999217070,500,HTTP Request 3,200,OK,config 3 3-2,text,true,,231,168,6,18,http://stload.se.ifmo.ru:8080/?token=518472196&&user=-1356113187&config=3,500,0,0
1775999216754,863,HTTP Request 1,200,OK,config 1 1-1,text,false,"The operation lasted too long: It took 863 milliseconds, but should not have lasted longer than 840 milliseconds.",231,168,6,18,http://stload.se.ifmo.ru:8080/?token=518472196&&user=-1356113187&config=1,863,0,0
1775999216898,847,HTTP Request 1,200,OK,config 1 1-6,text,false,"The operation lasted too long: It took 847 milliseconds, but should not have lasted longer than 840 milliseconds.",231,168,6,18,http://stload.se.ifmo.ru:8080/?token=518472196&&user=-1356113187&config=1,847,0,0
1775999217069,721,HTTP Request 2,200,OK,config 2 2-2,text,true,,231,168,6,18,http://stload.se.ifmo.ru:8080/?token=518472196&&user=-1356113187&config=2,721,0,0
1775999217403,456,HTTP Request 3,200,OK,config 3 3-3,text,true,,231,168,6,18,http://stload.se.ifmo.ru:8080/?token=518472196&&user=-1356113187&config=3,456,0,0
1775999217067,891,HTTP Request 1,200,OK,config 1 1-2,text,false,"The operation lasted too long: It took 891 milliseconds, but should not have lasted longer than 840 milliseconds.",231,168,6,18,http://stload.se.ifmo.ru:8080/?token=518472196&&user=-1356113187&config=1,891,0,0
1775999217403,657,HTTP Request 2,200,OK,config 2 2-3,text,true,,231,168,6,18,http://stload.se.ifmo.ru:8080/?token=518472196&&user=-1356113187&config=2,657,0,0
1775999217735,496,HTTP Request 3,200,OK,config 3 3-4,text,true,,231,168,6,18,http://stload.se.ifmo.ru:8080/?token=518472196&&user=-1356113187&config=3,496,0,0
1775999217399,853,HTTP Request 1,200,OK,config 1 1-3,text,false,"The operation lasted too long: It took 853 milliseconds, but should not have lasted longer than 840 milliseconds.",231,168,6,18,http://stload.se.ifmo.ru:8080/?token=518472196&&user=-1356113187&config=1,853,0,0
1775999217735,698,HTTP Request 2,200,OK,config 2 2-4,text,true,,231,168,6,18,http://stload.se.ifmo.ru:8080/?token=518472196&&user=-1356113187&config=2,698,0,0
1775999218069,481,HTTP Request 3,200,OK,config 3 3-5,text,true,,231,168,6,18,http://stload.se.ifmo.ru:8080/?token=518472196&&user=-1356113187&config=3,481,0,0
1775999217732,897,HTTP Request 1,200,OK,config 1 1-4,text,false,"The operation lasted too long: It took 897 milliseconds, but should not have lasted longer than 840 milliseconds.",231,168,6,18,http://stload.se.ifmo.ru:8080/?token=518472196&&user=-1356113187&config=1,897,0,0
1775999218255,490,HTTP Request 3,200,OK,config 3 3-1,text,true,,231,168,6,18,http://stload.se.ifmo.ru:8080/?token=518472196&&user=-1356113187&config=3,490,0,0
1775999218068,690,HTTP Request 2,200,OK,config 2 2-5,text,true,,231,168,6,18,http://stload.se.ifmo.ru:8080/?token=518472196&&user=-1356113187&config=2,690,0,0
1775999218404,458,HTTP Request 3,200,OK,config 3 3-6,text,true,,231,168,6,18,http://stload.se.ifmo.ru:8080/?token=518472196&&user=-1356113187&config=3,458,0,0
1775999218255,750,HTTP Request 2,200,OK,config 2 2-1,text,true,,231,168,6,18,http://stload.se.ifmo.ru:8080/?token=518472196&&user=-1356113187&config=2,750,0,0
1775999218065,940,HTTP Request 1,200,OK,config 1 1-5,text,false,"The operation lasted too long: It took 940 milliseconds, but should not have lasted longer than 840 milliseconds.",231,168,6,18,http://stload.se.ifmo.ru:8080/?token=518472196&&user=-1356113187&config=1,940,0,0
1775999218401,685,HTTP Request 2,200,OK,config 2 2-6,text,true,,231,168,6,18,http://stload.se.ifmo.ru:8080/?token=518472196&&user=-1356113187&config=2,685,0,0
1775999218570,516,HTTP Request 3,200,OK,config 3 3-2,text,true,,231,168,6,18,http://stload.se.ifmo.ru:8080/?token=518472196&&user=-1356113187&config=3,516,0,0
1775999218255,893,HTTP Request 1,200,OK,config 1 1-1,text,false,"The operation lasted too long: It took 893 milliseconds, but should not have lasted longer than 840 milliseconds.",231,168,6,18,http://stload.se.ifmo.ru:8080/?token=518472196&&user=-1356113187&config=1,893,0,0
1775999218398,847,HTTP Request 1,200,OK,config 1 1-6,text,false,"The operation lasted too long: It took 847 milliseconds, but should not have lasted longer than 840 milliseconds.",231,168,6,18,http://stload.se.ifmo.ru:8080/?token=518472196&&user=-1356113187&config=1,847,0,0
1775999218568,744,HTTP Request 2,200,OK,config 2 2-2,text,true,,231,168,6,18,http://stload.se.ifmo.ru:8080/?token=518472196&&user=-1356113187&config=2,744,0,0
1775999218904,470,HTTP Request 3,200,OK,config 3 3-3,text,true,,231,168,6,18,http://stload.se.ifmo.ru:8080/?token=518472196&&user=-1356113187&config=3,470,0,0
1775999218567,909,HTTP Request 1,200,OK,config 1 1-2,text,false,"The operation lasted too long: It took 909 milliseconds, but should not have lasted longer than 840 milliseconds.",231,168,6,18,http://stload.se.ifmo.ru:8080/?token=518472196&&user=-1356113187&config=1,909,0,0
1775999218904,660,HTTP Request 2,200,OK,config 2 2-3,text,true,,231,168,6,18,http://stload.se.ifmo.ru:8080/?token=518472196&&user=-1356113187&config=2,660,0,0
1775999219235,463,HTTP Request 3,200,OK,config 3 3-4,text,true,,231,168,6,18,http://stload.se.ifmo.ru:8080/?token=518472196&&user=-1356113187&config=3,463,0,0
1775999218900,861,HTTP Request 1,200,OK,config 1 1-3,text,false,"The operation lasted too long: It took 861 milliseconds, but should not have lasted longer than 840 milliseconds.",231,168,6,18,http://stload.se.ifmo.ru:8080/?token=518472196&&user=-1356113187&config=1,861,0,0
1775999219235,653,HTTP Request 2,200,OK,config 2 2-4,text,true,,231,168,6,18,http://stload.se.ifmo.ru:8080/?token=518472196&&user=-1356113187&config=2,653,0,0
1775999219568,485,HTTP Request 3,200,OK,config 3 3-5,text,true,,231,168,6,18,http://stload.se.ifmo.ru:8080/?token=518472196&&user=-1356113187&config=3,485,0,0
1775999219232,844,HTTP Request 1,200,OK,config 1 1-4,text,false,"The operation lasted too long: It took 844 milliseconds, but should not have lasted longer than 840 milliseconds.",231,168,6,18,http://stload.se.ifmo.ru:8080/?token=518472196&&user=-1356113187&config=1,844,0,0
1775999219754,443,HTTP Request 3,200,OK,config 3 3-1,text,true,,231,168,6,18,http://stload.se.ifmo.ru:8080/?token=518472196&&user=-1356113187&config=3,443,0,0
1775999219567,683,HTTP Request 2,200,OK,config 2 2-5,text,true,,231,168,6,18,http://stload.se.ifmo.ru:8080/?token=518472196&&user=-1356113187&config=2,683,0,0
1775999219903,503,HTTP Request 3,200,OK,config 3 3-6,text,true,,231,168,6,18,http://stload.se.ifmo.ru:8080/?token=518472196&&user=-1356113187&config=3,503,0,0
1775999219754,705,HTTP Request 2,200,OK,config 2 2-1,text,true,,231,168,6,18,http://stload.se.ifmo.ru:8080/?token=518472196&&user=-1356113187&config=2,705,0,0
1775999219565,894,HTTP Request 1,200,OK,config 1 1-5,text,false,"The operation lasted too long: It took 894 milliseconds, but should not have lasted longer than 840 milliseconds.",231,168,6,18,http://stload.se.ifmo.ru:8080/?token=518472196&&user=-1356113187&config=1,894,0,0
1775999220070,450,HTTP Request 3,200,OK,config 3 3-2,text,true,,231,168,6,18,http://stload.se.ifmo.ru:8080/?token=518472196&&user=-1356113187&config=3,450,0,0
1775999219901,690,HTTP Request 2,200,OK,config 2 2-6,text,true,,231,168,6,18,http://stload.se.ifmo.ru:8080/?token=518472196&&user=-1356113187&config=2,690,0,0
1775999219754,850,HTTP Request 1,200,OK,config 1 1-1,text,false,"The operation lasted too long: It took 850 milliseconds, but should not have lasted longer than 840 milliseconds.",231,168,6,18,http://stload.se.ifmo.ru:8080/?token=518472196&&user=-1356113187&config=1,850,0,0
1775999220068,655,HTTP Request 2,200,OK,config 2 2-2,text,true,,231,168,6,18,http://stload.se.ifmo.ru:8080/?token=518472196&&user=-1356113187&config=2,655,0,0
1775999219899,890,HTTP Request 1,200,OK,config 1 1-6,text,false,"The operation lasted too long: It took 890 milliseconds, but should not have lasted longer than 840 milliseconds.",231,168,6,18,http://stload.se.ifmo.ru:8080/?token=518472196&&user=-1356113187&config=1,890,0,0
1775999220403,448,HTTP Request 3,200,OK,config 3 3-3,text,true,,231,168,6,18,http://stload.se.ifmo.ru:8080/?token=518472196&&user=-1356113187&config=3,448,0,0
1775999220067,855,HTTP Request 1,200,OK,config 1 1-2,text,false,"The operation lasted too long: It took 855 milliseconds, but should not have lasted longer than 840 milliseconds.",231,168,6,18,http://stload.se.ifmo.ru:8080/?token=518472196&&user=-1356113187&config=1,855,0,0
1775999220403,646,HTTP Request 2,200,OK,config 2 2-3,text,true,,231,168,6,18,http://stload.se.ifmo.ru:8080/?token=518472196&&user=-1356113187&config=2,646,0,0
1775999220735,485,HTTP Request 3,200,OK,config 3 3-4,text,true,,231,168,6,18,http://stload.se.ifmo.ru:8080/?token=518472196&&user=-1356113187&config=3,485,0,0
1775999220400,853,HTTP Request 1,200,OK,config 1 1-3,text,false,"The operation lasted too long: It took 853 milliseconds, but should not have lasted longer than 840 milliseconds.",231,168,6,18,http://stload.se.ifmo.ru:8080/?token=518472196&&user=-1356113187&config=1,853,0,0
1775999220735,684,HTTP Request 2,200,OK,config 2 2-4,text,true,,231,168,6,18,http://stload.se.ifmo.ru:8080/?token=518472196&&user=-1356113187&config=2,684,0,0
1775999221068,469,HTTP Request 3,200,OK,config 3 3-5,text,true,,231,168,6,18,http://stload.se.ifmo.ru:8080/?token=518472196&&user=-1356113187&config=3,469,0,0
1775999220732,929,HTTP Request 1,200,OK,config 1 1-4,text,false,"The operation lasted too long: It took 929 milliseconds, but should not have lasted longer than 840 milliseconds.",231,168,6,18,http://stload.se.ifmo.ru:8080/?token=518472196&&user=-1356113187&config=1,929,0,0
1775999221067,667,HTTP Request 2,200,OK,config 2 2-5,text,true,,231,168,6,18,http://stload.se.ifmo.ru:8080/?token=518472196&&user=-1356113187&config=2,667,0,0
1775999221254,573,HTTP Request 3,200,OK,config 3 3-1,text,true,,231,168,6,18,http://stload.se.ifmo.ru:8080/?token=518472196&&user=-1356113187&config=3,573,0,0
1775999221404,460,HTTP Request 3,200,OK,config 3 3-6,text,true,,231,168,6,18,http://stload.se.ifmo.ru:8080/?token=518472196&&user=-1356113187&config=3,460,0,0
1775999221066,922,HTTP Request 1,200,OK,config 1 1-5,text,false,"The operation lasted too long: It took 922 milliseconds, but should not have lasted longer than 840 milliseconds.",231,168,6,18,http://stload.se.ifmo.ru:8080/?token=518472196&&user=-1356113187&config=1,922,0,0
1775999221254,775,HTTP Request 2,200,OK,config 2 2-1,text,true,,231,168,6,18,http://stload.se.ifmo.ru:8080/?token=518472196&&user=-1356113187&config=2,775,0,0
1775999221570,472,HTTP Request 3,200,OK,config 3 3-2,text,true,,231,168,6,18,http://stload.se.ifmo.ru:8080/?token=518472196&&user=-1356113187&config=3,472,0,0
1775999221401,661,HTTP Request 2,200,OK,config 2 2-6,text,true,,231,168,6,18,http://stload.se.ifmo.ru:8080/?token=518472196&&user=-1356113187&config=2,661,0,0
1775999221254,971,HTTP Request 1,200,OK,config 1 1-1,text,false,"The operation lasted too long: It took 971 milliseconds, but should not have lasted longer than 840 milliseconds.",231,168,6,18,http://stload.se.ifmo.ru:8080/?token=518472196&&user=-1356113187&config=1,971,0,0
1775999221568,671,HTTP Request 2,200,OK,config 2 2-2,text,true,,231,168,6,18,http://stload.se.ifmo.ru:8080/?token=518472196&&user=-1356113187&config=2,671,0,0
1775999221398,854,HTTP Request 1,200,OK,config 1 1-6,text,false,"The operation lasted too long: It took 854 milliseconds, but should not have lasted longer than 840 milliseconds.",231,168,6,18,http://stload.se.ifmo.ru:8080/?token=518472196&&user=-1356113187&config=1,854,0,0
1775999221903,459,HTTP Request 3,200,OK,config 3 3-3,text,true,,231,168,6,18,http://stload.se.ifmo.ru:8080/?token=518472196&&user=-1356113187&config=3,459,0,0
1775999221567,870,HTTP Request 1,200,OK,config 1 1-2,text,false,"The operation lasted too long: It took 870 milliseconds, but should not have lasted longer than 840 milliseconds.",231,168,6,18,http://stload.se.ifmo.ru:8080/?token=518472196&&user=-1356113187&config=1,870,0,0
1775999221903,672,HTTP Request 2,200,OK,config 2 2-3,text,true,,231,168,6,18,http://stload.se.ifmo.ru:8080/?token=518472196&&user=-1356113187&config=2,672,0,0
1775999222236,447,HTTP Request 3,200,OK,config 3 3-4,text,true,,231,168,6,18,http://stload.se.ifmo.ru:8080/?token=518472196&&user=-1356113187&config=3,447,0,0
1775999221900,910,HTTP Request 1,200,OK,config 1 1-3,text,false,"The operation lasted too long: It took 910 milliseconds, but should not have lasted longer than 840 milliseconds.",231,168,6,18,http://stload.se.ifmo.ru:8080/?token=518472196&&user=-1356113187&config=1,910,0,0
1775999222235,669,HTTP Request 2,200,OK,config 2 2-4,text,true,,231,168,6,18,http://stload.se.ifmo.ru:8080/?token=518472196&&user=-1356113187&config=2,669,0,0
1775999222568,457,HTTP Request 3,200,OK,config 3 3-5,text,true,,231,168,6,18,http://stload.se.ifmo.ru:8080/?token=518472196&&user=-1356113187&config=3,457,0,0
1775999222232,850,HTTP Request 1,200,OK,config 1 1-4,text,false,"The operation lasted too long: It took 850 milliseconds, but should not have lasted longer than 840 milliseconds.",231,168,6,18,http://stload.se.ifmo.ru:8080/?token=518472196&&user=-1356113187&config=1,850,0,0
1775999222754,439,HTTP Request 3,200,OK,config 3 3-1,text,true,,231,168,6,18,http://stload.se.ifmo.ru:8080/?token=518472196&&user=-1356113187&config=3,439,0,0
1775999222567,659,HTTP Request 2,200,OK,config 2 2-5,text,true,,231,168,6,18,http://stload.se.ifmo.ru:8080/?token=518472196&&user=-1356113187&config=2,659,0,0
1775999222903,473,HTTP Request 3,200,OK,config 3 3-6,text,true,,231,168,6,18,http://stload.se.ifmo.ru:8080/?token=518472196&&user=-1356113187&config=3,473,0,0
1775999222565,841,HTTP Request 1,200,OK,config 1 1-5,text,false,"The operation lasted too long: It took 841 milliseconds, but should not have lasted longer than 840 milliseconds.",231,168,6,18,http://stload.se.ifmo.ru:8080/?token=518472196&&user=-1356113187&config=1,841,0,0
1775999222755,746,HTTP Request 2,200,OK,config 2 2-1,text,true,,231,168,6,18,http://stload.se.ifmo.ru:8080/?token=518472196&&user=-1356113187&config=2,746,0,0
1775999223070,458,HTTP Request 3,200,OK,config 3 3-2,text,true,,231,168,6,18,http://stload.se.ifmo.ru:8080/?token=518472196&&user=-1356113187&config=3,458,0,0
1775999222901,674,HTTP Request 2,200,OK,config 2 2-6,text,true,,231,168,6,18,http://stload.se.ifmo.ru:8080/?token=518472196&&user=-1356113187&config=2,674,0,0
1775999222755,893,HTTP Request 1,200,OK,config 1 1-1,text,false,"The operation lasted too long: It took 893 milliseconds, but should not have lasted longer than 840 milliseconds.",231,168,6,18,http://stload.se.ifmo.ru:8080/?token=518472196&&user=-1356113187&config=1,893,0,0
1775999223068,659,HTTP Request 2,200,OK,config 2 2-2,text,true,,231,168,6,18,http://stload.se.ifmo.ru:8080/?token=518472196&&user=-1356113187&config=2,659,0,0
1775999222898,933,HTTP Request 1,200,OK,config 1 1-6,text,false,"The operation lasted too long: It took 933 milliseconds, but should not have lasted longer than 840 milliseconds.",231,168,6,18,http://stload.se.ifmo.ru:8080/?token=518472196&&user=-1356113187&config=1,933,0,0
1775999223404,457,HTTP Request 3,200,OK,config 3 3-3,text,true,,231,168,6,18,http://stload.se.ifmo.ru:8080/?token=518472196&&user=-1356113187&config=3,457,0,0
1775999223068,893,HTTP Request 1,200,OK,config 1 1-2,text,false,"The operation lasted too long: It took 893 milliseconds, but should not have lasted longer than 840 milliseconds.",231,168,6,18,http://stload.se.ifmo.ru:8080/?token=518472196&&user=-1356113187&config=1,893,0,0
1775999223403,647,HTTP Request 2,200,OK,config 2 2-3,text,true,,231,168,6,18,http://stload.se.ifmo.ru:8080/?token=518472196&&user=-1356113187&config=2,647,0,0
1775999223735,465,HTTP Request 3,200,OK,config 3 3-4,text,true,,231,168,6,18,http://stload.se.ifmo.ru:8080/?token=518472196&&user=-1356113187&config=3,465,0,0
1775999223400,859,HTTP Request 1,200,OK,config 1 1-3,text,false,"The operation lasted too long: It took 859 milliseconds, but should not have lasted longer than 840 milliseconds.",231,168,6,18,http://stload.se.ifmo.ru:8080/?token=518472196&&user=-1356113187&config=1,859,0,0
1775999223735,678,HTTP Request 2,200,OK,config 2 2-4,text,true,,231,168,6,18,http://stload.se.ifmo.ru:8080/?token=518472196&&user=-1356113187&config=2,678,0,0
1775999224068,472,HTTP Request 3,200,OK,config 3 3-5,text,true,,231,168,6,18,http://stload.se.ifmo.ru:8080/?token=518472196&&user=-1356113187&config=3,472,0,0
1775999223731,873,HTTP Request 1,200,OK,config 1 1-4,text,false,"The operation lasted too long: It took 873 milliseconds, but should not have lasted longer than 840 milliseconds.",231,168,6,18,http://stload.se.ifmo.ru:8080/?token=518472196&&user=-1356113187&config=1,873,0,0
1775999224254,487,HTTP Request 3,200,OK,config 3 3-1,text,true,,231,168,6,18,http://stload.se.ifmo.ru:8080/?token=518472196&&user=-1356113187&config=3,487,0,0
1775999224067,675,HTTP Request 2,200,OK,config 2 2-5,text,true,,231,168,6,18,http://stload.se.ifmo.ru:8080/?token=518472196&&user=-1356113187&config=2,675,0,0
1775999224403,455,HTTP Request 3,200,OK,config 3 3-6,text,true,,231,168,6,18,http://stload.se.ifmo.ru:8080/?token=518472196&&user=-1356113187&config=3,455,0,0
1775999224254,692,HTTP Request 2,200,OK,config 2 2-1,text,true,,231,168,6,18,http://stload.se.ifmo.ru:8080/?token=518472196&&user=-1356113187&config=2,692,0,0
1775999224066,880,HTTP Request 1,200,OK,config 1 1-5,text,false,"The operation lasted too long: It took 880 milliseconds, but should not have lasted longer than 840 milliseconds.",231,168,6,18,http://stload.se.ifmo.ru:8080/?token=518472196&&user=-1356113187&config=1,880,0,0
1775999224571,451,HTTP Request 3,200,OK,config 3 3-2,text,true,,231,168,6,18,http://stload.se.ifmo.ru:8080/?token=518472196&&user=-1356113187&config=3,451,0,0
1775999224401,654,HTTP Request 2,200,OK,config 2 2-6,text,true,,231,168,6,18,http://stload.se.ifmo.ru:8080/?token=518472196&&user=-1356113187&config=2,654,0,0
1775999224254,881,HTTP Request 1,200,OK,config 1 1-1,text,false,"The operation lasted too long: It took 881 milliseconds, but should not have lasted longer than 840 milliseconds.",231,168,6,18,http://stload.se.ifmo.ru:8080/?token=518472196&&user=-1356113187&config=1,881,0,0
1775999224568,653,HTTP Request 2,200,OK,config 2 2-2,text,true,,231,168,6,18,http://stload.se.ifmo.ru:8080/?token=518472196&&user=-1356113187&config=2,653,0,0
1775999224398,842,HTTP Request 1,200,OK,config 1 1-6,text,false,"The operation lasted too long: It took 842 milliseconds, but should not have lasted longer than 840 milliseconds.",231,168,6,18,http://stload.se.ifmo.ru:8080/?token=518472196&&user=-1356113187&config=1,842,0,0
1775999224904,457,HTTP Request 3,200,OK,config 3 3-3,text,true,,231,168,6,18,http://stload.se.ifmo.ru:8080/?token=518472196&&user=-1356113187&config=3,457,0,0
1775999224567,857,HTTP Request 1,200,OK,config 1 1-2,text,false,"The operation lasted too long: It took 857 milliseconds, but should not have lasted longer than 840 milliseconds.",231,168,6,18,http://stload.se.ifmo.ru:8080/?token=518472196&&user=-1356113187&config=1,857,0,0
1775999224903,679,HTTP Request 2,200,OK,config 2 2-3,text,true,,231,168,6,18,http://stload.se.ifmo.ru:8080/?token=518472196&&user=-1356113187&config=2,679,0,0
1775999225235,457,HTTP Request 3,200,OK,config 3 3-4,text,true,,231,168,6,18,http://stload.se.ifmo.ru:8080/?token=518472196&&user=-1356113187&config=3,457,0,0
1775999224899,867,HTTP Request 1,200,OK,config 1 1-3,text,false,"The operation lasted too long: It took 867 milliseconds, but should not have lasted longer than 840 milliseconds.",231,168,6,18,http://stload.se.ifmo.ru:8080/?token=518472196&&user=-1356113187&config=1,867,0,0
1775999225235,647,HTTP Request 2,200,OK,config 2 2-4,text,true,,231,168,6,18,http://stload.se.ifmo.ru:8080/?token=518472196&&user=-1356113187&config=2,647,0,0
1775999225568,461,HTTP Request 3,200,OK,config 3 3-5,text,true,,231,168,6,18,http://stload.se.ifmo.ru:8080/?token=518472196&&user=-1356113187&config=3,461,0,0
1775999225231,871,HTTP Request 1,200,OK,config 1 1-4,text,false,"The operation lasted too long: It took 871 milliseconds, but should not have lasted longer than 840 milliseconds.",231,168,6,18,http://stload.se.ifmo.ru:8080/?token=518472196&&user=-1356113187&config=1,871,0,0
1775999225755,449,HTTP Request 3,200,OK,config 3 3-1,text,true,,231,168,6,18,http://stload.se.ifmo.ru:8080/?token=518472196&&user=-1356113187&config=3,449,0,0
1775999225567,650,HTTP Request 2,200,OK,config 2 2-5,text,true,,231,168,6,18,http://stload.se.ifmo.ru:8080/?token=518472196&&user=-1356113187&config=2,650,0,0
1775999225903,474,HTTP Request 3,200,OK,config 3 3-6,text,true,,231,168,6,18,http://stload.se.ifmo.ru:8080/?token=518472196&&user=-1356113187&config=3,474,0,0
1775999225754,653,HTTP Request 2,200,OK,config 2 2-1,text,true,,231,168,6,18,http://stload.se.ifmo.ru:8080/?token=518472196&&user=-1356113187&config=2,653,0,0
1775999225565,855,HTTP Request 1,200,OK,config 1 1-5,text,false,"The operation lasted too long: It took 855 milliseconds, but should not have lasted longer than 840 milliseconds.",231,168,6,18,http://stload.se.ifmo.ru:8080/?token=518472196&&user=-1356113187&config=1,855,0,0
1775999226070,456,HTTP Request 3,200,OK,config 3 3-2,text,true,,231,168,6,18,http://stload.se.ifmo.ru:8080/?token=518472196&&user=-1356113187&config=3,456,0,0
1775999225902,673,HTTP Request 2,200,OK,config 2 2-6,text,true,,231,168,6,18,http://stload.se.ifmo.ru:8080/?token=518472196&&user=-1356113187&config=2,673,0,0
1775999225754,850,HTTP Request 1,200,OK,config 1 1-1,text,false,"The operation lasted too long: It took 850 milliseconds, but should not have lasted longer than 840 milliseconds.",231,168,6,18,http://stload.se.ifmo.ru:8080/?token=518472196&&user=-1356113187&config=1,850,0,0
1775999226068,660,HTTP Request 2,200,OK,config 2 2-2,text,true,,231,168,6,18,http://stload.se.ifmo.ru:8080/?token=518472196&&user=-1356113187&config=2,660,0,0
1775999225898,894,HTTP Request 1,200,OK,config 1 1-6,text,false,"The operation lasted too long: It took 894 milliseconds, but should not have lasted longer than 840 milliseconds.",231,168,6,18,http://stload.se.ifmo.ru:8080/?token=518472196&&user=-1356113187&config=1,894,0,0
1775999226403,472,HTTP Request 3,200,OK,config 3 3-3,text,true,,231,168,6,18,http://stload.se.ifmo.ru:8080/?token=518472196&&user=-1356113187&config=3,472,0,0
1775999226067,858,HTTP Request 1,200,OK,config 1 1-2,text,false,"The operation lasted too long: It took 858 milliseconds, but should not have lasted longer than 840 milliseconds.",231,168,6,18,http://stload.se.ifmo.ru:8080/?token=518472196&&user=-1356113187&config=1,858,0,0
1775999226403,647,HTTP Request 2,200,OK,config 2 2-3,text,true,,231,168,6,18,http://stload.se.ifmo.ru:8080/?token=518472196&&user=-1356113187&config=2,647,0,0
1775999226735,453,HTTP Request 3,200,OK,config 3 3-4,text,true,,231,168,6,18,http://stload.se.ifmo.ru:8080/?token=518472196&&user=-1356113187&config=3,453,0,0
1775999226399,854,HTTP Request 1,200,OK,config 1 1-3,text,false,"The operation lasted too long: It took 854 milliseconds, but should not have lasted longer than 840 milliseconds.",231,168,6,18,http://stload.se.ifmo.ru:8080/?token=518472196&&user=-1356113187&config=1,854,0,0
1775999226735,677,HTTP Request 2,200,OK,config 2 2-4,text,true,,231,168,6,18,http://stload.se.ifmo.ru:8080/?token=518472196&&user=-1356113187&config=2,677,0,0
1775999227068,507,HTTP Request 3,200,OK,config 3 3-5,text,true,,231,168,6,18,http://stload.se.ifmo.ru:8080/?token=518472196&&user=-1356113187&config=3,507,0,0
1775999226731,892,HTTP Request 1,200,OK,config 1 1-4,text,false,"The operation lasted too long: It took 892 milliseconds, but should not have lasted longer than 840 milliseconds.",231,168,6,18,http://stload.se.ifmo.ru:8080/?token=518472196&&user=-1356113187&config=1,892,0,0
1775999227254,462,HTTP Request 3,200,OK,config 3 3-1,text,true,,231,168,6,18,http://stload.se.ifmo.ru:8080/?token=518472196&&user=-1356113187&config=3,462,0,0
1775999227067,720,HTTP Request 2,200,OK,config 2 2-5,text,true,,231,168,6,18,http://stload.se.ifmo.ru:8080/?token=518472196&&user=-1356113187&config=2,720,0,0
1775999227403,448,HTTP Request 3,200,OK,config 3 3-6,text,true,,231,168,6,18,http://stload.se.ifmo.ru:8080/?token=518472196&&user=-1356113187&config=3,448,0,0
1775999227254,654,HTTP Request 2,200,OK,config 2 2-1,text,true,,231,168,6,18,http://stload.se.ifmo.ru:8080/?token=518472196&&user=-1356113187&config=2,654,0,0
1775999227065,894,HTTP Request 1,200,OK,config 1 1-5,text,false,"The operation lasted too long: It took 894 milliseconds, but should not have lasted longer than 840 milliseconds.",231,168,6,18,http://stload.se.ifmo.ru:8080/?token=518472196&&user=-1356113187&config=1,894,0,0
1775999227401,661,HTTP Request 2,200,OK,config 2 2-6,text,true,,231,168,6,18,http://stload.se.ifmo.ru:8080/?token=518472196&&user=-1356113187&config=2,661,0,0
1775999227570,506,HTTP Request 3,200,OK,config 3 3-2,text,true,,231,168,6,18,http://stload.se.ifmo.ru:8080/?token=518472196&&user=-1356113187&config=3,506,0,0
1775999227254,853,HTTP Request 1,200,OK,config 1 1-1,text,false,"The operation lasted too long: It took 853 milliseconds, but should not have lasted longer than 840 milliseconds.",231,168,6,18,http://stload.se.ifmo.ru:8080/?token=518472196&&user=-1356113187&config=1,853,0,0
1775999227398,848,HTTP Request 1,200,OK,config 1 1-6,text,false,"The operation lasted too long: It took 848 milliseconds, but should not have lasted longer than 840 milliseconds.",231,168,6,18,http://stload.se.ifmo.ru:8080/?token=518472196&&user=-1356113187&config=1,848,0,0
1775999227568,705,HTTP Request 2,200,OK,config 2 2-2,text,true,,231,168,6,18,http://stload.se.ifmo.ru:8080/?token=518472196&&user=-1356113187&config=2,705,0,0
1775999227903,449,HTTP Request 3,200,OK,config 3 3-3,text,true,,231,168,6,18,http://stload.se.ifmo.ru:8080/?token=518472196&&user=-1356113187&config=3,449,0,0
1775999227567,852,HTTP Request 1,200,OK,config 1 1-2,text,false,"The operation lasted too long: It took 852 milliseconds, but should not have lasted longer than 840 milliseconds.",231,168,6,18,http://stload.se.ifmo.ru:8080/?token=518472196&&user=-1356113187&config=1,852,0,0
1775999227903,646,HTTP Request 2,200,OK,config 2 2-3,text,true,,231,168,6,18,http://stload.se.ifmo.ru:8080/?token=518472196&&user=-1356113187&config=2,646,0,0
1775999228236,453,HTTP Request 3,200,OK,config 3 3-4,text,true,,231,168,6,18,http://stload.se.ifmo.ru:8080/?token=518472196&&user=-1356113187&config=3,453,0,0
1775999227899,862,HTTP Request 1,200,OK,config 1 1-3,text,false,"The operation lasted too long: It took 862 milliseconds, but should not have lasted longer than 840 milliseconds.",231,168,6,18,http://stload.se.ifmo.ru:8080/?token=518472196&&user=-1356113187&config=1,862,0,0
1775999228236,657,HTTP Request 2,200,OK,config 2 2-4,text,true,,231,168,6,18,http://stload.se.ifmo.ru:8080/?token=518472196&&user=-1356113187&config=2,657,0,0
1775999228569,504,HTTP Request 3,200,OK,config 3 3-5,text,true,,231,168,6,18,http://stload.se.ifmo.ru:8080/?token=518472196&&user=-1356113187&config=3,504,0,0
1775999228231,855,HTTP Request 1,200,OK,config 1 1-4,text,false,"The operation lasted too long: It took 855 milliseconds, but should not have lasted longer than 840 milliseconds.",231,168,6,18,http://stload.se.ifmo.ru:8080/?token=518472196&&user=-1356113187&config=1,855,0,0
1775999228754,449,HTTP Request 3,200,OK,config 3 3-1,text,true,,231,168,6,18,http://stload.se.ifmo.ru:8080/?token=518472196&&user=-1356113187&config=3,449,0,0
1775999228568,677,HTTP Request 2,200,OK,config 2 2-5,text,true,,231,168,6,18,http://stload.se.ifmo.ru:8080/?token=518472196&&user=-1356113187&config=2,677,0,0
1775999228903,450,HTTP Request 3,200,OK,config 3 3-6,text,true,,231,168,6,18,http://stload.se.ifmo.ru:8080/?token=518472196&&user=-1356113187&config=3,450,0,0
1775999228754,656,HTTP Request 2,200,OK,config 2 2-1,text,true,,231,168,6,18,http://stload.se.ifmo.ru:8080/?token=518472196&&user=-1356113187&config=2,656,0,0
1775999228566,884,HTTP Request 1,200,OK,config 1 1-5,text,false,"The operation lasted too long: It took 884 milliseconds, but should not have lasted longer than 840 milliseconds.",231,168,6,18,http://stload.se.ifmo.ru:8080/?token=518472196&&user=-1356113187&config=1,884,0,0
1775999229071,447,HTTP Request 3,200,OK,config 3 3-2,text,true,,231,168,6,18,http://stload.se.ifmo.ru:8080/?token=518472196&&user=-1356113187&config=3,447,0,0
1775999228901,649,HTTP Request 2,200,OK,config 2 2-6,text,true,,231,168,6,18,http://stload.se.ifmo.ru:8080/?token=518472196&&user=-1356113187&config=2,649,0,0
1775999228755,847,HTTP Request 1,200,OK,config 1 1-1,text,false,"The operation lasted too long: It took 847 milliseconds, but should not have lasted longer than 840 milliseconds.",231,168,6,18,http://stload.se.ifmo.ru:8080/?token=518472196&&user=-1356113187&config=1,847,0,0
1775999229068,677,HTTP Request 2,200,OK,config 2 2-2,text,true,,231,168,6,18,http://stload.se.ifmo.ru:8080/?token=518472196&&user=-1356113187&config=2,677,0,0
1775999228898,861,HTTP Request 1,200,OK,config 1 1-6,text,false,"The operation lasted too long: It took 861 milliseconds, but should not have lasted longer than 840 milliseconds.",231,168,6,18,http://stload.se.ifmo.ru:8080/?token=518472196&&user=-1356113187&config=1,861,0,0
1775999229403,449,HTTP Request 3,200,OK,config 3 3-3,text,true,,231,168,6,18,http://stload.se.ifmo.ru:8080/?token=518472196&&user=-1356113187&config=3,449,0,0
1775999229067,848,HTTP Request 1,200,OK,config 1 1-2,text,false,"The operation lasted too long: It took 848 milliseconds, but should not have lasted longer than 840 milliseconds.",231,168,6,18,http://stload.se.ifmo.ru:8080/?token=518472196&&user=-1356113187&config=1,848,0,0
1775999229403,652,HTTP Request 2,200,OK,config 2 2-3,text,true,,231,168,6,18,http://stload.se.ifmo.ru:8080/?token=518472196&&user=-1356113187&config=2,652,0,0
1775999229735,454,HTTP Request 3,200,OK,config 3 3-4,text,true,,231,168,6,18,http://stload.se.ifmo.ru:8080/?token=518472196&&user=-1356113187&config=3,454,0,0
1775999229399,857,HTTP Request 1,200,OK,config 1 1-3,text,false,"The operation lasted too long: It took 857 milliseconds, but should not have lasted longer than 840 milliseconds.",231,168,6,18,http://stload.se.ifmo.ru:8080/?token=518472196&&user=-1356113187&config=1,857,0,0
1775999229735,677,HTTP Request 2,200,OK,config 2 2-4,text,true,,231,168,6,18,http://stload.se.ifmo.ru:8080/?token=518472196&&user=-1356113187&config=2,677,0,0
1775999230068,503,HTTP Request 3,200,OK,config 3 3-5,text,true,,231,168,6,18,http://stload.se.ifmo.ru:8080/?token=518472196&&user=-1356113187&config=3,503,0,0
1775999229732,852,HTTP Request 1,200,OK,config 1 1-4,text,false,"The operation lasted too long: It took 852 milliseconds, but should not have lasted longer than 840 milliseconds.",231,168,6,18,http://stload.se.ifmo.ru:8080/?token=518472196&&user=-1356113187&config=1,852,0,0
1775999230254,445,HTTP Request 3,200,OK,config 3 3-1,text,true,,231,168,6,18,http://stload.se.ifmo.ru:8080/?token=518472196&&user=-1356113187&config=3,445,0,0
1775999230068,669,HTTP Request 2,200,OK,config 2 2-5,text,true,,231,168,6,18,http://stload.se.ifmo.ru:8080/?token=518472196&&user=-1356113187&config=2,669,0,0
1775999230403,493,HTTP Request 3,200,OK,config 3 3-6,text,true,,231,168,6,18,http://stload.se.ifmo.ru:8080/?token=518472196&&user=-1356113187&config=3,493,0,0
1775999230254,644,HTTP Request 2,200,OK,config 2 2-1,text,true,,231,168,6,18,http://stload.se.ifmo.ru:8080/?token=518472196&&user=-1356113187&config=2,644,0,0
1775999230065,872,HTTP Request 1,200,OK,config 1 1-5,text,false,"The operation lasted too long: It took 872 milliseconds, but should not have lasted longer than 840 milliseconds.",231,168,6,18,http://stload.se.ifmo.ru:8080/?token=518472196&&user=-1356113187&config=1,872,0,0
1775999230570,467,HTTP Request 3,200,OK,config 3 3-2,text,true,,231,168,6,18,http://stload.se.ifmo.ru:8080/?token=518472196&&user=-1356113187&config=3,467,0,0
1775999230401,653,HTTP Request 2,200,OK,config 2 2-6,text,true,,231,168,6,18,http://stload.se.ifmo.ru:8080/?token=518472196&&user=-1356113187&config=2,653,0,0
1775999230254,849,HTTP Request 1,200,OK,config 1 1-1,text,false,"The operation lasted too long: It took 849 milliseconds, but should not have lasted longer than 840 milliseconds.",231,168,6,18,http://stload.se.ifmo.ru:8080/?token=518472196&&user=-1356113187&config=1,849,0,0
1775999230568,660,HTTP Request 2,200,OK,config 2 2-2,text,true,,231,168,6,18,http://stload.se.ifmo.ru:8080/?token=518472196&&user=-1356113187&config=2,660,0,0
1775999230399,842,HTTP Request 1,200,OK,config 1 1-6,text,false,"The operation lasted too long: It took 842 milliseconds, but should not have lasted longer than 840 milliseconds.",231,168,6,18,http://stload.se.ifmo.ru:8080/?token=518472196&&user=-1356113187&config=1,842,0,0
1775999230903,462,HTTP Request 3,200,OK,config 3 3-3,text,true,,231,168,6,18,http://stload.se.ifmo.ru:8080/?token=518472196&&user=-1356113187&config=3,462,0,0
1775999230568,841,HTTP Request 1,200,OK,config 1 1-2,text,false,"The operation lasted too long: It took 841 milliseconds, but should not have lasted longer than 840 milliseconds.",231,168,6,18,http://stload.se.ifmo.ru:8080/?token=518472196&&user=-1356113187&config=1,841,0,0
1775999230903,665,HTTP Request 2,200,OK,config 2 2-3,text,true,,231,168,6,18,http://stload.se.ifmo.ru:8080/?token=518472196&&user=-1356113187&config=2,665,0,0
1775999231236,448,HTTP Request 3,200,OK,config 3 3-4,text,true,,231,168,6,18,http://stload.se.ifmo.ru:8080/?token=518472196&&user=-1356113187&config=3,448,0,0
1775999230900,844,HTTP Request 1,200,OK,config 1 1-3,text,false,"The operation lasted too long: It took 844 milliseconds, but should not have lasted longer than 840 milliseconds.",231,168,6,18,http://stload.se.ifmo.ru:8080/?token=518472196&&user=-1356113187&config=1,844,0,0
1775999231236,661,HTTP Request 2,200,OK,config 2 2-4,text,true,,231,168,6,18,http://stload.se.ifmo.ru:8080/?token=518472196&&user=-1356113187&config=2,661,0,0
1775999231568,486,HTTP Request 3,200,OK,config 3 3-5,text,true,,231,168,6,18,http://stload.se.ifmo.ru:8080/?token=518472196&&user=-1356113187&config=3,486,0,0
1775999231232,854,HTTP Request 1,200,OK,config 1 1-4,text,false,"The operation lasted too long: It took 854 milliseconds, but should not have lasted longer than 840 milliseconds.",231,168,6,18,http://stload.se.ifmo.ru:8080/?token=518472196&&user=-1356113187&config=1,854,0,0
1775999231567,640,HTTP Request 2,200,OK,config 2 2-5,text,true,,231,168,6,18,http://stload.se.ifmo.ru:8080/?token=518472196&&user=-1356113187&config=2,640,0,0
1775999231754,497,HTTP Request 3,200,OK,config 3 3-1,text,true,,231,168,6,18,http://stload.se.ifmo.ru:8080/?token=518472196&&user=-1356113187&config=3,497,0,0
1775999231904,458,HTTP Request 3,200,OK,config 3 3-6,text,true,,231,168,6,18,http://stload.se.ifmo.ru:8080/?token=518472196&&user=-1356113187&config=3,458,0,0
1775999231565,840,HTTP Request 1,200,OK,config 1 1-5,text,true,,231,168,6,18,http://stload.se.ifmo.ru:8080/?token=518472196&&user=-1356113187&config=1,840,0,0
1775999231754,734,HTTP Request 2,200,OK,config 2 2-1,text,true,,231,168,6,18,http://stload.se.ifmo.ru:8080/?token=518472196&&user=-1356113187&config=2,734,0,0
1775999232070,454,HTTP Request 3,200,OK,config 3 3-2,text,true,,231,168,6,18,http://stload.se.ifmo.ru:8080/?token=518472196&&user=-1356113187&config=3,454,0,0
1775999231901,660,HTTP Request 2,200,OK,config 2 2-6,text,true,,231,168,6,18,http://stload.se.ifmo.ru:8080/?token=518472196&&user=-1356113187&config=2,660,0,0
1775999231755,914,HTTP Request 1,200,OK,config 1 1-1,text,false,"The operation lasted too long: It took 914 milliseconds, but should not have lasted longer than 840 milliseconds.",231,168,6,18,http://stload.se.ifmo.ru:8080/?token=518472196&&user=-1356113187&config=1,914,0,0
1775999232068,660,HTTP Request 2,200,OK,config 2 2-2,text,true,,231,168,6,18,http://stload.se.ifmo.ru:8080/?token=518472196&&user=-1356113187&config=2,660,0,0
1775999231898,866,HTTP Request 1,200,OK,config 1 1-6,text,false,"The operation lasted too long: It took 866 milliseconds, but should not have lasted longer than 840 milliseconds.",231,168,6,18,http://stload.se.ifmo.ru:8080/?token=518472196&&user=-1356113187&config=1,866,0,0
1775999232403,456,HTTP Request 3,200,OK,config 3 3-3,text,true,,231,168,6,18,http://stload.se.ifmo.ru:8080/?token=518472196&&user=-1356113187&config=3,456,0,0
1775999232067,873,HTTP Request 1,200,OK,config 1 1-2,text,false,"The operation lasted too long: It took 873 milliseconds, but should not have lasted longer than 840 milliseconds.",231,168,6,18,http://stload.se.ifmo.ru:8080/?token=518472196&&user=-1356113187&config=1,873,0,0
1775999232403,645,HTTP Request 2,200,OK,config 2 2-3,text,true,,231,168,6,18,http://stload.se.ifmo.ru:8080/?token=518472196&&user=-1356113187&config=2,645,0,0
1775999232735,467,HTTP Request 3,200,OK,config 3 3-4,text,true,,231,168,6,18,http://stload.se.ifmo.ru:8080/?token=518472196&&user=-1356113187&config=3,467,0,0
1775999232399,869,HTTP Request 1,200,OK,config 1 1-3,text,false,"The operation lasted too long: It took 869 milliseconds, but should not have lasted longer than 840 milliseconds.",231,168,6,18,http://stload.se.ifmo.ru:8080/?token=518472196&&user=-1356113187&config=1,869,0,0
1775999232735,678,HTTP Request 2,200,OK,config 2 2-4,text,true,,231,168,6,18,http://stload.se.ifmo.ru:8080/?token=518472196&&user=-1356113187&config=2,678,0,0
1775999233068,479,HTTP Request 3,200,OK,config 3 3-5,text,true,,231,168,6,18,http://stload.se.ifmo.ru:8080/?token=518472196&&user=-1356113187&config=3,479,0,0
1775999232732,866,HTTP Request 1,200,OK,config 1 1-4,text,false,"The operation lasted too long: It took 866 milliseconds, but should not have lasted longer than 840 milliseconds.",231,168,6,18,http://stload.se.ifmo.ru:8080/?token=518472196&&user=-1356113187&config=1,866,0,0
1775999233068,721,HTTP Request 2,200,OK,config 2 2-5,text,true,,231,168,6,18,http://stload.se.ifmo.ru:8080/?token=518472196&&user=-1356113187&config=2,721,0,0
1775999233254,535,HTTP Request 3,200,OK,config 3 3-1,text,true,,231,168,6,18,http://stload.se.ifmo.ru:8080/?token=518472196&&user=-1356113187&config=3,535,0,36
1775999233403,449,HTTP Request 3,200,OK,config 3 3-6,text,true,,231,168,6,18,http://stload.se.ifmo.ru:8080/?token=518472196&&user=-1356113187&config=3,449,0,0
1775999233254,694,HTTP Request 2,200,OK,config 2 2-1,text,true,,231,168,6,18,http://stload.se.ifmo.ru:8080/?token=518472196&&user=-1356113187&config=2,694,0,36
1775999233066,882,HTTP Request 1,200,OK,config 1 1-5,text,false,"The operation lasted too long: It took 882 milliseconds, but should not have lasted longer than 840 milliseconds.",231,168,6,18,http://stload.se.ifmo.ru:8080/?token=518472196&&user=-1356113187&config=1,882,0,0
1775999233570,458,HTTP Request 3,200,OK,config 3 3-2,text,true,,231,168,6,18,http://stload.se.ifmo.ru:8080/?token=518472196&&user=-1356113187&config=3,458,0,0
1775999233402,650,HTTP Request 2,200,OK,config 2 2-6,text,true,,231,168,6,18,http://stload.se.ifmo.ru:8080/?token=518472196&&user=-1356113187&config=2,650,0,0
1775999233254,905,HTTP Request 1,200,OK,config 1 1-1,text,false,"The operation lasted too long: It took 905 milliseconds, but should not have lasted longer than 840 milliseconds.",231,168,6,18,http://stload.se.ifmo.ru:8080/?token=518472196&&user=-1356113187&config=1,905,0,36
1775999233568,649,HTTP Request 2,200,OK,config 2 2-2,text,true,,231,168,6,18,http://stload.se.ifmo.ru:8080/?token=518472196&&user=-1356113187&config=2,648,0,0
1775999233399,855,HTTP Request 1,200,OK,config 1 1-6,text,false,"The operation lasted too long: It took 855 milliseconds, but should not have lasted longer than 840 milliseconds.",231,168,6,18,http://stload.se.ifmo.ru:8080/?token=518472196&&user=-1356113187&config=1,855,0,0
1775999233903,448,HTTP Request 3,200,OK,config 3 3-3,text,true,,231,168,6,18,http://stload.se.ifmo.ru:8080/?token=518472196&&user=-1356113187&config=3,448,0,0
1775999233567,848,HTTP Request 1,200,OK,config 1 1-2,text,false,"The operation lasted too long: It took 848 milliseconds, but should not have lasted longer than 840 milliseconds.",231,168,6,18,http://stload.se.ifmo.ru:8080/?token=518472196&&user=-1356113187&config=1,848,0,0
1775999233903,647,HTTP Request 2,200,OK,config 2 2-3,text,true,,231,168,6,18,http://stload.se.ifmo.ru:8080/?token=518472196&&user=-1356113187&config=2,647,0,0
1775999234235,475,HTTP Request 3,200,OK,config 3 3-4,text,true,,231,168,6,18,http://stload.se.ifmo.ru:8080/?token=518472196&&user=-1356113187&config=3,475,0,0
1775999233899,845,HTTP Request 1,200,OK,config 1 1-3,text,false,"The operation lasted too long: It took 845 milliseconds, but should not have lasted longer than 840 milliseconds.",231,168,6,18,http://stload.se.ifmo.ru:8080/?token=518472196&&user=-1356113187&config=1,845,0,0
1775999234235,662,HTTP Request 2,200,OK,config 2 2-4,text,true,,231,168,6,18,http://stload.se.ifmo.ru:8080/?token=518472196&&user=-1356113187&config=2,662,0,0
1775999234568,505,HTTP Request 3,200,OK,config 3 3-5,text,true,,231,168,6,18,http://stload.se.ifmo.ru:8080/?token=518472196&&user=-1356113187&config=3,505,0,0
1775999234231,881,HTTP Request 1,200,OK,config 1 1-4,text,false,"The operation lasted too long: It took 881 milliseconds, but should not have lasted longer than 840 milliseconds.",231,168,6,18,http://stload.se.ifmo.ru:8080/?token=518472196&&user=-1356113187&config=1,881,0,0
1775999234754,488,HTTP Request 3,200,OK,config 3 3-1,text,true,,231,168,6,18,http://stload.se.ifmo.ru:8080/?token=518472196&&user=-1356113187&config=3,488,0,0
1775999234567,697,HTTP Request 2,200,OK,config 2 2-5,text,true,,231,168,6,18,http://stload.se.ifmo.ru:8080/?token=518472196&&user=-1356113187&config=2,697,0,0
1775999234903,481,HTTP Request 3,200,OK,config 3 3-6,text,true,,231,168,6,18,http://stload.se.ifmo.ru:8080/?token=518472196&&user=-1356113187&config=3,481,0,0
1775999234754,724,HTTP Request 2,200,OK,config 2 2-1,text,true,,231,168,6,18,http://stload.se.ifmo.ru:8080/?token=518472196&&user=-1356113187&config=2,724,0,0
1775999234565,913,HTTP Request 1,200,OK,config 1 1-5,text,false,"The operation lasted too long: It took 913 milliseconds, but should not have lasted longer than 840 milliseconds.",231,168,6,18,http://stload.se.ifmo.ru:8080/?token=518472196&&user=-1356113187&config=1,913,0,0
1775999235070,486,HTTP Request 3,200,OK,config 3 3-2,text,true,,231,168,6,18,http://stload.se.ifmo.ru:8080/?token=518472196&&user=-1356113187&config=3,486,0,29
1775999234902,678,HTTP Request 2,200,OK,config 2 2-6,text,true,,231,168,6,18,http://stload.se.ifmo.ru:8080/?token=518472196&&user=-1356113187&config=2,678,0,0
1775999234754,889,HTTP Request 1,200,OK,config 1 1-1,text,false,"The operation lasted too long: It took 889 milliseconds, but should not have lasted longer than 840 milliseconds.",231,168,6,18,http://stload.se.ifmo.ru:8080/?token=518472196&&user=-1356113187&config=1,889,0,0
1775999235068,647,HTTP Request 2,200,OK,config 2 2-2,text,true,,231,168,6,18,http://stload.se.ifmo.ru:8080/?token=518472196&&user=-1356113187&config=2,647,0,0
1775999234898,882,HTTP Request 1,200,OK,config 1 1-6,text,false,"The operation lasted too long: It took 882 milliseconds, but should not have lasted longer than 840 milliseconds.",231,168,6,18,http://stload.se.ifmo.ru:8080/?token=518472196&&user=-1356113187&config=1,882,0,0
1775999235403,464,HTTP Request 3,200,OK,config 3 3-3,text,true,,231,168,6,18,http://stload.se.ifmo.ru:8080/?token=518472196&&user=-1356113187&config=3,464,0,0
1775999235067,850,HTTP Request 1,200,OK,config 1 1-2,text,false,"The operation lasted too long: It took 850 milliseconds, but should not have lasted longer than 840 milliseconds.",231,168,6,18,http://stload.se.ifmo.ru:8080/?token=518472196&&user=-1356113187&config=1,850,0,0
1775999235403,655,HTTP Request 2,200,OK,config 2 2-3,text,true,,231,168,6,18,http://stload.se.ifmo.ru:8080/?token=518472196&&user=-1356113187&config=2,655,0,0
1775999235736,474,HTTP Request 3,200,OK,config 3 3-4,text,true,,231,168,6,18,http://stload.se.ifmo.ru:8080/?token=518472196&&user=-1356113187&config=3,474,0,0
1775999235399,855,HTTP Request 1,200,OK,config 1 1-3,text,false,"The operation lasted too long: It took 855 milliseconds, but should not have lasted longer than 840 milliseconds.",231,168,6,18,http://stload.se.ifmo.ru:8080/?token=518472196&&user=-1356113187&config=1,855,0,0
1775999235736,674,HTTP Request 2,200,OK,config 2 2-4,text,true,,231,168,6,18,http://stload.se.ifmo.ru:8080/?token=518472196&&user=-1356113187&config=2,674,0,0
1775999236069,476,HTTP Request 3,200,OK,config 3 3-5,text,true,,231,168,6,18,http://stload.se.ifmo.ru:8080/?token=518472196&&user=-1356113187&config=3,476,0,0
1775999235731,877,HTTP Request 1,200,OK,config 1 1-4,text,false,"The operation lasted too long: It took 877 milliseconds, but should not have lasted longer than 840 milliseconds.",231,168,6,18,http://stload.se.ifmo.ru:8080/?token=518472196&&user=-1356113187&config=1,877,0,0
1775999236067,712,HTTP Request 2,200,OK,config 2 2-5,text,true,,231,168,6,18,http://stload.se.ifmo.ru:8080/?token=518472196&&user=-1356113187&config=2,712,0,0
1775999236254,525,HTTP Request 3,200,OK,config 3 3-1,text,true,,231,168,6,18,http://stload.se.ifmo.ru:8080/?token=518472196&&user=-1356113187&config=3,525,0,0
1775999236403,493,HTTP Request 3,200,OK,config 3 3-6,text,true,,231,168,6,18,http://stload.se.ifmo.ru:8080/?token=518472196&&user=-1356113187&config=3,493,0,0
1775999236065,878,HTTP Request 1,200,OK,config 1 1-5,text,false,"The operation lasted too long: It took 878 milliseconds, but should not have lasted longer than 840 milliseconds.",231,168,6,18,http://stload.se.ifmo.ru:8080/?token=518472196&&user=-1356113187&config=1,878,0,0
1775999236254,721,HTTP Request 2,200,OK,config 2 2-1,text,true,,231,168,6,18,http://stload.se.ifmo.ru:8080/?token=518472196&&user=-1356113187&config=2,721,0,0
1775999236570,472,HTTP Request 3,200,OK,config 3 3-2,text,true,,231,168,6,18,http://stload.se.ifmo.ru:8080/?token=518472196&&user=-1356113187&config=3,472,0,0
1775999236402,693,HTTP Request 2,200,OK,config 2 2-6,text,true,,231,168,6,18,http://stload.se.ifmo.ru:8080/?token=518472196&&user=-1356113187&config=2,693,0,0
1775999236254,905,HTTP Request 1,200,OK,config 1 1-1,text,false,"The operation lasted too long: It took 905 milliseconds, but should not have lasted longer than 840 milliseconds.",231,168,6,18,http://stload.se.ifmo.ru:8080/?token=518472196&&user=-1356113187&config=1,905,0,0
1775999236399,842,HTTP Request 1,200,OK,config 1 1-6,text,false,"The operation lasted too long: It took 842 milliseconds, but should not have lasted longer than 840 milliseconds.",231,168,6,18,http://stload.se.ifmo.ru:8080/?token=518472196&&user=-1356113187&config=1,842,0,0
1775999236568,785,HTTP Request 2,200,OK,config 2 2-2,text,true,,231,168,6,18,http://stload.se.ifmo.ru:8080/?token=518472196&&user=-1356113187&config=2,785,0,89
1775999236903,484,HTTP Request 3,200,OK,config 3 3-3,text,true,,231,168,6,18,http://stload.se.ifmo.ru:8080/?token=518472196&&user=-1356113187&config=3,484,0,0
1775999236567,991,HTTP Request 1,200,OK,config 1 1-2,text,false,"The operation lasted too long: It took 991 milliseconds, but should not have lasted longer than 840 milliseconds.",231,168,6,18,http://stload.se.ifmo.ru:8080/?token=518472196&&user=-1356113187&config=1,991,0,90
1775999236903,682,HTTP Request 2,200,OK,config 2 2-3,text,true,,231,168,6,18,http://stload.se.ifmo.ru:8080/?token=518472196&&user=-1356113187&config=2,682,0,0
1775999237235,452,HTTP Request 3,200,OK,config 3 3-4,text,true,,231,168,6,18,http://stload.se.ifmo.ru:8080/?token=518472196&&user=-1356113187&config=3,452,0,0
1775999236899,936,HTTP Request 1,200,OK,config 1 1-3,text,false,"The operation lasted too long: It took 936 milliseconds, but should not have lasted longer than 840 milliseconds.",231,168,6,18,http://stload.se.ifmo.ru:8080/?token=518472196&&user=-1356113187&config=1,936,0,0
1775999237235,648,HTTP Request 2,200,OK,config 2 2-4,text,true,,231,168,6,18,http://stload.se.ifmo.ru:8080/?token=518472196&&user=-1356113187&config=2,648,0,0
1775999237568,457,HTTP Request 3,200,OK,config 3 3-5,text,true,,231,168,6,18,http://stload.se.ifmo.ru:8080/?token=518472196&&user=-1356113187&config=3,457,0,0
1775999237232,865,HTTP Request 1,200,OK,config 1 1-4,text,false,"The operation lasted too long: It took 865 milliseconds, but should not have lasted longer than 840 milliseconds.",231,168,6,18,http://stload.se.ifmo.ru:8080/?token=518472196&&user=-1356113187&config=1,865,0,0
1775999237754,455,HTTP Request 3,200,OK,config 3 3-1,text,true,,231,168,6,18,http://stload.se.ifmo.ru:8080/?token=518472196&&user=-1356113187&config=3,455,0,0
1775999237567,657,HTTP Request 2,200,OK,config 2 2-5,text,true,,231,168,6,18,http://stload.se.ifmo.ru:8080/?token=518472196&&user=-1356113187&config=2,657,0,0
1775999237903,473,HTTP Request 3,200,OK,config 3 3-6,text,true,,231,168,6,18,http://stload.se.ifmo.ru:8080/?token=518472196&&user=-1356113187&config=3,473,0,0
1775999237754,669,HTTP Request 2,200,OK,config 2 2-1,text,true,,231,168,6,18,http://stload.se.ifmo.ru:8080/?token=518472196&&user=-1356113187&config=2,669,0,0
1775999237565,858,HTTP Request 1,200,OK,config 1 1-5,text,false,"The operation lasted too long: It took 858 milliseconds, but should not have lasted longer than 840 milliseconds.",231,168,6,18,http://stload.se.ifmo.ru:8080/?token=518472196&&user=-1356113187&config=1,858,0,0
1775999238070,446,HTTP Request 3,200,OK,config 3 3-2,text,true,,231,168,6,18,http://stload.se.ifmo.ru:8080/?token=518472196&&user=-1356113187&config=3,446,0,0
1775999237901,674,HTTP Request 2,200,OK,config 2 2-6,text,true,,231,168,6,18,http://stload.se.ifmo.ru:8080/?token=518472196&&user=-1356113187&config=2,674,0,0
1775999237754,838,HTTP Request 1,200,OK,config 1 1-1,text,true,,231,168,6,18,http://stload.se.ifmo.ru:8080/?token=518472196&&user=-1356113187&config=1,838,0,0
1775999238068,647,HTTP Request 2,200,OK,config 2 2-2,text,true,,231,168,6,18,http://stload.se.ifmo.ru:8080/?token=518472196&&user=-1356113187&config=2,647,0,0
1775999237898,877,HTTP Request 1,200,OK,config 1 1-6,text,false,"The operation lasted too long: It took 877 milliseconds, but should not have lasted longer than 840 milliseconds.",231,168,6,18,http://stload.se.ifmo.ru:8080/?token=518472196&&user=-1356113187&config=1,877,0,0
1775999238403,465,HTTP Request 3,200,OK,config 3 3-3,text,true,,231,168,6,18,http://stload.se.ifmo.ru:8080/?token=518472196&&user=-1356113187&config=3,465,0,0
1775999238067,846,HTTP Request 1,200,OK,config 1 1-2,text,false,"The operation lasted too long: It took 846 milliseconds, but should not have lasted longer than 840 milliseconds.",231,168,6,18,http://stload.se.ifmo.ru:8080/?token=518472196&&user=-1356113187&config=1,846,0,0
1775999238403,666,HTTP Request 2,200,OK,config 2 2-3,text,true,,231,168,6,18,http://stload.se.ifmo.ru:8080/?token=518472196&&user=-1356113187&config=2,666,0,0
1775999238736,477,HTTP Request 3,200,OK,config 3 3-4,text,true,,231,168,6,18,http://stload.se.ifmo.ru:8080/?token=518472196&&user=-1356113187&config=3,477,0,0
1775999238400,942,HTTP Request 1,200,OK,config 1 1-3,text,false,"The operation lasted too long: It took 942 milliseconds, but should not have lasted longer than 840 milliseconds.",231,168,6,18,http://stload.se.ifmo.ru:8080/?token=518472196&&user=-1356113187&config=1,942,0,38
1775999238736,692,HTTP Request 2,200,OK,config 2 2-4,text,true,,231,168,6,18,http://stload.se.ifmo.ru:8080/?token=518472196&&user=-1356113187&config=2,692,0,0
1775999239069,454,HTTP Request 3,200,OK,config 3 3-5,text,true,,231,168,6,18,http://stload.se.ifmo.ru:8080/?token=518472196&&user=-1356113187&config=3,453,0,0
1775999238732,923,HTTP Request 1,200,OK,config 1 1-4,text,false,"The operation lasted too long: It took 923 milliseconds, but should not have lasted longer than 840 milliseconds.",231,168,6,18,http://stload.se.ifmo.ru:8080/?token=518472196&&user=-1356113187&config=1,923,0,0
1775999239067,642,HTTP Request 2,200,OK,config 2 2-5,text,true,,231,168,6,18,http://stload.se.ifmo.ru:8080/?token=518472196&&user=-1356113187&config=2,642,0,0
1775999239255,467,HTTP Request 3,200,OK,config 3 3-1,text,true,,231,168,6,18,http://stload.se.ifmo.ru:8080/?token=518472196&&user=-1356113187&config=3,467,0,0
1775999239403,454,HTTP Request 3,200,OK,config 3 3-6,text,true,,231,168,6,18,http://stload.se.ifmo.ru:8080/?token=518472196&&user=-1356113187&config=3,454,0,0
1775999239066,849,HTTP Request 1,200,OK,config 1 1-5,text,false,"The operation lasted too long: It took 849 milliseconds, but should not have lasted longer than 840 milliseconds.",231,168,6,18,http://stload.se.ifmo.ru:8080/?token=518472196&&user=-1356113187&config=1,849,0,0
1775999239255,673,HTTP Request 2,200,OK,config 2 2-1,text,true,,231,168,6,18,http://stload.se.ifmo.ru:8080/?token=518472196&&user=-1356113187&config=2,673,0,0
1775999239570,503,HTTP Request 3,200,OK,config 3 3-2,text,true,,231,168,6,18,http://stload.se.ifmo.ru:8080/?token=518472196&&user=-1356113187&config=3,503,0,0
1775999239401,672,HTTP Request 2,200,OK,config 2 2-6,text,true,,231,168,6,18,http://stload.se.ifmo.ru:8080/?token=518472196&&user=-1356113187&config=2,672,0,0
1775999239255,857,HTTP Request 1,200,OK,config 1 1-1,text,false,"The operation lasted too long: It took 857 milliseconds, but should not have lasted longer than 840 milliseconds.",231,168,6,18,http://stload.se.ifmo.ru:8080/?token=518472196&&user=-1356113187&config=1,857,0,0
1775999239568,661,HTTP Request 2,200,OK,config 2 2-2,text,true,,231,168,6,18,http://stload.se.ifmo.ru:8080/?token=518472196&&user=-1356113187&config=2,661,0,0
1775999239399,843,HTTP Request 1,200,OK,config 1 1-6,text,false,"The operation lasted too long: It took 843 milliseconds, but should not have lasted longer than 840 milliseconds.",231,168,6,18,http://stload.se.ifmo.ru:8080/?token=518472196&&user=-1356113187&config=1,843,0,0
1775999239568,861,HTTP Request 1,200,OK,config 1 1-2,text,false,"The operation lasted too long: It took 861 milliseconds, but should not have lasted longer than 840 milliseconds.",231,168,6,18,http://stload.se.ifmo.ru:8080/?token=518472196&&user=-1356113187&config=1,861,0,0
1775999239904,545,HTTP Request 3,200,OK,config 3 3-3,text,true,,231,168,6,18,http://stload.se.ifmo.ru:8080/?token=518472196&&user=-1356113187&config=3,545,0,38
1775999239904,750,HTTP Request 2,200,OK,config 2 2-3,text,true,,231,168,6,18,http://stload.se.ifmo.ru:8080/?token=518472196&&user=-1356113187&config=2,750,0,38
1775999240235,449,HTTP Request 3,200,OK,config 3 3-4,text,true,,231,168,6,18,http://stload.se.ifmo.ru:8080/?token=518472196&&user=-1356113187&config=3,449,0,0
1775999239900,856,HTTP Request 1,200,OK,config 1 1-3,text,false,"The operation lasted too long: It took 856 milliseconds, but should not have lasted longer than 840 milliseconds.",231,168,6,18,http://stload.se.ifmo.ru:8080/?token=518472196&&user=-1356113187&config=1,856,0,0
1775999240236,655,HTTP Request 2,200,OK,config 2 2-4,text,true,,231,168,6,18,http://stload.se.ifmo.ru:8080/?token=518472196&&user=-1356113187&config=2,655,0,0
1775999240568,472,HTTP Request 3,200,OK,config 3 3-5,text,true,,231,168,6,18,http://stload.se.ifmo.ru:8080/?token=518472196&&user=-1356113187&config=3,472,0,0
1775999240232,854,HTTP Request 1,200,OK,config 1 1-4,text,false,"The operation lasted too long: It took 854 milliseconds, but should not have lasted longer than 840 milliseconds.",231,168,6,18,http://stload.se.ifmo.ru:8080/?token=518472196&&user=-1356113187&config=1,854,0,0
1775999240754,441,HTTP Request 3,200,OK,config 3 3-1,text,true,,231,168,6,18,http://stload.se.ifmo.ru:8080/?token=518472196&&user=-1356113187&config=3,441,0,0
1775999240567,650,HTTP Request 2,200,OK,config 2 2-5,text,true,,231,168,6,18,http://stload.se.ifmo.ru:8080/?token=518472196&&user=-1356113187&config=2,650,0,0
1775999240754,643,HTTP Request 2,200,OK,config 2 2-1,text,true,,231,168,6,18,http://stload.se.ifmo.ru:8080/?token=518472196&&user=-1356113187&config=2,643,0,0
1775999240565,845,HTTP Request 1,200,OK,config 1 1-5,text,false,"The operation lasted too long: It took 845 milliseconds, but should not have lasted longer than 840 milliseconds.",231,168,6,18,http://stload.se.ifmo.ru:8080/?token=518472196&&user=-1356113187&config=1,845,0,0
1775999240904,518,HTTP Request 3,200,OK,config 3 3-6,text,true,,231,168,6,18,http://stload.se.ifmo.ru:8080/?token=518472196&&user=-1356113187&config=3,518,0,0
1775999241070,459,HTTP Request 3,200,OK,config 3 3-2,text,true,,231,168,6,18,http://stload.se.ifmo.ru:8080/?token=518472196&&user=-1356113187&config=3,459,0,0
1775999240755,838,HTTP Request 1,200,OK,config 1 1-1,text,true,,231,168,6,18,http://stload.se.ifmo.ru:8080/?token=518472196&&user=-1356113187&config=1,838,0,0
1775999240901,710,HTTP Request 2,200,OK,config 2 2-6,text,true,,231,168,6,18,http://stload.se.ifmo.ru:8080/?token=518472196&&user=-1356113187&config=2,710,0,0
1775999241068,663,HTTP Request 2,200,OK,config 2 2-2,text,true,,231,168,6,18,http://stload.se.ifmo.ru:8080/?token=518472196&&user=-1356113187&config=2,663,0,0
1775999241403,461,HTTP Request 3,200,OK,config 3 3-3,text,true,,231,168,6,18,http://stload.se.ifmo.ru:8080/?token=518472196&&user=-1356113187&config=3,461,0,0
1775999240899,965,HTTP Request 1,200,OK,config 1 1-6,text,false,"The operation lasted too long: It took 965 milliseconds, but should not have lasted longer than 840 milliseconds.",231,168,6,18,http://stload.se.ifmo.ru:8080/?token=518472196&&user=-1356113187&config=1,965,0,0
1775999241067,865,HTTP Request 1,200,OK,config 1 1-2,text,false,"The operation lasted too long: It took 865 milliseconds, but should not have lasted longer than 840 milliseconds.",231,168,6,18,http://stload.se.ifmo.ru:8080/?token=518472196&&user=-1356113187&config=1,865,0,0
1775999241403,651,HTTP Request 2,200,OK,config 2 2-3,text,true,,231,168,6,18,http://stload.se.ifmo.ru:8080/?token=518472196&&user=-1356113187&config=2,651,0,0
1775999241735,502,HTTP Request 3,200,OK,config 3 3-4,text,true,,231,168,6,18,http://stload.se.ifmo.ru:8080/?token=518472196&&user=-1356113187&config=3,502,0,0
1775999241399,853,HTTP Request 1,200,OK,config 1 1-3,text,false,"The operation lasted too long: It took 853 milliseconds, but should not have lasted longer than 840 milliseconds.",231,168,6,18,http://stload.se.ifmo.ru:8080/?token=518472196&&user=-1356113187&config=1,853,0,0
1775999242068,473,HTTP Request 3,200,OK,config 3 3-5,text,true,,231,168,6,18,http://stload.se.ifmo.ru:8080/?token=518472196&&user=-1356113187&config=3,473,0,0
1775999241735,825,HTTP Request 2,200,OK,config 2 2-4,text,true,,231,168,6,18,http://stload.se.ifmo.ru:8080/?token=518472196&&user=-1356113187&config=2,825,0,129
1775999241731,908,HTTP Request 1,200,OK,config 1 1-4,text,false,"The operation lasted too long: It took 908 milliseconds, but should not have lasted longer than 840 milliseconds.",231,168,6,18,http://stload.se.ifmo.ru:8080/?token=518472196&&user=-1356113187&config=1,908,0,0
1775999242067,676,HTTP Request 2,200,OK,config 2 2-5,text,true,,231,168,6,18,http://stload.se.ifmo.ru:8080/?token=518472196&&user=-1356113187&config=2,676,0,0
1775999242254,506,HTTP Request 3,200,OK,config 3 3-1,text,true,,231,168,6,18,http://stload.se.ifmo.ru:8080/?token=518472196&&user=-1356113187&config=3,506,0,0
1775999242403,450,HTTP Request 3,200,OK,config 3 3-6,text,true,,231,168,6,18,http://stload.se.ifmo.ru:8080/?token=518472196&&user=-1356113187&config=3,450,0,0
1775999242254,726,HTTP Request 2,200,OK,config 2 2-1,text,true,,231,168,6,18,http://stload.se.ifmo.ru:8080/?token=518472196&&user=-1356113187&config=2,726,0,0
1775999242065,915,HTTP Request 1,200,OK,config 1 1-5,text,false,"The operation lasted too long: It took 915 milliseconds, but should not have lasted longer than 840 milliseconds.",231,168,6,18,http://stload.se.ifmo.ru:8080/?token=518472196&&user=-1356113187&config=1,915,0,0
1775999242401,655,HTTP Request 2,200,OK,config 2 2-6,text,true,,231,168,6,18,http://stload.se.ifmo.ru:8080/?token=518472196&&user=-1356113187&config=2,655,0,0
1775999242570,513,HTTP Request 3,200,OK,config 3 3-2,text,true,,231,168,6,18,http://stload.se.ifmo.ru:8080/?token=518472196&&user=-1356113187&config=3,513,0,0
1775999242254,905,HTTP Request 1,200,OK,config 1 1-1,text,false,"The operation lasted too long: It took 905 milliseconds, but should not have lasted longer than 840 milliseconds.",231,168,6,18,http://stload.se.ifmo.ru:8080/?token=518472196&&user=-1356113187&config=1,905,0,0
1775999242399,842,HTTP Request 1,200,OK,config 1 1-6,text,false,"The operation lasted too long: It took 842 milliseconds, but should not have lasted longer than 840 milliseconds.",231,168,6,18,http://stload.se.ifmo.ru:8080/?token=518472196&&user=-1356113187&config=1,842,0,0
1775999242569,718,HTTP Request 2,200,OK,config 2 2-2,text,true,,231,168,6,18,http://stload.se.ifmo.ru:8080/?token=518472196&&user=-1356113187&config=2,718,0,0
1775999242903,504,HTTP Request 3,200,OK,config 3 3-3,text,true,,231,168,6,18,http://stload.se.ifmo.ru:8080/?token=518472196&&user=-1356113187&config=3,504,0,0
1775999242568,917,HTTP Request 1,200,OK,config 1 1-2,text,false,"The operation lasted too long: It took 917 milliseconds, but should not have lasted longer than 840 milliseconds.",231,168,6,18,http://stload.se.ifmo.ru:8080/?token=518472196&&user=-1356113187&config=1,917,0,0
1775999242903,650,HTTP Request 2,200,OK,config 2 2-3,text,true,,231,168,6,18,http://stload.se.ifmo.ru:8080/?token=518472196&&user=-1356113187&config=2,650,0,0
1775999242900,857,HTTP Request 1,200,OK,config 1 1-3,text,false,"The operation lasted too long: It took 857 milliseconds, but should not have lasted longer than 840 milliseconds.",231,168,6,18,http://stload.se.ifmo.ru:8080/?token=518472196&&user=-1356113187&config=1,857,0,0
1775999243235,534,HTTP Request 3,200,OK,config 3 3-4,text,true,,231,168,6,18,http://stload.se.ifmo.ru:8080/?token=518472196&&user=-1356113187&config=3,534,0,79
1775999243235,695,HTTP Request 2,200,OK,config 2 2-4,text,true,,231,168,6,18,http://stload.se.ifmo.ru:8080/?token=518472196&&user=-1356113187&config=2,695,0,0
1775999243568,496,HTTP Request 3,200,OK,config 3 3-5,text,true,,231,168,6,18,http://stload.se.ifmo.ru:8080/?token=518472196&&user=-1356113187&config=3,496,0,0
1775999243232,955,HTTP Request 1,200,OK,config 1 1-4,text,false,"The operation lasted too long: It took 955 milliseconds, but should not have lasted longer than 840 milliseconds.",231,168,6,18,http://stload.se.ifmo.ru:8080/?token=518472196&&user=-1356113187&config=1,955,0,55
1775999243754,446,HTTP Request 3,200,OK,config 3 3-1,text,true,,231,168,6,18,http://stload.se.ifmo.ru:8080/?token=518472196&&user=-1356113187&config=3,446,0,0
1775999243568,688,HTTP Request 2,200,OK,config 2 2-5,text,true,,231,168,6,18,http://stload.se.ifmo.ru:8080/?token=518472196&&user=-1356113187&config=2,688,0,0
1775999243903,455,HTTP Request 3,200,OK,config 3 3-6,text,true,,231,168,6,18,http://stload.se.ifmo.ru:8080/?token=518472196&&user=-1356113187&config=3,455,0,0
1775999243755,657,HTTP Request 2,200,OK,config 2 2-1,text,true,,231,168,6,18,http://stload.se.ifmo.ru:8080/?token=518472196&&user=-1356113187&config=2,657,0,0
1775999243566,935,HTTP Request 1,200,OK,config 1 1-5,text,false,"The operation lasted too long: It took 935 milliseconds, but should not have lasted longer than 840 milliseconds.",231,168,6,18,http://stload.se.ifmo.ru:8080/?token=518472196&&user=-1356113187&config=1,935,0,0
1775999243901,661,HTTP Request 2,200,OK,config 2 2-6,text,true,,231,168,6,18,http://stload.se.ifmo.ru:8080/?token=518472196&&user=-1356113187&config=2,661,0,0
1775999244070,505,HTTP Request 3,200,OK,config 3 3-2,text,true,,231,168,6,18,http://stload.se.ifmo.ru:8080/?token=518472196&&user=-1356113187&config=3,505,0,0
1775999243754,858,HTTP Request 1,200,OK,config 1 1-1,text,false,"The operation lasted too long: It took 858 milliseconds, but should not have lasted longer than 840 milliseconds.",231,168,6,18,http://stload.se.ifmo.ru:8080/?token=518472196&&user=-1356113187&config=1,858,0,0
1775999243899,880,HTTP Request 1,200,OK,config 1 1-6,text,false,"The operation lasted too long: It took 880 milliseconds, but should not have lasted longer than 840 milliseconds.",231,168,6,18,http://stload.se.ifmo.ru:8080/?token=518472196&&user=-1356113187&config=1,880,0,0
1775999244068,740,HTTP Request 2,200,OK,config 2 2-2,text,true,,231,168,6,18,http://stload.se.ifmo.ru:8080/?token=518472196&&user=-1356113187&config=2,740,0,0
1775999244403,487,HTTP Request 3,200,OK,config 3 3-3,text,true,,231,168,6,18,http://stload.se.ifmo.ru:8080/?token=518472196&&user=-1356113187&config=3,487,0,0
1775999244067,897,HTTP Request 1,200,OK,config 1 1-2,text,false,"The operation lasted too long: It took 897 milliseconds, but should not have lasted longer than 840 milliseconds.",231,168,6,18,http://stload.se.ifmo.ru:8080/?token=518472196&&user=-1356113187&config=1,897,0,0
1775999244403,650,HTTP Request 2,200,OK,config 2 2-3,text,true,,231,168,6,18,http://stload.se.ifmo.ru:8080/?token=518472196&&user=-1356113187&config=2,650,0,0
1775999244735,515,HTTP Request 3,200,OK,config 3 3-4,text,true,,231,168,6,18,http://stload.se.ifmo.ru:8080/?token=518472196&&user=-1356113187&config=3,515,0,0
1775999244400,868,HTTP Request 1,200,OK,config 1 1-3,text,false,"The operation lasted too long: It took 868 milliseconds, but should not have lasted longer than 840 milliseconds.",231,168,6,18,http://stload.se.ifmo.ru:8080/?token=518472196&&user=-1356113187&config=1,868,0,0
1775999244735,747,HTTP Request 2,200,OK,config 2 2-4,text,true,,231,168,6,18,http://stload.se.ifmo.ru:8080/?token=518472196&&user=-1356113187&config=2,747,0,0
1775999245068,469,HTTP Request 3,200,OK,config 3 3-5,text,true,,231,168,6,18,http://stload.se.ifmo.ru:8080/?token=518472196&&user=-1356113187&config=3,469,0,0
1775999244732,856,HTTP Request 1,200,OK,config 1 1-4,text,false,"The operation lasted too long: It took 856 milliseconds, but should not have lasted longer than 840 milliseconds.",231,168,6,18,http://stload.se.ifmo.ru:8080/?token=518472196&&user=-1356113187&config=1,856,0,0
1775999245254,497,HTTP Request 3,200,OK,config 3 3-1,text,true,,231,168,6,18,http://stload.se.ifmo.ru:8080/?token=518472196&&user=-1356113187&config=3,497,0,0
1775999245067,708,HTTP Request 2,200,OK,config 2 2-5,text,true,,231,168,6,18,http://stload.se.ifmo.ru:8080/?token=518472196&&user=-1356113187&config=2,708,0,56
1775999245403,453,HTTP Request 3,200,OK,config 3 3-6,text,true,,231,168,6,18,http://stload.se.ifmo.ru:8080/?token=518472196&&user=-1356113187&config=3,453,0,0
1775999245254,731,HTTP Request 2,200,OK,config 2 2-1,text,true,,231,168,6,18,http://stload.se.ifmo.ru:8080/?token=518472196&&user=-1356113187&config=2,731,0,0
1775999245066,919,HTTP Request 1,200,OK,config 1 1-5,text,false,"The operation lasted too long: It took 919 milliseconds, but should not have lasted longer than 840 milliseconds.",231,168,6,18,http://stload.se.ifmo.ru:8080/?token=518472196&&user=-1356113187&config=1,919,0,43
1775999245571,460,HTTP Request 3,200,OK,config 3 3-2,text,true,,231,168,6,18,http://stload.se.ifmo.ru:8080/?token=518472196&&user=-1356113187&config=3,460,0,0
1775999245402,652,HTTP Request 2,200,OK,config 2 2-6,text,true,,231,168,6,18,http://stload.se.ifmo.ru:8080/?token=518472196&&user=-1356113187&config=2,652,0,0
1775999245254,895,HTTP Request 1,200,OK,config 1 1-1,text,false,"The operation lasted too long: It took 895 milliseconds, but should not have lasted longer than 840 milliseconds.",231,168,6,18,http://stload.se.ifmo.ru:8080/?token=518472196&&user=-1356113187&config=1,895,0,0
1775999245569,666,HTTP Request 2,200,OK,config 2 2-2,text,true,,231,168,6,18,http://stload.se.ifmo.ru:8080/?token=518472196&&user=-1356113187&config=2,666,0,0
1775999245399,850,HTTP Request 1,200,OK,config 1 1-6,text,false,"The operation lasted too long: It took 850 milliseconds, but should not have lasted longer than 840 milliseconds.",231,168,6,18,http://stload.se.ifmo.ru:8080/?token=518472196&&user=-1356113187&config=1,850,0,0
1775999245903,457,HTTP Request 3,200,OK,config 3 3-3,text,true,,231,168,6,18,http://stload.se.ifmo.ru:8080/?token=518472196&&user=-1356113187&config=3,457,0,0
1775999245568,869,HTTP Request 1,200,OK,config 1 1-2,text,false,"The operation lasted too long: It took 869 milliseconds, but should not have lasted longer than 840 milliseconds.",231,168,6,18,http://stload.se.ifmo.ru:8080/?token=518472196&&user=-1356113187&config=1,869,0,0
1775999245903,656,HTTP Request 2,200,OK,config 2 2-3,text,true,,231,168,6,18,http://stload.se.ifmo.ru:8080/?token=518472196&&user=-1356113187&config=2,656,0,0
1775999246235,459,HTTP Request 3,200,OK,config 3 3-4,text,true,,231,168,6,18,http://stload.se.ifmo.ru:8080/?token=518472196&&user=-1356113187&config=3,459,0,0
1775999245900,865,HTTP Request 1,200,OK,config 1 1-3,text,false,"The operation lasted too long: It took 865 milliseconds, but should not have lasted longer than 840 milliseconds.",231,168,6,18,http://stload.se.ifmo.ru:8080/?token=518472196&&user=-1356113187&config=1,865,0,0
1775999246235,657,HTTP Request 2,200,OK,config 2 2-4,text,true,,231,168,6,18,http://stload.se.ifmo.ru:8080/?token=518472196&&user=-1356113187&config=2,657,0,0
1775999246232,846,HTTP Request 1,200,OK,config 1 1-4,text,false,"The operation lasted too long: It took 846 milliseconds, but should not have lasted longer than 840 milliseconds.",231,168,6,18,http://stload.se.ifmo.ru:8080/?token=518472196&&user=-1356113187&config=1,846,0,0
1775999246568,610,HTTP Request 3,200,OK,config 3 3-5,text,true,,231,168,6,18,http://stload.se.ifmo.ru:8080/?token=518472196&&user=-1356113187&config=3,610,0,112
1775999246755,498,HTTP Request 3,200,OK,config 3 3-1,text,true,,231,168,6,18,http://stload.se.ifmo.ru:8080/?token=518472196&&user=-1356113187&config=3,498,0,0
1775999246568,698,HTTP Request 2,200,OK,config 2 2-5,text,true,,231,168,6,18,http://stload.se.ifmo.ru:8080/?token=518472196&&user=-1356113187&config=2,698,0,0
1775999246904,502,HTTP Request 3,200,OK,config 3 3-6,text,true,,231,168,6,18,http://stload.se.ifmo.ru:8080/?token=518472196&&user=-1356113187&config=3,502,0,0
1775999246755,699,HTTP Request 2,200,OK,config 2 2-1,text,true,,231,168,6,18,http://stload.se.ifmo.ru:8080/?token=518472196&&user=-1356113187&config=2,699,0,0
1775999246566,888,HTTP Request 1,200,OK,config 1 1-5,text,false,"The operation lasted too long: It took 888 milliseconds, but should not have lasted longer than 840 milliseconds.",231,168,6,18,http://stload.se.ifmo.ru:8080/?token=518472196&&user=-1356113187&config=1,888,0,0
1775999247070,451,HTTP Request 3,200,OK,config 3 3-2,text,true,,231,168,6,18,http://stload.se.ifmo.ru:8080/?token=518472196&&user=-1356113187&config=3,451,0,0
1775999246755,839,HTTP Request 1,200,OK,config 1 1-1,text,true,,231,168,6,18,http://stload.se.ifmo.ru:8080/?token=518472196&&user=-1356113187&config=1,838,0,0
1775999246901,706,HTTP Request 2,200,OK,config 2 2-6,text,true,,231,168,6,18,http://stload.se.ifmo.ru:8080/?token=518472196&&user=-1356113187&config=2,706,0,0
1775999247068,652,HTTP Request 2,200,OK,config 2 2-2,text,true,,231,168,6,18,http://stload.se.ifmo.ru:8080/?token=518472196&&user=-1356113187&config=2,652,0,0
1775999246899,908,HTTP Request 1,200,OK,config 1 1-6,text,false,"The operation lasted too long: It took 908 milliseconds, but should not have lasted longer than 840 milliseconds.",231,168,6,18,http://stload.se.ifmo.ru:8080/?token=518472196&&user=-1356113187&config=1,908,0,0
1775999247403,498,HTTP Request 3,200,OK,config 3 3-3,text,true,,231,168,6,18,http://stload.se.ifmo.ru:8080/?token=518472196&&user=-1356113187&config=3,498,0,0
1775999247067,856,HTTP Request 1,200,OK,config 1 1-2,text,false,"The operation lasted too long: It took 856 milliseconds, but should not have lasted longer than 840 milliseconds.",231,168,6,18,http://stload.se.ifmo.ru:8080/?token=518472196&&user=-1356113187&config=1,856,0,0
1775999247403,696,HTTP Request 2,200,OK,config 2 2-3,text,true,,231,168,6,18,http://stload.se.ifmo.ru:8080/?token=518472196&&user=-1356113187&config=2,696,0,0
1775999247736,486,HTTP Request 3,200,OK,config 3 3-4,text,true,,231,168,6,18,http://stload.se.ifmo.ru:8080/?token=518472196&&user=-1356113187&config=3,486,0,0
1775999247399,843,HTTP Request 1,200,OK,config 1 1-3,text,false,"The operation lasted too long: It took 843 milliseconds, but should not have lasted longer than 840 milliseconds.",231,168,6,18,http://stload.se.ifmo.ru:8080/?token=518472196&&user=-1356113187&config=1,843,0,0
1775999247735,696,HTTP Request 2,200,OK,config 2 2-4,text,true,,231,168,6,18,http://stload.se.ifmo.ru:8080/?token=518472196&&user=-1356113187&config=2,696,0,0
1775999248068,521,HTTP Request 3,200,OK,config 3 3-5,text,true,,231,168,6,18,http://stload.se.ifmo.ru:8080/?token=518472196&&user=-1356113187&config=3,521,0,0
1775999247731,888,HTTP Request 1,200,OK,config 1 1-4,text,false,"The operation lasted too long: It took 888 milliseconds, but should not have lasted longer than 840 milliseconds.",231,168,6,18,http://stload.se.ifmo.ru:8080/?token=518472196&&user=-1356113187&config=1,888,0,0
1775999248067,656,HTTP Request 2,200,OK,config 2 2-5,text,true,,231,168,6,18,http://stload.se.ifmo.ru:8080/?token=518472196&&user=-1356113187&config=2,656,0,0
1775999248255,481,HTTP Request 3,200,OK,config 3 3-1,text,true,,231,168,6,18,http://stload.se.ifmo.ru:8080/?token=518472196&&user=-1356113187&config=3,481,0,0
1775999248254,685,HTTP Request 2,200,OK,config 2 2-1,text,true,,231,168,6,18,http://stload.se.ifmo.ru:8080/?token=518472196&&user=-1356113187&config=2,685,0,0
1775999248065,874,HTTP Request 1,200,OK,config 1 1-5,text,false,"The operation lasted too long: It took 874 milliseconds, but should not have lasted longer than 840 milliseconds.",231,168,6,18,http://stload.se.ifmo.ru:8080/?token=518472196&&user=-1356113187&config=1,874,0,0
1775999248403,550,HTTP Request 3,200,OK,config 3 3-6,text,true,,231,168,6,18,http://stload.se.ifmo.ru:8080/?token=518472196&&user=-1356113187&config=3,550,0,54
1775999248571,479,HTTP Request 3,200,OK,config 3 3-2,text,true,,231,168,6,18,http://stload.se.ifmo.ru:8080/?token=518472196&&user=-1356113187&config=3,479,0,0
1775999248254,875,HTTP Request 1,200,OK,config 1 1-1,text,false,"The operation lasted too long: It took 875 milliseconds, but should not have lasted longer than 840 milliseconds.",231,168,6,18,http://stload.se.ifmo.ru:8080/?token=518472196&&user=-1356113187&config=1,875,0,0
1775999248401,750,HTTP Request 2,200,OK,config 2 2-6,text,true,,231,168,6,18,http://stload.se.ifmo.ru:8080/?token=518472196&&user=-1356113187&config=2,750,0,56
1775999248398,842,HTTP Request 1,200,OK,config 1 1-6,text,false,"The operation lasted too long: It took 842 milliseconds, but should not have lasted longer than 840 milliseconds.",231,168,6,18,http://stload.se.ifmo.ru:8080/?token=518472196&&user=-1356113187&config=1,842,0,0
1775999248568,684,HTTP Request 2,200,OK,config 2 2-2,text,true,,231,168,6,18,http://stload.se.ifmo.ru:8080/?token=518472196&&user=-1356113187&config=2,684,0,0
1775999248903,483,HTTP Request 3,200,OK,config 3 3-3,text,true,,231,168,6,18,http://stload.se.ifmo.ru:8080/?token=518472196&&user=-1356113187&config=3,483,0,0
1775999248567,842,HTTP Request 1,200,OK,config 1 1-2,text,false,"The operation lasted too long: It took 842 milliseconds, but should not have lasted longer than 840 milliseconds.",231,168,6,18,http://stload.se.ifmo.ru:8080/?token=518472196&&user=-1356113187&config=1,842,0,0
1775999248903,654,HTTP Request 2,200,OK,config 2 2-3,text,true,,231,168,6,18,http://stload.se.ifmo.ru:8080/?token=518472196&&user=-1356113187&config=2,654,0,0
1775999249235,474,HTTP Request 3,200,OK,config 3 3-4,text,true,,231,168,6,18,http://stload.se.ifmo.ru:8080/?token=518472196&&user=-1356113187&config=3,473,0,0
1775999248900,876,HTTP Request 1,200,OK,config 1 1-3,text,false,"The operation lasted too long: It took 876 milliseconds, but should not have lasted longer than 840 milliseconds.",231,168,6,18,http://stload.se.ifmo.ru:8080/?token=518472196&&user=-1356113187&config=1,876,0,0
1775999249236,649,HTTP Request 2,200,OK,config 2 2-4,text,true,,231,168,6,18,http://stload.se.ifmo.ru:8080/?token=518472196&&user=-1356113187&config=2,649,0,0
1775999249569,468,HTTP Request 3,200,OK,config 3 3-5,text,true,,231,168,6,18,http://stload.se.ifmo.ru:8080/?token=518472196&&user=-1356113187&config=3,468,0,0
1775999249231,860,HTTP Request 1,200,OK,config 1 1-4,text,false,"The operation lasted too long: It took 860 milliseconds, but should not have lasted longer than 840 milliseconds.",231,168,6,18,http://stload.se.ifmo.ru:8080/?token=518472196&&user=-1356113187&config=1,860,0,0
1775999249754,463,HTTP Request 3,200,OK,config 3 3-1,text,true,,231,168,6,18,http://stload.se.ifmo.ru:8080/?token=518472196&&user=-1356113187&config=3,463,0,0
1775999249567,667,HTTP Request 2,200,OK,config 2 2-5,text,true,,231,168,6,18,http://stload.se.ifmo.ru:8080/?token=518472196&&user=-1356113187&config=2,667,0,0
1775999249904,477,HTTP Request 3,200,OK,config 3 3-6,text,true,,231,168,6,18,http://stload.se.ifmo.ru:8080/?token=518472196&&user=-1356113187&config=3,477,0,0
1775999249754,666,HTTP Request 2,200,OK,config 2 2-1,text,true,,231,168,6,18,http://stload.se.ifmo.ru:8080/?token=518472196&&user=-1356113187&config=2,666,0,0
1775999249565,881,HTTP Request 1,200,OK,config 1 1-5,text,false,"The operation lasted too long: It took 881 milliseconds, but should not have lasted longer than 840 milliseconds.",231,168,6,18,http://stload.se.ifmo.ru:8080/?token=518472196&&user=-1356113187&config=1,881,0,0
1775999250070,466,HTTP Request 3,200,OK,config 3 3-2,text,true,,231,168,6,18,http://stload.se.ifmo.ru:8080/?token=518472196&&user=-1356113187&config=3,466,0,0
1775999249901,681,HTTP Request 2,200,OK,config 2 2-6,text,true,,231,168,6,18,http://stload.se.ifmo.ru:8080/?token=518472196&&user=-1356113187&config=2,681,0,0
1775999249755,863,HTTP Request 1,200,OK,config 1 1-1,text,false,"The operation lasted too long: It took 863 milliseconds, but should not have lasted longer than 840 milliseconds.",231,168,6,18,http://stload.se.ifmo.ru:8080/?token=518472196&&user=-1356113187&config=1,863,0,0
1775999250068,668,HTTP Request 2,200,OK,config 2 2-2,text,true,,231,168,6,18,http://stload.se.ifmo.ru:8080/?token=518472196&&user=-1356113187&config=2,668,0,0
1775999249898,964,HTTP Request 1,200,OK,config 1 1-6,text,false,"The operation lasted too long: It took 964 milliseconds, but should not have lasted longer than 840 milliseconds.",231,168,6,18,http://stload.se.ifmo.ru:8080/?token=518472196&&user=-1356113187&config=1,964,0,56
1775999250403,472,HTTP Request 3,200,OK,config 3 3-3,text,true,,231,168,6,18,http://stload.se.ifmo.ru:8080/?token=518472196&&user=-1356113187&config=3,472,0,0
1775999250067,873,HTTP Request 1,200,OK,config 1 1-2,text,false,"The operation lasted too long: It took 873 milliseconds, but should not have lasted longer than 840 milliseconds.",231,168,6,18,http://stload.se.ifmo.ru:8080/?token=518472196&&user=-1356113187&config=1,873,0,0
1775999250403,658,HTTP Request 2,200,OK,config 2 2-3,text,true,,231,168,6,18,http://stload.se.ifmo.ru:8080/?token=518472196&&user=-1356113187&config=2,658,0,0
1775999250735,493,HTTP Request 3,200,OK,config 3 3-4,text,true,,231,168,6,18,http://stload.se.ifmo.ru:8080/?token=518472196&&user=-1356113187&config=3,493,0,0
1775999250399,866,HTTP Request 1,200,OK,config 1 1-3,text,false,"The operation lasted too long: It took 866 milliseconds, but should not have lasted longer than 840 milliseconds.",231,168,6,18,http://stload.se.ifmo.ru:8080/?token=518472196&&user=-1356113187&config=1,865,0,0
1775999250735,695,HTTP Request 2,200,OK,config 2 2-4,text,true,,231,168,6,18,http://stload.se.ifmo.ru:8080/?token=518472196&&user=-1356113187&config=2,695,0,0
1775999251068,487,HTTP Request 3,200,OK,config 3 3-5,text,true,,231,168,6,18,http://stload.se.ifmo.ru:8080/?token=518472196&&user=-1356113187&config=3,487,0,0
1775999250732,844,HTTP Request 1,200,OK,config 1 1-4,text,false,"The operation lasted too long: It took 844 milliseconds, but should not have lasted longer than 840 milliseconds.",231,168,6,18,http://stload.se.ifmo.ru:8080/?token=518472196&&user=-1356113187&config=1,844,0,0
1775999251254,456,HTTP Request 3,200,OK,config 3 3-1,text,true,,231,168,6,18,http://stload.se.ifmo.ru:8080/?token=518472196&&user=-1356113187&config=3,456,0,0
1775999251067,687,HTTP Request 2,200,OK,config 2 2-5,text,true,,231,168,6,18,http://stload.se.ifmo.ru:8080/?token=518472196&&user=-1356113187&config=2,687,0,0
1775999251404,455,HTTP Request 3,200,OK,config 3 3-6,text,true,,231,168,6,18,http://stload.se.ifmo.ru:8080/?token=518472196&&user=-1356113187&config=3,455,0,0
1775999251254,650,HTTP Request 2,200,OK,config 2 2-1,text,true,,231,168,6,18,http://stload.se.ifmo.ru:8080/?token=518472196&&user=-1356113187&config=2,650,0,0
1775999251066,919,HTTP Request 1,200,OK,config 1 1-5,text,false,"The operation lasted too long: It took 919 milliseconds, but should not have lasted longer than 840 milliseconds.",231,168,6,18,http://stload.se.ifmo.ru:8080/?token=518472196&&user=-1356113187&config=1,919,0,0
1775999251570,452,HTTP Request 3,200,OK,config 3 3-2,text,true,,231,168,6,18,http://stload.se.ifmo.ru:8080/?token=518472196&&user=-1356113187&config=3,452,0,0
1775999251401,670,HTTP Request 2,200,OK,config 2 2-6,text,true,,231,168,6,18,http://stload.se.ifmo.ru:8080/?token=518472196&&user=-1356113187&config=2,670,0,0
1775999251254,849,HTTP Request 1,200,OK,config 1 1-1,text,false,"The operation lasted too long: It took 849 milliseconds, but should not have lasted longer than 840 milliseconds.",231,168,6,18,http://stload.se.ifmo.ru:8080/?token=518472196&&user=-1356113187&config=1,849,0,0
1775999251568,652,HTTP Request 2,200,OK,config 2 2-2,text,true,,231,168,6,18,http://stload.se.ifmo.ru:8080/?token=518472196&&user=-1356113187&config=2,652,0,0
1775999251399,845,HTTP Request 1,200,OK,config 1 1-6,text,false,"The operation lasted too long: It took 845 milliseconds, but should not have lasted longer than 840 milliseconds.",231,168,6,18,http://stload.se.ifmo.ru:8080/?token=518472196&&user=-1356113187&config=1,845,0,0
1775999251903,449,HTTP Request 3,200,OK,config 3 3-3,text,true,,231,168,6,18,http://stload.se.ifmo.ru:8080/?token=518472196&&user=-1356113187&config=3,449,0,0
1775999251567,850,HTTP Request 1,200,OK,config 1 1-2,text,false,"The operation lasted too long: It took 850 milliseconds, but should not have lasted longer than 840 milliseconds.",231,168,6,18,http://stload.se.ifmo.ru:8080/?token=518472196&&user=-1356113187&config=1,850,0,0
1775999251903,645,HTTP Request 2,200,OK,config 2 2-3,text,true,,231,168,6,18,http://stload.se.ifmo.ru:8080/?token=518472196&&user=-1356113187&config=2,645,0,0
1775999252235,454,HTTP Request 3,200,OK,config 3 3-4,text,true,,231,168,6,18,http://stload.se.ifmo.ru:8080/?token=518472196&&user=-1356113187&config=3,454,0,0
1775999251899,851,HTTP Request 1,200,OK,config 1 1-3,text,false,"The operation lasted too long: It took 851 milliseconds, but should not have lasted longer than 840 milliseconds.",231,168,6,18,http://stload.se.ifmo.ru:8080/?token=518472196&&user=-1356113187&config=1,851,0,0
1775999252235,654,HTTP Request 2,200,OK,config 2 2-4,text,true,,231,168,6,18,http://stload.se.ifmo.ru:8080/?token=518472196&&user=-1356113187&config=2,654,0,0
1775999252568,486,HTTP Request 3,200,OK,config 3 3-5,text,true,,231,168,6,18,http://stload.se.ifmo.ru:8080/?token=518472196&&user=-1356113187&config=3,486,0,0
1775999252231,858,HTTP Request 1,200,OK,config 1 1-4,text,false,"The operation lasted too long: It took 858 milliseconds, but should not have lasted longer than 840 milliseconds.",231,168,6,18,http://stload.se.ifmo.ru:8080/?token=518472196&&user=-1356113187&config=1,858,0,0
1775999252567,679,HTTP Request 2,200,OK,config 2 2-5,text,true,,231,168,6,18,http://stload.se.ifmo.ru:8080/?token=518472196&&user=-1356113187&config=2,679,0,0
1775999252754,504,HTTP Request 3,200,OK,config 3 3-1,text,true,,231,168,6,18,http://stload.se.ifmo.ru:8080/?token=518472196&&user=-1356113187&config=3,504,0,0
1775999252903,481,HTTP Request 3,200,OK,config 3 3-6,text,true,,231,168,6,18,http://stload.se.ifmo.ru:8080/?token=518472196&&user=-1356113187&config=3,481,0,0
1775999252754,695,HTTP Request 2,200,OK,config 2 2-1,text,true,,231,168,6,18,http://stload.se.ifmo.ru:8080/?token=518472196&&user=-1356113187&config=2,695,0,0
1775999252565,884,HTTP Request 1,200,OK,config 1 1-5,text,false,"The operation lasted too long: It took 884 milliseconds, but should not have lasted longer than 840 milliseconds.",231,168,6,18,http://stload.se.ifmo.ru:8080/?token=518472196&&user=-1356113187&config=1,884,0,0
1775999253070,486,HTTP Request 3,200,OK,config 3 3-2,text,true,,231,168,6,18,http://stload.se.ifmo.ru:8080/?token=518472196&&user=-1356113187&config=3,486,0,0
1775999252901,681,HTTP Request 2,200,OK,config 2 2-6,text,true,,231,168,6,18,http://stload.se.ifmo.ru:8080/?token=518472196&&user=-1356113187&config=2,681,0,0
1775999252754,891,HTTP Request 1,200,OK,config 1 1-1,text,false,"The operation lasted too long: It took 891 milliseconds, but should not have lasted longer than 840 milliseconds.",231,168,6,18,http://stload.se.ifmo.ru:8080/?token=518472196&&user=-1356113187&config=1,891,0,0
1775999253068,666,HTTP Request 2,200,OK,config 2 2-2,text,true,,231,168,6,18,http://stload.se.ifmo.ru:8080/?token=518472196&&user=-1356113187&config=2,666,0,0
1775999252898,890,HTTP Request 1,200,OK,config 1 1-6,text,false,"The operation lasted too long: It took 890 milliseconds, but should not have lasted longer than 840 milliseconds.",231,168,6,18,http://stload.se.ifmo.ru:8080/?token=518472196&&user=-1356113187&config=1,890,0,0
1775999253403,469,HTTP Request 3,200,OK,config 3 3-3,text,true,,231,168,6,18,http://stload.se.ifmo.ru:8080/?token=518472196&&user=-1356113187&config=3,469,0,0
1775999253067,864,HTTP Request 1,200,OK,config 1 1-2,text,false,"The operation lasted too long: It took 864 milliseconds, but should not have lasted longer than 840 milliseconds.",231,168,6,18,http://stload.se.ifmo.ru:8080/?token=518472196&&user=-1356113187&config=1,864,0,0
1775999253403,666,HTTP Request 2,200,OK,config 2 2-3,text,true,,231,168,6,18,http://stload.se.ifmo.ru:8080/?token=518472196&&user=-1356113187&config=2,666,0,0
1775999253735,500,HTTP Request 3,200,OK,config 3 3-4,text,true,,231,168,6,18,http://stload.se.ifmo.ru:8080/?token=518472196&&user=-1356113187&config=3,500,0,0
1775999253400,867,HTTP Request 1,200,OK,config 1 1-3,text,false,"The operation lasted too long: It took 867 milliseconds, but should not have lasted longer than 840 milliseconds.",231,168,6,18,http://stload.se.ifmo.ru:8080/?token=518472196&&user=-1356113187&config=1,867,0,0
1775999253736,695,HTTP Request 2,200,OK,config 2 2-4,text,true,,231,168,6,18,http://stload.se.ifmo.ru:8080/?token=518472196&&user=-1356113187&config=2,695,0,0
1775999254069,456,HTTP Request 3,200,OK,config 3 3-5,text,true,,231,168,6,18,http://stload.se.ifmo.ru:8080/?token=518472196&&user=-1356113187&config=3,456,0,0
1775999253732,842,HTTP Request 1,200,OK,config 1 1-4,text,false,"The operation lasted too long: It took 842 milliseconds, but should not have lasted longer than 840 milliseconds.",231,168,6,18,http://stload.se.ifmo.ru:8080/?token=518472196&&user=-1356113187&config=1,842,0,0
1775999254067,640,HTTP Request 2,200,OK,config 2 2-5,text,true,,231,168,6,18,http://stload.se.ifmo.ru:8080/?token=518472196&&user=-1356113187&config=2,640,0,0
1775999254255,465,HTTP Request 3,200,OK,config 3 3-1,text,true,,231,168,6,18,http://stload.se.ifmo.ru:8080/?token=518472196&&user=-1356113187&config=3,465,0,0
1775999254403,469,HTTP Request 3,200,OK,config 3 3-6,text,true,,231,168,6,18,http://stload.se.ifmo.ru:8080/?token=518472196&&user=-1356113187&config=3,469,0,0
1775999254066,843,HTTP Request 1,200,OK,config 1 1-5,text,false,"The operation lasted too long: It took 843 milliseconds, but should not have lasted longer than 840 milliseconds.",231,168,6,18,http://stload.se.ifmo.ru:8080/?token=518472196&&user=-1356113187&config=1,843,0,0
1775999254254,668,HTTP Request 2,200,OK,config 2 2-1,text,true,,231,168,6,18,http://stload.se.ifmo.ru:8080/?token=518472196&&user=-1356113187&config=2,668,0,0
1775999254570,449,HTTP Request 3,200,OK,config 3 3-2,text,true,,231,168,6,18,http://stload.se.ifmo.ru:8080/?token=518472196&&user=-1356113187&config=3,449,0,0
1775999254401,654,HTTP Request 2,200,OK,config 2 2-6,text,true,,231,168,6,18,http://stload.se.ifmo.ru:8080/?token=518472196&&user=-1356113187&config=2,654,0,0
1775999254254,852,HTTP Request 1,200,OK,config 1 1-1,text,false,"The operation lasted too long: It took 852 milliseconds, but should not have lasted longer than 840 milliseconds.",231,168,6,18,http://stload.se.ifmo.ru:8080/?token=518472196&&user=-1356113187&config=1,852,0,0
1775999254568,649,HTTP Request 2,200,OK,config 2 2-2,text,true,,231,168,6,18,http://stload.se.ifmo.ru:8080/?token=518472196&&user=-1356113187&config=2,649,0,0
1775999254398,846,HTTP Request 1,200,OK,config 1 1-6,text,false,"The operation lasted too long: It took 846 milliseconds, but should not have lasted longer than 840 milliseconds.",231,168,6,18,http://stload.se.ifmo.ru:8080/?token=518472196&&user=-1356113187&config=1,846,0,0
1775999254903,449,HTTP Request 3,200,OK,config 3 3-3,text,true,,231,168,6,18,http://stload.se.ifmo.ru:8080/?token=518472196&&user=-1356113187&config=3,449,0,0
1775999254568,852,HTTP Request 1,200,OK,config 1 1-2,text,false,"The operation lasted too long: It took 852 milliseconds, but should not have lasted longer than 840 milliseconds.",231,168,6,18,http://stload.se.ifmo.ru:8080/?token=518472196&&user=-1356113187&config=1,852,0,0
1775999254903,651,HTTP Request 2,200,OK,config 2 2-3,text,true,,231,168,6,18,http://stload.se.ifmo.ru:8080/?token=518472196&&user=-1356113187&config=2,651,0,0
1775999255235,456,HTTP Request 3,200,OK,config 3 3-4,text,true,,231,168,6,18,http://stload.se.ifmo.ru:8080/?token=518472196&&user=-1356113187&config=3,456,0,0
1775999254899,854,HTTP Request 1,200,OK,config 1 1-3,text,false,"The operation lasted too long: It took 854 milliseconds, but should not have lasted longer than 840 milliseconds.",231,168,6,18,http://stload.se.ifmo.ru:8080/?token=518472196&&user=-1356113187&config=1,854,0,0
1775999255235,660,HTTP Request 2,200,OK,config 2 2-4,text,true,,231,168,6,18,http://stload.se.ifmo.ru:8080/?token=518472196&&user=-1356113187&config=2,660,0,0
1775999255568,476,HTTP Request 3,200,OK,config 3 3-5,text,true,,231,168,6,18,http://stload.se.ifmo.ru:8080/?token=518472196&&user=-1356113187&config=3,476,0,0
1775999255231,856,HTTP Request 1,200,OK,config 1 1-4,text,false,"The operation lasted too long: It took 856 milliseconds, but should not have lasted longer than 840 milliseconds.",231,168,6,18,http://stload.se.ifmo.ru:8080/?token=518472196&&user=-1356113187&config=1,856,0,0
1775999255567,675,HTTP Request 2,200,OK,config 2 2-5,text,true,,231,168,6,18,http://stload.se.ifmo.ru:8080/?token=518472196&&user=-1356113187&config=2,675,0,0
1775999255754,507,HTTP Request 3,200,OK,config 3 3-1,text,true,,231,168,6,18,http://stload.se.ifmo.ru:8080/?token=518472196&&user=-1356113187&config=3,507,0,0
1775999255903,491,HTTP Request 3,200,OK,config 3 3-6,text,true,,231,168,6,18,http://stload.se.ifmo.ru:8080/?token=518472196&&user=-1356113187&config=3,491,0,0
1775999255565,887,HTTP Request 1,200,OK,config 1 1-5,text,false,"The operation lasted too long: It took 887 milliseconds, but should not have lasted longer than 840 milliseconds.",231,168,6,18,http://stload.se.ifmo.ru:8080/?token=518472196&&user=-1356113187&config=1,887,0,0
1775999255754,716,HTTP Request 2,200,OK,config 2 2-1,text,true,,231,168,6,18,http://stload.se.ifmo.ru:8080/?token=518472196&&user=-1356113187&config=2,716,0,0
1775999256071,459,HTTP Request 3,200,OK,config 3 3-2,text,true,,231,168,6,18,http://stload.se.ifmo.ru:8080/?token=518472196&&user=-1356113187&config=3,459,0,0
1775999255901,692,HTTP Request 2,200,OK,config 2 2-6,text,true,,231,168,6,18,http://stload.se.ifmo.ru:8080/?token=518472196&&user=-1356113187&config=2,692,0,0
1775999255755,898,HTTP Request 1,200,OK,config 1 1-1,text,false,"The operation lasted too long: It took 898 milliseconds, but should not have lasted longer than 840 milliseconds.",231,168,6,18,http://stload.se.ifmo.ru:8080/?token=518472196&&user=-1356113187&config=1,898,0,0
1775999256068,665,HTTP Request 2,200,OK,config 2 2-2,text,true,,231,168,6,18,http://stload.se.ifmo.ru:8080/?token=518472196&&user=-1356113187&config=2,665,0,0
1775999255898,901,HTTP Request 1,200,OK,config 1 1-6,text,false,"The operation lasted too long: It took 901 milliseconds, but should not have lasted longer than 840 milliseconds.",231,168,6,18,http://stload.se.ifmo.ru:8080/?token=518472196&&user=-1356113187&config=1,901,0,0
1775999256403,497,HTTP Request 3,200,OK,config 3 3-3,text,true,,231,168,6,18,http://stload.se.ifmo.ru:8080/?token=518472196&&user=-1356113187&config=3,497,0,0
1775999256067,865,HTTP Request 1,200,OK,config 1 1-2,text,false,"The operation lasted too long: It took 865 milliseconds, but should not have lasted longer than 840 milliseconds.",231,168,6,18,http://stload.se.ifmo.ru:8080/?token=518472196&&user=-1356113187&config=1,865,0,0
1775999256403,745,HTTP Request 2,200,OK,config 2 2-3,text,true,,231,168,6,18,http://stload.se.ifmo.ru:8080/?token=518472196&&user=-1356113187&config=2,745,0,0
1775999256735,495,HTTP Request 3,200,OK,config 3 3-4,text,true,,231,168,6,18,http://stload.se.ifmo.ru:8080/?token=518472196&&user=-1356113187&config=3,495,0,0
1775999256399,899,HTTP Request 1,200,OK,config 1 1-3,text,false,"The operation lasted too long: It took 899 milliseconds, but should not have lasted longer than 840 milliseconds.",231,168,6,18,http://stload.se.ifmo.ru:8080/?token=518472196&&user=-1356113187&config=1,899,0,0
1775999256735,744,HTTP Request 2,200,OK,config 2 2-4,text,true,,231,168,6,18,http://stload.se.ifmo.ru:8080/?token=518472196&&user=-1356113187&config=2,744,0,0
1775999257068,448,HTTP Request 3,200,OK,config 3 3-5,text,true,,231,168,6,18,http://stload.se.ifmo.ru:8080/?token=518472196&&user=-1356113187&config=3,448,0,0
1775999256731,863,HTTP Request 1,200,OK,config 1 1-4,text,false,"The operation lasted too long: It took 863 milliseconds, but should not have lasted longer than 840 milliseconds.",231,168,6,18,http://stload.se.ifmo.ru:8080/?token=518472196&&user=-1356113187&config=1,863,0,0
1775999257067,650,HTTP Request 2,200,OK,config 2 2-5,text,true,,231,168,6,18,http://stload.se.ifmo.ru:8080/?token=518472196&&user=-1356113187&config=2,650,0,0
1775999257254,476,HTTP Request 3,200,OK,config 3 3-1,text,true,,231,168,6,18,http://stload.se.ifmo.ru:8080/?token=518472196&&user=-1356113187&config=3,476,0,0
1775999257403,452,HTTP Request 3,200,OK,config 3 3-6,text,true,,231,168,6,18,http://stload.se.ifmo.ru:8080/?token=518472196&&user=-1356113187&config=3,452,0,0
1775999257065,848,HTTP Request 1,200,OK,config 1 1-5,text,false,"The operation lasted too long: It took 848 milliseconds, but should not have lasted longer than 840 milliseconds.",231,168,6,18,http://stload.se.ifmo.ru:8080/?token=518472196&&user=-1356113187&config=1,848,0,0
1775999257254,672,HTTP Request 2,200,OK,config 2 2-1,text,true,,231,168,6,18,http://stload.se.ifmo.ru:8080/?token=518472196&&user=-1356113187&config=2,672,0,0
1775999257570,450,HTTP Request 3,200,OK,config 3 3-2,text,true,,231,168,6,18,http://stload.se.ifmo.ru:8080/?token=518472196&&user=-1356113187&config=3,450,0,0
1775999257401,652,HTTP Request 2,200,OK,config 2 2-6,text,true,,231,168,6,18,http://stload.se.ifmo.ru:8080/?token=518472196&&user=-1356113187&config=2,652,0,0
1775999257254,869,HTTP Request 1,200,OK,config 1 1-1,text,false,"The operation lasted too long: It took 869 milliseconds, but should not have lasted longer than 840 milliseconds.",231,168,6,18,http://stload.se.ifmo.ru:8080/?token=518472196&&user=-1356113187&config=1,869,0,0
1775999257568,652,HTTP Request 2,200,OK,config 2 2-2,text,true,,231,168,6,18,http://stload.se.ifmo.ru:8080/?token=518472196&&user=-1356113187&config=2,652,0,0
1775999257398,854,HTTP Request 1,200,OK,config 1 1-6,text,false,"The operation lasted too long: It took 854 milliseconds, but should not have lasted longer than 840 milliseconds.",231,168,6,18,http://stload.se.ifmo.ru:8080/?token=518472196&&user=-1356113187&config=1,854,0,0
1775999257903,454,HTTP Request 3,200,OK,config 3 3-3,text,true,,231,168,6,18,http://stload.se.ifmo.ru:8080/?token=518472196&&user=-1356113187&config=3,454,0,0
1775999257567,850,HTTP Request 1,200,OK,config 1 1-2,text,false,"The operation lasted too long: It took 850 milliseconds, but should not have lasted longer than 840 milliseconds.",231,168,6,18,http://stload.se.ifmo.ru:8080/?token=518472196&&user=-1356113187&config=1,850,0,0
1775999257904,657,HTTP Request 2,200,OK,config 2 2-3,text,true,,231,168,6,18,http://stload.se.ifmo.ru:8080/?token=518472196&&user=-1356113187&config=2,657,0,0
1775999258235,461,HTTP Request 3,200,OK,config 3 3-4,text,true,,231,168,6,18,http://stload.se.ifmo.ru:8080/?token=518472196&&user=-1356113187&config=3,461,0,0
1775999257899,843,HTTP Request 1,200,OK,config 1 1-3,text,false,"The operation lasted too long: It took 843 milliseconds, but should not have lasted longer than 840 milliseconds.",231,168,6,18,http://stload.se.ifmo.ru:8080/?token=518472196&&user=-1356113187&config=1,843,0,0
1775999258235,661,HTTP Request 2,200,OK,config 2 2-4,text,true,,231,168,6,18,http://stload.se.ifmo.ru:8080/?token=518472196&&user=-1356113187&config=2,661,0,0
1775999258568,456,HTTP Request 3,200,OK,config 3 3-5,text,true,,231,168,6,18,http://stload.se.ifmo.ru:8080/?token=518472196&&user=-1356113187&config=3,456,0,0
1775999258231,863,HTTP Request 1,200,OK,config 1 1-4,text,false,"The operation lasted too long: It took 863 milliseconds, but should not have lasted longer than 840 milliseconds.",231,168,6,18,http://stload.se.ifmo.ru:8080/?token=518472196&&user=-1356113187&config=1,863,0,0
1775999258567,655,HTTP Request 2,200,OK,config 2 2-5,text,true,,231,168,6,18,http://stload.se.ifmo.ru:8080/?token=518472196&&user=-1356113187&config=2,655,0,0
1775999258754,535,HTTP Request 3,200,OK,config 3 3-1,text,true,,231,168,6,18,http://stload.se.ifmo.ru:8080/?token=518472196&&user=-1356113187&config=3,534,0,0
1775999258903,464,HTTP Request 3,200,OK,config 3 3-6,text,true,,231,168,6,18,http://stload.se.ifmo.ru:8080/?token=518472196&&user=-1356113187&config=3,464,0,0
1775999258565,860,HTTP Request 1,200,OK,config 1 1-5,text,false,"The operation lasted too long: It took 860 milliseconds, but should not have lasted longer than 840 milliseconds.",231,168,6,18,http://stload.se.ifmo.ru:8080/?token=518472196&&user=-1356113187&config=1,860,0,0
1775999258755,697,HTTP Request 2,200,OK,config 2 2-1,text,true,,231,168,6,18,http://stload.se.ifmo.ru:8080/?token=518472196&&user=-1356113187&config=2,697,0,0
1775999259070,471,HTTP Request 3,200,OK,config 3 3-2,text,true,,231,168,6,18,http://stload.se.ifmo.ru:8080/?token=518472196&&user=-1356113187&config=3,471,0,0
1775999258902,652,HTTP Request 2,200,OK,config 2 2-6,text,true,,231,168,6,18,http://stload.se.ifmo.ru:8080/?token=518472196&&user=-1356113187&config=2,652,0,0
1775999258755,889,HTTP Request 1,200,OK,config 1 1-1,text,false,"The operation lasted too long: It took 889 milliseconds, but should not have lasted longer than 840 milliseconds.",231,168,6,18,http://stload.se.ifmo.ru:8080/?token=518472196&&user=-1356113187&config=1,889,0,0
1775999259069,673,HTTP Request 2,200,OK,config 2 2-2,text,true,,231,168,6,18,http://stload.se.ifmo.ru:8080/?token=518472196&&user=-1356113187&config=2,673,0,0
1775999258898,897,HTTP Request 1,200,OK,config 1 1-6,text,false,"The operation lasted too long: It took 897 milliseconds, but should not have lasted longer than 840 milliseconds.",231,168,6,18,http://stload.se.ifmo.ru:8080/?token=518472196&&user=-1356113187&config=1,897,0,0
1775999259403,468,HTTP Request 3,200,OK,config 3 3-3,text,true,,231,168,6,18,http://stload.se.ifmo.ru:8080/?token=518472196&&user=-1356113187&config=3,468,0,0
1775999259067,879,HTTP Request 1,200,OK,config 1 1-2,text,false,"The operation lasted too long: It took 879 milliseconds, but should not have lasted longer than 840 milliseconds.",231,168,6,18,http://stload.se.ifmo.ru:8080/?token=518472196&&user=-1356113187&config=1,879,0,0
1775999259403,666,HTTP Request 2,200,OK,config 2 2-3,text,true,,231,168,6,18,http://stload.se.ifmo.ru:8080/?token=518472196&&user=-1356113187&config=2,666,0,0
1775999259735,510,HTTP Request 3,200,OK,config 3 3-4,text,true,,231,168,6,18,http://stload.se.ifmo.ru:8080/?token=518472196&&user=-1356113187&config=3,510,0,0
1775999259399,874,HTTP Request 1,200,OK,config 1 1-3,text,false,"The operation lasted too long: It took 874 milliseconds, but should not have lasted longer than 840 milliseconds.",231,168,6,18,http://stload.se.ifmo.ru:8080/?token=518472196&&user=-1356113187&config=1,874,0,0
1775999259735,718,HTTP Request 2,200,OK,config 2 2-4,text,true,,231,168,6,18,http://stload.se.ifmo.ru:8080/?token=518472196&&user=-1356113187&config=2,718,0,0
1775999260068,456,HTTP Request 3,200,OK,config 3 3-5,text,true,,231,168,6,18,http://stload.se.ifmo.ru:8080/?token=518472196&&user=-1356113187&config=3,456,0,0
1775999259731,851,HTTP Request 1,200,OK,config 1 1-4,text,false,"The operation lasted too long: It took 851 milliseconds, but should not have lasted longer than 840 milliseconds.",231,168,6,18,http://stload.se.ifmo.ru:8080/?token=518472196&&user=-1356113187&config=1,851,0,0
1775999260254,452,HTTP Request 3,200,OK,config 3 3-1,text,true,,231,168,6,18,http://stload.se.ifmo.ru:8080/?token=518472196&&user=-1356113187&config=3,452,0,0
1775999260067,652,HTTP Request 2,200,OK,config 2 2-5,text,true,,231,168,6,17,http://stload.se.ifmo.ru:8080/?token=518472196&&user=-1356113187&config=2,652,0,0
1775999260403,457,HTTP Request 3,200,OK,config 3 3-6,text,true,,231,168,5,17,http://stload.se.ifmo.ru:8080/?token=518472196&&user=-1356113187&config=3,457,0,0
1775999260254,647,HTTP Request 2,200,OK,config 2 2-1,text,true,,231,168,6,17,http://stload.se.ifmo.ru:8080/?token=518472196&&user=-1356113187&config=2,647,0,0
1775999260065,848,HTTP Request 1,200,OK,config 1 1-5,text,false,"The operation lasted too long: It took 848 milliseconds, but should not have lasted longer than 840 milliseconds.",231,168,6,16,http://stload.se.ifmo.ru:8080/?token=518472196&&user=-1356113187&config=1,848,0,0
1775999260570,464,HTTP Request 3,200,OK,config 3 3-2,text,true,,231,168,5,16,http://stload.se.ifmo.ru:8080/?token=518472196&&user=-1356113187&config=3,464,0,0
1775999260401,659,HTTP Request 2,200,OK,config 2 2-6,text,true,,231,168,5,16,http://stload.se.ifmo.ru:8080/?token=518472196&&user=-1356113187&config=2,659,0,0
1775999260254,847,HTTP Request 1,200,OK,config 1 1-1,text,false,"The operation lasted too long: It took 847 milliseconds, but should not have lasted longer than 840 milliseconds.",231,168,6,16,http://stload.se.ifmo.ru:8080/?token=518472196&&user=-1356113187&config=1,847,0,0
1775999260569,665,HTTP Request 2,200,OK,config 2 2-2,text,true,,231,168,5,15,http://stload.se.ifmo.ru:8080/?token=518472196&&user=-1356113187&config=2,665,0,0
1775999260398,850,HTTP Request 1,200,OK,config 1 1-6,text,false,"The operation lasted too long: It took 850 milliseconds, but should not have lasted longer than 840 milliseconds.",231,168,5,15,http://stload.se.ifmo.ru:8080/?token=518472196&&user=-1356113187&config=1,850,0,0
1775999260903,456,HTTP Request 3,200,OK,config 3 3-3,text,true,,231,168,5,15,http://stload.se.ifmo.ru:8080/?token=518472196&&user=-1356113187&config=3,456,0,0
1775999260567,859,HTTP Request 1,200,OK,config 1 1-2,text,false,"The operation lasted too long: It took 859 milliseconds, but should not have lasted longer than 840 milliseconds.",231,168,5,15,http://stload.se.ifmo.ru:8080/?token=518472196&&user=-1356113187&config=1,859,0,0
1775999260903,654,HTTP Request 2,200,OK,config 2 2-3,text,true,,231,168,5,15,http://stload.se.ifmo.ru:8080/?token=518472196&&user=-1356113187&config=2,654,0,0
1775999261235,463,HTTP Request 3,200,OK,config 3 3-4,text,true,,231,168,5,15,http://stload.se.ifmo.ru:8080/?token=518472196&&user=-1356113187&config=3,463,0,0
1775999260899,849,HTTP Request 1,200,OK,config 1 1-3,text,false,"The operation lasted too long: It took 849 milliseconds, but should not have lasted longer than 840 milliseconds.",231,168,5,15,http://stload.se.ifmo.ru:8080/?token=518472196&&user=-1356113187&config=1,849,0,0
1775999261235,662,HTTP Request 2,200,OK,config 2 2-4,text,true,,231,168,5,15,http://stload.se.ifmo.ru:8080/?token=518472196&&user=-1356113187&config=2,662,0,0
1775999261568,502,HTTP Request 3,200,OK,config 3 3-5,text,true,,231,168,5,15,http://stload.se.ifmo.ru:8080/?token=518472196&&user=-1356113187&config=3,502,0,0
1775999261231,852,HTTP Request 1,200,OK,config 1 1-4,text,false,"The operation lasted too long: It took 852 milliseconds, but should not have lasted longer than 840 milliseconds.",231,168,5,15,http://stload.se.ifmo.ru:8080/?token=518472196&&user=-1356113187&config=1,852,0,0
1775999261567,712,HTTP Request 2,200,OK,config 2 2-5,text,true,,231,168,5,15,http://stload.se.ifmo.ru:8080/?token=518472196&&user=-1356113187&config=2,712,0,0
1775999261903,449,HTTP Request 3,200,OK,config 3 3-6,text,true,,231,168,5,15,http://stload.se.ifmo.ru:8080/?token=518472196&&user=-1356113187&config=3,449,0,0
1775999261565,929,HTTP Request 1,200,OK,config 1 1-5,text,false,"The operation lasted too long: It took 929 milliseconds, but should not have lasted longer than 840 milliseconds.",231,168,5,15,http://stload.se.ifmo.ru:8080/?token=518472196&&user=-1356113187&config=1,929,0,0
1775999262070,441,HTTP Request 3,200,OK,config 3 3-2,text,true,,231,168,5,15,http://stload.se.ifmo.ru:8080/?token=518472196&&user=-1356113187&config=3,441,0,0
1775999261901,645,HTTP Request 2,200,OK,config 2 2-6,text,true,,231,168,5,15,http://stload.se.ifmo.ru:8080/?token=518472196&&user=-1356113187&config=2,645,0,0
1775999262069,639,HTTP Request 2,200,OK,config 2 2-2,text,true,,231,168,5,15,http://stload.se.ifmo.ru:8080/?token=518472196&&user=-1356113187&config=2,639,0,0
1775999261898,866,HTTP Request 1,200,OK,config 1 1-6,text,false,"The operation lasted too long: It took 866 milliseconds, but should not have lasted longer than 840 milliseconds.",231,168,5,15,http://stload.se.ifmo.ru:8080/?token=518472196&&user=-1356113187&config=1,866,0,0
1775999262404,503,HTTP Request 3,200,OK,config 3 3-3,text,true,,231,168,5,15,http://stload.se.ifmo.ru:8080/?token=518472196&&user=-1356113187&config=3,503,0,0
1775999262067,854,HTTP Request 1,200,OK,config 1 1-2,text,false,"The operation lasted too long: It took 854 milliseconds, but should not have lasted longer than 840 milliseconds.",231,168,5,15,http://stload.se.ifmo.ru:8080/?token=518472196&&user=-1356113187&config=1,854,0,0
1775999262404,650,HTTP Request 2,200,OK,config 2 2-3,text,true,,231,168,5,15,http://stload.se.ifmo.ru:8080/?token=518472196&&user=-1356113187&config=2,650,0,0
1775999262735,457,HTTP Request 3,200,OK,config 3 3-4,text,true,,231,168,5,15,http://stload.se.ifmo.ru:8080/?token=518472196&&user=-1356113187&config=3,457,0,0
1775999262399,839,HTTP Request 1,200,OK,config 1 1-3,text,true,,231,168,5,15,http://stload.se.ifmo.ru:8080/?token=518472196&&user=-1356113187&config=1,839,0,0
1775999262735,681,HTTP Request 2,200,OK,config 2 2-4,text,true,,231,168,5,15,http://stload.se.ifmo.ru:8080/?token=518472196&&user=-1356113187&config=2,681,0,0
1775999263068,469,HTTP Request 3,200,OK,config 3 3-5,text,true,,231,168,5,15,http://stload.se.ifmo.ru:8080/?token=518472196&&user=-1356113187&config=3,469,0,0
1775999262731,858,HTTP Request 1,200,OK,config 1 1-4,text,false,"The operation lasted too long: It took 858 milliseconds, but should not have lasted longer than 840 milliseconds.",231,168,5,15,http://stload.se.ifmo.ru:8080/?token=518472196&&user=-1356113187&config=1,858,0,0
1775999263067,673,HTTP Request 2,200,OK,config 2 2-5,text,true,,231,168,5,15,http://stload.se.ifmo.ru:8080/?token=518472196&&user=-1356113187&config=2,673,0,0
1775999263403,486,HTTP Request 3,200,OK,config 3 3-6,text,true,,231,168,5,15,http://stload.se.ifmo.ru:8080/?token=518472196&&user=-1356113187&config=3,486,0,0
1775999263065,883,HTTP Request 1,200,OK,config 1 1-5,text,false,"The operation lasted too long: It took 883 milliseconds, but should not have lasted longer than 840 milliseconds.",231,168,5,15,http://stload.se.ifmo.ru:8080/?token=518472196&&user=-1356113187&config=1,883,0,0
1775999263570,464,HTTP Request 3,200,OK,config 3 3-2,text,true,,231,168,5,15,http://stload.se.ifmo.ru:8080/?token=518472196&&user=-1356113187&config=3,464,0,0
1775999263401,682,HTTP Request 2,200,OK,config 2 2-6,text,true,,231,168,5,14,http://stload.se.ifmo.ru:8080/?token=518472196&&user=-1356113187&config=2,682,0,0
1775999263568,654,HTTP Request 2,200,OK,config 2 2-2,text,true,,231,168,5,14,http://stload.se.ifmo.ru:8080/?token=518472196&&user=-1356113187&config=2,654,0,0
1775999263398,837,HTTP Request 1,200,OK,config 1 1-6,text,true,,231,168,5,13,http://stload.se.ifmo.ru:8080/?token=518472196&&user=-1356113187&config=1,837,0,0
1775999263903,456,HTTP Request 3,200,OK,config 3 3-3,text,true,,231,168,4,13,http://stload.se.ifmo.ru:8080/?token=518472196&&user=-1356113187&config=3,456,0,0
1775999263567,857,HTTP Request 1,200,OK,config 1 1-2,text,false,"The operation lasted too long: It took 857 milliseconds, but should not have lasted longer than 840 milliseconds.",231,168,5,13,http://stload.se.ifmo.ru:8080/?token=518472196&&user=-1356113187&config=1,857,0,0
1775999263903,657,HTTP Request 2,200,OK,config 2 2-3,text,true,,231,168,4,12,http://stload.se.ifmo.ru:8080/?token=518472196&&user=-1356113187&config=2,657,0,0
1775999264235,481,HTTP Request 3,200,OK,config 3 3-4,text,true,,231,168,4,12,http://stload.se.ifmo.ru:8080/?token=518472196&&user=-1356113187&config=3,481,0,0
1775999263899,859,HTTP Request 1,200,OK,config 1 1-3,text,false,"The operation lasted too long: It took 859 milliseconds, but should not have lasted longer than 840 milliseconds.",231,168,4,12,http://stload.se.ifmo.ru:8080/?token=518472196&&user=-1356113187&config=1,859,0,0
1775999264235,674,HTTP Request 2,200,OK,config 2 2-4,text,true,,231,168,4,12,http://stload.se.ifmo.ru:8080/?token=518472196&&user=-1356113187&config=2,674,0,0
1775999264569,493,HTTP Request 3,200,OK,config 3 3-5,text,true,,231,168,4,12,http://stload.se.ifmo.ru:8080/?token=518472196&&user=-1356113187&config=3,493,0,0
1775999264231,874,HTTP Request 1,200,OK,config 1 1-4,text,false,"The operation lasted too long: It took 874 milliseconds, but should not have lasted longer than 840 milliseconds.",231,168,4,12,http://stload.se.ifmo.ru:8080/?token=518472196&&user=-1356113187&config=1,874,0,0
1775999264568,700,HTTP Request 2,200,OK,config 2 2-5,text,true,,231,168,4,12,http://stload.se.ifmo.ru:8080/?token=518472196&&user=-1356113187&config=2,700,0,0
1775999264904,443,HTTP Request 3,200,OK,config 3 3-6,text,true,,231,168,4,12,http://stload.se.ifmo.ru:8080/?token=518472196&&user=-1356113187&config=3,443,0,0
1775999264565,898,HTTP Request 1,200,OK,config 1 1-5,text,false,"The operation lasted too long: It took 898 milliseconds, but should not have lasted longer than 840 milliseconds.",231,168,4,12,http://stload.se.ifmo.ru:8080/?token=518472196&&user=-1356113187&config=1,898,0,0
1775999264902,687,HTTP Request 2,200,OK,config 2 2-6,text,true,,231,168,4,12,http://stload.se.ifmo.ru:8080/?token=518472196&&user=-1356113187&config=2,687,0,0
1775999264898,846,HTTP Request 1,200,OK,config 1 1-6,text,false,"The operation lasted too long: It took 846 milliseconds, but should not have lasted longer than 840 milliseconds.",231,168,4,12,http://stload.se.ifmo.ru:8080/?token=518472196&&user=-1356113187&config=1,846,0,0
1775999265403,433,HTTP Request 3,200,OK,config 3 3-3,text,true,,231,168,4,12,http://stload.se.ifmo.ru:8080/?token=518472196&&user=-1356113187&config=3,433,0,0
1775999265404,628,HTTP Request 2,200,OK,config 2 2-3,text,true,,231,168,4,12,http://stload.se.ifmo.ru:8080/?token=518472196&&user=-1356113187&config=2,628,0,0
1775999265735,436,HTTP Request 3,200,OK,config 3 3-4,text,true,,231,168,4,12,http://stload.se.ifmo.ru:8080/?token=518472196&&user=-1356113187&config=3,436,0,0
1775999265399,832,HTTP Request 1,200,OK,config 1 1-3,text,true,,231,168,4,12,http://stload.se.ifmo.ru:8080/?token=518472196&&user=-1356113187&config=1,832,0,0
1775999265735,635,HTTP Request 2,200,OK,config 2 2-4,text,true,,231,168,4,12,http://stload.se.ifmo.ru:8080/?token=518472196&&user=-1356113187&config=2,635,0,0
1775999266068,428,HTTP Request 3,200,OK,config 3 3-5,text,true,,231,168,4,12,http://stload.se.ifmo.ru:8080/?token=518472196&&user=-1356113187&config=3,428,0,0
1775999265731,824,HTTP Request 1,200,OK,config 1 1-4,text,true,,231,168,4,12,http://stload.se.ifmo.ru:8080/?token=518472196&&user=-1356113187&config=1,824,0,0
1775999266067,683,HTTP Request 2,200,OK,config 2 2-5,text,true,,231,168,4,12,http://stload.se.ifmo.ru:8080/?token=518472196&&user=-1356113187&config=2,683,0,0
1775999266403,446,HTTP Request 3,200,OK,config 3 3-6,text,true,,231,168,4,12,http://stload.se.ifmo.ru:8080/?token=518472196&&user=-1356113187&config=3,446,0,0
1775999266066,834,HTTP Request 1,200,OK,config 1 1-5,text,true,,231,168,4,12,http://stload.se.ifmo.ru:8080/?token=518472196&&user=-1356113187&config=1,834,0,0
1775999266402,650,HTTP Request 2,200,OK,config 2 2-6,text,true,,231,168,4,12,http://stload.se.ifmo.ru:8080/?token=518472196&&user=-1356113187&config=2,650,0,0
1775999266399,843,HTTP Request 1,200,OK,config 1 1-6,text,false,"The operation lasted too long: It took 843 milliseconds, but should not have lasted longer than 840 milliseconds.",231,168,4,12,http://stload.se.ifmo.ru:8080/?token=518472196&&user=-1356113187&config=1,843,0,0
1775999266903,433,HTTP Request 3,200,OK,config 3 3-3,text,true,,231,168,4,12,http://stload.se.ifmo.ru:8080/?token=518472196&&user=-1356113187&config=3,433,0,0
1775999266903,623,HTTP Request 2,200,OK,config 2 2-3,text,true,,231,168,4,11,http://stload.se.ifmo.ru:8080/?token=518472196&&user=-1356113187&config=2,623,0,0
1775999267235,438,HTTP Request 3,200,OK,config 3 3-4,text,true,,231,168,3,10,http://stload.se.ifmo.ru:8080/?token=518472196&&user=-1356113187&config=3,438,0,0
1775999266899,865,HTTP Request 1,200,OK,config 1 1-3,text,false,"The operation lasted too long: It took 865 milliseconds, but should not have lasted longer than 840 milliseconds.",231,168,4,10,http://stload.se.ifmo.ru:8080/?token=518472196&&user=-1356113187&config=1,865,0,0
1775999267235,633,HTTP Request 2,200,OK,config 2 2-4,text,true,,231,168,3,9,http://stload.se.ifmo.ru:8080/?token=518472196&&user=-1356113187&config=2,633,0,0
1775999267568,455,HTTP Request 3,200,OK,config 3 3-5,text,true,,231,168,3,9,http://stload.se.ifmo.ru:8080/?token=518472196&&user=-1356113187&config=3,455,0,0
1775999267231,835,HTTP Request 1,200,OK,config 1 1-4,text,true,,231,168,3,9,http://stload.se.ifmo.ru:8080/?token=518472196&&user=-1356113187&config=1,835,0,0
1775999267567,658,HTTP Request 2,200,OK,config 2 2-5,text,true,,231,168,3,9,http://stload.se.ifmo.ru:8080/?token=518472196&&user=-1356113187&config=2,658,0,0
1775999267903,487,HTTP Request 3,200,OK,config 3 3-6,text,true,,231,168,3,9,http://stload.se.ifmo.ru:8080/?token=518472196&&user=-1356113187&config=3,487,0,0
1775999267565,858,HTTP Request 1,200,OK,config 1 1-5,text,false,"The operation lasted too long: It took 858 milliseconds, but should not have lasted longer than 840 milliseconds.",231,168,3,9,http://stload.se.ifmo.ru:8080/?token=518472196&&user=-1356113187&config=1,858,0,0
1775999267901,656,HTTP Request 2,200,OK,config 2 2-6,text,true,,231,168,3,9,http://stload.se.ifmo.ru:8080/?token=518472196&&user=-1356113187&config=2,656,0,0
1775999267898,870,HTTP Request 1,200,OK,config 1 1-6,text,false,"The operation lasted too long: It took 870 milliseconds, but should not have lasted longer than 840 milliseconds.",231,168,3,9,http://stload.se.ifmo.ru:8080/?token=518472196&&user=-1356113187&config=1,870,0,0
1775999268735,439,HTTP Request 3,200,OK,config 3 3-4,text,true,,231,168,3,9,http://stload.se.ifmo.ru:8080/?token=518472196&&user=-1356113187&config=3,439,0,0
1775999268736,665,HTTP Request 2,200,OK,config 2 2-4,text,true,,231,168,3,9,http://stload.se.ifmo.ru:8080/?token=518472196&&user=-1356113187&config=2,665,0,0
1775999269068,475,HTTP Request 3,200,OK,config 3 3-5,text,true,,231,168,3,9,http://stload.se.ifmo.ru:8080/?token=518472196&&user=-1356113187&config=3,475,0,0
1775999268731,827,HTTP Request 1,200,OK,config 1 1-4,text,true,,231,168,3,9,http://stload.se.ifmo.ru:8080/?token=518472196&&user=-1356113187&config=1,827,0,0
1775999269067,683,HTTP Request 2,200,OK,config 2 2-5,text,true,,231,168,3,9,http://stload.se.ifmo.ru:8080/?token=518472196&&user=-1356113187&config=2,683,0,0
1775999269404,456,HTTP Request 3,200,OK,config 3 3-6,text,true,,231,168,3,9,http://stload.se.ifmo.ru:8080/?token=518472196&&user=-1356113187&config=3,456,0,0
1775999269066,846,HTTP Request 1,200,OK,config 1 1-5,text,false,"The operation lasted too long: It took 846 milliseconds, but should not have lasted longer than 840 milliseconds.",231,168,3,9,http://stload.se.ifmo.ru:8080/?token=518472196&&user=-1356113187&config=1,846,0,0
1775999269401,625,HTTP Request 2,200,OK,config 2 2-6,text,true,,231,168,3,9,http://stload.se.ifmo.ru:8080/?token=518472196&&user=-1356113187&config=2,625,0,0
1775999269399,801,HTTP Request 1,200,OK,config 1 1-6,text,true,,231,168,3,9,http://stload.se.ifmo.ru:8080/?token=518472196&&user=-1356113187&config=1,801,0,0
1775999270235,432,HTTP Request 3,200,OK,config 3 3-4,text,true,,231,168,3,9,http://stload.se.ifmo.ru:8080/?token=518472196&&user=-1356113187&config=3,432,0,0
1775999270236,663,HTTP Request 2,200,OK,config 2 2-4,text,true,,231,168,3,8,http://stload.se.ifmo.ru:8080/?token=518472196&&user=-1356113187&config=2,663,0,0
1775999270568,397,HTTP Request 3,200,OK,config 3 3-5,text,true,,231,168,2,7,http://stload.se.ifmo.ru:8080/?token=518472196&&user=-1356113187&config=3,397,0,0
1775999270231,818,HTTP Request 1,200,OK,config 1 1-4,text,true,,231,168,3,7,http://stload.se.ifmo.ru:8080/?token=518472196&&user=-1356113187&config=1,818,0,0
1775999270567,598,HTTP Request 2,200,OK,config 2 2-5,text,true,,231,168,2,6,http://stload.se.ifmo.ru:8080/?token=518472196&&user=-1356113187&config=2,598,0,0
1775999270903,409,HTTP Request 3,200,OK,config 3 3-6,text,true,,231,168,2,6,http://stload.se.ifmo.ru:8080/?token=518472196&&user=-1356113187&config=3,409,0,0
1775999270565,805,HTTP Request 1,200,OK,config 1 1-5,text,true,,231,168,2,6,http://stload.se.ifmo.ru:8080/?token=518472196&&user=-1356113187&config=1,805,0,0
1775999270901,601,HTTP Request 2,200,OK,config 2 2-6,text,true,,231,168,2,6,http://stload.se.ifmo.ru:8080/?token=518472196&&user=-1356113187&config=2,601,0,0
1775999270899,789,HTTP Request 1,200,OK,config 1 1-6,text,true,,231,168,2,6,http://stload.se.ifmo.ru:8080/?token=518472196&&user=-1356113187&config=1,789,0,0
1775999272068,432,HTTP Request 3,200,OK,config 3 3-5,text,true,,231,168,2,6,http://stload.se.ifmo.ru:8080/?token=518472196&&user=-1356113187&config=3,432,0,0
1775999272067,619,HTTP Request 2,200,OK,config 2 2-5,text,true,,231,168,2,6,http://stload.se.ifmo.ru:8080/?token=518472196&&user=-1356113187&config=2,619,0,0
1775999272403,389,HTTP Request 3,200,OK,config 3 3-6,text,true,,231,168,2,6,http://stload.se.ifmo.ru:8080/?token=518472196&&user=-1356113187&config=3,389,0,0
1775999272066,817,HTTP Request 1,200,OK,config 1 1-5,text,true,,231,168,2,6,http://stload.se.ifmo.ru:8080/?token=518472196&&user=-1356113187&config=1,817,0,0
1775999272401,591,HTTP Request 2,200,OK,config 2 2-6,text,true,,231,168,2,6,http://stload.se.ifmo.ru:8080/?token=518472196&&user=-1356113187&config=2,591,0,0
1775999272398,796,HTTP Request 1,200,OK,config 1 1-6,text,true,,231,168,2,6,http://stload.se.ifmo.ru:8080/?token=518472196&&user=-1356113187&config=1,796,0,0
1775999273568,412,HTTP Request 3,200,OK,config 3 3-5,text,true,,231,168,2,6,http://stload.se.ifmo.ru:8080/?token=518472196&&user=-1356113187&config=3,412,0,0
1775999273567,598,HTTP Request 2,200,OK,config 2 2-5,text,true,,231,168,2,5,http://stload.se.ifmo.ru:8080/?token=518472196&&user=-1356113187&config=2,598,0,0
1775999273904,378,HTTP Request 3,200,OK,config 3 3-6,text,true,,231,168,1,4,http://stload.se.ifmo.ru:8080/?token=518472196&&user=-1356113187&config=3,378,0,0
1775999273565,781,HTTP Request 1,200,OK,config 1 1-5,text,true,,231,168,2,4,http://stload.se.ifmo.ru:8080/?token=518472196&&user=-1356113187&config=1,781,0,0
1775999273902,586,HTTP Request 2,200,OK,config 2 2-6,text,true,,231,168,1,3,http://stload.se.ifmo.ru:8080/?token=518472196&&user=-1356113187&config=2,586,0,0
1775999273898,818,HTTP Request 1,200,OK,config 1 1-6,text,true,,231,168,1,3,http://stload.se.ifmo.ru:8080/?token=518472196&&user=-1356113187&config=1,818,0,0
1775999275403,380,HTTP Request 3,200,OK,config 3 3-6,text,true,,231,168,1,3,http://stload.se.ifmo.ru:8080/?token=518472196&&user=-1356113187&config=3,380,0,0
1775999275401,571,HTTP Request 2,200,OK,config 2 2-6,text,true,,231,168,1,3,http://stload.se.ifmo.ru:8080/?token=518472196&&user=-1356113187&config=2,571,0,0
1775999275398,770,HTTP Request 1,200,OK,config 1 1-6,text,true,,231,168,1,3,http://stload.se.ifmo.ru:8080/?token=518472196&&user=-1356113187&config=1,770,0,0
1775999276904,400,HTTP Request 3,200,OK,config 3 3-6,text,true,,231,168,1,3,http://stload.se.ifmo.ru:8080/?token=518472196&&user=-1356113187&config=3,400,0,0
1775999276902,604,HTTP Request 2,200,OK,config 2 2-6,text,true,,231,168,1,2,http://stload.se.ifmo.ru:8080/?token=518472196&&user=-1356113187&config=2,604,0,0
1775999276898,752,HTTP Request 1,200,OK,config 1 1-6,text,true,,231,168,1,1,http://stload.se.ifmo.ru:8080/?token=518472196&&user=-1356113187&config=1,752,0,0
